0.9121695916889532
0.7671552435784668
0.8687161272364893
0.8817797781304139
0.9209309388867046
0.8790529469579736
0.9091480068121864
0.8804742339767421
0.9173949305571124
0.9016796542551241
0.8792310920533006
0.9250167568760308
0.9118658882206306
0.923074323200501
0.8628706084650404
0.8768175600614793
0.8909300618014886
0.8764421320165507
0.9103580139545497
0.9088427252274313
0.8695190746585574
0.887109018594751
0.9112004210925339
0.863811999891871
0.9011158334725486
0.9083695990370183
0.872868460657776
0.8967955867550856
0.8799119763376048
0.8903254471501049
0.8493827100410746
0.8929118050744996
0.9274249940573693
0.8893574994859783
0.8908324217567536
0.890094100286919
0.8874171923762629
0.8825050113010752
0.8337445119834632
0.9012251591226447
0.8765555186089962
0.893137761547021
0.8561609970027151
0.8847855025660877
0.9048105748736714
0.888350573753088
0.8664378383683816
0.864145012066967
0.861395832846972
0.8221043356524842
0.8813379834008099
0.8897785118897193
0.8771202060700295
0.8644785735306659
0.8806635172237847
0.8902692927453829
0.8389742199769368
0.8857447015864806
0.8886399646427151
0.8782962393587541
0.876121688812517
0.8039820512010675
0.850308576203435
0.8074354078485708
0.8394702213449756
0.820652550570921
0.8374038298366747
0.857113790724864
0.8293663298555483
0.8747295364678772
0.856102102349435
0.8437044110811547
0.8379707602207344
0.7756817190369432
0.8095214148127947
0.8083082112166211
0.8467843969341715
0.8457862703751984
0.86228470524804
0.8276046589195933
0.8150611681671048
0.8375914218964452
0.8561033198391141
0.763378645234164
0.8148438172148724
0.803245658741371
0.7792504668605117
0.8441277481416364
0.7981292007104519
0.788800976695659
0.8666296527834279
0.8626948693243511
0.8116135388005551
0.8252080660814644
0.7525360397243269
0.7775728815289854
0.8391135278766544
0.8257604806624504
0.8593952427035951
0.7737087554435199
0.8277990810574384
0.8181119817735756
0.7460935681340235
0.7819976304588513
0.7878163249021288
0.8216914549267079
0.7981705903279893
0.7630772201210665
0.8158922034721036
0.830046109925726
0.7564658164217146
0.8296660460402505
0.7616287377228775
0.8136674220121115
0.7418480202434461
0.7282115159099443
0.782650927486726
0.7664900421256623
0.7351331693277212
0.7834008177376401
0.8012574419364265
0.8069460905951787
0.7253566161967487
0.7246243337841853
0.8059569739325996
0.7764308741797309
0.7793616508749878
0.78041380986002
0.7572773288557321
0.7665389762216459
0.7350006709954927
0.765895690280531
0.7389148345356746
0.7160553331937949
0.7902662021549782
0.8084640822213702
0.7430314722415674
0.7571682893891639
0.749210632840861
0.7513456760966803
0.7818614609712534
0.7797407722443717
0.7435530583465472
0.6637590051721309
0.7714350817919323
0.7698159349952582
0.7278857770124965
0.7585168504347761
0.7900943822514757
0.7817309579622183
0.7601825726800767
0.796370169730241
0.757340299098545
0.7735543123091799
0.7626894887238373
0.7823491313387698
0.5940506980028922
0.7603684451102235
0.7283771040123603
0.8013086979274917
0.7507548768415725
0.7301029981025501
0.7242733642605236
0.7746921132965011
0.7231836428153762
0.6498274992670495
0.753107415855831
0.7192047438356755
0.7654694012816694
0.801196027471488
0.6500334313447971
0.6791185085958263
0.757191130034101
0.6822904995482021
0.7394394858242388
0.8018163858434406
0.7333059941291922
0.6639863722852354
0.7689757083039087
0.5969011788812506
0.7560348468623656
0.7670078381173145
0.7534864557500283
0.7657571114575876
0.7521574215958222
0.6840277402752504
0.6778205525430849
0.6820379426436662
0.6713930763704041
0.7544515489120134
0.7287495874585301
0.7757598386364593
0.6802929160164483
0.7463648374234364
0.6276662970421076
0.706765950026206
0.5685819879658183
0.6820286299170661
0.6794646771052001
0.7180827949133252
0.6411437915908371
0.6653219371458242
0.7389489223661174
0.6422594208083554
0.6647341157174205
0.7336631614488438
0.7320564819051457
0.7026408138992337
0.7917384389038749
0.7580598143045982
0.6940203643247707
0.7315187329912997
0.7177153367111994
0.6966405862562557
0.7490969935815934
0.6931692238032694
0.7461722980935613
0.6568280311999892
0.5824017065774728
0.7170404576046334
0.6830127284863393
0.6450390385966129
0.7452337337761512
0.7024599173207383
0.6466948268814394
0.8028578114365021
0.7156553840291782
0.7240832854226223
0.6671585634018657
0.7007615550541112
0.7272197427440222
0.63984651508814
0.6489819006998628
0.7496827066457665
0.7721544813556954
0.6745391978309259
0.666477533371493
0.6143598088052604
0.6641166906891335
0.5713347424723367
0.6757465700879133
0.6529437857317685
0.7187148394869277
0.6530494856873814
0.6345523833110551
0.6519084777131285
0.6785119727182845
0.5561140405233356
0.5945446766599577
0.74282458676599
0.7082582105286643
0.6913311261993338
0.6955779592995585
0.5699735057931021
0.6205047505100862
0.5222248872429232
0.6600159062813197
0.6351815694137246
0.5333869280966056
0.686310027532512
0.6726662664279646
0.609342851558285
0.6904627540962693
0.5598896255520043
0.6707425681547037
0.6217368941454138
0.6187282590070172
0.5731598538167704
0.622531003384673
0.6144333813155944
0.593785249046015
0.6590954547433334
0.675643192775071
0.6049297530812187
0.6564518604547753
0.49593813069472237
0.6207718202142647
0.5927057367182937
0.6536583307226465
0.66452040084665
0.4824217273372858
0.6067412403813884
0.6688950933991004
0.6629384721165161
0.6637489683098866
0.6005259774606448
0.6017480609296936
0.6025104363002017
0.5867854531189124
0.5070287984974453
0.611582703460457
0.7523046017736787
0.6275391088130007
0.5196933387014879
0.6675810702697573
0.5727152240297178
0.5568279521626089
0.7226513490419242
0.6939027906279345
0.7103006626085164
0.6672851271487249
0.6259855331917161
0.5049001979364446
0.5670149672162446
0.5234280946393053
0.6687806111026279
0.6614615999125352
0.4894992697115737
0.4672079656362375
0.575407130619809
0.587809305041014
0.6051751315811857
0.5829014965414423
0.7040412984805299
0.554485435819162
0.6638879534695905
0.5624664297862233
0.5211450291367687
0.6823113454962042
0.6223604554555113
0.65392729417778
0.7038102244369896
0.5955727879185675
0.5791790458316101
0.6730106098319344
0.7386829235063537
0.6522241364005895
0.5796452123813548
0.5856998520547756
0.5591161789036331
0.590026584630231
0.6276375886033164
0.6160717476181371
0.45752458867736767
0.4453001004025758
0.6023914666585016
0.651717443994184
0.6405295848596486
0.561936375584681
0.5114090666376329
0.5464921858933698
0.6272992525411051
0.5824263364589429
0.7223686938086099
0.4832983281140352
0.5181396872443649
0.5484556993205243
0.6634432127488317
0.5293024500724882
0.5409115871831867
0.5774335430609001
0.6180871922536492
0.4722409480171619
0.6887103662322701
0.6257166862152179
0.49917483487212566
0.5684514253721581
0.5558429538512184
0.4911693302064036
0.4465864981365214
0.4915626961169517
0.5620897046095956
0.5913184019723228
0.5213917578646023
0.5074989018539924
0.6347765869122377
0.49917698670971083
0.5999284881952499
0.48558767049318574
0.6702961111980122
0.5457778181095709
0.40066031681901304
0.5879972405225666
0.579755354581829
0.3637620063204988
0.5212873202226606
0.4683396053046251
0.5831326260071379
0.36394509042179074
0.6300896688779359
0.42624459915007956
0.7032369109929704
0.5718191355666069
0.5813862398462117
0.5778189610146033
0.7083276040030866
0.5734099408135903
0.5819645936392578
0.5601507167923157
0.46114095191330895
0.6516484896736637
0.5104058901024662
0.505612749911986
0.5021922909121814
0.6360778821091949
0.4444349486245026
0.6452330370404239
0.49507700763781476
0.452747003307085
0.4814493621888671
0.536711055344108
0.5342583866774363
0.3828754400647614
0.5056708214758983
0.3957684806530907
0.42730470607506676
0.5683080439465451
0.570553707419386
0.5517803924055678
0.4920103188703832
0.46886739571208585
0.8605270723227993
0.8242442387797768
0.8312806849781742
0.8303159701958988
0.8267379736290927
0.8321334293317098
0.8094074243793681
0.8103420481151951
0.8582066260903616
0.76824813017379
0.8054678865921566
0.801114013596193
0.8378726406681561
0.8243175037512891
0.825373218604792
0.7676352773503814
0.8441005626655367
0.8156836830908144
0.7836727081916566
0.8158495114229856
0.7987531268721423
0.7938213540799314
0.8075713206238259
0.8465045491341552
0.7564393487929417
0.7577402194404448
0.841682867321414
0.7961075371306764
0.7856009097398624
0.8128678976400392
0.8591603584483497
0.8006123918634545
0.8223972901974621
0.8007075677498593
0.8505151896132654
0.8018307788589695
0.7966297128590082
0.7807657129686338
0.8795009724235943
0.8134052262264515
0.8044128333994582
0.8584958115655592
0.858144827396967
0.8425291671444015
0.8940527194369116
0.7463000756863493
0.8094223007230588
0.8412807177288137
0.8074922205173707
0.7883186910603682
0.8149286133515217
0.826107408028046
0.7777553492207261
0.8241600256295687
0.7553985863861872
0.8231348023505557
0.8373962272483461
0.7575778170481803
0.7925751145495006
0.7347933984659158
0.7953630907144742
0.8230285283587359
0.7931886803467101
0.815100359889947
0.8440420159105477
0.7839486466947458
0.7603572607164254
0.8155211095423027
0.7910833593240456
0.7531491791063422
0.7795098151767565
0.8453463293349468
0.8084473269843269
0.8089384176018541
0.8047920550884144
0.7721187811620223
0.815447393739811
0.8327924115993426
0.8025823503190246
0.7892052171904558
0.8026880741889858
0.7657059899927817
0.7931092845000955
0.7630541282540537
0.8031037678548335
0.8232775156189337
0.8126901814208575
0.8171727087675457
0.7757138922507316
0.7952759475844026
0.815883652007187
0.7530930703363514
0.7786027929243721
0.850221180285162
0.8052182465554155
0.7846477602039975
0.8395263469652186
0.7815625766402007
0.8120627483272269
0.7882258856745111
0.7469741988456753
0.7895658724628918
0.663224991613312
0.8039502270315554
0.7768340637771283
0.8060680349481946
0.827977317581697
0.7607264583389888
0.8387256667373659
0.7812684650631192
0.7610014750163796
0.8520601965362082
0.7779159085298406
0.8128317898044516
0.8348719690725529
0.7382438993684204
0.7869684360301055
0.8670551858442707
0.7627082640037608
0.7407096896296806
0.7727079030777774
0.8163968994658763
0.7813881588115243
0.7325051604133213
0.7535144639199441
0.8327338786419538
0.826199433297336
0.766016820942208
0.7959799854637523
0.7594943191626795
0.8018886730680392
0.8097834120817973
0.7684271593340793
0.8125201877504102
0.7719543963113474
0.7920257997513918
0.798819655440686
0.8528718421771195
0.7525759849338286
0.8311458319838774
0.7924016753107518
0.8063406337690081
0.797492757043315
0.7787264548740281
0.8121263437020112
0.7968892065531992
0.8038506963408324
0.8287482458568777
0.75519413194756
0.8482053334488825
0.7644020186549537
0.765231735140403
0.801144733692045
0.8317381033027031
0.8029549561055761
0.8138280387216561
0.7910958239860102
0.8317790055683838
0.8300762050157191
0.7552077674057565
0.8321414471824002
0.7991424021280175
0.7947382487445181
0.724338977534288
0.8035092123848834
0.7946464524266282
0.7885080286152215
0.8222901510164897
0.7796995484423153
0.8206299273201905
0.8456141571564262
0.7720112463619048
0.8058294510804274
0.816612285044147
0.8105061525520076
0.7635675197095179
0.8155559671140182
0.7898683277094629
0.8172569979422603
0.8207691158112269
0.8295999953778243
0.8235356109960005
0.795461031107973
0.8561494869261915
0.8038476467541977
0.7657108983436437
0.7689522228926148
0.7952247737193618
0.7824363583256985
0.7881397835280638
0.810680130283467
0.7595188473343104
0.8034887710775136
0.7799245950161814
0.80292001949845
0.7420162128371646
0.7837902545409683
0.7844670405343711
0.7968522249247331
0.8061954792501262
0.7298094447298109
0.7933225202682107
0.707342814485303
0.8263125547346768
0.8394308703015814
0.7863979478121661
0.8124352936982151
0.768776419531768
0.8052382731311336
0.8246139369751455
0.8051639923452077
0.7862638602308192
0.8164231052122817
0.7997846826922752
0.808723963690934
0.7447890925022229
0.7620584346501948
0.7799943267228528
0.737872081025767
0.7782183795511333
0.7816538581208985
0.8020025431621564
0.7412535922742012
0.7736904172609345
0.7604171498286629
0.8099823554659953
0.7701234319715088
0.763897718707532
0.7864335505836407
0.831613923002138
0.8307497277042118
0.7833631502224943
0.7535033168254008
0.7569153600563568
0.756505658851667
0.8317065716587848
0.7626497912164905
0.8190319926092332
0.7842365676865979
0.7512186463616167
0.8137235405339762
0.8195586433658878
0.821269317909022
0.7781956380687848
0.7945293041452557
0.8248607368797142
0.8034813056755447
0.7662231969504625
0.8069837770604653
0.7806591739566621
0.7630858131221739
0.7975790663850768
0.7805401815943996
0.7253630465401585
0.8267446065708439
0.7840462036095885
0.7718056703175309
0.789897729265978
0.7903130886410726
0.801123396379656
0.8442066915438371
0.775989262258867
0.8028695886008403
0.7884977804873655
0.7636547534307347
0.7700002086433163
0.7628623059968872
0.8003640080806134
0.7581516774978778
0.8110976218093949
0.8319692582965971
0.7890948187368602
0.7831212090723604
0.8032774077173075
0.7266506796259334
0.8139209302781143
0.7624661967220958
0.7838112063162417
0.8149691638993698
0.8324527517768161
0.8193450881351702
0.7645319104567626
0.8219839915682743
0.7897530328267723
0.7631706626697399
0.8457692104641896
0.7765315143304272
0.7750197860269564
0.7769418407725477
0.7985575805309443
0.7945437881729044
0.8367800763111883
0.8226302926838225
0.7691051334057232
0.7879838154218596
0.7887825510912595
0.7761467301461987
0.785493920807849
0.7860123662774043
0.7688840910375154
0.7363949967825952
0.8202747016687028
0.7927514037898804
0.808832660421259
0.8260926933013136
0.8126631437093863
0.7605819639356188
0.8099505693782305
0.7734725771970853
0.761047614780906
0.7970707563490388
0.8162799536010829
0.7469116267680177
0.8237974902088038
0.7686083203734225
0.7870744432858413
0.8278587766242971
0.8079656861464999
0.7897189906117493
0.7744604487180191
0.7773990593156828
0.8207257328791536
0.7619883294827187
0.8267297927123829
0.8156162264304406
0.7790244524296154
0.8062485507539539
0.7991275276091186
0.7801084483700517
0.7634966187025384
0.7943893158064063
0.7812595891086267
0.7804638598785133
0.7961309856516692
0.7875284960283336
0.8332013173569607
0.7374689037824085
0.805987861726007
0.8154540314826371
0.8130414429316586
0.8387189624418147
0.8628511583118985
0.8069074029524158
0.7389243256953808
0.8106942031803721
0.7968832771011674
0.7999359344715362
0.7897399084667676
0.8451536505562549
0.8247505414720167
0.786538022440265
0.8196941161149859
0.743447214267162
0.8467355656875972
0.7980670206730874
0.7942469124562243
0.8103729493951516
0.7926169247652677
0.795378221803551
0.7540268884187508
0.7699048138068744
0.8389602944493492
0.7700261586453603
0.78193888193
0.8048159944566067
0.8484700677322816
0.832104182514029
0.7946988794673908
0.7859912403607532
0.7314368291799198
0.8141185731223702
0.7511818182855895
0.7786214003196783
0.7667646507866597
0.8031247224226747
0.7717678975754773
0.8169856030793202
0.7844770311469825
0.8246429906245971
0.818979987805602
0.7832080704511291
0.7320103656021123
0.7734798212057521
0.7853380480233672
0.7635608878172391
0.7616236890130299
0.808069443308373
0.8023166736433687
0.7744346848406961
0.7997472886604391
0.7555618634712908
0.7532486484902611
0.7643145317609088
0.754231980253435
0.7459222126794702
0.7972169281080029
0.8035802794414794
0.7604900198589526
0.7398669662146545
0.8258795160952381
0.7961449695603457
0.753582806064051
0.7491765937393278
0.7831720845177557
0.7911567793526949
0.7923284553425856
0.7942662678809156
0.8219975601917998
0.7672136848720987
0.7513177510390879
0.7583438817871837
0.7610201302627528
0.7692999267869254
0.8020213052936326
0.8183292741153485
0.7566664786364612
0.7674669948130218
0.8009373159870792
0.7998522367997056
0.7687769425353844
0.8262067750703013
0.8060359593504696
0.7789321346260046
0.820832209343032
0.8225548571978326
0.7935548854110166
0.7973947127617126
0.7641664556949326
0.7975947458821621
0.7808853620523564
0.7829921017402202
0.8545309729250293
0.7126338044558179
0.7831502794222194
0.741196252049342
0.7730327570666266
0.7712482200452283
0.7989788632970429
0.7402133465134657
0.8098843698842846
0.800252329401167
0.8061389029532011
0.7950481942826662
0.7610161988224757
0.809907449623724
0.7518188914171869
0.752129899307217
0.766894539069978
0.8358097175268622
0.7595231370349065
0.7417099117818726
0.7978159617399714
0.7602810138173842
0.7566189706826905
0.7432401909584028
0.8239101456020501
0.7852761517904339
0.7890672330695218
0.8124625131878387
0.7267973304691706
0.8430689301715404
0.7486261809473588
0.7634968927509636
0.8100583565190307
0.7596411140185951
0.8204091086888896
0.8292413659369504
0.7933318986958503
0.7952823649876922
0.7705985637415637
0.8125440355209331
0.7661027939409769
0.7465003834775383
0.7277196893348533
0.8042826366782176
0.8035694162197101
0.8006949367356606
0.7261640849229577
0.8288128621169136
0.7861936419213248
0.7290882270485366
0.8039279947988328
0.8076801883211038
0.764588556960449
0.7759381465224385
0.7895658040378286
0.7510499659503586
0.7568269874758353
0.7557277430270555
0.7877143892458205
0.7749702375910422
0.7572613870534031
0.7889602866228699
0.8254784659682087
0.7677704924882885
0.8080744660336183
0.8226087982143075
0.6894510894050773
0.8125159492126178
0.7776089928858061
0.74458592347346
0.8061124811247371
0.7892443534771827
0.7632393656559269
0.8539461589901245
0.7634037128926405
0.8038167072402717
0.8141608022399976
0.8049728174537651
0.8008371219515824
0.8036077279948157
0.7712328735620783
0.783909473683849
0.7965850676911284
0.7749449480600866
0.7604807147992007
0.7347217911421968
0.7959842585616524
0.8091367106105262
0.7741223931906812
0.7755970671350576
0.787180506778638
0.8213246480809181
0.7565353823291057
0.7457978227381388
0.7916014079197614
0.8037174511373714
0.7409843301833858
0.7720693333576951
0.7638295192507132
0.72631337761512
0.7305647599019235
0.7880404790463482
0.7472180721939624
0.797976845531468
0.7729583274931479
0.7649826099149697
0.800426993628016
0.8165684283896375
0.7619505278758966
0.8123000272642825
0.8252855517293508
0.7909504186501641
0.7939323109879423
0.7337503492536103
0.8232188878379425
0.7662124336194661
0.8554139980798773
0.7428480212197262
0.665497920506647
0.7691539766509791
0.7887979591954316
0.7374183412986703
0.7635026761440578
0.7690210229058126
0.817168102518108
0.822531423039023
0.7375711082964931
0.7473773975614056
0.7205136091757836
0.7626286165812272
0.7898960508433845
0.8073900264815631
0.721582242214511
0.8358856451401273
0.8829778929339499
0.8175933664692006
0.7595115579965797
0.8132892032191462
0.8101150355194233
0.812487233708536
0.7819328806606803
0.7972612308624436
0.7665311030989714
0.8168468366350815
0.7655317172566094
0.7488981699290671
0.748492723457485
0.7655694141373498
0.8044543827435486
0.8123781605885018
0.7421853283480596
0.7846290985758911
0.7713089923267827
0.8030101774592964
0.7723124075939454
0.7882837996981935
0.77913906330934
0.7289778556041485
0.7897592486407944
0.7509021353354608
0.8347817935902295
0.6959376000605676
0.7995503523213046
0.7903315064708892
0.8519908410612338
0.8144527285505794
0.8110781392079144
0.7408187280959586
0.7915559616147048
0.6789515855213232
0.8290827399962766
0.7960087915368942
0.7460862337391952
0.7857076551865678
0.7581717411755993
0.7715444049550534
0.7710395034728984
0.8000002462295537
0.7668071617080157
0.8105055595690244
0.7287523988349828
0.7755493012206423
0.7737068309100262
0.8096566736957728
0.8257645936347414
0.7841886616010211
0.71587601509527
0.7292166781455951
0.8616632332611527
0.7762280210194535
0.8109510207163634
0.8254300596204116
0.781088974747939
0.7602540829215221
0.7885179560400432
0.7853327770929757
0.8022961050678956
0.7404716088079503
0.7806903476963375
0.7383978588253813
0.7671086566852419
0.7895940012242952
0.7328970677848264
0.7933574287150642
0.7830035286584784
0.7338472826061955
0.7936880577290203
0.7933460186083612
0.7321936092061148
0.7610178973532836
0.8604218122843917
0.7921813907730768
0.7529280014582775
0.7942188904701678
0.7583410191780513
0.7443736424897067
0.7990537502623632
0.7683805219428073
0.8132781675512621
0.7735749026685582
0.777884678950321
0.8184143245917129
0.8129752191544067
0.7762922858413123
0.7557617410263748
0.7793238445421273
0.8078966172319161
0.7351457310469856
0.8034060339776673
0.7500558308948588
0.7246752344033224
0.7960477047349455
0.7979980824031385
0.7256196767213821
0.8262522944531956
0.7840132232922998
0.8115765963404018
0.7205294321007243
0.7784741193045503
0.7822234966851258
0.7861984033461983
0.7749903772584784
0.7954007013932699
0.7715818067643451
0.7805700025197119
0.7760373242057702
0.8166972093973326
0.8426132528082683
0.7329635950782087
0.7942738468268437
0.6927569516667832
0.7648505571094105
0.7717355316942104
0.7880571796046639
0.7519389367452195
0.7831824591853417
0.7764437103998224
0.775819250577489
0.784367804461912
0.7905639567261821
0.7760080754913273
0.7898462841270868
0.7622956203305307
0.7587701190987658
0.7991016290917735
0.7117013305414923
0.8093321495743577
0.7918900025319321
0.7230354504733223
0.7491311111147851
0.8290568427067859
0.7908878286087833
0.8443849649559884
0.7309444008006747
0.7590011524256611
0.7758022878109078
0.7798002597267955
0.8192034394080878
0.8076129410678717
0.787417616025156
0.7338080152459974
0.7663718962659416
0.7626942335041255
0.7680697394896985
0.8227387413515972
0.8232039170230511
0.771305636506927
0.8189041467380529
0.670082338116478
0.8336406490908722
0.7581974950326387
0.8208066395375073
0.7288398501991206
0.7902008137106472
0.787574467407805
0.7571621214121913
0.8173228518913099
0.7832374912418767
0.7574555315194385
0.7478698572987138
0.8505595668618862
0.8459824141409932
0.7349118679400527
0.7631867269680285
0.7696858334631942
0.7864103649843306
0.7503134355097721
0.7394349430004183
0.7395144770787809
0.8228587423416098
0.7653196790985051
0.7713692878282238
0.769228550055575
0.7503265094488484
0.7537756145331493
0.8210392116145062
0.7220180493695761
0.7391852367365249
0.7975005100187944
0.7645552440205512
0.7957362712103814
0.7430372997901751
0.7613524202796806
0.7406533568972552
0.7791643398830413
0.781554300938726
0.7601600258051249
0.7445299919548352
0.8529194906412467
0.8015986168975273
0.7951037456125623
0.7495126609856225
0.7142340550449855
0.7433075356637563
0.7322719520911611
0.8028304453382274
0.832083024375145
0.7642841191234304
0.8049388438889782
0.7752036620452742
0.7907922527096501
0.7587022206228566
0.7311178265830831
0.7730138597583536
0.8028675730759209
0.7971398509723568
0.7517915404111031
0.7867761101204034
0.7757004187854424
0.7942638652904369
0.7773650033822422
0.7876447595579561
0.7238831470993479
0.7016612941986453
0.7160543507226341
0.7993336629130111
0.7831686579865296
0.7719232538996607
0.74377304210801
0.7934886719770301
0.8176832621848558
0.7268740907765839
0.7890569087995308
0.7565490244467707
0.722168563257921
0.7550350165322544
0.7604824290497685
0.7921439984747914
0.7392668069145952
0.7489500459362508
0.803266812058952
0.7262363637908947
0.7677441193874932
0.7455130188930017
0.7903726987096925
0.7571339312500436
0.7436500359421008
0.7121059772989802
0.7752326415552261
0.8207831548512685
0.8008130258727926
0.7406885684082802
0.727722402439092
0.7565475831256232
0.6838477788120134
0.7449645638280615
0.7758211514636224
0.7964660737772229
0.7394038242682817
0.8247031873818177
0.7764939384676154
0.8301557316085638
0.7585734028420801
0.8108615844853228
0.7496114499715991
0.7546081909211106
0.7655137290368986
0.7658448120133877
0.7550576485524743
0.7397098526187351
0.7472762659181158
0.7533695287573395
0.8120101502878276
0.7423272933064154
0.7929584593999098
0.7941304319585575
0.7546339454977126
0.7831706019972386
0.7232298399561132
0.7913733071759294
0.7752742034611394
0.7170762713604248
0.7167693686595542
0.7523650970165903
0.7144489781362732
0.7741915208981964
0.7555586932787144
0.7956888176034711
0.8017254439045406
0.7958007398222892
0.7333484630336043
0.7520423213324156
0.77403094747576
0.7427550746042109
0.7777442603713662
0.7508410655602933
0.8179696413750518
0.7723439161635713
0.7172729308277774
0.760217229907536
0.7346259665746051
0.7564028682099022
0.763496864440767
0.7294704924700282
0.8173435812633268
0.8114456489703994
0.789838100635175
0.7856131111444051
0.7707886714845096
0.7727865574876988
0.7998731767420109
0.809768667619131
0.7597531550474032
0.7730291070963651
0.7718108035499088
0.7109936447726506
0.8120167575853408
0.7825723869474012
0.7868682777495883
0.7515636175668607
0.7585905493607747
0.7889705239203473
0.7885357737626923
0.7502500311954411
0.7499025826296972
0.7660227813081656
0.7983294479223028
0.7999182483286589
0.7536115389217902
0.7940570643341391
0.7091511594538769
0.8091074377913051
0.713550259309173
0.7763735557190021
0.7745356172805669
0.8100930231980079
0.8101711148051228
0.7307272449297949
0.7094778243033979
0.757463185158463
0.754585597412669
0.8114799417143098
0.7124460249080261
0.779507794040335
0.7634689826306592
0.7907344055663929
0.7624790661330249
0.7949387260595856
0.8184005439125016
0.8144807532198198
0.7824465833757315
0.6825894045164206
0.7939712631740807
0.823835151550169
0.803923874255468
0.7896414651127353
0.8174518764454397
0.7536957818443452
0.7379246244223744
0.8042626420422312
0.7381593608762153
0.7652051903382934
0.6614178544049537
0.7382188183314277
0.7977582163476845
0.7639441175313259
0.8654420562413943
0.7319887454526363
0.7380660301084705
0.7752266735101905
0.7220418059179943
0.7464276160500131
0.7665248707226489
0.7658129028827053
0.7705451092401889
0.7975241148202027
0.7582817341861473
0.7719090235852937
0.7928633217431699
0.7843913223014303
0.7190619510135943
0.783171782719646
0.7660711274612119
0.7413565042953503
0.8047456272166329
0.7694526635275577
0.7553527653486871
0.748954023161083
0.7276181244205552
0.7809927904654923
0.6836408909892997
0.773094683249603
0.7413374706201186
0.7554573264251386
0.8289145137179521
0.7465014943000506
0.7550998051087726
0.824023261252683
0.7894611119750113
0.7658535351450808
0.7409433720629149
0.7280743766596977
0.815454911387451
0.8200361488855819
0.7485967778371515
0.7393801114531592
0.7597568134137119
0.7332443117082479
0.7611396578245767
0.7950514963325597
0.7068385376018641
0.7552738668213456
0.7901517820568238
0.7554987777241959
0.7728277851028553
0.7671569482664671
0.7931280715219857
0.790384198381464
0.8188894393626704
0.8287384811574107
0.7687549156158309
0.7025736958270197
0.7297001123101203
0.7944637340606748
0.7522111929375848
0.7262138474826434
0.7743381986762126
0.8230473313868746
0.7563433521264169
0.7691916950297362
0.7784661461192925
0.7577688757233929
0.7897590016883315
0.7630230999033708
0.6758316852204368
0.7435481913610805
0.7909669054758955
0.763637280566745
0.7630228771185384
0.7385359530350273
0.7522492209515621
0.7185505419597648
0.7811650257564363
0.7983909375500016
0.7870216409562156
0.8114413967634008
0.7802671612335482
0.7579752759760527
0.7718820786018987
0.7602388853651101
0.7800719009659314
0.7378920480918255
0.7703774948363036
0.7982069215226218
0.7317804085867782
0.8356754530349357
0.777310187882619
0.785112973579937
0.7569721860822753
0.748990938564053
0.7460427279246542
0.7706508681818669
0.7884531297388182
0.8104465197797139
0.8259771230753913
0.7601836131250902
0.7550497994431417
0.7748445521839953
0.75879136012333
0.7479309760015224
0.784229339597409
0.774494681261516
0.7155964283012193
0.7661264715436854
0.7741445809431878
0.7637336209455523
0.8146609447259114
0.7679629136337962
0.7297481727001216
0.7738217270728629
0.7677452897940327
0.8030357121112992
0.7712300588758454
0.8034066479885016
0.7630281941131851
0.7327792041981558
0.7595549663281735
0.8103109603176641
0.7339870744807547
0.8292709515019882
0.7534519668506305
0.788860214008248
0.7301192329083118
0.7634681059350157
0.7689179596736768
0.78355093587522
0.7737894305356606
0.7604381513879623
0.7977297673776778
0.7703946151499363
0.7635451001205003
0.7746917837638057
0.7501140195977343
0.7611545262181842
0.7906466392196994
0.7422634276663229
0.7222409873557123
0.7723999944007766
0.6815180172314838
0.7595862008088312
0.8126526283579075
0.7016604293434051
0.7999732654305773
0.7121545226222107
0.7786550157875427
0.7667017885294206
0.7436869123714874
0.7576510668931047
0.8187248533677742
0.7373465124620233
0.7606012945149482
0.815289257149583
0.7799373042955776
0.7375090370574264
0.7367427359609575
0.8232360052617338
0.794941218405524
0.7787411252875013
0.7815564182681252
0.7712405262688089
0.7362724574719399
0.817203639355848
0.7905499967224167
0.7368927809101605
0.7625355800732458
0.7472564027714963
0.7392525886954993
0.7514568818072305
0.8018780317106715
0.7881720024239088
0.7497479423783904
0.7804144991698283
0.7447095583068759
0.7204713799182964
0.7104054299861311
0.7830124728242657
0.7620242713686128
0.7642343327294057
0.7806606340851066
0.859909067334374
0.7934718522352986
0.7339722119260859
0.717738906952173
0.7546337710312923
0.7744473542520598
0.7515500214586639
0.7542908651207052
0.801028030316749
0.740768500057911
0.827861452587185
0.7460102256720031
0.7693733960210405
0.711390775548738
0.7372529919290092
0.7616090739652195
0.7570994989078818
0.7476556369986738
0.7937504122854543
0.8038708157722828
0.7288089565927014
0.7336847863238065
0.7612760537681831
0.7699379369304956
0.7689777604299519
0.7820469478953866
0.8275590633626105
0.805290946990068
0.7844135887139719
0.7629033276444156
0.6989449212945603
0.7816683731752818
0.8033711027587636
0.8072206871459777
0.702520103335751
0.7740979617026551
0.7538381385240168
0.760536529852861
0.7352645408424092
0.7696977564593102
0.7834407775604649
0.7835986181665948
0.7540680542626613
0.7696886249944453
0.7648158550509873
0.6940767107389507
0.7293394496283305
0.7221939172433393
0.7404532072086039
0.7039196287080899
0.8313420005509295
0.7322244001006034
0.761826862261377
0.7863160311012085
0.7767524348541485
0.7771770258148151
0.7665422730346817
0.752951539171786
0.7998757792583446
0.7420369932595237
0.8350722522548752
0.7940222030020834
0.7517588386249314
0.7838962879069702
0.7952549269935928
0.7899403184122339
0.7288251384166256
0.7583918201259111
0.7517406282216376
0.8253538548839877
0.7070292411201261
0.6805006328274023
0.8241284639152561
0.7566683331484974
0.7468312177824663
0.7263016764861107
0.76685690408723
0.7742169285145147
0.6875247647857934
0.7781962783614467
0.808180523541534
0.8024568728441718
0.7541076094005159
0.7813718305212632
0.7482112319099377
0.8380257533575802
0.7447835894853295
0.7817919910865152
0.7593569229960843
0.8132195604485778
0.8055958376994979
0.7181875543558377
0.7310866005198735
0.7347264894448177
0.7453829618796712
0.7852545876258324
0.7695316345917194
0.7317461390894047
0.8401824121266795
0.7373365385825263
0.7773173508925658
0.7713733507874245
0.8107492059948115
0.728119113631055
0.7931953668169681
0.7299010830412198
0.7772505323628314
0.7446803048665533
0.7929834063639951
0.775844242019661
0.75491512764757
0.762004678455335
0.7000176031203857
0.8202391303121864
0.7758095928549212
0.7938785797107222
0.7728867261902972
0.8451106467582294
0.8440966905265531
0.7298294154570397
0.7395034851230242
0.7726805974490607
0.7675608702233641
0.7849649998953382
0.7664811947805603
0.8594756442063375
0.78327398389694
0.8232959177689011
0.7994300091978314
0.746120530359986
0.7898012934758329
0.7441097946494059
0.7627088672164607
0.7421944271873355
0.7924347930947044
0.7737494205080261
0.7851743150147417
0.7927886602395929
0.7841017118246556
0.7573591792277862
0.7683565116524496
0.7922267333447297
0.7377960809458359
0.7495348091752801
0.6998031667027383
0.7034200048704228
0.7696794143246706
0.7357101391234186
0.7633562166562473
0.7311135201909003
0.7988284738512792
0.7458493292060722
0.7975420400315649
0.7467323171646846
0.7643470473324199
0.7730701615984888
0.7910398936747235
0.7578174032160793
0.7820872339048872
0.760282297965976
0.8374623649819858
0.7373974424050413
0.7624463205000449
0.7921329638501237
0.777768474671312
0.7668379416954021
0.7745684667107116
0.8152634826838401
0.786486133429696
0.7618676594566681
0.7717810714142249
0.8426745582235938
0.7623964484832599
0.7300859618650422
0.7727380290625442
0.8009170039960221
0.7249437380874808
0.7850109657549516
0.7320511063856592
0.7766228521982305
0.7601352764533473
0.7640167666053356
0.7309410954922109
0.8032987193812406
0.7670437785878759
0.7341418608017397
0.7825127468214443
0.7092863286014482
0.7680069729819909
0.7241906020661405
0.7704047349684028
0.7765720201793868
0.7794694194818673
0.7616665304602204
0.7542875280446701
0.7735462132384993
0.7550011532111547
0.7609806653500542
0.7801321023451446
0.7378578681421278
0.7537865649071989
0.7633291861006646
0.7696461492269498
0.7827724424744515
0.761348144951626
0.7146935237040809
0.7701734826455569
0.7861604190463648
0.7244652185724518
0.8026796374100735
0.8055418552272953
0.8099022924171513
0.8222056042935726
0.7653484530406339
0.7472071764252667
0.748877299970418
0.8129253534541749
0.7076265022956192
0.7482122131737903
0.8090566086315863
0.7804359580215193
0.7770156676870009
0.7953127571961389
0.7601914329218541
0.7543906839585325
0.7755644915870474
0.72763617676969
0.7728082155598374
0.8055280688359667
0.7987915188041428
0.7336846630874818
0.7024433090985327
0.742017640889881
0.7557631242099125
0.7475471747502735
0.7696521870124343
0.776280365239091
0.8013606199630632
0.8311238345658172
0.7394185627773584
0.7531926144288101
0.7928487159208067
0.7954251006534707
0.7780253899898383
0.7455968076356776
0.7827736942321734
0.7297136172463283
0.7395713471582351
0.7597990557929211
0.7155382011202985
0.7953281448629385
0.7680923058106555
0.7510912069424849
0.7695881653341692
0.7177506067549567
0.8198788701822961
0.7813551091325011
0.7763529748554789
0.7148957435571951
0.7471619324867927
0.7408634805111403
0.772103498792351
0.7640244928897026
0.8227965516615201
0.7902193152586974
0.7880878944760076
0.780856958332599
0.7537051809871506
0.7801950115730544
0.7427819433059096
0.7928871147803473
0.7499737537928988
0.7871464382481445
0.826840818969665
0.7431041638329623
0.8056715134538031
0.8177180339556432
0.7378119970255376
0.7319408656504445
0.7934846263380012
0.8086509211770414
0.7500218987664882
0.8181522238630805
0.7907469532276294
0.7495116797350849
0.8104204128110967
0.7812772146616436
0.7852631249260359
0.7517317377756424
0.7886902389763979
0.7671533005225074
0.6916207948891366
0.8045266490506717
0.7585044699472439
0.7170016210863783
0.7596772211738283
0.8084060427608175
0.7559610295589041
0.7562071525903897
0.7839456994614775
0.8100722829949912
0.756413316182769
0.7451117166310859
0.7968683536888597
0.7606755163760568
0.7189677284476362
0.6914347710100194
0.7461678221768874
0.7375618606492794
0.7847513520840789
0.7188636716024626
0.7702395235488205
0.7756868456441077
0.7127966145269322
0.8161173866761633
0.7390637543960257
0.7129663480576898
0.791183073802108
0.7588946824522901
0.7643124546877262
0.7429876923883436
0.8343465166112736
0.8287159949515479
0.7751162275693877
0.680074519497631
0.7743820913025956
0.7836254370245256
0.7889225760426205
0.7856371849734092
0.769033100668399
0.7848308121859973
0.7605279811536066
0.7521654016930089
0.765903558037217
0.6913691829360701
0.8483275652348514
0.7841539690836846
0.745536626899335
0.746847144329894
0.7335447850739054
0.7738764220150582
0.7953823984345846
0.7247005446132407
0.7793587522086582
0.8035858191810009
0.8115128528774344
0.786094933249325
0.8194175504359892
0.8201310209948092
0.825392776961524
0.7481516541949788
0.75548003605855
0.7473921220029581
0.823957820687068
0.7762233660484336
0.7079021453118132
0.7607809109247852
0.7806649484877752
0.7758507643515522
0.803094680497255
0.7593802919570556
0.7016839854494683
0.8083859692064802
0.7686549338369295
0.7702121538154001
0.7676700887022408
0.7541548158560468
0.7277372726281087
0.7589206166885535
0.777121117392252
0.7688342105188337
0.7757995967990314
0.7898736969187795
0.7758991706976314
0.7404174243909449
0.7217531938809877
0.6880430447724345
0.7479449066762232
0.8145731314687419
0.7365571916228695
0.7351999250934245
0.7593694654828427
0.8313229300576259
0.7525173037748044
0.7111874708634185
0.7909277608388097
0.7621910261591173
0.7889640850768034
0.7351455355944684
0.7645915252510249
0.8013417974276292
0.8091856174376779
0.6948914602530519
0.7036365999346231
0.7444137220507299
0.7345983995526901
0.7537306967974408
0.76682243295313
0.7871430538514286
0.7413965842934841
0.7483690993489064
0.7753807389465615
0.7989865992250531
0.7585103200547194
0.7707985822125683
0.7933852208940785
0.7721383379380004
0.770793828450163
0.7480574475323826
0.7497314912027345
0.768574674273483
0.7642143839038378
0.7574519100754267
0.6960454843789747
0.7695729472215348
0.8053165275908366
0.7750593273436678
0.7768138010215736
0.6775546494074163
0.7354939972348182
0.7724420103582623
0.7155294942377528
0.8345221181181266
0.7415722031408631
0.76167170096711
0.7643502340890488
0.8113414214096654
0.7656825858356131
0.7915736305635126
0.7362418295951134
0.8089638851237104
0.7540620705083656
0.7701545485901529
0.7711120829449863
0.7410390038853581
0.728859347743587
0.7608033660675936
0.8088111477697316
0.7088592927880537
0.7137804806858039
0.8049687938406078
0.762410015562897
0.8178434437406071
0.7055596637020427
0.7410492937013751
0.7919881855621064
0.746595937976912
0.7297786717828119
0.7979878112261101
0.7694364932528066
0.7810746371473506
0.8273211662412641
0.8414989336991943
0.763846060339835
0.7219137399490189
0.8158218540325863
0.7793501238098722
0.8137153295816473
0.7698466659488057
0.7601970305354678
0.6825962680990938
0.8306288256057524
0.8022953111459051
0.7353560892023395
0.7677231070909896
0.7106244450496656
0.6786170354197785
0.7815242279065915
0.7408357567863134
0.799479177393122
0.7893426321159807
0.7587682035561161
0.7390898516954623
0.742779440594131
0.7902957365114107
0.7827824694729488
0.7369315804894683
0.7120182930687664
0.7480610038092858
0.7613639673246594
0.775014897657408
0.8071873212891516
0.8012148138560778
0.7598563883772791
0.754175900085284
0.7611361321960437
0.7752492339083787
0.7408679370251761
0.7433034523565591
0.7648055652748066
0.752351390031726
0.8173519831609901
0.7593779144409518
0.7567071110324468
0.7495365695582035
0.7676421684353089
0.7755360484167332
0.7401937495560047
0.7590302396369678
0.7610629042401623
0.7508824318525935
0.7978644877694426
0.6809897561077947
0.7374831129901228
0.761108502627257
0.7908406337243871
0.8049649336531154
0.7531265391278001
0.8130708861023968
0.7558456187142524
0.7715081561880549
0.7527264580158615
0.7535786882648116
0.7694927314377051
0.7764299295715729
0.7201717499628044
0.7905948835349962
0.8232549859920597
0.7496342525356436
0.7562705939540041
0.7707160866225321
0.7490402586023357
0.7689450308971634
0.7596930918991941
0.6973909914453944
0.8086916508542554
0.7491140156940006
0.7940659435526947
0.7468308232371551
0.7811348171860744
0.7724608875591228
0.6875679029683958
0.8040614502467843
0.705140094866022
0.7509747409192922
0.7301153292148607
0.7554109847457128
0.7168724924612684
0.704652127031049
0.7568060961114521
0.771645125360702
0.786917138992983
0.713950739102889
0.7572735981974273
0.7598006658753639
0.7834735220919067
0.7768578964968162
0.8003885541019512
0.7223768692703156
0.7302497459791255
0.7552017613660004
0.7470565052501799
0.7590038763635277
0.7698048490421154
0.765077366315789
0.7441316683794674
0.7260051787401135
0.800332927152583
0.8421258030382891
0.743859534245616
0.808550083027251
0.7499160238717768
0.7964118061013388
0.8024532111934203
0.7506268957536939
0.7949904229864788
0.7672508702527199
0.7160995512670255
0.781427032776386
0.7048765736689113
0.7994945507379808
0.7390682111518448
0.7273624373615594
0.7403857099201971
0.7715045265880932
0.7162605326151301
0.7824063598651814
0.7809170541811834
0.7740538240067759
0.6894193181934685
0.776333988352529
0.7262006920274556
0.7673385542636042
0.7834206333399614
0.7849535839792636
0.7727067097966381
0.7179698666746753
0.7642434331546833
0.765794417229048
0.7128899274311855
0.8298478198363288
0.8025376284833022
0.7737585252969819
0.736365535361754
0.7244495523204149
0.7590740965741488
0.8014671784664046
0.7521441965965184
0.738275691002779
0.7164790600386695
0.7433920074391183
0.766474049715497
0.7757115174340734
0.7522024118482695
0.7912012176295689
0.7409960819670607
0.7400488451748767
0.7458315327122901
0.7410045212201787
0.7574477794287506
0.7687737982146443
0.7325459266005921
0.8319141937058842
0.7469577879297478
0.7158989839898797
0.8014195560078207
0.7412680233822202
0.7325337004105108
0.7817317180654901
0.7661643797977327
0.7205802506041044
0.7776372585013895
0.7444354376795548
0.7393119759120699
0.715052302059433
0.7753281047893344
0.7321948423760343
0.7205401171552206
0.7902786057531117
0.8226612120759821
0.7297981980823903
0.7210509082591781
0.7081854991644881
0.779450770977841
0.7716942813610572
0.8053217174584688
0.8085943525605283
0.775319884206432
0.7772999007896484
0.739305522438783
0.7970757418589314
0.7941649627626123
0.7697159712903953
0.7233401541703551
0.7884039240757731
0.7161279844313457
0.7683563880385749
0.7763833240502439
0.731826465343855
0.7172378471515233
0.7312331838658456
0.7730396954135152
0.7407851842388606
0.7966444119979789
0.7687065720679204
0.8018184752200723
0.7605062295462778
0.7093851581413047
0.8156689163300941
0.7964208412923908
0.7242511009245033
0.7267887004336335
0.7375150500197524
0.7752037764109236
0.746707971804574
0.744691866612961
0.7548004113679926
0.7504300955627489
0.7576517754763759
0.7295123148339797
0.7984881202597943
0.7565567762613409
0.7344562329161742
0.7492047679330527
0.7633825899136153
0.7275349867906965
0.7086763885726269
0.7619521320128908
0.7840777659180593
0.7581011167558006
0.7745248885452614
0.8239767070135174
0.7429729219683411
0.7663778233060954
0.7837451042685194
0.7086075814096754
0.752279502889732
0.8008639799113502
0.8014951865666232
0.741186490001357
0.7518142911681485
0.7262627068214379
0.7275532785287704
0.8278725684760749
0.7581050059966007
0.7648405671450146
0.744382798312697
0.7821333792592028
0.7117693702123145
0.6551007196787207
0.7984295644652222
0.7979939509528228
0.741602276217661
0.7192152521830322
0.7446886452409314
0.8109472228045421
0.8084823395891307
0.751010796765106
0.7800296222375832
0.7449815229368818
0.7689068151019482
0.7583708694564516
0.7904105512343144
0.7799770020376439
0.6866202872231538
0.7669400251478941
0.7843174674345461
0.7142400917483493
0.8294413344927433
0.7125207597357555
0.7661152865401013
0.7682893615210591
0.7127412774783661
0.717505980471578
0.7395512276338675
0.7573583088435988
0.7700012946370147
0.7738954659515691
0.7583364587780259
0.7072694557855632
0.7683224096900397
0.7470436131829761
0.718521363223546
0.7689758184433446
0.7211730822875174
0.6538204924686793
0.7760402107673517
0.7662362316022534
0.7324276065937955
0.7868027405681854
0.7906144607100162
0.7728451556423439
0.7771985382535735
0.7211991114327883
0.7298710647843055
0.773890465299939
0.7151892317951827
0.6914066087533565
0.7179949492805898
0.7822239387143163
0.764980110364802
0.746089985726178
0.7666505923759376
0.7854851730305066
0.7048043248230492
0.7714406410284252
0.7484447492608569
0.7650394064584132
0.7641451227003773
0.765715506144011
0.7476446908927312
0.7676878566029419
0.7796237287891632
0.7605747316891887
0.7444681473934276
0.6943293874002054
0.6675121468022742
0.7327729670574776
0.7691474335602505
0.6547737935837785
0.7078211764684913
0.7238323237066713
0.7673613124755493
0.7781389553627654
0.7792891520630517
0.7957053943427608
0.724370598373669
0.7546156303340273
0.7779635698188765
0.7180961741367102
0.7256259683202935
0.7602538766972529
0.8163928752617059
0.7427445041597134
0.7588648714375501
0.8149993732715005
0.7814779635046513
0.7439335045424966
0.7377129631950823
0.8233717144128974
0.8146091408329095
0.749863766075768
0.7408136140843802
0.7440824195975827
0.7367312922041148
0.7655706346671987
0.8125186864079265
0.7536413733929898
0.6974693790061182
0.7975998351100078
0.7725221805244299
0.7714823045139438
0.7780270417914488
0.8075067883551208
0.7122572423381067
0.7460739416080114
0.7968700863499065
0.7203460632849621
0.784516702233244
0.7416491959079948
0.8141748224633709
0.7410898054082878
0.7444454808163229
0.7473945937034507
0.7496981013386054
0.7479485253355276
0.77010617994545
0.7725771738767535
0.7304412196945007
0.6874329721118687
0.7701114641453284
0.754971870042055
0.7683437143591959
0.7525144095767239
0.788282008664776
0.6938992416134866
0.7512136269363611
0.8003315189279665
0.6815957622878954
0.7377639662073554
0.7149232536444606
0.7256303483063642
0.7949104574179167
0.6982749374170575
0.7562821267904775
0.7629159071474088
0.7488191638983748
0.8030066030065222
0.7694285433935717
0.7748563982418246
0.6928557449727114
0.7752705224268776
0.7988756913637033
0.7112414486455982
0.7702913030461941
0.7654841562721589
0.7564603696518584
0.7867313206429445
0.7772799143731943
0.8503651236864946
0.7813402180435929
0.7142533591672091
0.7499992141300971
0.7576173987494972
0.7303854316260667
0.8399920130899226
0.7427362838467404
0.7710591549991513
0.8088074176920429
0.7672157882627321
0.7939784016847478
0.7610223957622779
0.7467585266842784
0.7362583498520532
0.7803767997028481
0.7645683005421909
0.7932057227096653
0.7594082252612842
0.7951014840726123
0.7601757518631852
0.8268277590940348
0.7309477976679462
0.762044695005968
0.7189628172907383
0.7320376501925314
0.8230870034385915
0.7503562407868201
0.7503761735893418
0.8014537585654224
0.8095139706658772
0.7470740752995724
0.7223465327084424
0.7844505511845707
0.7546674326234672
0.7723400686605776
0.8341162004600419
0.7322486624501692
0.747607676982011
0.809511688552678
0.8258048822378805
0.7331593650878881
0.7362612883639128
0.7063195765650504
0.7898726424542313
0.758271241076105
0.7014996416359145
0.7193891078473894
0.762368666805758
0.7269924286061811
0.7121959259710969
0.7215021681723987
0.721069415224793
0.8196841742830777
0.7038477739542287
0.7599980782911889
0.7770810051986035
0.7376297461358883
0.7411387596317516
0.7811592490019301
0.7128320078548553
0.7856797346796845
0.7243659852237279
0.7640872211173086
0.7182587080304199
0.7359881512927524
0.7392065975696144
0.7133048756562549
0.7399074908166792
0.7195901980128127
0.7605749284010354
0.8031790098513574
0.7350222167480089
0.7952066030516673
0.7128152892163089
0.7215552378305102
0.7925123175629778
0.7582847990773339
0.736717589620821
0.76455046159565
0.7686422178865445
0.7212114788902411
0.7483893636802058
0.7581132301418219
0.7488879993525706
0.7129896934376944
0.7316444436770888
0.7246397072868664
0.7550602817903711
0.7873194953159304
0.8101004473316926
0.7254078530923236
0.7730620137713002
0.7658625771221002
0.7765123412822932
0.6961823912711019
0.7101498963213791
0.7435010628844203
0.77090394651662
0.7700926188327574
0.7539313627698718
0.7498938177975047
0.6920708150634268
0.7742931204354443
0.7544963677228878
0.7799005756997008
0.7627782312181461
0.6874522676019723
0.7378047292712553
0.7825080204902103
0.7290561588638299
0.7311917032416464
0.7429652042231998
0.7779629049173683
0.7238547240449051
0.7810421900525302
0.7810834996626539
0.7731433121452129
0.7855276311425479
0.719762717121909
0.746285321474932
0.7330300039901693
0.7434545320630463
0.7281612125564804
0.7080290648225717
0.717897239653679
0.7669123170187048
0.7223868369811028
0.7413277390034013
0.7529985256114611
0.69387216479353
0.771823455487859
0.7295918518324812
0.75364855544194
0.7551443052506395
0.746847534331893
0.7668602136281352
0.7057675437259433
0.705146581752111
0.7667076342460337
0.7773389534622892
0.7864769814732152
0.7705397139924667
0.7463487356453973
0.7815369674933762
0.8113119245873778
0.7432057343663471
0.7770214957503242
0.7367331233885882
0.790423333290909
0.7497301518567807
0.7694274409481193
0.6512744751154027
0.8300702640456775
0.7328165827608626
0.7393317319858479
0.7823797603347995
0.7594609076768921
0.8168135466931117
0.7065550110732084
0.7839793598543918
0.7313491970222741
0.7006964259588987
0.7016218218033153
0.7578214716920529
0.7034328080956594
0.7203488027927492
0.6063119582317658
0.7988673040679828
0.7418671094998017
0.7983949353686931
0.7503219887549235
0.7040389182422935
0.6937436248060379
0.5823872311208297
0.7533425536023988
0.7234527702013362
0.7707388205690479
0.7885715606953834
0.776276971183884
0.8087823646603134
0.7023026588899388
0.746637594633742
0.7628679724048635
0.7379751589843648
0.7104029320476112
0.7595640635433824
0.7302396717809472
0.7841241300034747
0.7096913439180419
0.7407354849719358
0.765589954751561
0.7049584605923082
0.7555680930801395
0.722027924831879
0.7661838925282254
0.7317791967131434
0.7664695819504731
0.8125406347889413
0.7062200857813228
0.7943876164272143
0.761220127558742
0.7798859302046796
0.7619454762775963
0.757189210899104
0.7573833630140243
0.7175756269371067
0.7093280554508476
0.7427611610879998
0.7253777880824779
0.8002260621712626
0.6828334075194468
0.706573597593356
0.6892794250047501
0.7719497913645551
0.7161312989862649
0.7997253563167568
0.7278727087824217
0.7562967225383279
0.732819827776958
0.7166226177169885
0.7565181395630673
0.7066214742715106
0.7354321864881717
0.7699337012300308
0.7072134399977482
0.7918828558123735
0.7992689095952208
0.7460474716224014
0.8203453495263371
0.6996443571842493
0.7426298688578252
0.7664050320233934
0.7175713578860603
0.737803348958804
0.7974630017690237
0.741242930726892
0.7866140069714774
0.7296891084157411
0.83082891910139
0.7542645911917012
0.732599248910993
0.7799562277802757
0.7977498147796831
0.7625938827421201
0.749778015068545
0.7599682038914878
0.7476670276418432
0.7329330652994825
0.7220028228227274
0.7770379285386001
0.751349425314164
0.7920124090268045
0.7497993449770652
0.7669483929070992
0.76631275167154
0.779822658133859
0.8038835705548847
0.8161448614506627
0.716497662839442
0.7644470344039759
0.7574551201476301
0.7350416716529833
0.8110319124998382
0.7232198388778283
0.732874546763173
0.772022957469769
0.6867998271170556
0.7760707670021628
0.761490456448148
0.7716076722241271
0.7205254045278368
0.7598585284880444
0.7856380260213991
0.7949048163059558
0.750430862398038
0.7509396991776739
0.7700634389274006
0.7439578159285262
0.7844303450488678
0.7432589269979208
0.7687598459588175
0.7363960657822932
0.7218237879328515
0.7620847608642805
0.7212893107830606
0.8396558598540544
0.7685099814205204
0.7498851063241696
0.7664161311339812
0.6998610458753547
0.8078616070628304
0.7383762190784824
0.8216714224142333
0.8184310952013064
0.6700705922996514
0.757559949369849
0.706229293196335
0.8143742348534821
0.6909361278019148
0.7405665638723823
0.7580241456242
0.756705789780211
0.7123738808998141
0.7306355824610941
0.7771873075862701
0.7335793262952258
0.7627880595870483
0.7872451651366235
0.7641967335903898
0.7859643795268519
0.7703139619134234
0.8182997999999
0.7262760174257962
0.7238900304974594
0.7285685978782921
0.7440641121760463
0.750470740867493
0.732759229323942
0.7799457422675172
0.7116439177371977
0.7418959597563681
0.7730732272743939
0.7393991243224967
0.7685787264180792
0.7445088369651811
0.7115497279919377
0.7113555756388189
0.7072222001887334
0.711956330307762
0.7521203248914754
0.7952391148454762
0.7477796069877761
0.7090631877240164
0.7608786859047797
0.7860602285861609
0.7498038442618348
0.7759200420628776
0.7850828981327386
0.7531783399254273
0.8168079622921244
0.6771318778224467
0.7438481465700743
0.7894044986518629
0.8063250807916029
0.7509680716574285
0.7650465669820301
0.704130583905328
0.7701094457871951
0.7421279871002964
0.7735595097072427
0.7684211555181428
0.7610665306512759
0.7158649514204325
0.7641389689490955
0.7335637556846694
0.7580650949577344
0.7492363996047686
0.793504907365686
0.73446970450662
0.7589901343117439
0.7827137173954162
0.7411738036777161
0.7594436547378371
0.735715789015791
0.8382445121143769
0.7475426842100756
0.8042704270012992
0.7186744861887384
0.7565491639232291
0.797867666986752
0.7411898456029569
0.727435291517333
0.7377933518525712
0.7302176769195798
0.7969789366861273
0.7719492638413398
0.7708552272276364
0.7619697017129613
0.7572217710837804
0.7162291543570589
0.7555293942062999
0.7553034996847756
0.7382508248437178
0.7921430170572553
0.7422507464813354
0.7212785476223301
0.7075694002516884
0.7716925300093788
0.7817640912109757
0.7664837836978434
0.7706689564084152
0.7673235584035463
0.7554779377652611
0.7155390762369441
0.7379416875688053
0.7831653905128984
0.7911004044432086
0.8028704656980569
0.707271617367747
0.7349826263904754
0.7495971696331717
0.7399310642707133
0.7467213101220043
0.8380032003165381
0.7371976861058348
0.7573063484677087
0.7509797928094563
0.8088067072907792
0.7037447415091617
0.7265816574571191
0.772294526844522
0.7395137730358066
0.771654821260899
0.6949534510931947
0.7360635955049404
0.8384799710192782
0.7380967970587468
0.8000450669905093
0.7998106650398668
0.7281744018435341
0.7226157484614852
0.7371748343602996
0.8019466903507573
0.7219903908424048
0.7424646285734913
0.8164861756986406
0.7503053107593126
0.7507553149053242
0.7545990338297193
0.7144931337903797
0.7504715965081737
0.7356927825381853
0.7179233595512216
0.751302092493979
0.7849800792956266
0.7135325966811945
0.8002735596130159
0.7210575882718019
0.8257785175454128
0.796484365252663
0.7621662390536883
0.7522572842186624
0.7049019998429945
0.6805945429303717
0.7471273506181366
0.7561357097440629
0.7942707876546364
0.8098764376515174
0.7464426593117245
0.8294074478286634
0.7948975718116574
0.7531229861156007
0.8169452034832899
0.7602849182019701
0.7483553752685972
0.7647546061944376
0.7524810157092123
0.7423933098127493
0.75932306447097
0.8231046234073289
0.8096293992965901
0.7461472337976726
0.722024248767758
0.7320183884178084
0.7372946785997192
0.7612480774326134
0.7162515192548089
0.7157667953936329
0.7849197922748508
0.7668154891955554
0.7798588330635029
0.7226013553323962
0.7500000292052499
0.7292371470150139
0.6812216510624451
0.7785143539258333
0.7407799635768305
0.8023254232456681
0.7148875806608121
0.7256374651991377
0.753521784421509
0.7977485992895542
0.7371532707681479
0.721968787038742
0.765906184358988
0.7475823675989683
0.7542839711358107
0.7550982952875683
0.7604699128094748
0.7555738873960595
0.7300517861645007
0.7563912616704059
0.7736271506393912
0.7562837196097048
0.6979738279047903
0.7653947015451427
0.8029223578125013
0.7464850254078547
0.7609318624190713
0.7820507566229886
0.7177315491965444
0.717927591203397
0.7518782296405433
0.7672961076100137
0.745350661856698
0.715496310630878
0.7560176591917869
0.7890792580443741
0.7769454259147738
0.7716147930704276
0.7834620365790673
0.7409488176916876
0.6712420125430326
0.7020441433463199
0.7769018710823943
0.7336356146794561
0.7622131854663693
0.7999619817538016
0.7169514393792873
0.7138918845289032
0.7300949014411694
0.8073929578700193
0.786617110040255
0.767530017298031
0.7530688590702789
0.758274157977954
0.720932772324374
0.7817334276175674
0.715698135632015
0.7468751558363732
0.815042116371853
0.8041432040509395
0.7091970406232663
0.740772773699323
0.760832188839845
0.7230017743141642
0.717470607943748
0.7321939768140336
0.7562998092898301
0.6992740651795704
0.7657805484846004
0.7543176434182624
0.780454445157411
0.7600575746199254
0.7435535906870208
0.7281036517386664
0.7680796595419661
0.7328601881337237
0.742595599190047
0.7766677339470885
0.7039072657071552
0.8296167456511816
0.787761215978274
0.7549877277939795
0.7473630119816955
0.8139878396383038
0.7349998522876957
0.7320995751325464
0.7600113000531797
0.7641180421786127
0.7616320039380804
0.8024886204155545
0.7568372078323775
0.762829393106911
0.7408020229376724
0.7503426749061359
0.7882793186706568
0.679967066599749
0.7644296683477579
0.7137716759841422
0.8016406452685411
0.7743254182298377
0.7444081278638188
0.7754124543665464
0.792720791113843
0.816127645115299
0.7908464093223604
0.6885891977941975
0.7498165238218016
0.7966297957655927
0.7988444238752436
0.7460814769187293
0.749813157656032
0.7771696118625921
0.7899224578284046
0.7008617317486994
0.7235845049940478
0.7448994532348578
0.7738301601963544
0.6828075451392623
0.7657252433091004
0.7534904942048846
0.7607605944414397
0.7414145013867812
0.7410949885074276
0.7582969372988383
0.7404309839701029
0.7847243012725323
0.7863274834071589
0.7644014836984453
0.7974555363734045
0.7544901468931603
0.7547723747495352
0.7226750285772066
0.7754053153995105
0.7652987580315769
0.7334027963553902
0.7560348578009559
0.6526945713362607
0.7817028144676569
0.771476350750092
0.7598483638493901
0.7819600841801372
0.7011617832742515
0.7282359970460333
0.7327774986399888
0.7810356029288745
0.7828715226512013
0.7281680438722565
0.7315588124291154
0.7638085262181361
0.830546404970403
0.7696181614506339
0.7260590183623534
0.7304239301760691
0.7621237422381235
0.7117541256129065
0.7429535561788629
0.7754669191714528
0.7662085329428059
0.7845893222276684
0.7368666008203724
0.7412852861031329
0.7690340106724519
0.730259393886603
0.7484276648977565
0.731785324322473
0.7908712767224517
0.7631527473421176
0.7141609229348465
0.7140447617084889
0.8483732183960904
0.7189754368309278
0.7209571581540043
0.7312739359715843
0.7487300029971345
0.7433153170354801
0.7649786261466753
0.6915088972521058
0.683158571712375
0.6891908507710567
0.8014247683280826
0.7880176493978995
0.7111908851063341
0.7506643667460665
0.7861898412398961
0.7431038697102292
0.8128495065140022
0.7782180354006435
0.7690891254459487
0.6867471232341648
0.7358210728771771
0.7546543645352803
0.7159069644723512
0.7829131693636311
0.804178189613296
0.7372077638594026
0.8334944729287912
0.749654539582404
0.7869934914693711
0.8020060651773953
0.7231625768658134
0.8098368972271357
0.764437378882338
0.7270862246823916
0.8079785656952325
0.7395361792798445
0.7490003016955125
0.7398536052427825
0.7716082917021146
0.7345764957984331
0.7246193180109668
0.7293866829872695
0.6779635622490683
0.7668827679360881
0.7135626510944333
0.7158817204086881
0.6612132647089102
0.7835662386836529
0.7525912904854152
0.7901460653968706
0.7213307869976631
0.7413150669160822
0.7419727528802011
0.8003707551722379
0.7544973287127696
0.7177869367116682
0.7756352567302105
0.7719551004922515
0.7599346624195518
0.7260470282606255
0.7859504735161283
0.7234019881211733
0.7791605303910191
0.740601479795522
0.7279139628438338
0.7781193830842366
0.7675582941962287
0.7966764232523531
0.7388015337053224
0.7267744527387806
0.8204402187646436
0.7472724631698413
0.7643270295202067
0.7468623271426306
0.6891734719664305
0.6852741947582588
0.7873793008614823
0.7808971710741381
0.808865925782651
0.7832498337652256
0.7293507536938747
0.8132293612318231
0.69155003292182
0.7579506869393688
0.8003822070588427
0.7291849271769105
0.7392552371771933
0.8039599238041788
0.7243294548535961
0.7643990714240467
0.7665679369756181
0.7691511104891433
0.7305341595121145
0.7584274945448624
0.729945063852171
0.8375331487328094
0.6824497954649296
0.7255366459551397
0.7853692476173424
0.6902553596945665
0.7247296467483254
0.6898455437133824
0.7672944122746577
0.8048422537753526
0.7950774165417296
0.7130100512793109
0.696114139204006
0.763147570980134
0.764243705594055
0.6674096687666169
0.7355418424814963
0.761594650910476
0.7372097369858363
0.7477488311050677
0.8024602563524766
0.7925739609143528
0.740266175963996
0.7367710715577985
0.7691677109920151
0.7701422671516253
0.7466635839171772
0.7497814903854616
0.705404113819649
0.7570647444930634
0.7021059213298815
0.7799966847952822
0.733779097091593
0.7403305297544732
0.7867590273381065
0.7150097705711965
0.7335342791158116
0.750915346642502
0.7038872802558
0.7434368825213402
0.7387868205883297
0.7497859040577881
0.7343189411729422
0.7981154672593551
0.7485260024419444
0.7521818550594712
0.7054413081366417
0.7959533497662633
0.625223362170888
0.7670175369928217
0.7788470911164852
0.744068362618198
0.6776472873896917
0.7315471221746248
0.7018629683600194
0.786061721538033
0.7644399716427605
0.768408818379287
0.6638012361215837
0.8165761603161374
0.7862351424447793
0.7598021845508675
0.7381720961416631
0.7431716393213395
0.7496049580952227
0.7666000644351884
0.7679672202214447
0.8163942421261552
0.7367266267897762
0.7646540277440907
0.7449437205670286
0.7140557712214409
0.7900541557822855
0.7270343628891817
0.7120758517400126
0.6993979571683704
0.7541650786346863
0.7510244201629128
0.776887326579085
0.6994111604055757
0.737889925725966
0.702434646296194
0.7573758556147858
0.748792294840056
0.7856328127797414
0.7371260881048392
0.7894653468399025
0.6711681280140989
0.7621741708166654
0.7062814711680849
0.7574053148444887
0.79937444265088
0.7630413080884884
0.7432243647723077
0.7540669837486241
0.6844219660313591
0.7956921249812446
0.7760727885180649
0.7795620110506103
0.6918835688799517
0.7584778495142991
0.7294105965154503
0.7477352958362525
0.783848575716968
0.7380348607093963
0.7398632254864416
0.7484064161818178
0.8138489980992887
0.7755126568728863
0.7352000215763469
0.7756592399034219
0.7866564180961302
0.6859101114120434
0.75480838298111
0.7785823795372633
0.754040831579673
0.7790788233950507
0.7486651987168226
0.6822805978181569
0.7593719780162568
0.7573600916351444
0.7560625429671367
0.7135013919217978
0.7538593083165769
0.7465225016765741
0.75563668314057
0.7221381150178863
0.739712463295559
0.7367382727664082
0.7868201610999891
0.8106280624563731
0.7823308293504948
0.6903760155707144
0.7341852205490735
0.7953322636430399
0.7665263821243363
0.7286559908451774
0.7344885407538851
0.7569993393886253
0.7738377403964672
0.7477310620781024
0.700192794206841
0.7549957661944007
0.7320995151827604
0.7904331806440532
0.6678860452921478
0.7472495616311216
0.7892929065360851
0.7327542925925259
0.8574151085228106
0.7415528061347856
0.7220023920759
0.7846746583387023
0.7612555090271597
0.7821413875174631
0.746872722464999
0.7273274090370542
0.7460955375687319
0.7319015129125581
0.7988390668737836
0.7638758410627312
0.7851782736365377
0.6920196715539136
0.7588279973835691
0.746718493750988
0.7678530890224066
0.7071558282811141
0.6661712088852075
0.7793781610832736
0.7070266580586152
0.7772342307170753
0.7912870813736088
0.6989364621446906
0.6647656644075227
0.7625616090370357
0.7494581941684453
0.7415415915322223
0.7828381549150392
0.7788015489961928
0.7590673914025975
0.8071380668528082
0.7763603837627034
0.7325068626636181
0.7467689057619857
0.6513412085535896
0.6991555450157765
0.7719940767932061
0.7314197895851069
0.7697119488874714
0.7860519272459793
0.738360539192438
0.8130909236818045
0.7433477755146747
0.716691994011787
0.7608438109700393
0.7778227103534638
0.6998947127235425
0.8239870434734307
0.7318330588006434
0.7332621466962059
0.7697300488642557
0.7030184593767201
0.7025216459309627
0.7025729574597068
0.778542662186132
0.7673902637340385
0.745173646550449
0.7381200485900521
0.7110026891074434
0.7528819642470267
0.7484776760726549
0.7098115066129974
0.7484479827247018
0.7904976904248603
0.7354570637277074
0.7552888221212986
0.694343534185015
0.6727491206756391
0.7383778442825346
0.7745575175491426
0.7709913683011383
0.7613228279441963
0.7577949407628919
0.7140835836489641
0.7396439378021531
0.7341490865462376
0.6815954599210032
0.7432765748737044
0.7265968555435018
0.7143705685633777
0.7617765202053566
0.7207392756811446
0.7862366228994095
0.7756362385150588
0.6759002130620061
0.7607143424417251
0.7584379750718344
0.7728526057049483
0.791726054973805
0.7351138003529886
0.7655151313716446
0.7362649881430984
0.7527955867184376
0.770067086775233
0.7675072242840861
0.7762047430371916
0.7859823796118508
0.7799204227133625
0.7287277145592871
0.7515494233245257
0.6984320776605031
0.7427079305404748
0.7512296627571934
0.7099605497152462
0.716975347492715
0.7739355535989618
0.7513775708968874
0.7588839749463089
0.7289068061377988
0.7652392584000588
0.7767264024908976
0.8427233648620452
0.7369640613879008
0.8176555820762342
0.7544731787107769
0.7149438714892938
0.7119705869953467
0.7779323870472474
0.7778943103873469
0.8210023564193305
0.7990523596097077
0.8050956983210836
0.7214064041646279
0.7704727013352102
0.7940097752756982
0.770626301168525
0.7537364116196896
0.7537124813303114
0.7594667346279993
0.770179396352652
0.7898451516787862
0.8066509683631823
0.781173099831532
0.7802945578634497
0.7943362118214115
0.7671398563457026
0.671207124669319
0.7496511643560902
0.7644366480780412
0.7482174081059021
0.7442109351675021
0.8078664696451117
0.7425026447432238
0.7254588741535534
0.7462342776323374
0.8006447477197017
0.7840744391360674
0.7925881468271443
0.769779346483517
0.7882161508273443
0.7090862285501307
0.7972576266442066
0.8011297547458707
0.7829398551606961
0.7646442071761899
0.7756594965923786
0.7290203941442992
0.7274692561194634
0.732499664127192
0.7832791020728364
0.7630054906335684
0.793958945261293
0.7859229221755295
0.7555324505269188
0.7868159933675758
0.7670258894198625
0.7757112885098103
0.783858150821312
0.7465999904579297
0.7439714180012158
0.7767550189490968
0.7964993327692761
0.7586300882180241
0.739215702979062
0.735724449743195
0.7706757099234576
0.7221205193648548
0.7679006613768738
0.7466062769236264
0.7379800130219121
0.6680916142695111
0.7873446638050531
0.742358431261628
0.7496356282478831
0.8148161718787721
0.7971977688679484
0.7578585832684097
0.7767239578220193
0.7590519733432981
0.7499609836484564
0.7381435700694171
0.7306624272951434
0.8084929524064405
0.8013177018727591
0.7239599517968419
0.7869152878880034
0.7265382666765671
0.7139528718600147
0.7546370677123241
0.808070386386207
0.7715580997339259
0.7805702636337661
0.7630780787257997
0.7627818414163807
0.78861923540413
0.8028478597177002
0.7679769736203974
0.7656796879803719
0.7706014120803479
0.7995855463285204
0.7878461334992266
0.7727235591062318
0.8108327140835485
0.7763941445563671
0.7660898887190658
0.7473000119522266
0.7557930190893493
0.7561977199652926
0.7857362827342367
0.7776519104947718
0.8029339633339834
0.755111765461822
0.8341539846977686
0.7117292241860873
0.7425802180504022
0.7394969753945329
0.7871485250461587
0.7416971037890948
0.7969271895879976
0.7537965563920588
0.7777167452740036
0.7655779265271242
0.7747467975080375
0.8171876972462087
0.7478565301890077
0.7469131003629065
0.8224477507724128
0.7638599906013444
0.6805764975484309
0.7753565697210879
0.7464850650978507
0.7457436873977932
0.8063725562398171
0.7934121126959678
0.8167487393129489
0.8245526867858564
0.7349994275285804
0.7987964404385093
0.7128929437396937
0.7791441164160737
0.7224257405053092
0.7818585440112489
0.7867921625812925
0.7522860282534339
0.8331856881946651
0.7781068573206097
0.7249377713083878
0.7845989697638119
0.73154681420743
0.8054949341937044
0.7666663344909012
0.7388798408038569
0.7373176257418235
0.7778916420449724
0.706565327289691
0.8210551538008113
0.7685466363032576
0.7195100250798914
0.7474022400681907
0.7626605306314557
0.7870200897967109
0.7691710989218492
0.7701483386828654
0.8333782332195145
0.7885378268589808
0.7878514059144945
0.7293918088510438
0.7712932396090632
0.7572674653823018
0.7835830668154662
0.7836648521530242
0.7913381892502521
0.7692387856768276
0.7562204108315139
0.8273313269580587
0.7596501807701481
0.7482124847103999
0.7417677784000372
0.8285196012154635
0.791231834349716
0.7716797706726322
0.7731081857100606
0.7649655532218315
0.7519669594640404
0.7834076384050315
0.7868134597293268
0.7986671944401399
0.7696328877923878
0.7291281294474603
0.7890500049050655
0.8119834007001675
0.8103741545225839
0.7072217949501658
0.7494082293622116
0.785632787367465
0.7881052868366718
0.7871016379342118
0.7643633355428672
0.748850643081953
0.7743059196835721
0.7834335637116523
0.7488952229629761
0.7556242020689115
0.7828947344391042
0.755368936052178
0.7547007316856
0.811247116037473
0.7883694774683728
0.7436779200884869
0.7848150400926668
0.7892556568159075
0.7644238744622183
0.7651418461082836
0.764963581130408
0.7952200167145037
0.7403964148338481
0.8112668037240175
0.7594317306799326
0.7717058766288261
0.8064614434754954
0.7868499257970448
0.7290868012605847
0.7482602529769398
0.7376928719527606
0.8045900953270599
0.79714320715331
0.7588031806813184
0.8139127121405467
0.7825913124705114
0.7765574124671828
0.8264790733199321
0.7970359695036329
0.7341393353696698
0.7740264067252635
0.7883147688299462
0.7594910513039556
0.7795485822924102
0.7299082373179189
0.8100822789426653
0.7951845107610866
0.7489513039434825
0.781670795749886
0.7453546653630422
0.859769168797319
0.7515024169643019
0.7660253255997282
0.8051570635970723
0.7961254561449702
0.8091059626121462
0.7123309050842828
0.7357892414631582
0.7945244525303288
0.7966908462440152
0.7540132915824953
0.7678938335548101
0.7501312354816969
0.7205909177459006
0.7763307321816573
0.779274622940755
0.7771557928601568
0.7591824012188237
0.7891891997192373
0.8044703836609666
0.7791623347506021
0.7281783766480361
0.7923642016780256
0.7462665500286538
0.7425714854635315
0.7889818101840491
0.768456830817328
0.8055739307010278
0.7411890957225197
0.7286958900859243
0.7525445881353524
0.7975799797679455
0.7898594845157378
0.7545764576021174
0.7769169681276946
0.7851548382432306
0.7480879060132114
0.784275729833303
0.7816974609508808
0.7891270292499473
0.8137440048550838
0.7322735756358048
0.7327880042324455
0.7909809770380223
0.7733422497995706
0.7452021567307564
0.7774585276324703
0.7375419405567298
0.7823336632294743
0.8357842293003926
0.7689645708638688
0.7685416902826973
0.7869855696859226
0.7758999514854574
0.7469010892193836
0.7330914427977007
0.7734805464989634
0.7751919043683932
0.7744866265062524
0.7418502919214979
0.7691156826220643
0.7993507787537759
0.7396787011156849
0.7643872127705976
0.7870095372742075
0.7717155806329652
0.7471573228410546
0.7914296430992487
0.7720373931217506
0.7318146225909729
0.7831708329762991
0.7373548724311987
0.7718499370098141
0.7647132819172264
0.739071766444941
0.747401869213778
0.8007121913939643
0.7912242225720065
0.7822130092524506
0.7824814317245723
0.7741365932192602
0.801565138705141
0.7314789173613366
0.7600184313579772
0.7558251601386994
0.7930615800721297
0.774403870598914
0.8271287906042387
0.7575963634674203
0.7659943323285957
0.7205870844374194
0.7947674636598406
0.7645615576702027
0.8337902033249461
0.7939369616638816
0.7535477063115739
0.7072291359552203
0.7394619369137968
0.7807897231752776
0.7880657539622229
0.7450073037053377
0.7817999093211363
0.7115052260606594
0.7637147251079869
0.8095756338117533
0.808044720827539
0.8168574437103651
0.7898955768468264
0.7760006335431189
0.7715550430997198
0.7494398303755314
0.7775442978914716
0.7630405875356978
0.7284077495083976
0.7911968960367797
0.7771838417143878
0.7999443468116231
0.7203929276640152
0.7844582502801657
0.8080292512050837
0.7609794065080063
0.7704809638611226
0.8017739644308886
0.7307336826959897
0.8033894544739006
0.737794675271271
0.7389301434227425
0.7831723333202006
0.8093698921882698
0.735841782963061
0.8206225191326466
0.770562309531481
0.7963513196856014
0.7641122704025002
0.7621248707030149
0.8223656392711808
0.7473335913571548
0.7473125311590015
0.7636368829099843
0.7867328045813972
0.7224904563279624
0.7165259091802555
0.7050622081805751
0.7734149114432917
0.7916208659260526
0.7519087734789225
0.7369624801840302
0.7738826042901168
0.7954300785615205
0.8027151353770432
0.7636438017602213
0.7561592632803793
0.7746691501774242
0.7694776501407474
0.7770085886936784
0.7472333152164078
0.7972878891687903
0.8000994610969574
0.7490343573589642
0.7508629396372928
0.7820723962652872
0.7815195210423577
0.7749557284471609
0.790523159917269
0.7785186730490856
0.809142709962772
0.7652857903308838
0.7743869074986771
0.7445226243086202
0.7840785068954934
0.7725940246375853
0.7983203944306173
0.7397396823717723
0.7496042646977543
0.7530242946971754
0.7727216399019036
0.6990606229803504
0.7470714518514068
0.7952499857212034
0.7776030819996665
0.7613262568831198
0.7558850517448664
0.7879488037419777
0.7275803352849814
0.7890398981075553
0.7091337048493727
0.7574260567850744
0.77530902828496
0.8041234036435461
0.8280641503126673
0.7829645342362633
0.7419534135823694
0.7701866057297025
0.7279307980568909
0.7136047797043176
0.7160261185012711
0.7653682411296973
0.7420253584486682
0.7748586426441054
0.7846758303000784
0.7425397835618011
0.7328153619786393
0.785207813131009
0.815662901857426
0.7132629481022364
0.7939867565625061
0.7278726642575942
0.7795109415345467
0.7243901154806863
0.7574588566003058
0.7760306156517404
0.7215199871354416
0.7809521848762083
0.7820091111204925
0.7357559240442143
0.7781173644988432
0.7677443552274713
0.7486577576812871
0.7830631771788616
0.8055704858948032
0.7830867741859968
0.8010131876705984
0.7739128633965302
0.7503312555612043
0.7457057342849118
0.7214254613538451
0.7364785801615199
0.7884340657227746
0.7671539893531659
0.7779920089248863
0.7820663768727509
0.7994720451251457
0.7408477714096213
0.773126385219747
0.7035256506046598
0.7914098216091475
0.752433244756413
0.7759592674015642
0.7482698254247677
0.7581158171320366
0.7271643498835689
0.7541191589339947
0.8077963533436809
0.8142122251333805
0.7261989068118564
0.7999342987612008
0.8129005723602856
0.827128311198589
0.73844272442569
0.6673749047222252
0.7911882524296249
0.7415167240503221
0.787718327905283
0.7551240284796857
0.8075565691702351
0.7294043983111065
0.8178687466800788
0.7639576382545362
0.8189972662474962
0.747157050185765
0.7816318181960111
0.8080563860503585
0.7951740482381765
0.7414990226281408
0.7970114368289434
0.7400130388861939
0.8390805244281248
0.7844877637834738
0.643942829172403
0.7859270445885009
0.7913652610118916
0.7561460073054497
0.7609747396131252
0.8061680079576226
0.770663367565926
0.7739444860161392
0.791786188287933
0.7649294751064788
0.7680154338473854
0.7020035519050056
0.8131107653796651
0.7662286276892843
0.7735620908278561
0.7812519789487677
0.7808974445907395
0.7758274639637903
0.7432066419109147
0.7934698526602316
0.793153548658383
0.8101078008945475
0.7192175983813405
0.7087556190744466
0.7829942125957067
0.7461358442678321
0.7542838550024025
0.7834300531180667
0.7525568673478338
0.7715803207777598
0.739921114136396
0.7441440761190047
0.7926500028624848
0.7481019723914191
0.7900175097701805
0.7859750138622607
0.7744549949747794
0.6977461672030071
0.7310716391307177
0.7721217488162797
0.8141958943582159
0.7408233219573129
0.8058677340424577
0.7443047558608105
0.7524534252360704
0.7472649990112823
0.8210670488561052
0.7597147591626185
0.7505279809758576
0.767495057652965
0.7900983578097021
0.7879452926244086
0.8560182713842479
0.701373300740958
0.7579205231450479
0.7677398181568662
0.7511450655022791
0.7096057357322783
0.7480085457083098
0.7909212810504687
0.7276219327889463
0.7889637387920281
0.7519150707753542
0.7648948688076426
0.7799479961603539
0.7599606449878117
0.7477159194894422
0.7468126939703941
0.7365486652261126
0.7836792956991494
0.7850594421798218
0.7620307427361059
0.793952682218112
0.7371944163738774
0.7434235610265704
0.7698108486542212
0.7515174693570786
0.8253506686494131
0.7499988473230511
0.7676392023276524
0.7786193126915443
0.7942191346936109
0.743541950236114
0.7919924286995749
0.8293910357895916
0.7594014628025563
0.7352514812660458
0.7226638267597453
0.7397449185625657
0.7425320425648411
0.7595468803824029
0.7758010898597496
0.7400351140883841
0.7205906950710543
0.7695106615792282
0.7901874381361449
0.7906583760614068
0.7890566928013849
0.7605950709831888
0.7546141727401301
0.7781432763234036
0.7518744845254032
0.7490837059251114
0.7417484756303967
0.8004338720520042
0.7642857757905394
0.7307001385019591
0.8036929241731207
0.7971369787798829
0.7723059377633107
0.7594176283232593
0.7710160472306538
0.8049308444038923
0.8356114640821529
0.8026300817042831
0.7633088762039896
0.7658175920958429
0.7513906701907983
0.7708457777838676
0.8094391857894317
0.7695895335779339
0.7587717039656808
0.7172604383524659
0.7758861620008499
0.8151609559648655
0.7430749606587603
0.7912337813430234
0.7893300036997697
0.75728075058104
0.7713007148797596
0.8011743686748952
0.7124234548892293
0.7833957695143953
0.7523844233944479
0.7795756963548526
0.7679195589563924
0.7659572065978698
0.779973883228753
0.7633618315063215
0.7961877639687792
0.8563229732770272
0.7638377273321648
0.8160559554974334
0.7759921688226565
0.7741887833447767
0.7287394064033172
0.7323355563010443
0.7442949743459797
0.8061445563638854
0.7910461373304514
0.7293277580671307
0.8173893566580299
0.8167495131929122
0.7790911453242468
0.7380925041163164
0.7730221971609555
0.7957989299197706
0.7652855543462189
0.7650924853048047
0.736887909003309
0.7675401693100621
0.831116928564637
0.7520241221836202
0.7924583019393997
0.7637092777441217
0.7942537971833256
0.7369274431585222
0.8068278935058215
0.7579396418059414
0.785886078490414
0.8069377717677723
0.7597307779049324
0.7616875634587659
0.6778838942562867
0.8120251357575858
0.7777192789367493
0.8082980892618858
0.7668076722658947
0.7709442114902088
0.7571303265175622
0.8263513847745912
0.7625726312995641
0.7371571648811119
0.7344903285732695
0.7741264111826418
0.7462082718455518
0.7735938830388073
0.7501441827944042
0.7335969696065748
0.7940721743207411
0.7725817008185217
0.7694330576764365
0.8128868311994187
0.7744085112273744
0.7375246267415819
0.7183545907233377
0.743535645386082
0.7906890324636866
0.7781384192289151
0.7514415565683039
0.7514893904580556
0.7904137059026144
0.7200851875190184
0.7599188826850075
0.745571858994802
0.7476457542296553
0.6915452253989857
0.7601133442831679
0.7140729683142598
0.7839947578977904
0.754031157405949
0.7920082368171508
0.8054257813164494
0.774640915776948
0.7394572812193002
0.7766047482432207
0.7836125031008939
0.7855650269193781
0.7704203568756975
0.7238724624594505
0.7378330623307454
0.7895755100709356
0.7725374605240374
0.7387961741043293
0.817712600793304
0.755501473101359
0.7735895362784516
0.7518063457915509
0.7678031730700281
0.7225748780538532
0.756928703619649
0.7402304047061767
0.752379836520975
0.7868741087749934
0.7448193097890308
0.7843735139150774
0.8455912269868302
0.7160873228990614
0.8124622957296523
0.7585585842117964
0.7475840800748313
0.8130331313047057
0.7312431638021476
0.7728362217857063
0.764913795817249
0.7364118489225222
0.74389887688394
0.7961415481772609
0.8173002460979882
0.7735990793460494
0.7942828380323472
0.7355602290931238
0.7326585295534302
0.7723544974049853
0.8165897963892013
0.7575829999489552
0.7675372230875697
0.8042618895240867
0.7513121028719782
0.7709059462209933
0.786619713864167
0.7581858408201466
0.7065315352992306
0.7315667772544858
0.7685627398334697
0.8185811925508852
0.753068650339696
0.7308590515649409
0.7706882259355423
0.7668784184082125
0.7533484691428934
0.7569076420212355
0.766535567136021
0.8052451471495321
0.781940997716737
0.7543053571087052
0.7830403673807009
0.7825252296303244
0.7610026794724363
0.7319226113869066
0.8172512227570798
0.7633138045710892
0.785081606040477
0.7734285205491351
0.8142303368292018
0.7536994558937364
0.7540939650784453
0.808493304059947
0.7269211902635957
0.7154584698974796
0.7683185113774036
0.7674545188451679
0.8299334867256405
0.845576649661802
0.8085947816189828
0.7622795849064812
0.7348335444650467
0.7889983447955237
0.7959216277996236
0.7726990975089089
0.7939119141744878
0.8010883188690091
0.7862788646701941
0.7857201859368873
0.765572091488468
0.7338327788411678
0.7471106092136022
0.772473268379507
0.7670134099007692
0.7555290262404621
0.7672405352173446
0.7565456876867144
0.7893174948296342
0.7355250685365134
0.7887352261436521
0.7573450280396359
0.7823142669764815
0.7788159743811673
0.7113414077257245
0.7669513230697304
0.7814948414065079
0.7712659038541313
0.7337719440768231
0.7446204708451611
0.7257401914355872
0.7566420826549604
0.7309937963131579
0.7975867733786731
0.7825621997834687
0.7630396201822052
0.7029880846881158
0.7918864389450131
0.7683684657496882
0.7447043594513939
0.8034950135001158
0.7341120707739429
0.7628014578078846
0.7705901694630676
0.7533933807064912
0.7373045946364174
0.8167665702827209
0.6927950354605905
0.7775043162972721
0.7401013362569145
0.7518957116058204
0.759841799683507
0.7581589060725638
0.7179728086405074
0.7744449544153489
0.7746761974655376
0.7898883850266802
0.7601367899661614
0.7395337648767597
0.7889904654615829
0.7999358458985475
0.6949281107014371
0.7474669066299806
0.7675025450258357
0.7592995759220574
0.7629112723095968
0.7672276081364148
0.7895512947557773
0.7942969381549653
0.8070867089392362
0.7645154016017207
0.7230184719813899
0.7920003431738116
0.7913387654918076
0.7998512318223874
0.769835956364565
0.7230692466597154
0.7953685876006417
0.7438081788543746
0.7232045900096393
0.7682808518531301
0.788899391215285
0.7324731010489864
0.7264605090383904
0.7620460500971121
0.8138327435921247
0.7160111375900465
0.7707701493713437
0.7338329943141096
0.7308354151284342
0.7609447078501599
0.7789956928278453
0.7449734054313739
0.7188001073208103
0.7610521337115178
0.7748484233237665
0.7700384674893186
0.800898883515092
0.7790830301913079
0.7500698489492669
0.76155586822213
0.8013754648826434
0.7960731535441063
0.7284295635773652
0.7612701422556133
0.7729187255090646
0.724502493051408
0.7961749377776897
0.6926060954560864
0.7924075178730164
0.7403012738589849
0.7892627052040682
0.7771810810494136
0.6920506413296285
0.7773908858890319
0.7741703908075682
0.7523686814125807
0.7362511823161454
0.8004115258190838
0.7921142733747597
0.7191718511532942
0.7766995962786138
0.7021183044480626
0.7740451283306609
0.7892603767878865
0.7549630770518462
0.7701947420447917
0.771778183501784
0.8022034843299398
0.7968721924832566
0.7808031335183732
0.7487120674981542
0.7848568202707643
0.7388540971797357
0.736431428120388
0.7782434285460991
0.7337083234063916
0.7739759141997409
0.7015783581792422
0.7089662315537095
0.7929069161278519
0.7123431436914209
0.7702827789204545
0.7372385178676386
0.8029611462729314
0.7453913039330891
0.7685917396009617
0.7391508397569169
0.718822880700104
0.7731584726312782
0.7946380007971718
0.7695272807859295
0.7833007470396256
0.7959270601860863
0.7475483371664076
0.807363860711604
0.8115304240229803
0.7431494431449174
0.792371938233752
0.6988015048563876
0.7098941000358712
0.7954994898429256
0.7758817253954178
0.7643899658404625
0.7434471101164479
0.7717434938652251
0.7889080686325448
0.7537574153252831
0.7587539072023063
0.7357703571379084
0.7436895798015601
0.7499193623061383
0.803283440079916
0.7943992352862187
0.7700561385283471
0.709816232990776
0.7823085578164257
0.7663371046266718
0.7039980837975134
0.7637290474845744
0.7294649321514102
0.7555572639277435
0.7495127779708266
0.7423571352762558
0.7239487796327315
0.7808883380069296
0.7345297422886823
0.7967328421452983
0.7294515572492063
0.7699731976307296
0.7456431946444063
0.6860073570005242
0.8206087177407346
0.7945040569104015
0.752502524660261
0.7777180117964457
0.7470368751407037
0.7582336026028452
0.6992636957247507
0.7329986480669648
0.7583806342516265
0.6948364009490609
0.7502438461263916
0.7124085895832886
0.7495933861610938
0.7824759673977327
0.7693306567971219
0.6973756739379112
0.7332021903541233
0.7505773305189221
0.7344557817227623
0.7892057162893965
0.7746166426073572
0.7887730959955155
0.7946106927946299
0.7245858822531951
0.7948961181900988
0.7915357130409438
0.7869209328650305
0.7888191212483645
0.7502817940427537
0.8231360773101117
0.7837441918894492
0.7207843087903135
0.7535410676998795
0.7707551936756417
0.6965423010394968
0.7633211367037132
0.7258084852635254
0.7067596001025024
0.7044912276448363
0.7629876282571169
0.758080808711681
0.7723448343146591
0.7018330471288348
0.7719402093260908
0.8244024336840721
0.7460695921141877
0.7633938818059225
0.7783456430677121
0.7670396878885113
0.782535226045763
0.8168711883414315
0.7132002631534806
0.7535178996192722
0.7805566085384585
0.7898641597131834
0.8132484273178399
0.7629090100878082
0.7124823875020556
0.7702195544032251
0.8131714448492563
0.7850114048770429
0.7292699269815858
0.6917833093282033
0.7732063933058032
0.7603953841059131
0.7535233253421564
0.756709613844094
0.7496359997752483
0.738162313816767
0.7292338890977856
0.7396722596521135
0.7216066766979531
0.7664060148775955
0.8085483273962941
0.7722547136742199
0.8136908295727554
0.729188796626018
0.7700944438755012
0.7816315277864128
0.7052082521265677
0.7405782623324438
0.7381194405990399
0.6982356696367914
0.7649277120152461
0.737760153161974
0.7655220377147993
0.7467112311536755
0.8071757375991954
0.7809865416085942
0.7859842388967437
0.744465559280126
0.76732640337504
0.7810410650654791
0.7901893273382387
0.7570674406204805
0.7271768714750348
0.7737064371753684
0.7792248683335796
0.7387748513063904
0.777310922555899
0.6764431325528301
0.749208034892756
0.7858842904314398
0.8001616868639976
0.7819386103001664
0.7910979400984979
0.7883409433582618
0.7606418660335336
0.706962025007703
0.7416896798339875
0.7263063411620937
0.7701925645493686
0.774999128239866
0.7470383158503386
0.6801591621056277
0.7603191281506941
0.7629490411531412
0.7707947808121741
0.7582910246765426
0.8005731737493482
0.751577616420772
0.7343029023339896
0.8447944826608185
0.7733705885622244
0.7882228610764848
0.7556690970482525
0.705574338083455
0.7572797549596262
0.7869461807961875
0.7985514162798758
0.7949151345248312
0.7181418620402494
0.7353779343255629
0.8023234774460011
0.7759625645617027
0.7879844637432376
0.7409354199409192
0.7226067590296184
0.7571340590351032
0.72002927974425
0.73760803650164
0.7412726225063644
0.7726143198173208
0.728878748524875
0.7835707581151973
0.7148172407784119
0.7590391879821018
0.7678832503946491
0.6931930251542685
0.7900746534742737
0.7242754144939041
0.777374283206407
0.7949246198789688
0.7586732856229884
0.7646735718672916
0.7422087703421424
0.7630101424402007
0.8051128744477051
0.7627824959854792
0.7896740141918605
0.7141838935173124
0.7795066374211389
0.8289310444207413
0.7597076135838761
0.7436992285787342
0.7676044061374828
0.7492891673804782
0.8015423389751148
0.7326535547834789
0.7848667910152425
0.7863089349382132
0.7279164464502421
0.7465787721841579
0.7687116752602741
0.7610100095435177
0.7267999820091083
0.7754425597651671
0.7937237712585821
0.7761599254827225
0.8153195393705417
0.7801303383853676
0.7520377170920917
0.7534376639220806
0.7469323955185646
0.7788814427490024
0.7323263220340205
0.7070028290820589
0.7301578825365626
0.7553494214797566
0.8015900115028831
0.7322660332026422
0.8015660776863314
0.7438393111065098
0.7650251090447941
0.7574481582217818
0.7637678584699134
0.7688817019461693
0.7990483069162728
0.7822271676958797
0.7623972385775435
0.7043611272909923
0.7517900008612569
0.8045038997383417
0.7228324027724167
0.7736462015902783
0.7689758741649071
0.7672022560211161
0.7770278575245542
0.7603233499344582
0.7671080348411089
0.7301645480778768
0.804170576028018
0.7833725302679455
0.7456972695624178
0.7656365092489692
0.702486885286028
0.7374266634380783
0.6940666258134888
0.7555819403470114
0.8033052575598412
0.8041723881580033
0.6657922765616229
0.7495315147455811
0.7601115943080528
0.7667762773796094
0.7908103765333243
0.7815460956117749
0.7380576995089723
0.7750612404448973
0.7728806154049294
0.7769652341606663
0.7722742551261504
0.7455512054954193
0.76746675161916
0.7647652916200316
0.7890357362245537
0.7174948027036875
0.7114385295418045
0.7076564075710011
0.8002590081540643
0.7819698244506013
0.7753653366017164
0.8360290341433336
0.7946441983828343
0.7641324253317492
0.7155399625223564
0.7586489345229668
0.7055319384254208
0.757616394408951
0.7637146065960085
0.7557646603613101
0.7227028968988397
0.7426142085160604
0.7640006583188441
0.8046446775898948
0.7908495876826713
0.8065240439850996
0.7040624540350668
0.7590871978130671
0.7524030377348203
0.7390424190607959
0.6951005247274937
0.7545298454534674
0.7221775818580852
0.729916040379561
0.7319525737437653
0.7087004389097599
0.7706948753560762
0.7817052036014724
0.7763723658500983
0.7456015488426714
0.7748699375792791
0.7640111358027372
0.726547165543673
0.6831979190804881
0.7261865060306719
0.8214248361524701
0.7189632225138444
0.7705625428940347
0.708575237757395
0.7519129941388804
0.7953295257657018
0.7448519592142665
0.7917782215340743
0.7728708694091859
0.7389974836801283
0.7576012598253101
0.738760450904256
0.7415533790573886
0.7339276805297817
0.7831740305267286
0.8083876363912961
0.7588440726304655
0.7542863521726231
0.7614543236792266
0.7472743520307606
0.7767535414769343
0.7657031310022715
0.8570728450470918
0.7408747411564889
0.7317593278528339
0.746739299162499
0.7838220771259446
0.7664007135700885
0.7635386355494862
0.7722301887011779
0.7513784114038159
0.716422404361458
0.7288267677290612
0.7951447463945501
0.7836828986092514
0.723404490111011
0.7742664105738084
0.7072636018680037
0.7628095631599356
0.763229529694528
0.8249237986906561
0.7155678702490179
0.7809968538618708
0.7546591233811898
0.7527599193334047
0.7621712501212254
0.7347398122066825
0.7763616183164784
0.7673627274870887
0.7571699198440467
0.710358963197945
0.7106068462447184
0.7505519045997908
0.7610761357346463
0.7243394431507408
0.71338454254324
0.7265793009595496
0.7841080249991685
0.7654065993846635
0.7565004549526276
0.7675582760063115
0.6990476392643221
0.7578182346083068
0.7565981217256389
0.7618232948143112
0.7541980184491298
0.762181818941362
0.7868823581254559
0.6888467951233821
0.7844386252673577
0.7372101907683926
0.7385280034425082
0.7730170577878634
0.7556038614038634
0.7128413183816761
0.7573096929532996
0.8120844828031428
0.7253562451710736
0.7565875305757912
0.7852991018281775
0.7611181384111554
0.7909744711131248
0.7831583776507318
0.727645184193936
0.7772289009654948
0.7773510756506713
0.8105672639836738
0.7562391045725125
0.7033337144094071
0.8030890898466595
0.7154521394208582
0.6887762969234339
0.7852068841099956
0.7244594213649361
0.6742652611116067
0.743794857017307
0.7882320041245539
0.7894867202658216
0.7311420737492175
0.7834917661871105
0.721534464275264
0.7941660663391894
0.7895643413577902
0.7293590575510658
0.8136613598192236
0.7046161699719652
0.7092069137767429
0.7534775711566802
0.7048632705884976
0.7352886006199584
0.779394639631661
0.7771742697491894
0.7595138057197167
0.7375938621510686
0.7541711832535366
0.7668448481581904
0.748010531901965
0.7957054352733757
0.7830544125267292
0.7247044756811917
0.7294948852424967
0.7607512157950796
0.8071441532295225
0.787098351470787
0.7679276047235734
0.7528448547571596
0.7238722018194996
0.7568028929468597
0.7060135030253086
0.718504777721996
0.7655347646801949
0.7922632717322962
0.7948162965756709
0.8214602558057464
0.7456318718781924
0.7393265371133511
0.7576985332341721
0.7583452235547747
0.774536561685385
0.7154055787772998
0.7693741443868954
0.7814473526635678
0.7240290761286716
0.7739475578178256
0.7590923629630064
0.7346178559185804
0.8054552780600078
0.7669730916848341
0.7559805154212054
0.7582222292575334
0.7773956133208662
0.7700552060753146
0.7809974729623815
0.7047060629266165
0.7116750158706591
0.787705236970659
0.744252249896334
0.7452120299713859
0.6990957298475766
0.8165990216153614
0.7889916580204048
0.7408614382065312
0.7440514250144457
0.7980750242011394
0.7813220558943674
0.7754735856333528
0.7049167162810621
0.7513351587912517
0.7707100138801881
0.7853322848845874
0.7132957438870815
0.7314111209682621
0.7374686979867577
0.7688579428115913
0.8233137941679713
0.7798635110804402
0.7416599538460165
0.7500486246653283
0.7383963734066012
0.7716816010227413
0.8072410705200508
0.7113328006273252
0.7265994471758243
0.7481741926212989
0.7470183137516351
0.7347611138889723
0.7743621324195705
0.7586825414618381
0.7277283465930757
0.7375750439429329
0.7430091272185204
0.8033942835113587
0.6812288718829128
0.780426500333303
0.730060326248377
0.8007961130494035
0.8139124707686556
0.7832591725080076
0.7294867882604777
0.8116088460263828
0.8034005125901522
0.7271142946301633
0.7691651482785378
0.6717893234683177
0.7837326678433374
0.7775145391623368
0.8098390760913456
0.7354389601968057
0.7787989952298054
0.7465658513571303
0.72675288814706
0.7662114940794799
0.7463884794253177
0.7804277228380847
0.7707901136557728
0.805345571461976
0.794138748840551
0.6941190783276215
0.8021113016393387
0.742025477653224
0.7849278860012
0.7769510329460846
0.7522906822832682
0.7430091981207017
0.7840679939931713
0.7195716788595272
0.7251999929470949
0.7420969273919423
0.7828348230034752
0.7553697524384966
0.7536399035155161
0.6757815162595264
0.7581194872452615
0.7887685373382812
0.7453675445120738
0.7545568860874896
0.7633294534099362
0.7790398709421342
0.8134540295377686
0.8143083175114445
0.8031116056863391
0.7508554894676225
0.7784573691519772
0.7681391366735235
0.7555243683463174
0.7671156914096612
0.6689478185590398
0.763817009177955
0.7338012582716118
0.740994548940731
0.7542102954598208
0.7789307477240228
0.7820501749001536
0.7300285120036015
0.6820905576551222
0.7597549999092005
0.7598256324089566
0.7324062436854666
0.8187087636652203
0.7453000151905789
0.7613201354747708
0.7112041370597864
0.7708539618177659
0.7062106007455337
0.6511836931528007
0.7300460523394944
0.6897486871998164
0.780846448894845
0.7561751538312997
0.7038255004669274
0.7612972127627236
0.6483305438280986
0.7470748816168121
0.7538027400047738
0.7748711286764368
0.7685729286473579
0.7444160414797998
0.7166674866276258
0.7465859911581169
0.6875960622562334
0.8077213078424957
0.7473348604937856
0.7311888121147725
0.7587279458453986
0.7356970013853199
0.7738015357952701
0.7403524048253031
0.7260292304725928
0.7365427912420687
0.7890285068499635
0.7557205619592675
0.7536774891048776
0.793341033111928
0.7195427651987627
0.7763545583256677
0.7748173805124385
0.7317075111093564
0.7651864547750462
0.7731370821567374
0.7564047044549145
0.7188955965244226
0.7542212244979793
0.762222040666161
0.7880678326865984
0.7622804038867768
0.7807809662404039
0.786181950964259
0.7731010713892121
0.7301152581195107
0.7166284423315712
0.762877226241455
0.7846803323406777
0.7315795055058943
0.7037757537175618
0.7483345380413595
0.7491629171656021
0.7426418055468729
0.7587441069597014
0.7618532015470564
0.7539515724894335
0.7878285222138728
0.7457374182524666
0.7725139377583443
0.6919606968542281
0.758447054378845
0.7392472987351276
0.7504505589774295
0.7362586035722057
0.7532858951566145
0.7689110066034345
0.7815070276443152
0.7268467466350214
0.7515773248538353
0.7359650480846703
0.7961616906963385
0.7386691650521764
0.726493771183632
0.7896443050473879
0.7369773583923729
0.7525096754827653
0.7616940843901705
0.7344783770175973
0.7547128950426962
0.7064375039312979
0.7107475613059924
0.7827184875863009
0.7481873308331266
0.7303498538452697
0.8033889644662944
0.7735470167452678
0.7501754433792389
0.7520528858486168
0.7623647004214379
0.7642284876705105
0.7435667970732076
0.7439883570984467
0.7226748715816876
0.8080453075010464
0.7628796749635149
0.7342271773999529
0.7785470883020629
0.7871587650220305
0.7811057974502071
0.7533212722910797
0.7014959226374767
0.7510579531415333
0.7521757124660382
0.7661267286234015
0.7725620802062625
0.8105473919757509
0.7259343061021614
0.7517815068010604
0.7243314070879571
0.7303872996167008
0.7390502789844307
0.6774525577506314
0.7428029237304206
0.7691738013901803
0.7627447856740751
0.800492350451011
0.7372338038326647
0.7628386937415289
0.7230642579887111
0.725601265922955
0.7477209896942629
0.78284822355685
0.7090922356137136
0.8014371389169392
0.713031158375192
0.7296005966203276
0.7261931028748883
0.7641958597124304
0.7617788381105692
0.7238254434242724
0.7866362259704853
0.7575319923751963
0.7488175989175339
0.7738992103198118
0.6833281205670656
0.730483510770964
0.7443137133344238
0.739149198732685
0.7406338242552977
0.6998088937988155
0.6695847173431912
0.7242861431100981
0.7755687601194652
0.7154738721496022
0.8091930635665971
0.6949155353277129
0.7760336757598076
0.7714343677260201
0.7257052350801556
0.7730885619017019
0.7613010144943269
0.7946189058149733
0.7640353865810536
0.7384685349686249
0.7672564587076639
0.7552032329994965
0.7928397743666487
0.6841460867106637
0.7305551351932957
0.6978636304494044
0.7761530039104437
0.7524331637883264
0.7811785273268369
0.7698683621066298
0.7314477769161986
0.78958794681926
0.7849680443833791
0.8043631570310239
0.7200892887877417
0.7572249062459976
0.7170469565605273
0.7472389583603386
0.7201912808302959
0.7273732418921378
0.7565278696941118
0.7862166157097092
0.7444449518112077
0.7430554678516049
0.7803845777251547
0.771418163008021
0.7822303447152128
0.765125013821343
0.7358044326343924
0.7151395790190387
0.7784668337920831
0.7318179299725563
0.777105609770835
0.7024321067707401
0.6665626795935664
0.7554040753540388
0.73957011456857
0.7266514449034627
0.7783580788320406
0.742269473709223
0.7333782760816553
0.7511631414319706
0.7575470469136076
0.7614607307845369
0.7982323519560822
0.7311044796103208
0.778562848125219
0.7150496894851635
0.7374253529991934
0.7630416697466695
0.7752323900893193
0.7172000595910613
0.7630151692919179
0.7420130022598026
0.758567797387381
0.7770461706993903
0.7549746985933812
0.7727092868969418
0.8326736462726734
0.7520446010254905
0.7233168276589192
0.7719995625176674
0.7927567251215388
0.7306383426114992
0.7375762353123736
0.7770034849218158
0.7694583521079091
0.6791968380927724
0.7325121009451054
0.8234529457833197
0.7371952936360495
0.7334384805054242
0.7460698794423282
0.7306090366093156
0.7625692504261843
0.7364595868551065
0.7790041092106126
0.6995047265418501
0.7195328730167099
0.7360257322863855
0.7747556843300016
0.6968382265237985
0.7277167135237976
0.7756191387636121
0.6935959633451289
0.7494700232693212
0.7753301865255702
0.7975869833176213
0.761966946199517
0.7414339308089651
0.7452908982493903
0.775815047343044
0.7782659081957102
0.7534195200186864
0.7483722252776698
0.6894674243155305
0.6748626012807197
0.7669165514920434
0.7172649282588938
0.8090683545593504
0.8271488269322933
0.751195749833788
0.8110328428730075
0.7663747811050714
0.7480597532034539
0.7684825516558625
0.7304056821888139
0.7019928049604764
0.7910086886370371
0.705782955886314
0.7465952240031867
0.7546448942284507
0.7413246187384747
0.732954018706008
0.7586503518335531
0.7847560591655409
0.7413820874180213
0.7583170939748056
0.8303565422508633
0.7816349906049552
0.7247660290931351
0.732901644996889
0.7323048069655187
0.715217163117762
0.7693632271484252
0.7712862426419717
0.7949980818258457
0.7822713447006706
0.7491398528463792
0.8225756942750729
0.7235265922963754
0.7824073996797035
0.7090955201684356
0.7402923583586026
0.7303904359582336
0.7805746575168446
0.7529615027176875
0.7898062577831687
0.6859681613417414
0.7554222229617795
0.753757406567334
0.787473533948829
0.7824384368841346
0.7596042983566835
0.7629905724438011
0.7667229497155915
0.679102539376841
0.7310481704324323
0.7113476108163562
0.721664131683849
0.6934155402984833
0.7403673057606557
0.7703934422684855
0.7687672466326747
0.7651654000228955
0.7109949316648507
0.7318375792122088
0.7950749534241057
0.7706198827458568
0.7471721100939355
0.6852345686026237
0.7525324681540505
0.794362793590866
0.727921636326788
0.7833810987941142
0.8027692980401181
0.7210633825818947
0.7179971149458384
0.7533879738432048
0.7850780910856929
0.7318290893222046
0.7221149638302542
0.7794062444767024
0.7827198947478659
0.7087218839220916
0.7541590343290014
0.7249128510180317
0.7899729727109469
0.7367003184572649
0.7518948802099963
0.7218247069951258
0.7694809020754655
0.7366932024588364
0.7526137925029105
0.7666937993237002
0.7883318018267594
0.7695004792979392
0.6987618522760377
0.7230618082961902
0.7221668245888855
0.76874681211805
0.751124706516656
0.7519524952234615
0.7716049277189079
0.7651422051743559
0.7764127777895082
0.7542252733467338
0.7712656843093438
0.7348352082384727
0.7690680718610454
0.7815053113832703
0.7384184794071016
0.7690595574724234
0.6940883101302283
0.7224322817538184
0.758400213562217
0.7227008053234043
0.8220720999811929
0.7251578050935203
0.7060286489087482
0.7710995806316592
0.7903429574180381
0.7569040514508227
0.7405522765041284
0.7158759402832275
0.7676458127486014
0.765457362055837
0.7306142527318988
0.7910504032914536
0.8275791090750978
0.7425974446328042
0.6592203954103968
0.7762881221174711
0.7149759173404028
0.7505806332850036
0.7176137629434617
0.7958626413283354
0.7491123020021516
0.6780562909011744
0.7679261747883751
0.7728659309117303
0.7587531615298515
0.6912942356809706
0.7732205209261241
0.6716735370503361
0.7413394832647394
0.7865414303146312
0.7443583668791028
0.685504035761125
0.7525531070777671
0.7441634691601565
0.7550320817844621
0.7262342121384436
0.7008698708672929
0.8057471447799012
0.7294424540208082
0.7426527768261086
0.7380604189450458
0.7475558809407552
0.7593192884551456
0.7876119752813617
0.7513759512201347
0.7634097428182919
0.7438961809573755
0.745689846957974
0.7440939552156436
0.7143240244322906
0.8157255077330241
0.7410565600598081
0.7529813807095284
0.754515892275406
0.7680097650765195
0.7252228208124815
0.7265638455503782
0.7695587352338265
0.7676170035740644
0.7668348738481422
0.7278732387220361
0.6867395879289528
0.7805747105126468
0.7083780738704653
0.7913862807935204
0.7451227801940484
0.7269491382185931
0.7423781431289498
0.7095239211976601
0.7624693766447311
0.6882444995583649
0.765846283906611
0.7249383756776588
0.7176320978741279
0.7420225108555231
0.7714065208383272
0.7583682521029877
0.6757084140048242
0.7224144091256879
0.7457814395375574
0.766441355223163
0.7319569416027825
0.724830651229389
0.7515937957555422
0.741169159083112
0.695378161617408
0.784908885679741
0.7737074786797916
0.7565804814402581
0.7240204605471787
0.7818439702389287
0.7590062586777968
0.7341058303525294
0.7430752114579608
0.7386247169644309
0.746945473347018
0.6972840139475815
0.7470018495723822
0.7046397039047859
0.7776391336571231
0.7931626497271916
0.7707056224485865
0.763625822370922
0.7173477588193377
0.6769930159898351
0.7447969880314163
0.7541102423177021
0.7392551724720888
0.7064167384817093
0.7251153173877221
0.8121496275383417
0.8308397254543584
0.7530309829249958
0.7791954632291306
0.7641687157252554
0.753622270527215
0.7739832447373844
0.7364556686935261
0.7297594038562977
0.7471789643090112
0.7608619070171795
0.7622970135201925
0.6923256868019217
0.7634765998331547
0.7557060439684153
0.7432587090806965
0.7376673117903698
0.7369793685363621
0.7234087143796231
0.7717929667068094
0.7575740537092852
0.7635576641333092
0.7844066058402454
0.7588566427088697
0.7162819415167487
0.752922760788503
0.678084555980689
0.7495155480828017
0.7327840832587067
0.7364178990496846
0.7622596749774012
0.7507903958123046
0.74458510276398
0.7684030852046259
0.7062653946649731
0.7218682834631556
0.7348723309268654
0.7594561992349854
0.6864435860838969
0.6799357628471224
0.7484033773291199
0.7699492580336402
0.7706783792021277
0.7425260989105291
0.750724475439187
0.7602671347314491
0.7349268690357204
0.7446502504930181
0.744364608769291
0.7648418380503168
0.7852352387975624
0.7539487052822995
0.7408589974780118
0.8010373377797926
0.7482380891684542
0.7589119297421083
0.7304714912488828
0.7160951276904423
0.7630076206365393
0.7751293138400867
0.7388191081128295
0.7240516829793261
0.7769946819500574
0.7376778366160568
0.7762698734383581
0.7873886588943961
0.7214167381936125
0.721683148128921
0.738792646990347
0.754017405585401
0.7212271923770934
0.7730901719980109
0.717949303513953
0.8089751693084561
0.7348437245393107
0.7683527992080794
0.6806031215891313
0.7701536194885694
0.7233457740881821
0.7871417980878428
0.7471276585105444
0.7491839619537496
0.6656752586694632
0.8137225600026913
0.7754023945383651
0.7658731085426578
0.7679573225821822
0.6977362227915977
0.731223876999314
0.7691401417407285
0.793846694774529
0.7435922481989743
0.7255069360769245
0.692140909593253
0.7217459709848569
0.7495057968304225
0.7634713053699587
0.7538921303178892
0.7539217845685752
0.7202841742008703
0.7465844939903894
0.7437617703942319
0.7434195325868419
0.7493543827835564
0.779785389897081
0.794030022026879
0.7546144110720641
0.7441806533288295
0.8233302926332833
0.7740747680611759
0.7919395746746276
0.7593665089193704
0.744047688086701
0.7638300590383349
0.7547630052044231
0.7173412935400119
0.6637904217989357
0.7224117981009403
0.749618591115451
0.7129658875694873
0.7450883119604438
0.8194262750966971
0.7406020507330725
0.7707446835326084
0.7383742303618238
0.7045268192365418
0.7419110530716042
0.7298130803460611
0.7459494227703398
0.7815662355999576
0.795248146049796
0.7594063660929946
0.7255090458961396
0.7463832134164852
0.7476481402509091
0.7112916569108656
0.7102117316844898
0.7324564375802154
0.737518722731005
0.7608942801753338
0.7187156689412773
0.760597775286329
0.7582309196149601
0.7740248350109734
0.751076187914004
0.7675402837506214
0.7325632831708871
0.7390400198043843
0.7585417442062339
0.7605628096768158
0.7440924403938376
0.7006615403215324
0.762352896998694
0.7162212482629646
0.7481364830630233
0.6886313264375
0.6878119981895768
0.7328722517267352
0.7616432858050126
0.7553893070009348
0.7917482571076937
0.7246402937316739
0.771808747674517
0.7194346058439408
0.7296844071744978
0.7215867392337575
0.8162187005733047
0.7075810704220873
0.7481896970022486
0.7158798307740222
0.7307114643574524
0.7778626786571674
0.7330588085854398
0.708350226734218
0.7331960546102179
0.7446929657247783
0.7511336506105997
0.771074966812423
0.7729560640918128
0.75605582782829
0.8130064284493035
0.6668015733237768
0.7506919828561005
0.738041880351546
0.7511575995079938
0.7696930066169286
0.7188443260089221
0.7563782918644611
0.7513798835540488
0.7860205574116745
0.7245514998048305
0.7283602424600832
0.7755384095689046
0.7424079423922609
0.6953692280900733
0.7615237461952353
0.7736982084238362
0.7561756377278592
0.7471810817400127
0.7411136107810978
0.7541377099742472
0.707271080745062
0.7373314969559721
0.7683839916334951
0.7576555172046869
0.7661848036618812
0.6326307371759412
0.6966628321793827
0.7994075891912735
0.7704838193809607
0.8272375109286347
0.740233539809984
0.7605401781823484
0.775281798377123
0.7623204147082938
0.8175754200551053
0.7925028658894016
0.7890037356088611
0.794579681852424
0.7737279281230401
0.730954599112181
0.6817164033699645
0.7582140473947698
0.7298831395073903
0.6612829441155432
0.7387217809238068
0.752034433639969
0.7248855995724709
0.7705795333820109
0.7469444252981187
0.7545818505961248
0.7425278255586507
0.7093448814486398
0.777348194962659
0.7554303404684881
0.7206405484676089
0.6569627244039503
0.7488939077957109
0.7602692532177406
0.7317976930806317
0.670661938293337
0.7966431131181892
0.7264530494125034
0.7667650793224858
0.7567850748389007
0.7878050792977337
0.7019652953461739
0.7067769997839914
0.7183157601551697
0.726944482059657
0.7286031419884569
0.740321620300165
0.7203140645630965
0.7534540492195292
0.7586942331455365
0.7382234862008626
0.7357811637981955
0.7451637325031567
0.7675305002780511
0.7509129430625914
0.711111224876238
0.703042394685266
0.7938577979013939
0.7527286109973581
0.7709744382617392
0.6924581872202131
0.7750676674635972
0.7082020289788978
0.797142083213238
0.7371084438867384
0.7389546527916214
0.7140805630686156
0.7560524710204585
0.7758559704030514
0.7419464512546609
0.7312312890821625
0.7269884763116026
0.7591054523330187
0.7634262535771434
0.7304629164488936
0.6975880730784506
0.781584033799934
0.7765101493122745
0.7713393722310452
0.7096037014368319
0.7282527583460108
0.7881196157173667
0.7588279402902895
0.8171595870733505
0.7331813874740731
0.7768503723514245
0.7406332668007913
0.7301561168288192
0.7632084378734789
0.7763199351997394
0.7368821717454634
0.7532263361606026
0.7090507047859047
0.7337889372252419
0.6994307166054812
0.7545099795597608
0.7665098345783535
0.738719379074922
0.7825694213091815
0.7161386829808688
0.6973824999986531
0.7313473788688165
0.6975915084611991
0.7233459396952274
0.7318856063170902
0.725550890637383
0.7412191088736135
0.7312434779510483
0.7302577475585126
0.7123800946844885
0.7613320609954531
0.7626040644282724
0.7494802618467524
0.7270972593929256
0.7874081580620459
0.7512921799378838
0.7309968228655987
0.7062517063701693
0.7208792859059004
0.7155757531784329
0.8380576112866484
0.7640822179788663
0.7894130874573955
0.7342497529013998
0.7212365344682361
0.721237670097106
0.7225497803280482
0.6877980724296067
0.6970764353886065
0.7407822273601713
0.7146549262361083
0.7273295870781501
0.7435506523881024
0.7298020331336892
0.7306091460593549
0.7604746125458739
0.7291209439067045
0.7650229025676063
0.7008199587356329
0.6955153283715557
0.7345696217147709
0.7236455979859926
0.7432573295590651
0.7123242029399395
0.7587236992728237
0.7635847744461657
0.7081753378774471
0.723950993393883
0.7831808877676834
0.7738353233541603
0.7332861420170993
0.815959143643133
0.7668675996427236
0.7469027259720403
0.7335432024434327
0.786220235328336
0.6854289294865188
0.7442677372058886
0.7021528269198487
0.7245593515330341
0.7351983231158712
0.7145573826047793
0.7874670028939856
0.7281963446755613
0.7375505090843852
0.7380867225020319
0.7470708780826453
0.7602317818787712
0.7463670016535291
0.7754577100955513
0.7360583575613171
0.8061808090691075
0.741001708160204
0.7675119124733434
0.7193503093949698
0.7368917939284526
0.7778478187065357
0.7856601321670459
0.733073162521473
0.728871483597952
0.6819085206263578
0.6982992494351017
0.7798531542342244
0.747349327705771
0.7664826810204611
0.7419267258533065
0.7978415290657355
0.6912262614278687
0.7639646598919223
0.7042346339813104
0.7568241579777213
0.7321490056270654
0.7156901341386929
0.7207662594388535
0.735683855420423
0.7673592498313594
0.7227483717051311
0.7706093558055918
0.7363115578569396
0.7169758979955039
0.7036375182960001
0.7663904552067772
0.7873837341553404
0.7458776544651474
0.8144971276978266
0.6910219935461582
0.7321376621028743
0.7284321220859493
0.7369221109616708
0.7228415001115129
0.7031031640230024
0.7392216243831817
0.7830377115051624
0.7550341058016127
0.7290139518479026
0.7230072632136404
0.7671174252514789
0.7680755184230799
0.7560907689608399
0.7013361409961095
0.7216506241565853
0.7047099797529629
0.7230688120618345
0.7083005575815043
0.7713604771179154
0.7082272704711037
0.772108678103814
0.7462990263689264
0.7870636149321696
0.7476570650344823
0.7880820185713685
0.7947840351998793
0.7691104794373461
0.7575013718536562
0.7368189877097757
0.7545921402688037
0.7234407240705569
0.722044938213669
0.7806388774683677
0.7082093642805694
0.6882363008332165
0.7381952034493264
0.7870544274769834
0.7242840095880306
0.771686010183632
0.7381241752186691
0.7684763030644131
0.7489777492424821
0.7920217081731954
0.7838261284312076
0.7823780907127074
0.735512137886617
0.7408198978314553
0.7242197032821046
0.7551701096170259
0.7731020014315916
0.7385999846545358
0.7682516667559163
0.6868754876479303
0.7185073572319289
0.7305827074266541
0.7606937155060486
0.7528693674702833
0.7762733386548011
0.7132271443264515
0.7465022106591995
0.7514174294263611
0.7885412521720254
0.7538631676322755
0.7556581507011741
0.7524912638834748
0.759927404980066
0.6180089605856564
0.7543671417877842
0.7116590029552812
0.7720427705649586
0.7541284765383207
0.7118454292607653
0.7260261018656695
0.7764322402774588
0.7321533074259992
0.7637315536311602
0.714307307538613
0.7693455379402881
0.7741231218777553
0.7219088948204193
0.7774896596538875
0.7502635188923896
0.7706411338722724
0.7520953417803737
0.7932378525970625
0.7005228611624478
0.7431725663380783
0.7199312098740263
0.7252545723485367
0.770171897335995
0.7324316334041568
0.7855080002167202
0.7669344132058751
0.7536725745739254
0.7384639572319913
0.7772887518585129
0.7348557858095038
0.6348826316291143
0.7433834115743546
0.7794395719669431
0.7171533060636639
0.7818947177699469
0.678825007719736
0.688983296503473
0.7644183083073057
0.7283542558949686
0.7097081493142939
0.79389353989584
0.7514779435103351
0.741917013908708
0.7358168872226085
0.6825067923205677
0.7194675048129733
0.7741070343180414
0.7806064944444332
0.7335322810717427
0.7424580618814611
0.7475898081875436
0.6523627697270269
0.8242826000999883
0.7733213033431834
0.7504890266721957
0.799624222223278
0.7785784573903815
0.6731604065994573
0.7577852397939294
0.7006090723237468
0.7787556670868105
0.7444710006548683
0.7231995178025431
0.6588929546903353
0.7436425030942403
0.7688812340712416
0.7812256985645432
0.6922267763400274
0.696770724386859
0.6940866587431946
0.8030749674890234
0.7259760069554502
0.7307818501218717
0.7075119037444492
0.7379886834436753
0.7143234072160439
0.7370364204846093
0.7002182326955138
0.742485908083751
0.7655206400296886
0.7984762926252688
0.7554241750601299
0.7487129968390555
0.7386473830520297
0.7724610860587828
0.7361659544843205
0.7645016075311062
0.7238562320762688
0.7618726942560418
0.7227171530004008
0.6959490368437897
0.7180310825939843
0.7658229746906631
0.6979427701671114
0.7560226197684975
0.7094704596913401
0.7194061325337555
0.7013295828272719
0.7456613609989204
0.7166642409295392
0.7237451418337149
0.7177385195913908
0.8169767331216381
0.7258156029071118
0.7546808324074077
0.7934737199047294
0.8017432383095449
0.7637985648339354
0.8039500251928965
0.7471651164917871
0.7423604031848966
0.7524735833006887
0.6870290226726208
0.7267272641948503
0.6659589297189183
0.7624579418971035
0.6716528251402815
0.7112180330080742
0.748039906972503
0.5301917923150652
0.6569415637095041
0.6545084773604206
0.6967585860975694
NaN
0.6729343819611829
0.7753863846242399
0.6853336646990206
0.6936154444091619
0.7531691649876293
0.764360468627658
0.7228553297437041
0.7223678229713009
0.7579822700879161
0.7568270642333286
0.7461233514917874
0.7046478728704413
0.7310198888109747
0.7910820594572653
0.7476425951914375
0.7486547591092473
0.7733329316187916
0.6862257370556561
0.7189623711077132
0.7662793650978647
0.7844569610851674
0.7224261473522182
0.7532022916519703
0.7092197512057321
0.7170144780496261
0.7207157079704768
0.7493932079766651
0.777425139222126
0.747833775942511
0.7309615524105345
0.7958119221448315
0.725198164788524
0.7491193412508516
0.6618808193336703
0.7128302003250907
0.708171655543072
0.7651871448455506
0.7237478165744339
0.7339908522346547
0.730965023204405
0.7776341882910263
0.7373423403983667
0.7713409663041568
0.7043502414553384
0.7847246606921192
0.6904168779695525
0.7469939951401608
0.776409187576229
0.7492913261753786
0.7836989602646487
0.7558889205738355
0.7933587549755103
0.7842497829263604
0.7426604628682362
0.7735825580936742
0.7826635327960355
0.7621065679689515
0.7254082141852022
0.7203286974533736
0.7150810231685472
0.7345034520016483
0.7785138314006761
0.7113435285952856
0.7077733955109938
0.733693734435831
0.744231431662232
0.745556258307866
0.6876343628055502
0.7333107809510471
0.7273816834780649
0.7673993406627065
0.7650013702295504
0.7546326080910057
0.7250711963310338
0.7267609545576781
0.750519566367608
0.7243636799898223
0.6353848432452229
0.7708739548488557
0.7492799287537956
0.7288733811427407
0.8051939090258322
0.7403471472864965
0.6603494331640627
0.7359243498129112
0.6892775325915539
0.7541456007038159
0.7655863339752467
0.76567698766535
0.7117787339490489
0.7234003577418409
0.6806146275812375
0.7110933505714526
0.7835180775240355
0.7125529266836523
0.7644363902444162
0.7435111885620678
0.7301558315965555
0.7424540211770759
0.7533626477065501
0.6988023234577028
0.7393435968860168
0.7487623207877447
0.7568505629128139
0.7643595046022448
0.751938058181318
0.766764243223316
0.6615971522262432
0.7067365983697231
0.7779150848981646
0.7152959017723954
0.7676768845723729
0.7048026065412955
0.7336228196401604
0.7597200436384715
0.7840922173936627
0.6838078290074785
0.7380501232408259
0.6799088823398259
0.7418350320879726
0.7862645735002591
0.7595965911377741
0.7276913942490001
0.7360539152172404
0.7615955782403457
0.7668271142473346
0.7172805461291929
0.7514168326057934
0.7251927202453701
0.665626682796948
0.8077521130300281
0.7579291052072864
0.7522412868866442
0.7456548074956931
0.7508686124596411
0.7415726636088473
0.7200072149532325
0.7192690023896606
0.7307454495962141
0.7963621204861279
0.7854266623341545
0.7337488876563147
0.7125016701369596
0.793875325577307
0.7067730899810505
0.7723285863133941
0.7037510487849297
0.658481836809244
0.781983676215906
0.7073058941610955
0.7221559209962077
0.7484662439833067
0.7249639821015881
0.7406942168662448
0.7038128924983429
0.7330272335829864
0.7562337880346117
0.7698554529487429
0.7365115565205851
0.7216955894977941
0.7194167897605761
0.7240316655838417
0.7099871009510379
0.7473626923852431
0.7443190378501973
0.7214994447208085
0.7668225604621183
0.7128636646629458
0.7610350630671138
0.8117208129326563
0.743798545625808
0.7158602534053758
0.6538144364857781
0.7257596776964796
0.718833479327676
0.7798031422430547
0.7814667504329094
0.7414467448190603
0.776201926678923
0.7246518242223032
0.7124577448405898
0.7218342157994999
0.7206655484627542
0.7593142052513475
0.7820570365454775
0.7656657257312791
0.7446336953798527
0.7521681069376219
0.7817176117949123
0.605096211025516
0.7450633994914572
0.7278229180500951
0.7661891131794669
0.7465563386752351
0.7684332297592011
0.7318337396631047
0.7054725008575826
0.7138766210102893
0.7395915147767675
0.6911016983087539
0.768321090803523
0.6877515849155225
0.6742575716771815
0.7733316929107594
0.7202054047764377
0.7409462635576168
0.7092216945637668
0.6983386405510137
0.7675894935724734
0.7783673510375355
0.752591954117485
0.7259735722300565
0.722795990216403
0.7402782546367576
0.6888524432754919
0.7020376466134476
0.7495810170043454
0.6656665915758779
0.788930650920733
0.7587736157403807
0.729270264889998
0.7191413765343585
0.723748562627905
0.7254511308279337
0.7302600239177249
0.7338230159339192
0.7491494542596575
0.8405530737584405
0.7511977438110804
0.7211323220435497
0.7182673692222746
0.7432591872849602
0.7579777582153457
0.735365764213614
0.7385129436689162
0.7139830095627685
0.7264647715249819
0.709983878931232
0.6995792167860845
0.6799561764506199
0.771039638344363
0.6639382596903914
0.722059490618051
0.7527637921183798
0.7580383746906875
0.7453939602555787
0.7353678086948514
0.7261253485047579
0.7353799525281122
0.7652946188717066
0.7450507816911622
0.7260740903865996
0.7467253895965089
0.6874614409053743
0.6851008675126642
0.7821549555481774
0.6806923633604595
0.7555055080091704
0.7599895064750102
0.7410814142386306
0.7152737157559749
0.7411498278194077
0.7900591638249561
0.7062367553656586
0.7317588791134256
0.7010836380056068
0.7656067972436003
0.7321328346661251
0.73747276395697
0.7573323624928362
0.7709403904225974
0.7477228101303347
0.7212526390748
0.7558899144135314
0.749910443166925
0.7182002005117065
0.7149961300335144
0.7347274362691181
0.7099117974454532
0.75690597797792
0.716954129050188
0.738306472517992
0.6941601494799207
0.7526337485484491
0.7994675102826944
0.7273993122787656
0.7123313828172977
0.7535024928461744
0.719633506307159
0.7017025563834706
0.7428665470529101
0.713387586653832
0.7150672585001993
0.6927718339655898
0.7322751199964947
0.6890179711012885
0.7119497260950568
0.7114358352096594
0.7697188982268879
0.7277899346064067
0.7106978227343392
0.7449243889518345
0.73372969607373
0.7636473956992349
0.7330252673860878
0.7420171135627697
0.7136433671059008
0.7651700584880402
0.7538200974516591
0.7638189918101557
0.7359615992948203
0.7202124267141097
0.7154585254052053
0.7522046129677127
0.7442847200436324
0.7067826393165499
0.7134538100970077
0.7210469092836389
0.7635560076683865
0.7295998605745433
0.7369199567612483
0.7023437551984052
0.7452399786032664
0.6977101903419479
0.7502204071893175
0.7516935402623794
0.7132992632976214
0.7312761057748183
0.7637143094521757
0.7167444220889451
0.6901874312624632
0.7314422004585687
0.7263437016663599
0.8035485547382217
0.6856519528106648
0.7141833006614166
0.7000676792000725
0.7297348437424197
0.7783952258752695
0.7523172286100875
0.754113585080675
0.7316229036593235
0.7970180704086405
0.7214679571429915
0.6798777761475011
0.7899947034402713
0.688466327543197
0.7115366995183012
0.6858422734499702
0.6376770307643038
0.7297225686833808
0.6911189595504654
0.7160803615750774
0.7669817219571051
0.6770662379662157
0.6668295277529002
0.7877185503801529
0.7317094362450833
0.7247209170911907
0.7247302589490319
0.7374797942624862
0.7609587559431078
0.7551112684273351
0.7156348783029114
0.7311961457173588
0.7552810261540863
0.7502386533330963
0.7841544119740058
0.7654256399968902
0.7500913412430347
0.7866856265887444
0.7492555702869858
0.6913180446548635
0.7910009735924495
0.7276686229809703
0.6835230604520567
0.7681102803127274
0.714175721518582
0.767357248974404
0.7381991737353268
0.7149595825386708
0.720605858386224
0.7399216612436994
0.732517755410081
0.7868717699122569
0.754942487393216
0.71440326640317
0.7280197880351446
0.7492870376489237
0.6812545324416316
0.7104867777907774
0.6759421124316156
0.7213859904677071
0.7916406416407736
0.7333785285311436
0.76459242872043
0.7252549464716911
0.7137553762913658
0.7201118355049901
0.7078326445421663
0.7516833106141996
0.7317857318489968
0.6990719104396833
0.6958345982781282
0.7040176911016053
0.7825784242795725
0.7300693912607589
0.7539540415773378
0.7140731785715186
0.7653736317468909
0.7188195488000158
0.71936533273275
0.7205358728078346
0.7451595690890402
0.7556728941160513
0.7825827846661937
0.7355432405386255
0.8213388525570741
0.7522344214710663
0.6997835478035852
0.7581272520730004
0.6809593163230732
0.7254383493596235
0.7728627050293366
0.7606989420695205
0.7706873482596317
0.7503951543007061
0.7575477313759164
0.770845372939973
0.7882058164762794
0.7368786435195945
0.7216903365725241
0.7630632398192502
0.7708413349616547
0.7011702570452752
0.6915821281331652
0.7087963283102271
0.7652675685659982
0.7390052572271772
0.7571865352477634
0.7846607720570531
0.7608342970816238
0.7214769041472897
0.7295947396246756
0.7443478224808469
0.7545038106401065
0.6516498971656863
0.7784613571335168
0.7523938395439153
0.7355851638186267
0.7681213582041371
0.7283857554109463
0.7352098797938273
0.7752964283590658
0.7466413549030435
0.7550287296475621
0.7265574361468704
0.7684935955481208
0.7513679541158742
0.683313250546574
0.7277335042393711
0.7543919269275676
0.7464428169397629
0.7024308595884349
0.7266920263206966
0.7089079324631679
0.7490177565342202
0.6985010515000878
0.6273551724783174
0.6986595402206082
0.7169002461703113
0.6593153319795906
0.6525601494079071
0.6942691721143902
0.7379776191245234
0.7564399942125504
0.7891174779010444
0.7731303899235529
0.7437077496949736
0.7601085153564576
0.7149938637847432
0.7198092168651227
0.6906622987600677
0.7900113346630612
0.718283732622752
0.7774579128413468
0.6961608577329609
0.7325763137107052
0.7312422473518365
0.7544507309434315
0.7719991426228869
0.7521404726281616
0.6857614324467354
0.7915863453542444
0.7370539593926939
0.7173743109917257
0.7196404355651398
0.7820735147101585
0.7609135287383902
0.6928771429169444
0.7027348035643477
0.7380845463626022
0.7248997876851951
0.7442498170091161
0.7368511173168533
0.7090730180551776
0.7521839819801022
0.7131535197201244
0.7321843977879728
0.7138888660340229
0.7008035153076636
0.7237587031806638
0.7453791500051306
0.7328069922595051
0.7373631030457377
0.7192298870899292
0.6854853425510139
0.7606894703780858
0.7119047562973991
0.6877874231503268
0.7084655184968198
0.7624557810369772
0.6446882045414104
0.7352917129958707
0.7468638100173846
0.7069611677537159
0.7911875446944154
0.7481783733917744
0.7210797929963074
0.7246256991488843
0.737852098332794
0.6868898365568257
0.7384466281774634
0.7727139472804764
0.7047832770481757
0.7354817910688525
0.7354036271277848
0.7325474466487707
0.7228031209136905
0.724503683355487
0.7099965693449825
0.6975374339959035
0.6653244704565396
0.7137965511412286
0.6970019325999818
0.7662851682753539
0.7569957544025239
0.7301796346032765
0.7251165055665716
0.7676522226664104
0.7372061761089465
0.7148657196129933
0.7229619953851458
0.7585210692422047
0.7261811755456139
0.6801688979066521
0.8183993344599662
0.706162006325881
0.6983479034921446
0.7079042606294982
0.7108128531300124
0.786651244474331
0.7703928602395893
0.7539349239494939
0.8084169117585207
0.7181242358851619
0.730093327185749
0.7084669735648804
0.7266839681451216
0.7500363528013676
0.752387214499319
0.7283359943780894
0.725200591434111
0.7573356147631335
0.7542764271801329
0.7517706275222249
0.6131806573927916
0.712912863902113
0.7600200182049438
0.7144411527323704
0.7520594176419341
0.7120965702657267
0.7679127095744309
0.7321633525284705
0.716189819203203
0.7542403521368028
0.7216098330350386
0.7430828131943301
0.7727319443449145
0.7350645714450524
0.6523470069969572
0.7451102913417591
0.7782916839540659
0.7499082312538567
0.7370159562394839
0.7197354944400697
0.7202242208373791
0.7427927360048587
0.7554729813938209
0.7503510705220844
0.7705812387001474
0.7354340393936731
0.7220281450510486
0.7480169344580688
0.7811395450011424
0.6859630772187172
0.6944784730944173
0.7502653571781301
0.7260404853214759
0.7173545307961329
0.7477896082017634
0.7844652039889404
0.7041059701922373
0.7594455994011382
0.7916297895841384
0.7061012341298968
0.7366596650956441
0.7774893745641243
0.6424325851573109
0.7229364002309839
0.6812657965217411
0.7535482492784633
0.7038700500575578
0.7415688820208657
0.7612239690068929
0.7756566530380319
0.737904281819705
0.7479896603665656
0.7494390318888247
0.7380729321687906
0.7289102321648688
0.7061950512424114
0.7144076346385484
0.7388863519538963
0.7493283743601691
0.7417711179653417
0.7767767129244152
0.7394486345449984
0.737789977863123
0.7147786846034545
0.7655539124363775
0.6602004020449861
0.7419520111634459
0.777981179611158
0.6942319375672208
0.7658784285450038
0.750801070897645
0.7302206730121006
0.7423171284547653
0.7255745098929893
0.7333771861883098
0.735263189849747
0.7396543724368356
0.7451400978110507
0.7357629625505581
0.7118391309709896
0.6674560321447176
0.7558002179313217
0.7514728563195561
0.6994314929085866
0.7088736494169469
0.7730019548460939
0.7325690243094483
0.7057763899340297
0.6961106024182347
0.6215910592341383
0.7200510448635552
0.7172865573313255
0.7594054376292332
0.7536136180015449
0.7273884647255687
0.7010817488005099
0.7836168919291076
0.7108172067925798
0.6628250719280114
0.7705463702476967
0.731301599227649
0.6973090884542533
0.7154671049980097
0.6939036249742914
0.7442329563490959
0.7184304010089375
0.6924408039988236
0.7174611783835425
0.7016278525332545
0.7600086256950307
0.719946954303073
0.7079941597414225
0.7306421816615731
0.7329051483258142
0.7024528790170069
0.7801465539813726
0.7289672022527143
0.756841604819566
0.7666838723121312
0.6889240846295701
0.7723472620279088
0.6797627057870999
0.7382088198923664
0.7297765651277752
0.7648456582930728
0.7249608731070867
0.7365752814238087
0.7978456889614086
0.6933458596947841
0.7631757114385217
0.7302338599051972
0.7526727455649567
0.7071172113650228
0.7237179490617714
0.700138484185038
0.7583010701538064
0.7070994289877593
0.7218717116453389
0.6713193961470196
0.6952820814566361
0.7299937748157153
0.7147141920119386
0.7390822810396184
0.724358838915346
0.7298923793988831
0.717606665868091
0.7366158164323134
0.7888050891212683
0.7046024431675776
0.6843811923115765
0.7539125077232486
0.7533806368794348
0.7067172374470834
0.6837796838143404
0.7029438804679559
0.7438356530715724
0.7334022661919158
0.6992754823169924
0.7409549633676515
0.7993229145663607
0.7185042680305893
0.7689438220757918
0.7451959575412359
0.6869189906919732
0.7886456056591841
0.7018384023233649
0.6978683591495104
0.7412479657188167
0.7378951342830584
0.7128132881656537
0.7755327857626498
0.7081166721295047
0.7618432734007555
0.777460099962138
0.777604597260806
0.7640125127949117
0.7198594013901437
0.7081252579020895
0.658714754370737
0.7878937419968691
0.744502123756863
0.7234430891193098
0.7109185023092359
0.6960103668848105
0.7357755990415622
0.7207875413363969
0.799321352384408
0.7212133288453855
0.7564693977240781
0.6714175180228907
0.6992579622960687
0.6496826985961646
0.6445211846948897
0.7268158750590318
0.7449285016249043
0.7818937722759054
0.7242941315475775
0.7436573193595777
0.7665839523933945
0.7043407070153327
0.755469552841012
0.7310377684622175
0.7142761014541088
0.7071540303786683
0.7510761594815978
0.6664588076291303
0.7528418053280563
0.7592469958368834
0.7389849569318854
0.7094157466988101
0.7052418136256394
0.7034901847164053
0.7423115903826427
0.70220309720763
0.7621968277591142
0.712661606159888
0.6892103599969875
0.7098331740188051
0.7335697402338948
0.729826834039208
0.7554902558269959
0.7404151242802626
0.724131439321547
0.7299308486411717
0.8084858722119408
0.6932410949200309
0.6813058196340519
0.6978536926819174
0.7370471549287934
0.756166886386598
0.7503288193105522
0.7951525782953478
0.7590764329507504
0.7602726484989353
0.743810510705972
0.7388463647140253
0.7035160474450199
0.7316809446880214
0.7398737621731069
0.7765177519187593
0.8199828217604951
0.7300398519984432
0.7280830005363665
0.7203763808435752
0.7161416931682518
0.7411285487995519
0.751218893808198
0.6812532794207258
0.736224178496242
0.7327385527390945
0.7636323286751869
0.761852879248438
0.6828363444248655
0.6705752847631665
0.6935528174803771
0.6930808892949182
0.7031713644397484
0.7379923648453991
0.7376091443355035
0.6773189919530235
0.6940452968092984
0.7226665208154154
0.7090918567789682
0.7080251114253243
0.6972626005185703
0.7372485584011893
0.7149378792333637
0.7462809434510426
0.7841407290472517
0.7517813586642761
0.7272914828544633
0.7487468143609008
0.7050429261741222
0.7902742820683859
0.7510049989080974
0.684333901055499
0.7171168431818368
0.6955200847074272
0.7293636406717596
0.7096153983339321
0.7420734703831412
0.7148751896436826
0.7139659321541132
0.712948987394575
0.771807622325054
0.6945955214620676
0.6890201191132999
0.772046946847496
0.7060250005626689
0.7084228175491687
0.6909823380632336
0.7051444254763998
0.7053016312649061
0.69625342629581
0.7404070619671153
0.7618224488391675
0.746380387826082
0.7115425954725099
0.6764191268270391
0.7496176028407404
0.7430430726235169
0.7148967232896585
0.6757102379448809
0.7564429900579823
0.6691338996741931
0.7556268369432309
0.7599007783734238
0.7777758051311545
0.7089020963409679
0.6352296539325201
0.7745023714870565
0.7429738537480866
0.6870044052192491
0.7689367828642774
0.7160037558828176
0.6376599402802627
0.7368748949850227
0.6878155828646082
0.7407337477036957
0.6777513381637189
0.7380132138237651
0.8046087099846945
0.7460764363308178
0.7065320331998508
0.6853723980002955
0.7232775140373695
0.753061377783163
0.7712928358802803
0.7753721158221756
0.6695658535681218
0.7642975661460436
0.7238172134763678
0.7490877867469456
0.7547951140229245
0.7249388842934816
0.7148410950249977
0.7193343679677067
0.6818063638980674
0.7285998155103584
0.7729339590704173
0.6865160772429603
0.6335298782377567
0.6867717336969534
0.7518166198893008
0.6769468457260837
0.7375559838400759
0.7494005597447121
0.6985704050387744
0.7790099215809649
0.7263076587923953
0.7639086188215483
0.714482423971484
0.7395467115297069
0.7217572089482731
0.7133434988073488
0.7331033470669786
0.7596515194457288
0.6904742094518126
0.721527831581864
0.7458552256533661
0.6934529274437853
0.6970893229052049
0.7021290119385272
0.7136232018713533
0.6959852155411523
0.7585948406497574
0.7583003068466739
0.7338384535953044
0.7719674262351368
0.6838612271646544
0.7707711899127313
0.73498986023088
0.6933118603241081
0.6713802590079144
0.7722506008452282
0.7465174368321162
0.7141995329823848
0.6949052579111079
0.7168304488057684
0.7496212967425806
0.6676995538651442
0.7248281569709812
0.7464009899795092
0.7947250726887815
0.7518438254450935
0.7213335982601615
0.717437783990995
0.8126600216508949
0.7344695955852718
0.723742143267534
0.708095634096397
0.70224824402446
0.796869372966438
0.7667178869024817
0.7636989500305433
0.7446155217474327
0.7921738042332889
0.7594338265710551
0.7695429911288516
0.7268622238688974
0.7671891960826538
0.7494158374942255
0.7251583225158802
0.7500102485866247
0.7427951842988898
0.7122206398402106
0.723931227711877
0.6948579489864614
0.7356404437095266
0.7515012692875218
0.6931407051051369
0.7246444168053193
0.7885627783035425
0.764327459132873
0.7727999606796027
0.7511280515939422
0.7596107882295857
0.7583873749308547
0.7763909966425204
0.7509835775115409
0.676486712553379
0.715242891727423
0.7585505552918114
0.7178368127435127
0.7577615335827314
0.6835182042800206
0.7147605649352043
0.7677705116274705
0.7700825386788341
0.7573862881976356
0.7569965519620784
0.7457168727956224
0.8147838349663911
0.7467842592484921
0.7043386529859721
0.7530987586743272
0.7699638345349556
0.6643573041205607
0.7632062481601763
0.7226734228543161
0.7582244522795889
0.7348927301256716
0.7203199502376566
0.7117400579443186
0.7880104494700259
0.7293784133643795
0.7135396955569525
0.7279361276551727
0.7406686830843876
0.7351727636236876
0.7599318004378258
0.7475500681919628
0.7371455892693484
0.7587724336119276
0.709504627629219
0.735557025414073
0.7246603821655031
0.730991709705134
0.72816730150103
0.7460862979227622
0.721455036785363
0.7584396034153258
0.6786194209783274
0.6950608033130824
0.7332547100581803
0.7429958251860038
0.6804237533576274
0.6892929884659802
0.7208451280187368
0.7566072617317057
0.7847377187983334
0.7973882735499102
0.7288603517297852
0.7923261109641544
0.787704152301614
0.734754321917379
0.7165516291369253
0.7747218498572639
0.7381106673978418
0.7848857310640444
0.7929846503800354
0.750895031277148
0.7440106726943283
0.7614932738558916
0.7343472069446338
0.7722252662189825
0.8115736384558666
0.808451160806656
0.7094346748703796
0.7601099139758217
0.7408291813656646
0.7277180715458755
0.7659502845639127
0.7922159739428121
0.8229471571797111
0.7331212991435792
0.7249641613798714
0.7345533706914511
0.7733978847732199
0.7131762475313601
0.7816963422046286
0.7745040866819084
0.7572612678507461
0.7723728831116723
0.7460505206848121
0.7647237671753758
0.7633080601466941
0.7177345782590442
0.7370671611812137
0.7509509750849048
0.7428638105093884
0.7523350366105929
0.7378714079908194
0.7256733881908598
0.7874732556353072
0.7174737638839422
0.7239250118238655
0.8049244174163672
0.7372934317988278
0.7328271792929051
0.7481772723447591
0.7632544579559262
0.7232095531144308
0.7501908902390356
0.8198348360123827
0.7767259391165615
0.7685094220105672
0.6956833562928506
0.689133525171891
0.7591306451957095
0.7563691074481074
0.7170362216811421
0.779297808686311
0.7670285525151606
0.7226192834321356
0.7245926774856732
0.7833991844595001
0.7664735602279661
0.6885765883008361
0.728396927115271
0.745912331335586
0.7440635270365247
0.7051236290911821
0.7355209669123233
0.7858952258003271
0.6954451627236264
0.7021619576480864
0.7407006148824493
0.7052639371004468
0.7326861857905062
0.7482873758144994
0.7529759525725137
0.7706149468260632
0.7283543007816403
0.7469363479682998
0.7417877888959312
0.783204853873004
0.7451355843947418
0.7917469050221372
0.7106067014683979
0.7112318060651291
0.7106565181439972
0.7829234240608158
0.763833754494912
0.7118966175943646
0.7684301141545371
0.7459564345278389
0.714923922341084
0.7724870937121434
0.7439558663258158
0.6861543634624309
0.7664285019589941
0.7338026428309312
0.7661236589985966
0.7679042696276916
0.7015298094404783
0.749946979068104
0.7247704742656635
0.7313467779592372
0.7520003742922383
0.7793446883194071
0.7293850919254747
0.7493133418196924
0.7450356350815427
0.8247859961377235
0.7594133444238036
0.7138465853651497
0.7410934728529243
0.7302304121937037
0.7775048312839868
0.7781452861584912
0.7226108609676926
0.7360672539309447
0.7774989149425882
0.7220979346008289
0.7539617528613348
0.6765803059778064
0.736551034008037
0.7080188022032883
0.7378784646224386
0.7537820918785955
0.7591763131127314
0.7036322142131107
0.7451926609551351
0.7251950186822947
0.7186082648769295
0.6977568183373755
0.7184337601889526
0.7399196652986071
0.809431906186599
0.7360396280061939
0.7690455010397429
0.7658826352866128
0.7461152697170885
0.7055199628904234
0.7452606574119265
0.7373401281243184
0.7068219477325751
0.7439510429830272
0.7353419273675655
0.7623768473818606
0.7902545596916262
0.7866433707514869
0.680802433426949
0.7238340539592893
0.686550230402056
0.7583249444057103
0.7293000632184484
0.752011171325116
0.7106500081862185
0.6965868679572165
0.7145832719915473
0.7189260196902048
0.7442349114909087
0.7717977163731978
0.754188150884809
0.8054192591540058
0.7318712005807513
0.7103561045731602
0.6664972234866575
0.7591382082506499
0.7270778453089958
0.7260125328083943
0.7637167607313595
0.7508183955173923
0.745516734440365
0.7245346662872685
0.7335744723551378
0.7336207671123618
0.7009632164829104
0.7581590986839777
0.7091694568232241
0.7636687513051132
0.7872492237974884
0.7690115560078465
0.738164772154741
0.8155386043325231
0.7841399653677731
0.7536450854882443
0.738048701112459
0.7257905404671706
0.804802263065751
0.7506099387179076
0.661712924813749
0.7400665156530432
0.72465500290063
0.762128000563858
0.6748035857504024
0.7326539734162436
0.7549000742695562
0.7085367420948552
0.7607227079018426
0.6959345682955457
0.7553500329812
0.7352952849397882
0.721415255409841
0.7877244863207054
0.7580340109975721
0.6981016118969687
0.7085691645182087
0.7215097487772412
0.7302153975275643
0.79425757635666
0.7121944523142012
0.7342068255926792
0.7615900824310405
0.7798081168118156
0.7138509984111572
0.7787556185188269
0.6920228742277468
0.7371149725082413
0.7508835726205751
0.7515071036781034
0.7802926444384944
0.7329166762082179
0.6744556959300583
0.7774103580936053
0.735159950602245
0.7702035004241435
0.7696583360850864
0.7325950248682723
0.7717905178940507
0.7136529782335869
0.7629515356540673
0.702790086297391
0.6885453790705223
0.7298152260626807
0.7334781749864245
0.7423019009135355
0.7162058595285278
0.7244158040556472
0.7614980003331919
0.7830383779558006
0.705742757565518
0.7777311445913149
0.7356731217735597
0.7850909727392363
0.7056182532998377
0.7295125680885067
0.7778398797811468
0.746516003031519
0.6418582439980337
0.7543453710139794
0.7410462123535095
0.6875298782943491
0.7292371528525099
0.7630854237410365
0.7291627137360163
0.7301672949140613
0.728733485782081
0.7436223724704746
0.7133506759157814
0.7379922795553815
0.7863408708131189
0.744414892133314
0.7045164338687732
0.7319347673621163
0.6889884788985244
0.6977804094710185
0.7967736482537833
0.7356303550258414
0.7010315950633293
0.6893247182469912
0.7314577070082647
0.7276675779880829
0.6866478718780807
0.7720075383919242
0.7456659171053472
0.7805584239807738
0.7856220997802624
0.7056377928847164
0.7582428250622505
0.710544283382461
0.7341449996040883
0.7817083881601843
0.7021438172810976
0.6960531163805693
0.6654662118316261
0.7339021370828445
0.7381019880449806
0.7641596180757391
0.6784837962867585
0.7254509018942258
0.7672528387858982
0.7404803621616096
0.7798170971490241
0.7454432809921239
0.7040052181096392
0.7576016589109981
0.672341068129915
0.7217790285730125
0.7815090488495474
0.6739448171919964
0.7765230590309325
0.7629436107211287
0.7789081778804113
0.7248170013274013
0.730754782777012
0.7636435458774764
0.7737683329516769
0.7200380072328493
0.7078484590392552
0.6623389306414807
0.7204300572379895
0.7268381138638311
0.7587492443844222
0.8069111019351091
0.7723459058132038
0.7452833430288053
0.7305449350829575
0.7769280088760081
0.7417426534563448
0.778862845795512
0.7028056243689309
0.789009429976273
0.7551226170979723
0.7728063658377087
0.7381632978053696
0.7608551730136413
0.7211546308802667
0.7349428761972057
0.7312983750158757
0.7168824399417347
0.743169122217285
0.7527931360271464
0.7336372658191437
0.7825259092304363
0.7228066469397383
0.7887978634360682
0.775495941316484
0.7947023522543157
0.7446784899714405
0.7517532406632329
0.7408796823556754
0.7723090275080748
0.7313840494344783
0.7668785175702766
0.756529656411648
0.7085770081415226
0.6864762393757549
0.74128733270091
0.7414250051738758
0.7423145389493453
0.72764162047079
0.7571534167464051
0.7553652732882139
0.7512462610483254
0.6986237828829163
0.6431013738620331
0.698403475182831
0.7308654521941256
0.7346589460426846
0.7102886833011814
0.7641414624477271
0.7742815293985069
0.7553660300772262
0.6846790071403561
0.709052738711043
0.7912920869327627
0.7334647078494583
0.770932448764784
0.7651466514820416
0.756473013561527
0.7218128153047403
0.7520974346006282
0.7418886322103875
0.6671036420511598
0.7160971535694808
0.7406794734209898
0.8035918254765265
0.6625331236222008
0.6823611920736827
0.7569119742157916
0.8300560166606346
0.7210066849493683
0.7716608932104253
0.7394700979238751
0.7220293720199941
0.6782858049808203
0.7283322813640453
0.7446097734781215
0.7811196565179811
0.728532968538743
0.7340933619650969
0.7467793009477292
0.7527550036786017
0.6963455831277294
0.6955233187335885
0.7587619176761576
0.7144711524326078
0.6781281121852605
0.7439976920920777
0.7308497062700672
0.706575879767814
0.7413621980701093
0.7151350088504584
0.7298825777359055
0.7262677685622512
0.6681755027967361
0.7324053576892178
0.6924676984563648
0.6604698246983368
0.7611215077767073
0.7471017910064012
0.7170480257232935
0.7138749104671391
0.74510842150789
0.6938518539704503
0.73682260467821
0.7140272962560559
0.6817821759965206
0.7470374336306574
0.7835322982435483
0.73294805954912
0.7411425002643337
0.7082913369728931
0.7592827832549107
0.7512639330753446
0.7419622583815004
0.7290455465826127
0.7258243760239417
0.7412945590180697
0.7866042891000949
0.7217952991282642
0.6972021777248826
0.7539566397895905
0.7933021208359429
0.7206999371976117
0.6550813038960255
0.6864934235163298
0.8066515828885585
0.7815956954044181
0.6740111380153225
0.7723842200102987
0.7124106530856915
0.7145975546761597
0.6947036795053527
0.7516231406672469
0.7482985058416423
0.7722509319218942
0.7277907919796269
0.711292323586058
0.7247850608999613
0.7261607252586941
0.7381790252584832
0.7713401431133432
0.7657018245756342
0.7045157722333502
0.699615099345438
0.6799702258746354
0.7680513539493466
0.7314719900312722
0.6761765804149957
0.700405861830198
0.7522571672950171
0.7361822125638281
0.7290880234127007
0.7207856009828177
0.7797915381337115
0.7645452139989242
0.7586383934921583
0.7182346060843374
0.7335175258085044
0.7247191873594415
0.7981348998996612
0.710397323226075
0.7408695536861469
0.7646240586868787
0.7392932227693126
0.8106208269954808
0.7381677768894186
0.7583981469502528
0.7173473784219603
0.7828339651538332
0.7107854401903346
0.7083851417029541
0.7326978050137983
0.7041162488418634
0.8049442843075832
0.7744591325407228
0.7662353554340454
0.717232960826836
0.7298169861975762
0.6944501166306425
0.7967579153789952
0.6928894076546206
0.6943510906610371
0.7371690114248208
0.7435778653552698
0.7589418350511095
0.7217442986691411
0.7057323633909514
0.7497042912562824
0.7388298430639005
0.6962902341066055
0.8090534408078482
0.7144888017037749
0.6895627134634811
0.7583596709461483
0.7189069401049666
0.6376214381091729
0.7512623877970264
0.7785232202798502
0.7409131869985421
0.7214129558051274
0.700682351551913
0.7441736518203441
0.7990784021741091
0.7166256730656214
0.7765176972057634
0.7245770126515914
0.7562597379068976
0.7760158296715193
0.708076449390712
0.7348626709848798
0.6952231358601966
0.7361016188570942
0.7703551766590019
0.7202161886870682
0.7316136008942007
0.7392661863357084
0.7253249871407034
0.667497374817812
0.7052495983428855
0.7661649586990498
0.7333003628858223
0.7162682090290357
0.7007452311109459
0.7054158304690196
0.7318564689053415
0.7106666228129941
0.6766052120032019
0.7258388856571363
0.7226014479408642
0.6798775876105521
0.7527455493997086
0.7363460095311154
0.7019205157889353
0.7224221595985345
0.6867208564646902
0.8186746821711314
0.6398671615032482
0.6828521196570112
0.7405415095182505
0.7342010136094066
0.7258976123883999
0.747579298935613
0.6915134730557282
0.7736535799891423
0.7133091120456572
0.7159615304829124
0.7683719922264874
0.6768155406188276
0.6614388668446383
0.7330066891168681
0.6904526220080917
0.6981064525556347
0.7947425301891903
0.7346778996497242
0.7344127459970616
0.7731059235588087
0.7408400031847908
0.7570044479013947
0.7289731184445342
0.7111373267421426
0.7441921570600936
0.7367896721936146
0.7543968023287942
0.7437895167555493
0.7373720510552998
0.7834370863873976
0.712587600113755
0.7319851909787486
0.7663954713858494
0.7189947320813405
0.7466780680835217
0.7770140146161185
0.7312796956605035
0.7764479172362898
0.7320905018915858
0.7592078192225398
0.7737780707565104
0.7305321566611926
0.698310184119666
0.703367723076284
0.7935076229910563
0.7303518510904043
0.7704598513259742
0.7106324925648806
0.7265810757435247
0.7474357754292631
0.725852801675972
0.8448044148861439
0.6956288162495301
0.7794993831361692
0.7323260309328224
0.749616116011172
0.7463614302243424
0.7548881195194921
0.7829102095249729
0.6973176056562919
0.7139432226606389
0.736276005202693
0.7184326735456328
0.736706463602513
0.6655792121028687
0.7002654569227504
0.7128318346899508
0.7756786405778777
0.7125450869993888
0.7554866016057151
0.6892627401547367
0.7628335579078183
0.7445912281548139
0.756571299745771
0.7562584819703507
0.6499642351959134
0.7363026927733334
0.7203609109578542
0.752725974766367
0.6825495611116579
0.7473882994781146
0.7650162891550997
0.7190152944655401
0.700375544054038
0.7757729132975005
0.7508624571302567
0.7453695233566596
0.7810418976326206
0.7116234190925521
0.7150288625065743
0.6861030461900816
0.6935673371480575
0.7747145915319302
0.6905377478618805
0.7247552286820368
0.7611634546852477
0.7523749677507682
0.7745710201670113
0.7730430834128488
0.7255625633390438
0.7091577122697503
0.7268753070518276
0.7532487471685644
0.6805755975459552
0.7307209705576458
0.7618147745806472
0.745102897469777
0.6864223530672924
0.7357273809379834
0.7118164686859672
0.7447796142621963
0.6890601295128808
0.7295885019004873
0.7229896925321005
0.7347992786673327
0.7015534900801288
0.7084998466800438
0.7326893761680323
0.725266976946039
0.7595828486120278
0.7272891305985922
0.7225625649968422
0.7680085234038561
0.7312244010462707
0.767820624573101
0.7508546347873433
0.7388326917174186
0.7388706167304728
0.7247931932758842
0.7565944716736144
0.7319820829470055
0.7231833715974212
0.710299252409041
0.7186548097032751
0.7057372682249045
0.7491057572410147
0.753093301423374
0.7298624808260724
0.7567705583084805
0.7381344450040956
0.66703515179912
0.6848028083478308
0.688093745534849
0.7206250980813198
0.7140025036435556
0.7161086291574538
0.6943478259737291
0.6360719658512033
0.7764492689985116
0.7371291614529609
0.7098647331786582
0.6445698752577749
0.6662911749991403
0.7048244257395011
0.7329480990084487
0.7257240388088148
0.7488863578323716
0.7256803211937026
0.7638287440867112
0.7547445507644601
0.760507956224318
0.6845418106128313
0.6314335603918719
0.7188414474989646
0.6838415219478454
0.7711283490819117
0.7461641054257504
0.743532609549109
0.717107274705906
0.73011841966131
0.7242885625999356
0.736384846527251
0.722179541268917
0.7914764951284464
0.7575671613688781
0.7618297474930118
0.7514346741125687
0.6977451225189585
0.7097958237112062
0.712722465523929
0.7485990292551719
0.6781945472815138
0.6750376560375595
0.7188089989855821
0.7461652571360915
0.7262978244354505
0.7238993898624987
0.6873208533246828
0.715238171097199
0.7639919478422621
0.7654175754813314
0.7004846851289048
0.7335064036196899
0.7389379430468173
0.7275994439126465
0.6532804508357729
0.764005301528241
0.6990289857634264
0.7468096874050361
0.7252424359920591
0.7030444796351192
0.7294658998109497
0.7421348150145526
0.7243906633446959
0.7452713063505456
0.7221982792797854
0.7436058129178745
0.6989194254921773
0.656534454225422
0.6766001809840996
0.7497382787573814
0.680388707022965
0.6969733955049856
0.6804573491229988
0.7180316613674144
0.7286243709889375
0.7039551342902493
0.6647656204709271
0.7594197255814955
0.7165121577201019
0.7507389300630637
0.6877581643339682
0.7114707198530186
0.7328622830604792
0.6819265216583096
0.7507312206887409
0.7610167600542573
0.6646294031183738
0.745774349263213
0.6915480512621933
0.7710069840038446
0.6593015319061195
0.7008457968293007
0.6938111610644858
0.7099524535133174
0.7579269348885951
0.6811336592681233
0.7142805182679125
0.7201309282168541
0.7216735982411637
0.7415967029854842
0.7395352694094142
0.7002035364604735
0.7236061767856423
0.7439290813860948
0.693194782917736
0.7047747138694036
0.7188394158402941
0.7065524312635096
0.699673360978377
0.6646536396730558
0.6876344019806164
0.7022406917080588
0.7349170623929526
0.7326144763908767
0.7783757115700524
0.645361044156779
0.6947993925690018
0.7576439489548781
0.7777878846395618
0.7377390573800457
0.6554965716342304
0.679758113072696
0.7412855129092157
0.6814515378617061
0.7198829916962876
0.7347363746321098
0.7407194141376506
0.7370063207503299
0.7508749212836345
0.7253979197400071
0.6655109435535982
0.7612345268364854
0.7478375019621224
0.7217024617589947
0.7511453621819688
0.7123044398229319
0.6966213859358718
0.7927946202342506
0.7525691057456756
0.7660369316628999
0.7350724008099341
0.7359204707692205
0.7098503881947391
0.7015255478365366
0.7304990358638154
0.7213924672217797
0.6990113288352162
0.697028114662778
0.7154078658220344
0.6807295417762442
0.6970044044331828
0.7680226748106296
0.7189960158084205
0.7450968831037954
0.8178054168197804
0.7507703291175565
0.7095962546646821
0.7370524272871833
0.7500666139388132
0.7242151810678612
0.7389073478473146
0.6816308181585171
0.7281703265129009
0.7244417685812927
0.7117688571293999
0.7373347767457171
0.7806058931375075
0.7146958943468233
0.6785441721585578
0.7227448264427506
0.7219181897522347
0.7086666050383373
0.7266722323902927
0.715908672346264
0.7578510492908087
0.7730784692454528
0.727224300519133
0.6944318446854258
0.719094057727874
0.6991912153094254
0.7594659610828544
0.7124701994152659
0.7595859825904074
0.6920008548635952
0.7050141253686789
0.6717738022136632
0.7733337784183194
0.7386088415231691
0.7046780527942355
0.691815839550294
0.6943743367637325
0.7567624875112036
0.6838141213778688
0.7559765281180886
0.6504894309545358
0.7086310486076768
0.7494549277685655
0.720197716451847
0.6836132651199056
0.6953150994650374
0.7390982553217581
0.6829902717588856
0.6700081541544017
0.7625060374188034
0.778780609294443
0.6659582639955758
0.7832526817730279
0.7305547717044608
0.7463861373174704
0.7218409138641909
0.70522990285843
0.6859762528441997
0.7153642214202666
0.7278678783494255
0.7119661661463487
0.7068869432526756
0.7387347522607588
0.7125027144064277
0.74631091341966
0.6529489388530941
0.7532878920955807
0.6607312808993753
0.7061725210939827
0.672662320498863
0.6996681605902557
0.6592406265687457
0.7713446902717391
0.6901395000610665
0.705969538806601
0.7617230297462089
0.7454234857637091
0.6900748763781496
0.6735243345030212
0.7000407775542057
0.6883402773212995
0.7219585186556017
0.7518759402385139
0.710492706765778
0.7554560454162769
0.776549252620705
0.732611594173049
0.6675007713984902
0.6938585548574012
0.7078450940768388
0.776199061813068
0.7164646954839975
0.7179984985716301
0.698288255646517
0.7139790691483077
0.7263753098107986
0.7068897881363495
0.7265429502766148
0.7355081728108752
0.6819661885338302
0.6748652815756032
0.6783997755112232
0.675420021478951
0.7198476500161964
0.7643684259578383
0.7367421353342094
0.7202714385254585
0.6920763610648462
0.7869205770631502
0.7074175783534882
0.7030159758953709
0.7590959074158306
0.7674693738560043
0.7130590190850008
0.761425015684089
0.6981477143564404
0.6680540382148565
0.770033346853098
0.7317056262844719
0.6627247049053293
0.7485721457931882
0.6813367061389386
0.796219992698794
0.7195699721916068
0.7066957666726579
0.733726595068793
0.7473394925210294
0.7888915902210499
0.730053041951033
0.7087199744868993
0.697430275369698
0.7508137615603356
0.7030922150703102
0.7595764611361236
0.7279091948605398
0.7043729888914878
0.7312751152138468
0.7473082802443994
0.7300455736461452
0.6741560498009993
0.7138323237798296
0.6984662251844087
0.7459836320369808
0.6458547631799756
0.7266220742639115
0.7141737223634027
0.6734441510309819
0.7669972498264077
0.7570747339436268
0.6630558680235453
0.7278615920859048
0.6918959134843193
0.6334571677491233
0.6887936407227324
0.698418222331941
0.6888474801553777
0.7313749826210608
0.7624120116683967
0.7534080237559648
0.6868110908612995
0.6889399859396618
0.6818665049652608
0.6833142105860339
0.7348370473809029
0.7269328437491709
0.7432203472894314
0.7125839247079082
0.7237412248333903
0.7129856957515008
0.7147958482190484
0.6793870014920071
0.7284973169077954
0.717593362643092
0.7578223501006616
0.7343411276818823
0.736077961557965
0.7081348428210921
0.7005319523992357
0.6611163742778481
0.7137943457693439
0.6705588761801234
0.7276120035785698
0.7300624802428946
0.6855873112839672
0.7094387650584333
0.7742164752404337
0.7216903964172994
0.6986533569645936
0.7092391456765964
0.7327421974718787
0.6700474593879273
0.6726185626478749
0.7326367512225659
0.7346828948323739
0.7551252873578501
0.7060074263834262
0.7571071946471198
0.6876916536202705
0.7198526427819696
0.7384279037690049
0.6894903620392194
0.7427261535158107
0.7734559041300517
0.7041949372021606
0.6992577121442912
0.6619273349966621
0.7094269983697142
0.6971425807863427
0.7667177521598075
0.6911984495541047
0.773630742288898
0.7196238772047254
0.6818749850095263
0.7086441183327511
0.7055914303848253
0.6931854907898188
0.737686446898145
0.6839940173806628
0.7457562994573375
0.6833826164895348
0.7139290436257311
0.7351676988064444
0.7295833472093959
0.7090702251792596
0.7093756384267876
0.7515808555519119
0.696268663627597
0.7094522915951466
0.6860518654555875
0.7254100866452301
0.6577193791177388
0.7494447142858178
0.7401048067960699
0.7513235449079355
0.744677614805145
0.672196959234674
0.7213647005569188
0.6985187549656461
0.776860668277451
0.7661062416375207
0.7323201414424183
0.7324791169181992
0.749357671733537
0.6957951813459482
0.6984417321510022
0.6870592019755111
0.7318004394887955
0.7040863310524381
0.7351657733092193
0.6789048371016042
0.7136385678199207
0.7115005005206123
0.7337455599884839
0.7063446721511812
0.7299453569080161
0.6506687195425761
0.7398527319570504
0.7652678140186531
0.6532037093026779
0.7361595019983348
0.7149604685409588
0.7195992507283133
0.7326229602617428
0.6565017823367088
0.748366374774651
0.7292261825769264
0.7229494907135751
0.7311504093115029
0.7389882423757419
0.7312908785103094
0.7258516438867427
0.7079072374086404
0.6582222367668422
0.7095728782027104
0.7590997029352531
0.7193484710574203
0.7429005549268544
0.7040658641367524
0.7750787109854421
0.6697411792465249
0.6710676582674873
0.6697029014499389
0.7267127135114151
0.710101449557143
0.7323832783040377
0.6990143528945421
0.6914206311177604
0.7697762155024602
0.7075920270189816
0.7360366230939841
0.6955496115661814
0.736465216154422
0.7113569755943471
0.6909466008088758
0.6831020783884825
0.7083127038537055
0.7246049277094405
0.7396460319839725
0.771121182218064
0.7004616703276233
0.7222049738470683
0.689150334505663
0.7277436897922229
0.6949401514588539
0.7701124002525478
0.7755333790010734
0.71689419841622
0.6551263744085434
0.7255113590860426
0.6829900959423585
0.6471561031063481
0.7098783129779312
0.7224487851364922
0.6807025370980172
0.688413917627019
0.689143497408582
0.726812076326269
0.6787425636577467
0.6935302604261494
0.7305862348792674
0.7755564886693531
0.7264972919916618
0.7173145171013389
0.7102713807255598
0.732659575876385
0.6930265731770275
0.6218070943490954
0.7057444370288929
0.7251882705870202
0.7538666299701478
0.6824520879103522
0.727285910495522
0.7733705440238494
0.6748942197041256
0.7293396394369089
0.6817403126536077
0.762098592234093
0.7198502752650844
0.7065576196394623
0.755307514495655
0.746065118564508
0.715541316730693
0.6897973118028614
0.7428714838079445
0.6672239214240141
0.7280163566526431
0.6532145936684646
0.6646751761166949
0.7425923480057575
0.6951926453243478
0.6866939555801786
0.7016575931330897
0.7136756345118651
0.678763593688055
0.7400291009794573
0.6426762145262693
0.7191145319769711
0.7042365299636442
0.7462071460530344
0.7226824126453593
0.7436755934593964
0.6999256526496682
0.7078271509069277
0.7216923263649858
0.6868371469104677
0.695298971787546
0.7629141912495812
0.687676783589091
0.6548221559403999
0.7204005071780504
0.7016225994126908
0.7715461476985438
0.6882361621686106
0.7287294774803337
0.707276640275474
0.7206814866041017
0.7411199099518575
0.6691001162705301
0.678463990491748
0.6980993319252893
0.6675755774950932
0.6706665890776078
0.7064316777474359
0.7651673199225025
0.6973759479931104
0.7306723115810521
0.6815089153056844
0.716165017278119
0.6967633168775966
0.7276449231944312
0.6602330698346954
0.7258485741183758
0.7032497103767743
0.7601887180939965
0.755321877091425
0.7188353879146966
0.7206626084537743
0.7091772011537063
0.6834343444134718
0.7176200199544722
0.7051260568661166
0.7379173765225762
0.7990114258000828
0.6910221162587611
0.7515596502370333
0.7564981596319298
0.7185176894344759
0.7219525046624343
0.679340575878794
0.7070835027858473
0.7302067961834215
0.7149909739960292
0.694341361789246
0.7347066742357139
0.6781661838560534
0.7538002419906634
0.7227375100103229
0.704126917643342
0.6892568429233987
0.697197062546164
0.7085871467537641
0.719485381062797
0.678624486214696
0.7241198697300549
0.6559736588947344
0.7110771852711932
0.7281537063984038
0.7073421720627282
0.7501986412477133
0.710940717884533
0.717629585987597
0.6867776340858429
0.7005759652354531
0.6866177372884071
0.7155680671510531
0.628446964465018
0.7208481715582075
0.7204246009905453
0.6970215524561937
0.6862075118528667
0.7479384296655389
0.747146836472993
0.680476348222173
0.7207847460933854
0.7467375563513733
0.736847104950707
0.6907468854964988
0.6929509572451505
0.6694641728690257
0.7134449868117618
0.6758222759714013
0.6864250029415058
0.7041329568509913
0.6300101417173541
0.7611690303333917
0.710963290098831
0.6692675097657913
0.7124038015113531
0.7073406220650124
0.6970158699980746
0.7435056311404914
0.6434832573905328
0.6910680018315253
0.7416422930176927
0.7189300725173083
0.7298694754188808
0.6624158634564905
0.703996706133722
0.742570961383913
0.7449625292068429
0.7036513071782877
0.720685075693656
0.6843908523358061
0.7251959785834192
0.7200909052142055
0.6891527191933199
0.7927654373815258
0.7276566307542028
0.7106226353931266
0.6532261266114823
0.723737847247586
0.7325940432326095
0.6888910757731024
0.6912109335896146
0.6953061030868742
0.7079908100186462
0.7196531156597301
0.674109830702579
0.7008421061935345
0.6707940323868518
0.6371127751236504
0.7296622508261542
0.6841137632938832
0.7186142812673826
0.7348025201524987
0.6997216974239435
0.6569445419998411
0.725602520635378
0.7226508458387946
0.6560097970905692
0.7393509737798637
0.6556159332398904
0.7373575659728848
0.6843821896874962
0.7013281551945324
0.6637085958877705
0.6874514284817832
0.6938088951309886
0.705299425242837
0.671117349813912
0.72133424563906
0.6821167276281551
0.6659105138640251
0.6948274002564873
0.7243048539627548
0.6481670994267505
0.6686251065716964
0.6990264559229633
0.6985251837986595
0.7051205705826373
0.6816214988240716
0.6955415679864239
0.5985059112717366
0.7288925649045902
0.758060111395345
0.7788686262517494
0.7012181358138141
0.7210117998583339
0.6350300597763712
0.7209734576849536
0.7273353404749896
0.6851111750608595
0.7216488507801669
0.7167446041591613
0.7043618557692536
0.7230746443368496
0.6999613341258424
0.7325523473626563
0.7438957965622124
0.6936343202502129
0.7014814971655925
0.7470819873351215
0.7557227995283637
0.7409725968678555
0.727329224689124
0.7228341781095831
0.6963268877408157
0.7107225142485409
0.7310955870754209
0.6814628033048412
0.743598322036532
0.7035964065643476
0.7280539869749064
0.6238102330890443
0.6567499967508784
0.6660514445331387
0.671922767781653
0.7267382023711821
0.6939633943644454
0.6275669895222307
0.6688392870453421
0.7289048189764903
0.7223131596612423
0.6989214907680633
0.7436345899840964
0.7260775541534196
0.6641468815078021
0.6425583066629571
0.6880628434723045
0.6948148772901848
0.7230520663359068
0.6736638791191218
0.6899664842743511
0.7224021336837843
0.700288625344542
0.7187687501110397
0.7162630485577435
0.7058553680208356
0.7141607022339966
0.7492529839052742
0.6909394177544745
0.718862601937529
0.6535429087509043
0.7181501337078415
0.7035476584911246
0.6991054839596055
0.6632222814205068
0.7171898542383726
0.6981206762769505
0.7351696225848576
0.7066914746009091
0.7357725223574112
0.6958622935240679
0.7017679125840092
0.6867596472207667
0.6748370149244634
0.7114204113914628
0.6824730270088433
0.7105524091823472
0.7431742047107404
0.7075329383844554
0.6726677400920559
0.7267464132503131
0.7665460132171997
0.7094710230768021
0.656399878879904
0.6539474213266285
0.7498043645994874
0.6404570258671622
0.7042138522158563
0.7140889147275079
0.6815930970323644
0.6948982274440224
0.6955712904087393
0.7144707010237352
0.7076984013559765
0.6633223107472965
0.7064246586025169
0.7272395199400308
0.6738924900879514
0.6923931399116503
0.7191328827051121
0.7140210598258712
0.6838117405973135
0.7135461489333934
0.6617230604928945
0.6869093832160695
0.700057082667514
0.6527162530728994
0.7035228546471887
0.6936669377225673
0.7284515563836713
0.6989327583821215
0.6942548804197028
0.7358515563135947
0.7859813834415607
0.6765437761507215
0.713554136637827
0.7782897024475706
0.6815575240490022
0.6990217536095074
0.7165287141844033
0.6754129251781233
0.7695381636102644
0.6930255872696481
0.7481862238191253
0.7155625752458143
0.7216323852933072
0.724313949222902
0.6905710466151364
0.6909296839374421
0.6019079052189984
0.6621028767921899
0.6987861555880043
0.6611416296031019
0.6983465130990911
0.6400901536983314
0.7211508557186571
0.7073657842598416
0.6767545536782075
0.7353925035755401
0.6664776483775084
0.7271069265190544
0.7300503609147754
0.7357139950117961
0.6966493679771124
0.6727334572917741
0.721904456679284
0.6326916445783245
0.7230291201811064
0.6599725236666483
0.6398838836392703
0.7332911082023167
0.6726787613428871
0.6503305211185975
0.6986945908871159
0.7038751263419591
0.6497032672376221
0.7163751041943441
0.6879672436993477
0.6733878879662739
0.7073039418716454
0.6962774702684505
0.7249421641575908
0.7007916026548132
0.7276724718681861
0.6896617043120868
0.702061546317794
0.6881436885077897
0.7397289872968754
0.7102331851846204
0.6755477426138673
0.7388519725563916
0.7067878626470764
0.6760918113203236
0.6078429652362773
0.7166398313218456
0.6958984243438839
0.7112290287293389
0.7039325635565152
0.708040025062441
0.7542697821062084
0.6611880090757573
0.7056113762942962
0.6792709922166174
0.638884390764505
0.6808161141836719
0.7401129213471481
0.7157229331776672
0.7215756248905427
0.7102550795227781
0.7061363750217862
0.7231290581816584
0.7173732354596696
0.7077572864562643
0.7382106668536312
0.6819631637292288
0.741440310226652
0.7009676822107245
0.6760960459757125
0.6682731743839285
0.6950491492464363
0.7443256383270964
0.6997740539585461
0.6950595074266889
0.6978114142694333
0.6924726852831548
0.7260498175901842
0.7219987729544739
0.6763526987853483
0.6964451337040977
0.6791272896340433
0.6587783736961066
0.7606396446921802
0.6358951022519073
0.7285885303202593
0.6717355968277463
0.6984879053900487
0.6465130037187007
0.7331434781073837
0.7463186407334576
0.7246513324713856
0.6981900133096525
0.6557001089905858
0.7476738945574749
0.7309002959804308
0.6831800705759605
0.6402250361000734
0.723772589671527
0.693039019160828
0.7004707169377101
0.6429056870088079
0.7177995970133761
0.7231812579414866
0.7052277881422286
0.6940656295917916
0.633879755243189
0.7055576553044014
0.6594342025638065
0.6952215841053004
0.7346102928959127
0.7187762032162947
0.6777985953976776
0.6983843912989609
0.7037377779508516
0.6411093223482809
0.6793043414606121
0.6816739182183084
0.7026635047929504
0.7112197896433367
0.725892157576698
0.6620551863493139
0.7191356615356302
0.695459462829968
0.6856022319067473
0.8095933445543511
0.6823817459591754
0.7359096747597942
0.7297790154249866
0.6849808211086402
0.630687134204402
0.6796770291239332
0.702735930212812
0.7068108728618125
0.611732576146097
0.7003650682266054
0.6783115182525428
0.7260744647387204
0.6850689250910367
0.6874048248513029
0.7151390610546138
0.7378924204611683
0.6559391034769739
0.698597634253187
0.6772326173238552
0.7443655745947872
0.6788776284392178
0.6390695592223808
0.7108682264699079
0.6668001525374361
0.7591137127797094
0.6805638957011599
0.6869930409076501
0.720152515934198
0.6838262276832279
0.6455790267136718
0.7187058387397538
0.6520070107744893
0.7191278322497802
0.6422233561673242
0.6894821967923109
0.7015398277471511
0.6929193365696277
0.6913644951113698
0.6442384958386794
0.6728080372092489
0.7054787194915191
0.7054566309046121
0.7056285657961177
0.6699344865749833
0.7193635123388026
0.7135508652653095
0.6992159391701247
0.6964220176709917
0.7199152053283302
0.705597738473468
0.7152640331256117
0.7299530973270643
0.655274836133094
0.6973063639580195
0.6660735852213918
0.73030831020477
0.7110686233976333
0.7355870257581185
0.7245836264244124
0.6768699855734475
0.6603132196788788
0.7281783375288058
0.6466899577848482
0.7237093761738187
0.713714758802342
0.6796617118803707
0.6507293993751188
0.6464693611100153
0.7355981423949461
0.6993411895173599
0.6616541058741878
0.6919503194958401
0.695815338274577
0.7369630785225415
0.7125370171453023
0.6687114425575056
0.6801930523885816
0.6929242433905557
0.6186973884648849
0.6867924071167221
0.6981651756784392
0.7394582176741664
0.7013536456124428
0.7044287005362422
0.6425769349550614
0.6277833214327095
0.6412374767533742
0.7018175850339228
0.6820321823174549
0.7042969116893163
0.6832905554895102
0.7407834467034837
0.6825932229031129
0.6744397263506099
0.681613631237625
0.7362756423288699
0.7201459630708765
0.6952829988325945
0.6459594985988966
0.6931348902357284
0.6933982034979842
0.6332374983668794
0.6944264263869127
0.6836615462439259
0.7092451104909866
0.6891568809439184
0.6495600802511792
0.673579917530462
0.7274385014292323
0.6749463038413325
0.719101727387413
0.6642051152774932
0.691093211886481
0.6640340815031507
0.6869170373768547
0.6655442483230759
0.6930842819260034
0.6897426851974433
0.6987629504074286
0.7203304406114052
0.70449546160152
0.676962465314732
0.6824392622097772
0.6494560180859245
0.6952191776712395
0.6457914554068795
0.7241960385733005
0.6788750045189573
0.6253525870851815
0.6899464403444155
0.7247030672207699
0.6979209144297684
0.6603216279831998
0.711884126584861
0.6923542178427614
0.7016866628072418
0.623092306425449
0.6845195303460199
0.6679241957527344
0.6742481018968174
0.6279637415893908
0.6786945973832338
0.6622544181837553
0.6553863708659499
0.678639732957432
0.7789618726711736
0.7083193273276909
0.6923425514484409
0.6727700925505861
0.6906120926352113
0.6663390995694367
0.7147507887295669
0.6631390624921741
0.6886622607286577
0.6951475445187089
0.6797676706807272
0.6711976049588244
0.7084412281604106
0.6510616696702952
0.7497689195458146
0.6888935770413641
0.7502697534901827
0.7212880992818554
0.7403915135103011
0.7614518670739358
0.6499934114079099
0.7074623074968318
0.6950129413170096
0.6140926893052819
0.6888511299428803
0.689581609271799
0.696572601762093
0.7391807025038875
0.6667956240588861
0.6573296253864462
0.7008788662222736
0.726937698007808
0.6883740625897239
0.6982385525838462
0.6547218854505463
0.6480566174943924
0.6431514443029709
0.6657848048009959
0.707447400722911
0.7094930242681126
0.6777808873008337
0.6216246783452017
0.7276473433127704
0.6618982018775532
0.7190311279868526
0.6649434981847568
0.6426223764212057
0.6736617174797582
0.6969814869375595
0.7121797043801825
0.6742058278201606
0.6926270520868122
0.7140835836262145
0.6944284945927348
0.7286856354517119
0.6080522890058606
0.706810950491159
0.6311532056208804
0.7052439569233844
0.690039543701524
0.6854876453196499
0.6907613582913481
0.6794026081909242
0.7068569942516685
0.7150584755166844
0.6837730441154743
0.6541203526895714
0.6603281503183374
0.6854950442640112
0.6583409850184424
0.6727553507318146
0.6415230586374966
0.7480402520294858
0.6869970285693126
0.6499730768768769
0.6971088163806022
0.6995892746780334
0.6674844296114468
0.674053678474354
0.6667022930772063
0.7526980914576495
0.6610417332054017
0.6754643284176018
0.7108332465136178
0.6116664948781985
0.6841629609443802
0.6814633862401789
0.7417842500228514
0.6125812533184184
0.663337567239415
0.7083019870842646
0.6825072334892426
0.6929697965860541
0.7428236262032957
0.6573690981274981
0.7128370333924542
0.7535399123849611
0.6928157622748239
0.6889500766661347
0.7155666101026502
0.6973294677570475
0.6303819285427469
0.7416683415983366
0.6933463182402142
0.7210251457843342
0.7598770553314377
0.6760267653765606
0.6347066018920603
0.6850713518165897
0.7271348595830015
0.6737288169526134
0.6939318640182177
0.7079995013382957
0.6645373839900639
0.7137687649640084
0.6476267924075509
0.6503960110182267
0.6810536607559708
0.7313273878183697
0.7178309441734354
0.7060356156310112
0.5761510156847972
0.7072508217857382
0.7200795111647756
0.6985655767577217
0.6596031969794615
0.706198961855237
0.6717906146821496
0.7346794357148457
0.7518503403861747
0.7003041068892009
0.6497349955632847
0.7228413413764503
0.6610924378838097
0.6999601246071927
0.7015459192752104
0.6071579660241555
0.6968074381341196
0.7256573168959858
0.7439252910738383
0.6561987927530144
0.7086613614664854
0.6737677830514208
0.6606291780164018
0.731353514644595
0.6938291436855193
0.7047051910349601
0.7126137823304278
0.6397407974644319
0.6417991379383448
0.5791700915785658
0.6584310897454928
0.6705085118849317
0.6628346281561218
0.6248622397504114
0.63495622001825
0.716989179939791
0.7434756352338195
0.6690145233554358
0.7030611867618195
0.6820204360411178
0.6640894041746566
0.6473148126564826
0.7199057334428394
0.6724927197248977
0.634682893788294
0.6280395046328356
0.6857368201100114
0.688813390791841
0.6488447297494162
0.66495142545648
0.711798484579601
0.6726914554730695
0.6797580406927605
0.692458158740042
0.6777406983688008
0.6931261186302582
0.6983131050050884
0.7011333033968054
0.7493976633304567
0.7044587554274617
0.6788791791698836
0.6447984118731989
0.6767784901348126
0.6422515353560596
0.6594975356302364
0.662856497963072
0.7080550205916201
0.6913009928291176
0.7008669877670828
0.6690857418281021
0.683550752595313
0.6716774855598011
0.6794887058213356
0.6669343900743377
0.6969422334871372
0.6448077732064117
0.652049838817887
0.7286929516278444
0.6705472044699141
0.6756356565320045
0.6896659773469398
0.7084853938745282
0.6942044145540832
0.7061676667434532
0.6939776634581961
0.627919493212522
0.6587237437952583
0.7136651937534352
0.6463799686463249
0.6982953850313354
0.7094543108113803
0.6663945651053006
0.7321495795779914
0.6299551171305428
0.662969666769499
0.6424145372682072
0.7127440048557296
0.6965818479981625
0.6768696853573546
0.6342342804722253
0.7663505432575797
0.743998999092562
0.6250961930170094
0.6749809061837646
0.6033250769798121
0.6372917317580019
0.6708145861492208
0.6962702266685126
0.7006069786939435
0.6958741453503858
0.7126422509529353
0.703175150017731
0.7083880930050402
0.7247497138088382
0.6303212648782515
0.7212063484548712
0.7369198164923917
0.696317429492244
0.6793014827297503
0.6716536960635657
0.6902644532576084
0.6719092097098761
0.6335186609599794
0.7040855518907264
0.6693119300287386
0.6861517310358493
0.7271350804109976
0.6996785772685502
0.7117350752783774
0.6854267646050467
0.6784188300875585
0.6845180828733424
0.6562466240319778
0.6357643545307339
0.6725633875228731
0.6816260649890289
0.6218380493544378
0.7571592489772994
0.7156093711129897
0.6328330876259033
0.659271411150046
0.6656555442227321
0.6810489913786688
0.6761072255328877
0.6987559439555495
0.6719840171269305
0.6527407603700399
0.6551431282292743
0.7195373832401623
0.6194309285091733
0.6088286180993527
0.6762198178018483
0.6771516586486483
0.6289148982560128
0.6472834195453476
0.7024462372608554
0.6932496159761767
0.557982320224996
0.6700371669777405
0.7415683732218848
0.6666570829903979
0.6888414273492923
0.6515874938570712
0.6507736577911124
0.74240638402923
0.6591126071522195
0.6796214031240836
0.742028173470342
0.6920792023083977
0.723226226235353
0.6478080706679439
0.6635280705704332
0.6719233973785708
0.6621777452873142
0.6338305682791766
0.6970349887458268
0.7254653240621414
0.6493969947670355
0.6862182172703943
0.6881900361712777
0.6882786972867163
0.6944034932593188
0.6888703846729406
0.6411531749904633
0.6249867708484962
0.6485424184604568
0.6813760046195911
0.7055740945138068
0.6888568657501393
0.6569771184938887
0.6028479779877874
0.7455848524893547
0.7113454107000818
0.6886720868362409
0.6320713699042345
0.6806252748478385
0.5623154070221924
0.6532048240475317
0.6961729096702085
0.7558543338545476
0.6708481794789772
0.6862660048336875
0.6709267060932903
0.7172248375073667
0.6918579187620977
0.6690113051963006
0.6405551433935042
0.7002530330255489
0.6600457630023782
0.6601934999828565
0.6527722894970953
0.6662791697425409
0.7118856379496339
0.7088964767180188
0.6656966074019317
0.6377729386242702
0.6434352565805697
0.698963117859713
0.6682821372753719
0.6285924329734172
0.6924285909781381
0.6513565608632987
0.6834918083730863
0.6897365926911795
0.6065565431284643
0.6899767410837575
0.669246973857979
0.6883540657669218
0.6826099378061243
0.7490736171518966
0.6809641970798319
0.6255030917245515
0.6567473228877642
0.6904462614550625
0.6583476329459645
0.7305254041363398
0.7007977033613896
0.6553981661944752
0.6563994791211741
0.7069421822344881
0.7123211128580733
0.6441411348191755
0.6052238224676265
0.6168236525675481
0.6506105848873139
0.625331776031217
0.6521392792195826
0.7122069969078586
0.6536799280147135
0.7210242852322766
0.6700394950033548
0.6488671860450017
0.6935757036720289
0.6691083412960814
0.5586658060693637
0.6653772014963459
0.7115674978320564
0.7165205920110781
0.5863635298163439
0.6297318791060452
0.6449042678393617
0.6943064734432393
0.6837823124521237
0.7241244234618376
0.6567433319222308
0.7050715631774673
0.6506041623780956
0.618060453935002
0.6054289307876847
0.6528540594015959
0.6474272700740054
0.6758209394825992
0.73415741281948
0.7094863435036947
0.6779056872751353
0.6473747401327018
0.6961187311552918
0.722683414359772
0.7091808360617271
0.6211267592354065
0.6678576884096177
0.6689820130500471
0.6564550315184711
0.6708033724072464
0.6602335513376371
0.6880543944369932
0.7004459156220018
0.6386757671312899
0.7026018265130857
0.6603468990953761
0.6524649053665219
0.7197713020293129
0.7175263351368223
0.6472569049404047
0.6439765103583912
0.7336812482811519
0.6173027220285441
0.6816278709829204
0.5862835168325231
0.6622858365944743
0.6586078243797837
0.6139558318013382
0.7399397781992405
0.6312765833178464
0.6288144490818517
0.6439589827860165
0.6845290362823615
0.6629484083092496
0.7047168911324639
0.7110275123574986
0.6020798690171082
0.6572484747875261
0.6396153927659828
0.6893274890430043
0.6774184628520293
0.693854281366252
0.6140562592871418
0.7382640601510797
0.6946944988697468
0.7077575691950433
0.6932995173471868
0.6990163664809138
0.6921993158829539
0.6136330991760064
0.6437111843435543
0.6946467109886754
0.6556566960529386
0.6503077359861654
0.6549396097368118
0.6964806033202356
0.6241535306115572
0.7145131796218572
0.6231255229828137
0.5685047420735263
0.6624318397697323
0.6338971227200972
0.6656019125630707
0.7417185142379037
0.6526344269202088
0.6452017814905396
0.6918942541835778
0.6930254744751216
0.7018653115226396
0.6200010196879222
0.7140737308815439
0.6792255976236745
0.6624428839262911
0.6243282499202895
0.6357190681445364
0.7160863278357132
0.6876020840751724
0.6962566860532359
0.683928338669455
0.6724756977216642
0.5657258307014209
0.6734122684890845
0.6829159712303394
0.6835256477620255
0.6871321100804059
0.6846906684673815
0.6272727622138585
0.6782280014095095
0.6328768745504428
0.6333517502428171
0.629459058199046
0.7373476311062623
0.689407534633926
0.560131874576442
0.6308040692588303
0.6759019193395492
0.7214308866972903
0.678111845187699
0.6092042254155863
0.5930632002375129
0.6906121111533075
0.6664380861374886
0.6712717538123311
0.6886226415783958
0.6852758945775498
0.6720757498614937
0.5667424617907326
0.6642687531993328
0.7135101505168702
0.7207370535025464
0.6719778957472302
0.716439322433289
0.7019889713520447
0.696349547442833
0.6524204856762001
0.6787188071102384
0.6580044790209907
0.6334741981109139
0.6471286091547754
0.6258597768365135
0.6868240495391413
0.6716234477631337
0.6520574921103927
0.6911491199236142
0.7075734554084248
0.695568661731507
0.6668391483185132
0.6463235414643499
0.6670272515237157
0.6978135629731341
0.7052430047286736
0.7296276376291063
0.675142770749217
0.6752787083546649
0.668525855610792
0.6419406398279556
0.6763372106541972
0.7416516773980165
0.7398570719576606
0.6894309863976924
0.6111668987908898
0.7175061607526758
0.6430532426844188
0.7105234954899666
0.6894753419796289
0.7148766897132908
0.7211905569724969
0.6789957481112414
0.6952911068509627
0.6826481050789909
0.6949540749381841
0.6410062681514455
0.6851910067141732
0.6827404830348426
0.6628604301597626
0.7288403380991889
0.7422616437989851
0.6428561844236154
0.7233052721628502
0.6626991741339467
0.6595640507126845
0.6551710404261547
0.6713969872156575
0.689493599845614
0.7177677452871085
0.7155703870648462
0.7274546786818261
0.6457394713251142
0.6127216536385621
0.6708059774522871
0.6761499175790966
0.6671235639328721
0.702249213482573
0.6791596964618252
0.6038010263603424
0.6823382766773716
0.6529483484458203
0.6386091293048529
0.6544685306012102
0.7360215497260711
0.6958027208092488
0.71706076536284
0.6999037904959813
0.6672506186381583
0.7231000236734937
0.7150295567848647
0.7337836023146852
0.7226710091883064
0.7079965105414707
0.7180667832950887
0.5928425352372815
0.6243914752686577
0.7330954281254326
0.7027377814552322
0.6829949273332899
0.7092242140106053
0.6815672781336993
0.6329026903296415
0.7280119212744242
0.6668324488859813
0.697228699082853
0.6924647866040353
0.6845071340637391
0.7798974581009277
0.7273412955696461
0.6026107755465226
0.6719504806157246
0.6360162348818592
0.712691066671277
0.691304122022418
0.6971149967797489
0.6616330075042056
0.7260654739407407
0.6438447459405909
0.7099433279628151
0.6879200801123463
0.6677595607862017
0.6427574214543655
0.6953955742731684
0.7180764993229334
0.6970669587314775
0.6624412932390036
0.7520625579663955
0.6875675939188841
0.6759568830074342
0.7012575124289391
0.7508613360945129
0.6746133603483104
0.6849745608257953
0.7176904598218845
0.6454118129293939
0.6754801559389058
0.6792875583607769
0.6608868435744528
0.649236100400145
0.6643800745207397
0.6732472187314278
0.7248550123362321
0.7104662402590641
0.7322853344496605
0.6884885456109847
0.7106291894945491
0.730225187595911
0.691189962390087
0.6363934064267244
0.6442657221713134
0.6893461695227658
0.6892683859307616
0.7150347962279955
0.6212117562984691
0.7233782649109901
0.6874216724407305
0.7348422118927561
0.666711740533752
0.6899660322244303
0.6199302279408786
0.6900020636775206
0.6651963259340786
0.6727505538208693
0.6903243724987378
0.6637225778321343
0.6842235011279069
0.6511988203895124
0.6158802708124185
0.6908089684597737
0.7376708171420574
0.7092602947399009
0.6885122952419271
0.701932793466393
0.6572187711594784
0.7151436413948198
0.6570973306840686
0.7358853434300245
0.6391890800483091
0.6240812038462369
0.7159251223954632
0.7063244439585797
0.6687456139063854
0.7301751656785834
0.6790315261617389
0.6875030572630763
0.6918882255195566
0.6516182559205438
0.6513930788291407
0.6887605231474095
0.6231371026256494
0.6789993445057807
0.7106686453136086
0.6500120915713478
0.6157219727068255
0.6340332053533825
0.6572635090159005
0.73328891573631
0.7185337927074851
0.6710541012837813
0.6759882917131915
0.6483031588009012
0.6554882876539568
0.7409603096170679
0.7717447156040126
0.6447929518611621
0.7258376115711986
0.7097897746581541
0.6965025065621226
0.6941804127659894
0.6621899491254686
0.6512939080512699
0.6689807515903655
0.6705870244510118
0.6730139619109309
0.6608422811551525
0.6747514414952867
0.6721420456006916
0.6507953584937006
0.6974931314742674
0.7007939625698306
0.6968580195674209
0.6119460734018782
0.6651255898864706
0.6869480147608036
0.6867190068924329
0.7238148827332107
0.6917077394025668
0.6492203244143118
0.6600116699514567
0.6719737068662619
0.6107200157603339
0.7281204225604974
0.665207655892853
0.7042639370732496
0.6553709423895044
0.6873915841976826
0.6336994662067357
0.5895773867623839
0.6485585105019498
0.6843364241964001
0.6881620644976495
0.6570260495352163
0.6833561284242675
0.7465551788755034
0.6265891891198894
0.7106096761057128
0.67433149026434
0.7199190372394084
0.6332379308829232
0.6275535581868807
0.6202673842469405
0.7070602704315497
0.6289190103774882
0.6941763471322806
0.6376408255115603
0.7173303145771067
0.6279740218271802
0.6680008372537916
0.6711531111538956
0.700284493062133
0.6634092073040189
0.6918730463265705
0.6784321026899068
0.6302242419575645
0.668906986986183
0.7360458789681037
0.6929259745949102
0.6876537095261778
0.5908941394778212
0.7642573987038433
0.6623301831677465
0.6457016809385352
0.6553511331918694
0.6490054031208177
0.6582632694956977
0.5808437003720437
0.7065410243699092
0.6695781013438904
0.6883252626830151
0.6535395216076044
0.7080777319874758
0.6325752839831332
0.6827720508662314
0.6409258191376664
0.7020147838478659
0.6557105361393977
0.6103854510571647
0.7002561853491698
0.6761473304501411
0.7616705496563902
0.674122867403981
0.7031201561397991
0.724083795458622
0.7251576838728158
0.631771484877518
0.6436570881440005
0.6348410942465442
0.578905925124332
0.6679374147230224
0.6755779909696314
0.6722940833626623
0.6972010826783346
0.6902314232894917
0.6428597246790264
0.6312771084927309
0.664213278358943
0.6125706508684621
0.6743544706440721
0.5759269578885713
0.6547579552875286
0.5954947835835671
0.5835909068531431
0.6275190552243407
0.6187553180404659
0.6451822979476362
0.6819478492493013
0.629956017167118
0.6829872239460918
0.6862386397539767
0.6059134469358373
0.6731832286836941
0.7116277689677094
0.7012170381847153
0.6374083590230333
0.700797764548809
0.7212143682473278
0.6402522808877534
0.6590342047696166
0.6612679474972231
0.6009677022470707
0.6756060789892016
0.6530474975763028
0.6899590186992264
0.6368060395071234
0.667414116822482
0.683932375752321
0.6928689905163126
0.6885433610375624
0.6638440033851667
0.6815991933939232
0.6615653640242931
0.6199784715787425
0.6668044578602905
0.603664072505223
0.6743037626966288
0.7212307836023067
0.6468541742821758
0.6600800652074826
0.6329417288549466
0.6462703702262642
0.689741998308531
0.6418545947085601
0.6507448930027376
0.6217631765898022
0.6954282791024069
0.6056642310412046
0.6155618367767863
0.6771683905088823
0.6707979512232217
0.6472379003432572
0.6723472147610459
0.6298564956936663
0.6473356638680259
0.7521832569154366
0.6724748390310417
0.6474303862731311
0.63323507886492
0.5920289051070562
0.5769732144085279
0.683215117032396
0.7118345602525439
0.6670792654687372
0.595763905791781
0.6904892519328822
0.7201419267094951
0.736373914348043
0.7162858256916678
0.6284680106948959
0.6703499533255135
0.6450528337435915
0.6073396506637246
0.680347618846198
0.6518373941836557
0.636757029969611
0.6226531872044345
0.6282631543164662
0.6384857826255672
0.6888137974628694
0.6571895936398842
0.6402887615783714
0.6402283806488335
0.6772459258921154
0.6764602099123849
0.5963057315179026
0.6914659416783495
0.684354033928676
0.6417923194332651
0.5947378293731933
0.6549174091874403
0.6645116124038692
0.6249147434719959
0.6850570286465387
0.6426794674479606
0.6867874607504024
0.6911645398904525
0.6454833134874219
0.6347800108276823
0.7282744341225798
0.6346087738813322
0.6983538741997666
0.6991795175371782
0.6872035106048446
0.6853823412471725
0.6197030897189479
0.7003959101678051
0.6369244757892066
0.6095063785387463
0.6664426250378278
0.7156401719337453
0.6215355839831392
0.6842965228679695
0.670250798522388
0.6584908681800091
0.6110165004885864
0.6301024059264357
0.67406483740675
0.6931965447161608
0.6601304955557374
0.6437523767378386
0.6537868385494082
0.6732965789647689
0.682939590975127
0.5880409596916388
0.6497855704151355
0.6812566550736887
0.6133976970897418
0.6288052859299416
0.6357551445383043
0.6710389667504189
0.6814090544359824
0.652548588983584
0.6477326108860025
0.6053459815781106
0.6824192930146362
0.6131643505469893
0.5770314917809511
0.664681805957125
0.6586406365763737
0.6248960738079559
0.5594443766166377
0.6335924009350975
0.6673264648625228
0.6326322624893896
0.6745914722782411
0.638264244642893
0.5752624128251715
0.6070203675338427
0.6732106319901766
0.6205458974274938
0.7013201539135682
0.6133756917274165
0.6475947621406
0.6583388926651492
0.6326934240617115
0.6633186906148695
0.6143949130927835
0.6676383842498007
0.6536689119168988
0.6708813217360237
0.6950673320633461
0.6661601579520201
0.6788579478641978
0.6043145086221158
0.6205977590688978
0.6881181721547419
0.6274588212140123
0.662660874260412
0.6129836505208492
0.6609713051023424
0.6490948260030506
0.6677964981731028
0.5961816280520359
0.6344108664624108
0.664121295382184
0.6875965050399795
0.7225813596890741
0.5737545775788522
0.6403710234849895
0.6290695030526898
0.6577743014074808
0.6610744440303634
0.6610265426462671
0.6789003592299314
0.5469652920157146
0.6836279370461174
0.6630246172153895
0.6459700021876893
0.5771857054821
0.6395011190734994
0.6380170715805298
0.6289560316536248
0.6287968833236628
0.6382546851146403
0.6717181708234007
0.6628087612878737
0.6446988667365015
0.6577251569092748
0.6779217074429261
0.7231054772383997
0.5905930132303525
0.6247205420240964
0.6159091991396065
0.6470720509894231
0.610619300972157
0.5967555251879333
0.675231580013313
0.6591994943229751
0.6298386440313155
0.6386071018033498
0.5974914436446197
0.5677923859638236
0.6321565406833304
0.6078255174518937
0.6965049008273396
0.7220778800639055
0.7084100404546383
0.6517799956130467
0.5643572974186102
0.615425349660962
0.6372874224966193
0.6548511968789527
0.5964414418197059
0.6513206435641768
0.675993703448064
0.6205106623540633
0.636657710393544
0.603682803614999
0.6449945548131277
0.6032348182290004
0.6409538615834334
0.5764929823705469
0.6918540345712562
0.6208212885942943
0.6342300263678183
0.6851489454005424
0.6521199584997702
0.6892628487028998
0.6277194524922698
0.6276514895107786
0.6562705948913471
0.6336771265821024
0.5834762523403803
0.5936201780315274
0.6198274605560304
0.6955167476318487
0.6197231272238957
0.6268726122199106
0.6170533573248261
0.6421934161715714
0.6369764912507321
0.6027457408408534
0.6530946960041046
0.5834550601398801
0.6756927174430285
0.6177188822052588
0.7016399217260345
0.6406258864110695
0.6015959790502886
0.6235960529678672
0.6669688228132216
0.6295767688866933
0.5732266165159297
0.6132613337679035
0.6720477490746343
0.638642320623671
0.6313297820702812
0.6704521237126618
0.6499295830988727
0.6197710418286085
0.691473607073705
0.6593571853554187
0.6360718885656007
0.5107298146146861
0.6632988653629288
0.6667684648507972
0.6143326845748249
0.6045994514635399
0.6307063847536054
0.6690998833388326
0.6488265937669845
0.6413984106509207
0.6109418306931924
0.6794447996044775
0.6601170537460991
0.6191823793011629
0.6080808044790452
0.6145678938485363
0.6547463356127602
0.6755445119182845
0.6575293263494235
0.6280916704812156
0.6343146206802107
0.5899250338871862
0.5943041574929685
0.6066439813247071
0.6043229587473242
0.6124792135290162
0.608929198494975
0.5815595662920962
0.5920699145413295
0.6901836576772673
0.6635020606198866
0.643981766286353
0.587116902699942
0.7139567576462945
0.6654017981711603
0.6005991409992009
0.6164733448995701
0.6684656238845745
0.6377705677705509
0.6160002104013312
0.6237539261730498
0.6119576595339533
0.7032617331155929
0.7120797027039665
0.6486811797717081
0.6013272568355174
0.5871333493515287
0.5827172424545161
0.6066165231403191
0.6960992719868293
0.597590456528581
0.6216666354218672
0.5408992835753552
0.6449342084307632
0.6189923446590209
0.6055836606449692
0.6729091535318429
0.568584007163966
0.5880743073298929
0.6095647221603533
0.6343323834414328
0.6518521381225884
0.6050556934309401
0.5945416317622896
0.6587277375112398
0.6135397399119844
0.651674392122269
0.6095966336699711
0.623581685644722
0.6574268013151107
0.5975531277214016
0.7009393228962973
0.6135266093538203
0.6475572336118961
0.640558012147628
0.5865220251542016
0.5940753126985884
0.568346977037574
0.6685410011067652
0.6034471192165299
0.6030842195255257
0.6167428092222004
0.6071974909581314
0.6243257459280521
0.6461031164954351
0.6184636620026657
0.6397325245047082
0.5982028171005536
0.6799445631630631
0.6756775108643127
0.6308229139725479
0.6249752804289784
0.6611130227529147
0.5675642506313169
0.6762085064781829
0.5725858542417172
0.64955931182067
0.5887589581458337
0.6826685602920344
0.6073022236993569
0.5803208404880686
0.5646624791924325
0.6680724255795447
0.6124537770982442
0.6160875852670976
0.6981529788538575
0.5438452495390843
0.6590913674392754
0.6347550248878165
0.6247628185044396
0.6090112886513197
0.6163766069826774
0.5647989807844861
0.6546764465747184
0.5849842403108658
0.5696519829189605
0.5915905414394211
0.729103279290368
0.6228726672482605
0.5691271959945904
0.5807123365781227
0.6734699328522449
0.6513521555269406
0.6464246374697437
0.6234563367837863
0.6405350019018957
0.5590366016346231
0.5186267041909787
0.6378143200059873
0.6109733449550171
0.5513966240551105
0.5935444578754904
0.6429686838993421
0.6308584479712119
0.6357816296319443
0.615005659790705
0.585783974862196
0.6252678852641813
0.6042149282278146
0.6190541454847998
0.6339383394857789
0.5885148138093245
0.5753621269959359
0.6053602819481578
0.6011785057820065
0.5108497997095475
0.6146698664502426
0.617883437561102
0.5913245940113412
0.5887029468259002
0.6184666622699124
0.668720558413314
0.6661990142947788
0.7100327373621509
0.5727026957102652
0.5918860856595927
0.6000377561667175
0.6755485405801711
0.6153265075549007
0.6494366814052341
0.617157526023387
0.622943093822861
0.5803307479522382
0.6028624768934652
0.5817514288540175
0.641028101953791
0.6537602658134642
0.5765128073027577
0.5829148899782586
0.622860917205295
0.6401006836500469
0.6209924479366634
0.6874589820106581
0.5709675636327569
0.5758230782795799
0.6334776468781087
0.55982986808473
0.6303762398057435
0.6521310469282268
0.551022056158321
0.5700864646331613
0.5649458926784543
0.6434781479803892
0.5642574659098579
0.5529746868337743
0.6837374932961899
0.6023526693944955
0.6150027306534985
0.6067561784077377
0.6191771582184946
0.5897905077238086
0.6088676486031275
0.6102375503660384
0.5800258859096152
0.6150984848178314
0.674821884396481
0.5990136389671411
0.6536082136350779
0.592346401462101
0.6376783273799684
0.5821778742938863
0.6166653670236653
0.5859229349912913
0.6628672105309599
0.6269221907572756
0.5327514124861097
0.5521828759603762
0.5820773080595923
0.6077534563632989
0.6087371142702337
0.5992230176155493
0.6338803639512532
0.6494211138029804
0.5937794059384605
0.6060640114731422
0.6412694810007906
0.4646794719378242
0.6215126679816179
0.5740368149734126
0.6062423733601108
0.5558739132130889
0.6335281988075783
0.5252143016329289
0.6508952539677534
0.533075842690069
0.5848660567842607
0.48966143644552734
0.6312942446606205
0.6943885675725836
0.5506743186357504
0.5342525225100031
0.6865478762427764
0.6696564349451041
NaN
0.6772123020970157
0.6255802353967371
0.6737606844851127
0.6272759359535522
0.5904388774947019
0.597965970288352
0.6152164206622887
0.554229869761967
0.6427441608088271
0.6289699481791011
0.6693006681831994
0.5796161841609454
0.5527385517771343
0.573420815781079
0.6098606657378766
0.6520850820458912
0.6371489695953879
0.5757513190428525
0.4894963801912862
0.6156280049889269
0.6156318919297414
0.6389931649296898
0.5781085518060595
0.5634110988748383
0.49977882447793603
0.6461308420869326
0.6009646786212028
0.6220004076287502
0.5721604750462903
0.6126397345483171
0.6226279301674499
0.6050717981387106
0.628765870629402
0.6034183181221426
0.6170420830547789
0.549418961024692
0.4766164339064414
0.5181149677592953
0.6438898815016574
0.6352346959111499
0.5695810156612546
0.6482789538472535
0.6456714602830306
0.6002761947822647
0.5792019681631713
0.5693737367178904
0.6130357979433236
0.5133779216406757
0.5686712204737483
0.6227086788822899
0.599239135364877
0.602741695749023
0.6362366404874462
0.459924240201769
0.6173907686376056
0.6186542143190202
0.5982722777265381
0.5730271654263618
0.6052512722016423
0.5885401999040724
0.5713499528449397
0.5821022058489164
0.5264741997717067
0.5366128924082696
0.6503026431095343
0.566540865573846
0.6073806320583783
0.5283460356919868
0.5446598615270262
0.6329296409633836
0.6034454451966613
0.49364823624916837
0.5598256731480238
0.6085621560327106
0.6368348452384736
0.5585245030081986
0.6106020782350937
0.599203965111289
0.6020801222923458
0.6685711398417205
0.600846155253518
0.5556797229558692
0.549097469838215
0.5593591377042763
0.6252351108561259
0.5315288922946999
0.5755915260210844
0.5457319801719638
0.5915047660638869
0.604196431914416
0.4877404007149808
0.5685218416018205
0.6188908810384931
0.6477175001298819
0.5440551162224339
0.6433587729017607
0.6099388261441837
0.5879278657046111
0.6040810234543089
0.5556484170475571
0.5218093515702141
0.6125154006479476
0.5656543681165531
0.5862857367066724
0.6966778578577388
0.5292153216119633
0.6298568489088053
0.592733326628015
0.5667601986038792
0.6346406869337488
0.5704438063046275
0.5362691911100853
0.6101635443809057
0.5509303957164757
0.5140889358385752
0.5921144463748467
0.5899186712086522
0.5652124089527304
0.5456158696960229
0.4712011743839558
0.5551856213062482
0.6721512938076095
0.6226820024873778
0.5108136840644084
0.6288088667909429
0.5544033513684263
0.5988125206986965
0.5743132965061875
0.5270046638741201
0.6164895781919997
0.5741471614177017
0.5500240106410865
0.5073126284624573
0.6332094744875688
0.49688430510131826
0.4555099348688678
0.5671005279851049
0.6936220858382948
0.5259610844531741
0.6470878485563064
0.5844022104593727
0.551409854937226
0.5613878668272333
0.5730044972014138
0.5343082566105302
0.50655953216512
0.5957926845352461
0.510755986464418
0.6168791413805195
0.48240925160285847
0.5473851661843349
0.5736345858575496
0.4971200257880364
0.5822218072416809
0.5722286456773599
0.5495152990164318
0.6277849929176287
0.6333920091243288
0.6006831693561938
0.5514156854041226
0.5531358849361362
0.5858906673318927
0.5462865783711935
0.6271393715712661
0.5394098057034441
0.5600617581080487
0.5394404003664846
0.5768979656683939
0.6019101326099201
0.6201481335651998
0.5686635203470374
0.562359458682136
0.5759501862916465
0.500295007064951
0.5293042014366766
0.6120218177185668
0.5453079661832355
0.5607690511740756
0.5771700953274895
0.5357269202602302
0.5427835595615887
0.6145885675863836
0.5728007523952297
0.5724983645731136
0.6084663925934891
0.5963506873810707
0.5005141842942975
0.6262511936013953
0.5678065929435109
0.6143594910993411
0.5968807126693403
0.47988506576368684
0.5093530634547264
0.5206199319235785
0.6251175360873401
0.5333115780011657
0.5503401790148386
0.5585888972431141
0.5713382760897622
0.5462052837844441
0.5994674253594503
0.5619295175974711
0.5353542034858513
0.71899939984331
0.5545346735571616
0.581030726483895
0.46902553419545834
0.5805422877739648
0.5315004380656926
0.5822135022802404
0.5884665492223209
0.5938483179383887
0.5309816847606587
0.4874651304816699
0.6195013947441617
0.5282351330334742
NaN
0.5909570558002119
0.5766396351572691
0.5058580464348876
0.5235323650598156
0.5777477844779273
0.5276469775625465
0.6004459259823924
0.5278737108659832
0.6630475621831932
0.5790273767736434
0.6038899872147927
0.4894871640119538
0.6052256399385165
0.5857758351045487
0.5297287199234016
0.5074019811084783
0.5930951258816675
0.5328243289418941
0.7484999711007753
0.605326069828404
0.5255107457843132
0.5485961646645472
0.5699278363135442
0.5279988341445861
0.5016628898051405
0.5594608857063875
0.5753941149144175
0.5295204271324954
0.616478318616862
0.5015992215976026
0.6294026384653899
0.47266844996164725
0.6581718049125211
0.5969298114337761
0.4618754807174705
0.5525136338735396
0.610135756105943
0.5509793070111477
0.5575470391098752
0.6434652391072462
0.5543920824754089
0.5329485513519338
0.5272576031113039
0.5139598849464682
0.4631185922712425
0.5496156258629605
0.5475909626417446
0.4932718314843161
0.5409843039293081
0.5910821218910322
0.49402978311319135
0.5940203119396213
0.4856005578024254
0.5873150399357712
0.5579418291002538
0.5284143108545473
0.5143866828471069
0.5756898266345114
0.5015698844261696
0.5907162211098854
0.5691347686702966
0.4905875890130643
0.44849404431844536
0.5293044322971729
0.5823283390992925
0.5863986114502426
0.5805329076791178
0.5480145838483057
0.5622252341746802
0.5220389026489005
0.5152675156233276
0.45784642738432996
0.5115909836625865
0.554606453117455
0.5168269475511388
0.5544556634048657
0.5910969821095016
0.5472996158877184
0.48689495970464297
0.5662142250832878
0.5467314963293809
0.521456510886454
0.5700736696976764
0.4951722486428194
0.5252139227903362
0.581888220522397
0.48620550830370374
0.5741263861462464
0.5700740332624501
0.5805501418161171
0.507388741148438
0.4332323101498944
0.5164866490643343
0.5340718813744052
0.5167650311137184
0.6005121049650938
0.5519880774264674
0.6317258399011929
0.5425585655603872
0.4946817114330707
0.5514702327021315
0.48401448414007076
0.5970323770574181
0.5820416843951686
0.4955032244080847
0.47614014303955016
0.5237994383309958
0.5357269393850371
0.5603655047896341
0.5528895566644991
0.5093651763242971
0.5411647751439685
0.5295381808246991
0.5976424754057688
0.5818193373382526
0.5159483343541912
0.5107830863591911
0.45153965267648016
0.5904328197562093
0.535415367949181
0.5890722191833841
0.5597075152985661
0.5473092177522867
0.5615247766672292
0.5724675172123941
0.5484644842183366
0.46068677585248824
0.5776825090270276
0.5663026186138103
0.5231514636955545
0.5834334847996085
0.5316079891219514
0.4958886138183855
0.4793054851039448
0.6554034004734083
0.475060170979084
0.5654201024480764
0.5012947669068943
0.5371106572267422
0.47482948609774767
0.5022009806146638
0.47963150504825325
0.467371209313644
0.4994155749331304
0.5240424597744857
0.5152254133538577
0.5832516094616269
0.5430517716436543
0.5196407084873594
0.45596221073404414
0.5916771894810735
0.5669452218676096
0.5057270412503966
0.5459329430374392
0.6786324735960956
0.43197520310445164
0.5027778806357246
0.5447177414951512
0.4989950448196197
0.5284887744900892
0.44610149335325017
0.5845633688436169
0.5510427875577898
0.5386574508076654
0.5341477697299956
0.502914452391223
0.49675650347958034
0.4845085230631212
0.49267131014265164
0.4981263981812421
0.4905112057158762
0.5738267395941159
0.5281137716804649
0.5704012179720166
0.4589851338202739
0.4062661726292198
0.6099936714703912
0.48498652608010645
0.5745263950137254
0.5667190110347355
0.5057370160305859
0.47447503507772415
0.5267852033190368
0.56964894524178
0.5033576709609113
0.4190605283087237
0.5191629648070835
0.5350621083849003
0.5371565431978049
0.41425196491221544
0.5834422086232263
0.6012753305179617
0.61042785339673
0.48519246576025876
0.43480214031117476
0.6374358345272182
0.52509904060918
0.46421132063074805
0.4646172434599004
0.4791985702079874
0.4735224412932684
0.5627329443656472
0.5886254382925815
0.573350651033883
0.44216999312677113
0.39504526452379557
0.496922364883719
0.43298070987676934
0.48416888323102186
0.5065944604828659
0.5681454630579104
0.4984745306255968
0.5293364165812336
0.48187653988425516
0.6195776559190032
0.5124756509034339
0.47098195995377434
0.49299626674344077
0.42983164531035867
0.5581558469561885
0.46863106638436297
0.5875849767326935
0.45133940571870956
0.5535607632374873
0.4947545523364648
0.5409235226767306
0.5867836585010966
0.415853158959372
0.43122944408044717
0.46682393564991764
0.3739875951341433
0.5514600703421416
0.5845793063653972
0.464257058972255
0.48639773692250204
NaN
0.5767560340768683
0.4273936354987349
0.5481508243800198
0.5877375398946117
0.4383272145756531
0.39977637056013193
0.5685675713610456
0.5327488764900936
0.5645018627846896
0.558243590720062
0.5309534400286336
0.5173811276049013
0.6269918369224052
0.44580474598942055
NaN
0.5173811276049012
0.6269918369224051
0.44580474598942055
NaN
0.5173811276049012
0.6269918369224051
0.44580474598942055
NaN
NaN
NaN
NaN
0.7426386400087501
0.6391127028260094
0.7145740213965759
0.579411032355284
0.7076974207812127
0.6030107640638896
0.7449277923626323
0.6031363174862072
0.675561693425468
0.6126975892594656
0.5820485211125572
0.6272287442433988
0.6766484676349471
0.6767792863754959
0.596494749671735
0.7316075439378164
0.6398874235355442
0.5520516535711215
0.5806652501131945
0.638929547384266
0.6640285795819553
0.6629490802787945
0.6285812908851834
0.6600917988718968
0.6018633756843271
0.6067382208529509
0.6924393420184374
0.6711529218968272
0.6533308282924798
0.6848372418029051
0.6623390844352078
0.6469363993227347
0.7007412150060676
0.6539604206626219
0.6395265879247855
0.599068822012531
0.6287896297925459
0.6492529374363155
0.644149357102253
0.6130462106369193
0.6412493318585969
0.6308461199339853
0.6473260211507661
0.6558173425185081
0.6302046381870865
0.6279187187178187
0.5282962079594027
0.6358018533110336
0.6775944299275911
0.6893638800315149
0.6380019423042549
0.6481227173880743
0.6036455308022746
0.6393853899293516
0.6223646272581979
0.631629422214934
0.6962978991092695
0.6121396700932643
0.6471762586095149
0.6657470055642586
0.6443952491258337
0.6540082040205601
0.5944172990387979
0.6570787749881417
0.6188276421293016
0.680670093184925
0.6474729594544552
0.6493847033989792
0.616852431864115
0.5636539731428429
0.5586491113453546
0.5874597225489547
0.6902341606628151
0.5789628638224567
0.6745863753483483
0.5926021396087641
0.6267777883301018
0.6803456778126222
0.6120378416318737
0.7021394437982963
0.5959752403936658
0.5776682641574482
0.6650671600277818
0.6716931592659879
0.6232417024838062
0.6408541787385119
0.6340878803681649
0.57388386440807
0.6844298056170489
0.644686096572906
0.6402037237521292
0.6474749333985944
0.6269556450308137
0.6264982933539202
0.6383673976548062
0.5804001139792361
0.6485712119008282
0.6405320675325499
0.6498343755781592
0.6674701351544615
0.7003698902271008
0.5751459810912045
0.6795183151053935
0.6261569560578335
0.5908068982976433
0.5164065739008358
0.5756844114467617
0.5574932447003993
0.5880391024675078
0.6557525334569732
0.6951724331301976
0.5948257733072605
0.5460101159334741
0.6493974605035613
0.6254675134877616
0.6215445253604306
0.6414927749480348
0.5960300687883819
0.5748800691123754
0.6208894601704043
0.6651437885594723
0.6803294469318397
0.6207855889320509
0.6287399208866316
0.6343499128664168
0.5080937228752681
0.622731783925474
0.6284388910656108
0.6181059819134095
0.6089020933530065
0.6508676294862761
0.6604823823798152
0.6609057977889538
0.6482109834817092
0.57300346268982
0.592696906259715
0.6122882773091043
0.5666609455350564
0.5603244093804626
0.6408812806702053
0.647183120600926
0.6432679453965091
0.5769793735312794
0.5592269439225415
0.651950654662379
0.5795078587932153
0.6179622490011862
0.6007342497694101
0.6226984209317792
0.5616961594000476
0.6270824380866677
0.689778749369645
0.617262668468646
0.5841289016881496
0.5900353148874915
0.6632654132793644
0.6549308462777825
0.6507238468801503
0.6603079273879249
0.5975303880696028
0.6409673694566489
0.6541663505663433
0.59815864040597
0.6471799956861257
0.5549459415574105
0.6272945332678
0.6606605402136735
0.5702012012003399
0.5637118872671375
0.6355317949696231
0.648414719326753
0.6574867226780312
0.5636591038100611
0.6061123057893811
0.632937678206358
0.598849270144933
0.6572292133798259
0.6386650233370713
0.5977642270207133
0.5544708279310998
0.6772446274471821
0.5713386435125194
0.6553822632917721
0.5581356137304211
0.6256423232255037
0.5460034621943235
0.6026531267707981
0.5489504862931126
0.669700156829024
0.5487500339917384
0.5466734073791591
0.583540854915492
0.630368892469722
0.6148911183210058
0.578477812582179
0.5461783298255379
0.6066388321609525
0.6669368960896145
0.5807720469339357
0.6013302511304385
0.6060534602741299
0.5820262805063048
0.6254205360087637
0.6306498652177017
0.5724037490811348
0.5397859216198677
0.5788713288123307
0.6177072233304923
0.5275744313599482
0.6383681785097662
0.6321951534666579
0.6471424378291734
0.5705883403485568
0.5759779132377522
0.6425419072792765
0.6205824313120769
0.6286431716948908
0.6231336679554523
0.6026309019468256
0.5741256219796093
0.6308250087141639
0.6026503236606404
0.5950536061297209
0.587443213313169
0.5962887917844577
0.5718809853885474
0.538178241294302
0.5688815771332315
0.5446126944274787
0.5735436380684615
0.6277980969348901
0.6360237356405163
0.5762758610523899
0.571919728016746
0.6104406593229057
0.5909453596712076
0.6434806581331327
0.5560815608132026
0.6103514206585717
0.5510847374421302
0.6287952877378442
0.5822328344840203
0.6148687604688357
0.6041187929379488
0.6911432451519355
0.618022512126591
0.6002008615715123
0.6048883768885951
0.585506532270543
0.5977501690435003
0.5782443387887121
0.6024044880274985
0.5835712404616917
0.5538232967362506
0.6067974138988905
0.6075692369111062
0.6146048401037343
0.5645062144045465
0.5594479805604291
0.5582393143441091
0.6332458949672344
0.5661622491991247
0.620878032256128
0.6267056015110206
0.5749079856334627
0.5027930859054408
0.6623470658304912
0.6664801703640896
0.5881777423130711
0.5746937985020388
0.6197009256202799
0.5372436886062715
0.5581731162131884
0.5169334604689668
0.6158238162808671
0.5493094189259903
0.6324053317243868
0.6276649902283776
0.5892036206333462
0.519704056654352
0.637591402073354
0.6516411763336858
0.6236033238160823
0.6151459106141985
0.5390922805641452
0.6014956318911278
0.582318088992048
0.5549496148180653
0.5113855583404922
0.6418528486873555
0.5937175833590225
0.6306686871165642
0.6426450175849292
0.6591511374487619
0.6397536312937306
0.5999666352646912
0.5455372853404188
0.5634168491065934
0.5329360594995206
0.5819403320821117
0.5478117945590641
0.5761442207814431
0.6331947213770153
0.5478431061116635
0.6700138178814874
0.6002082827164896
0.5997023672830855
0.6018382288915867
0.5553623153496368
0.6160498042606677
0.585563140577299
0.6235966266408093
0.5739023654382016
0.5927446377787835
0.5672044580761548
0.563663239320354
0.6045424915399906
0.5716155729821504
0.6539026103339028
0.5532749215855751
0.5682883953211731
0.6393933843865287
0.646576288189673
0.5292771802932084
0.5915950187267842
0.5857773925199579
0.613801023993493
0.60348298985254
0.5563497589807186
0.6057312235100497
0.6479991089857292
0.6203105479062931
0.5493475385651937
0.7223249824061179
0.6153126677225453
0.5309881753315163
0.6223478287370899
0.5335317564695109
0.6369480856660582
0.5596647593353239
0.6068560313547449
0.5734786082951221
0.5330528987658022
0.6067220132279427
0.5383615333123681
0.5201603395413203
0.5811421842786225
0.6304622714423131
0.6434069885657963
0.6412045834699626
0.5946834705665918
0.4888189602263937
0.5811185697739558
0.558161352625019
0.5640542782985243
0.6007496153811009
0.6607013738096732
0.5628884470590376
0.5275245799126904
0.6272673829055828
0.5937575320117829
0.5837852155736258
0.5372797771405232
0.49368856200221983
0.6139218339966813
0.586372976525145
0.5914247231993478
0.4892992254380081
0.5917684559036671
0.5527530536125634
0.5875405466172687
0.4819695055800336
0.6104723976066057
0.5587294570169813
0.5615107319665091
0.5825462191529401
0.5707373378548287
0.5555444186345636
0.5346749348293589
0.5550115220883253
0.6249760637822661
0.552200877323052
0.5919798876118998
0.658139305817474
0.4839654328451973
0.6128651281759161
0.5730519510051261
0.5817404335773104
0.5896670193335557
0.5800544703739893
0.5655358923448561
0.5458547156818835
0.5023502538686853
0.5952117387094698
0.5085920277086435
0.5872871690687005
0.5371081339336294
0.5750451612812365
0.5894721411295352
0.557155690234483
0.48325839910671836
0.5821394181707772
0.6296502147034558
0.5321909749445533
0.5796870467959472
0.5647996109548299
NaN
0.599347136379286
0.5144215378547269
0.601791621703312
0.5842027799929446
0.5811670604778485
0.5102381561157271
0.5329804447162078
0.5813551744505239
0.5758469095254213
0.549261548685822
0.5416055634928343
0.5609945223852184
0.5614131900108498
0.627713240497551
0.5398163377818057
0.6351869036223026
0.49455725559913805
0.5293041595093846
0.5902258013222823
0.6299924177098672
0.6677008461382419
0.5691608429467325
0.4972207328517985
0.521214322702743
0.6653972607597521
0.630742944529295
0.5278241050332989
0.53211514617291
0.5349325463946364
0.6480133862137645
0.6318485964800222
0.49425022503731686
0.5799327958434526
0.5093246736862681
0.5829621811275936
0.582648057385357
0.6049494715515925
0.5958682847242269
0.5351437938862236
0.605802723986063
0.5849934236213571
0.5790741699945101
0.5837526062875062
0.6581534704561138
0.5745690513134347
0.5475741986214178
0.5547448966439233
0.5617741338203573
0.5800942649971716
0.5402861609083212
0.6083257719562217
0.5811564431728408
0.47706478361379023
0.5765148564189815
0.5559582797993611
0.57769685270977
0.5661040095898672
0.5486866212018402
0.5069969478166281
0.5769815392507918
0.5297990564868897
0.559005774700355
0.5995390516978301
0.6028966402333761
0.5703688284298585
0.57315964404573
0.533478991342967
0.5624091062491346
0.6238239425724379
0.5737672932295691
0.5564491599333642
0.5849943256433106
0.5582564916127221
0.5377551486748986
0.6138096764769372
0.5455737073246637
0.6269751312864645
0.5330041176743717
0.5627103639271578
0.5834068839999386
0.60106243373988
0.5737504767123871
0.5232578325301195
0.45306727323678386
0.5789398846826691
0.5736807106424824
0.5293237141802802
0.558889606485675
0.5955483844345115
0.5462919873775003
0.5441564043338305
0.5202666126633744
0.5753931395184724
0.5849164672820083
0.5654250810810556
0.5830133224565869
0.60639500059729
0.4627155951558798
0.5425059248395826
0.5566507239974376
0.5275748107404814
0.5171580640692988
0.613372620538437
0.548741895504969
0.5346996246537041
0.5006327488779617
0.5160301333546773
0.5271405664188438
0.591306559606224
0.5850058706334202
0.4972994396098803
0.5595781763086886
0.49834976561158373
0.48207095347887
0.5524156733530797
0.5386744388291153
0.5756406241856663
0.5675261706191435
0.5752082837383233
0.5834104208895043
0.5501441221638751
0.6451171253567768
0.6090878944085952
0.5381886749209271
0.6405739778608639
0.5902324736515757
0.5553123447695189
0.5318491625811342
0.5218289945340311
0.5618021772120122
0.5497216345387097
0.552100407613331
0.5775525743361822
0.6304112840751246
0.5595815601398026
0.5593492957764428
0.5768351837773924
0.501153485735876
0.5767042804292183
0.3805695817281102
0.5675173680303466
0.6129910102918069
0.5709298148385519
0.5393053571294256
0.6103477136157665
0.4654572236412977
0.5658560361916143
0.524110173663096
0.49291047107315356
0.47069254821879003
0.521470801079716
0.5323023119919388
0.5249525810872253
0.5663710411936559
0.5150515390951507
0.5594093932237629
0.5661584718842407
0.5137624272330197
0.580454815989498
0.47441257047390073
0.5843728130711263
0.46833571461188034
0.6024780285795804
0.5652554688981939
0.5333629634481809
0.5863522345985993
0.5452997717050233
0.5151547790434149
0.6176326603268767
0.5152016105177581
0.4975052617802114
0.47884077248287077
0.5781543452007507
0.5772749003900739
0.5365864516692711
0.5334399195174363
0.5262590887866183
0.4420722458980446
0.5374894267956544
0.5031567183139289
0.5645859861652274
0.5191282245439378
0.6071969305759015
0.4912505085970463
0.5643151205334266
0.5262377913366607
0.5583998281901131
0.5167328312697762
0.5378522104993619
0.5770338604115132
0.5435439902016166
0.4837516798779869
0.5325578856159617
0.5618646596059658
0.6130023767565586
0.5454327319835415
0.4732378365036741
0.5844975820583322
0.5529933294504622
0.5169216203767115
0.5872116089731806
0.4626940947098509
0.5623150637401965
0.48354998698456697
0.6022873038292842
0.5576302562944416
0.5334673304286517
0.5575190228546022
0.5591389786409537
0.5380948778559842
0.5979486521008456
0.46927086111455496
0.5376974286511313
0.48197228690747884
0.5445962136263107
0.4683113463674184
0.5729020109370377
0.5282792762324442
0.5826930175304501
0.5392549840599523
0.549931134175085
0.5421876577455197
0.4757135632339895
0.5674326700335925
0.5061830407145737
0.524190043262433
0.48566969313301167
0.5705447670849656
0.5938200840800147
0.5993981992762842
0.5366711397733789
0.5252234034336818
0.5736155065154709
0.5478693667644156
0.5722077219695143
0.4781485457687581
0.6404197270315646
0.5205380645265578
0.5732867212485924
0.5560711558655277
0.5105658174909121
0.515552539717225
0.6175102303665365
0.4319213996712568
0.49046888899248486
0.6005103747824243
0.477335895700834
0.5528031032138655
0.5296747706834928
0.432249862894146
0.5751949805290415
0.5941580427514191
0.5356768693311692
0.6215296330423288
0.4507809263106677
0.5871299445853875
0.5478263447959464
0.5678886414195864
0.503454642207004
0.5597325928032346
0.5792656780369957
0.5664891395343352
0.6204787615014491
0.5028734507639112
0.5079207376443512
0.5618113745264959
0.5484085029847017
0.5185890794852411
0.5313978668005
0.4947282202095096
0.44992620301333713
0.610102428326903
0.5281379670287778
0.5631563803090293
0.5559117732300434
0.5294554325973085
0.43672098227155126
0.6076504571107597
0.5500465160810293
0.5664609783002711
0.5428418954333171
0.5286527613361776
0.5093773764765694
0.49283568687131113
0.5013444258556248
0.6032046038715874
0.4814714488600476
0.5350661762174738
0.4396333973956995
0.6107796587343123
0.5240172893438997
0.4943453643310014
0.48134736361750025
0.5814450911609534
0.47048669214149363
0.5499077076074279
0.5467636319997211
0.575903072142441
0.4816603868018885
0.5620292356648011
0.5845655758670945
0.4945096543968597
0.5922425332672417
0.5914170307928606
0.5614467349392072
0.48686444072407686
0.47413753706750594
0.5206487409657863
0.5350176203926724
0.4861117503713087
0.5039923059010962
0.5413146527101534
0.4530354770895455
0.5124129739410551
0.40258797830494164
0.6293297761796689
0.5866476424009534
0.4851222311019402
0.4862309547541768
0.5831296813043565
0.4634208773925474
0.5460257821899478
0.5351451895915783
0.5819106184255795
0.5372982875008874
0.5876174353009275
0.4499317585796736
0.5133188266868387
0.5162616421138446
0.4525541703044807
0.4623755518102996
0.6006531369098216
0.5156606613959829
0.5779105584805901
0.5286643711043999
0.5284457816167241
0.45705505657028367
0.5572505800835519
0.5922458934296108
0.5799642376571795
0.4614976643271949
0.41992111752289957
0.4902489090509527
0.5721570122060038
0.5256652874907776
0.5841640294899897
0.48347287569174335
0.5993607081731049
0.49732184814350033
0.4885192354426782
0.4980272583401167
0.514824459200059
0.4752766739195565
0.5653360143269397
0.4693221482809379
0.518026703665063
0.5885215344967548
0.5345977272907823
0.5247200969996606
0.5662161513039352
0.42768495661853834
0.5300036879184247
0.53044319863409
0.521671471070032
0.4507992589867569
0.5320153339646275
0.5099269823409985
0.5641633647455414
0.44949875801792666
0.5558724386843253
0.5303767288126096
0.49361267831563505
0.468058640303093
0.578063649608297
0.5566579901205408
0.5715107762260019
0.50150027694176
0.5306534493119636
0.5024893826654686
0.5170715671419999
0.5138352440862577
0.5850368783203909
0.47566161343674757
0.4495046713278694
0.47613145323542216
0.5311060311214587
0.47995048917791794
0.4838025419786316
0.5219198209332402
0.5046454095088702
0.5001005926594939
0.4723500724620182
0.5302020641993466
0.5597355028488443
0.5444899835815792
0.5224417789742264
0.5662864435693306
0.5342302845596425
0.5199248726030934
0.4340730332481604
0.5260653832877521
0.5572927871057296
0.5576243957051685
0.4911240389016075
0.5326640049420608
0.5273397522261232
0.5040778108473974
0.4978719767076812
0.4773819107787739
0.5269927910017983
0.5479702321571607
0.44246039401310433
0.45565426103193757
0.5486003708958309
0.6310435774072907
0.4516640157584357
0.5802938286124705
0.5250345871323636
0.4930428593332585
0.563147352812995
0.5719154119979142
0.5843683252417013
0.45817031429143035
0.444084325372752
0.5328678810524423
0.47452094877563544
0.49741420786451596
0.45425274461522563
0.5329049899946832
0.503158940048437
0.4068270935951254
0.5474438830048218
0.5018185728759487
0.6160928054076532
0.4008368474487701
0.5837416784023006
0.49589855426147694
0.5105065239376254
0.493945928427791
0.49721984470009656
0.45607805047887007
0.5088504574913545
0.507796253170136
0.48678992284489686
0.5310704107050673
0.5024600650287692
0.4934532634657824
0.4981789784551551
0.4215782761086194
0.5657066630407883
0.509374357389395
0.5331193566031565
0.49147731961889535
0.5237870891663651
0.4886909797122373
0.5461106737023776
0.47603742175762936
0.5239879484404659
0.5160726345086999
0.5559423748169424
0.5867108589929421
0.5033007419598755
0.5531724902145821
0.5312632929587122
0.5303224387051231
0.4742411150933951
0.5465093209632376
0.5368591255176722
0.5622204388150656
0.487572772980357
0.5257840650253989
0.4912020891440646
0.5037274887790683
0.5221784508682997
0.45247358348374406
0.5006655549098895
0.5366835320029886
0.5096581451293282
0.48814786221593354
0.438695404175556
0.48531495489757176
0.5324105194501849
0.5654312811004147
0.5117617526917911
0.5037332674832096
0.4711202940725959
0.4632377993051727
0.5069471727504687
0.4839465823734238
0.5045645712898016
0.5277581374244962
0.525695549888366
0.48217096993679753
0.4840387088831216
0.4436990843963235
0.5838523319820494
0.5255173327618359
0.5068174062769261
0.5009131820292192
0.516559681243027
0.4886691892098242
0.519943024813512
0.5265816179829296
0.5224418854679451
0.5185647107208824
0.49304205255726413
0.4634029601119457
0.4873208330426748
0.44636967147966955
0.5175908992520522
0.42550214094089744
0.5231801291319639
0.48966473472797667
0.4173529786230429
0.5211413227406716
0.5476326593896805
0.5395855230634343
0.4877204111431138
0.41382869022771035
0.579069426878184
0.519060587903555
0.5296922400601528
0.4574525956490419
0.5436816607133819
0.5333607555318476
0.5228606937510846
0.4725813444464551
0.49107968637881
0.4022728500057783
0.5768118252789475
0.47419870805748926
0.47779366976376486
0.45614404397898295
0.5531931179914356
0.511590559440958
0.4083583959742425
0.528052460014912
0.547896461410857
0.5442780014097861
0.45942941706873547
0.38492301178784105
0.5301252926170422
0.45513988060192884
0.5740551066132837
0.5121527537714827
0.5360005446308564
0.4790850881342278
0.5137551030170073
0.4479615027242144
0.5278859910038408
0.540454501347201
0.5030817808516733
0.4776177255962701
0.556638585740629
0.42319036764192025
0.37205296841860086
0.4018289546378043
0.5523783570628689
0.5248985265460624
0.5009277917702699
0.545384446218604
0.5198272750368081
0.5725542932515097
0.45574274706436746
0.42161530636736533
0.4639395245687716
0.4838964989783715
0.4962703079103969
0.4604237234152998
0.5778447595155474
0.5820406340300133
0.5210184000493873
0.4594484610060359
0.36694605280904985
0.603380636219581
0.4677883752988182
0.4852190643982879
0.54317395717055
0.5596343964029153
0.47556734445135784
0.5542450102710849
0.41964547957482773
0.5040505416627215
0.47130934910699895
0.5466200835635722
0.5609564528086036
0.479068092755233
0.46471043411165225
0.4735285405863842
0.4898402122830108
0.49396596864838405
0.5136301087412694
0.4163968171317253
0.516221577677815
0.44361769979525467
0.5427215287185838
0.5619885683508543
0.49165086273489295
0.45086797160589
0.48548059526592524
0.5416400327385958
0.5209341202831306
0.476455390417864
0.5493701984575395
0.5357437059577638
0.5428625869271937
0.500438611140203
0.5407228458028113
0.43882822475163297
0.48190588043910837
0.3836676877804993
0.5246085698335204
0.5083940666389987
0.49101250176963285
0.4172796908164743
0.5459432394388258
0.6212904955969732
0.4202910291182014
0.4799993682532905
0.48040354913130257
0.5461008540831409
0.5312700954547485
0.4989319948216642
0.36142510648412673
0.388416577378173
0.5295814105367503
0.5179176280261124
0.48663450267498637
0.44820804963128
0.47809593890435953
0.5046023303836982
0.47385825240303747
0.3938685505844827
0.417307222681901
0.4260122971024874
0.2737066098657531
0.5190702683903564
0.5027215758699386
0.4592459000258338
0.3658415322516492
0.5719226571726914
0.4769837650860131
0.5207818025792104
0.47450440132760024
0.45858377824003504
0.46647232155869617
0.5357680029015678
0.47383797641720876
0.4880352728032885
0.4206900382276685
0.48429013017453837
0.4841527137808324
0.5255034804141732
0.42522275548397925
0.42751509189961057
0.4417062959485637
0.537842166023278
0.48071727802441255
0.5272622588319285
0.44952028733605803
0.4390005636825805
0.4443008987718201
0.588090544894164
0.46662013712443945
0.48312921884743015
0.4995569770892193
0.5009605918618122
0.45820104863515354
0.4963191373933845
0.4574456231548837
0.46418264203692206
0.4855727019585478
0.5055921851251901
0.5050777597412499
0.4838533542249075
0.417053365049063
0.43343517980128377
0.49573749909612647
0.5432882852050016
0.49071904732715643
0.38945445940642276
0.5594600655599122
0.5195836879372461
0.46206275787719536
0.4889584251591403
0.4861875502249364
0.5003571652906077
0.4028822908148678
0.4830745348778371
0.4495950147654497
0.5237116339058631
0.4960239596063218
0.5444596290623707
0.46604175634744927
0.5233326803799733
0.41662667538568543
0.5709591586260131
0.46313271545464474
0.4771550261159464
0.4443790929543828
0.4571807516324332
0.5567421300590099
0.5000650460391878
0.4862968128485796
0.4847354294558836
0.4646329886393753
0.4842912747013862
0.4144113535651675
0.4947054865180959
0.42666474457163905
0.47602778541725926
0.4766348150169919
0.5403795802402213
0.4230260225416636
0.5105661169419498
0.47549883728409326
0.5705066902726703
0.4201830769000816
0.5298606623685561
0.5995234786835159
0.5203725002139146
0.5651417176511568
0.44857349533086976
0.4363369169639776
0.42317984245800266
0.49968057317249154
0.47201860744059704
0.42421342059317607
0.5259760386074761
0.42233853884376804
0.520640925708101
0.4193634324337867
0.4289922254105301
0.578506515047639
0.4740113886918884
0.48058829878073295
0.3952063354869225
0.4732209332352667
0.4882544531543148
0.47980841001144026
0.40311773265668893
0.5707321751889252
0.490167792266769
0.4809650898771177
0.5268371007587056
0.4736177451197713
0.6212513293764096
0.5080099915988514
0.370188214734381
0.4371442540860448
0.4486483431484885
0.559192616674613
0.5044834380444445
0.43460946589851357
0.5301497807703275
0.4715219279499743
0.4531931745990204
0.5011793981267723
0.5001806223497749
0.4340560339958704
0.5111091562488677
0.5065719123851934
0.46453909745499067
0.4416906355891152
0.4358979838371987
0.42965209317622965
0.41011581477253484
0.46727786187020676
0.3222683478303812
0.48954078105955884
0.34095959222558603
0.47005806680382295
0.5141305490107211
0.48876421581981083
0.4384023532873799
0.5586972498392031
0.4642893332015984
0.3617325551834627
0.48878106288100687
0.4504031131830513
0.4871587490378736
0.4968795894300603
0.48799162498611837
0.48812618070990615
0.4794867729862947
0.44122909098386104
0.4457845878292389
0.4529795805757673
0.4197766259041405
0.4421836730768617
0.6831013116501816
0.5729834110760685
0.4672742574802304
0.354646681020256
0.4145011254495367
0.46535416607326674
0.46747336327823275
0.49821292643374304
0.5218282266669361
0.38730139825067966
0.4390446328124944
0.5863810521415433
0.5489238387675646
0.46266837854727855
0.4636446924998433
0.40034804893747433
0.5651825688759166
0.45980953129162155
0.4964204751606924
0.4055109053184626
0.47965056310039145
0.38711649788562535
0.48942602179097455
0.482031854939349
0.5629311885872488
0.48203128662682326
0.44718739283147996
0.41890549419828266
0.520543191990711
0.5261582658218301
0.47387235960250934
0.44326021867599497
0.5415164753061854
0.38966527486500196
0.4896623540745032
0.4538691053485674
0.4843842736584561
0.46177160302446774
0.4442595415548013
0.4143229076153195
0.4549971548851275
0.4767281635430285
0.43893631666466576
0.4435258460152178
0.474706938266307
0.5488168679370318
0.4377445409789469
0.46706101726492166
0.47714637050738257
0.5320051085186506
0.4190055863696608
0.5026646301930295
0.4520946649999587
0.6763555494983964
0.5317186176928776
0.39290046141360546
0.4174023477277296
0.3431952374225925
0.5234290785415058
NaN
NaN
0.5169884490908844
0.39093145083798503
0.4784126064619031
0.37790227939335336
0.5439867926869455
0.4828701693990095
0.3755513260859088
0.47144851083742106
0.487719106349755
0.4878398718974755
0.41579203169910794
0.2609870298578582
0.5516564403056847
0.5004041798214682
0.46737600654801686
0.473977943483819
0.5041111991163746
0.48730918903851655
0.4528465794607725
0.33279610080970745
0.5555834087260001
0.4782173646635427
0.44589207176912804
0.3868098934118711
0.39194041416680037
0.38612916763779603
0.5270834387131063
0.4711701054214269
0.4957784252791436
0.44799978492063486
0.4401832206767821
0.40778763749512786
0.4970742296440397
0.40732737867588276
0.42976484021911654
0.4350917162153773
0.4664359132443597
0.4067574629619539
0.5278717713450969
0.4512758777694472
0.34895337102808394
0.4754454670182141
0.4798724060589472
0.5237544254007153
0.463138749603072
0.4591888248018085
0.31485682074470167
0.5167904563645036
0.4384288204339324
0.362709614489538
0.4962933038865187
NaN
NaN
NaN
0.5329614851352018
0.4450563071713264
0.46516161991873517
0.4259526417707685
0.47387207677410703
0.3936214399970704
0.5820508522291671
0.4780393566446044
0.4888789688758154
0.4039361191179185
0.46633396966166246
0.3892751398330463
0.46033932515279447
0.4796972169537117
0.3980322466714791
0.44889569823893405
0.5030170316793049
0.4973685895008567
0.5382908252225872
0.5181208351924854
0.4900749827585497
0.3349054951661027
0.4312889177655094
0.49910272126677063
0.35892492759613986
0.5040084514101034
0.43158131521700627
0.4644881083031698
0.40739726303686064
0.49879575576880575
0.457243836553051
0.49317354905283306
0.5217552128940144
0.3872097728107985
0.4121775388673504
0.42827379122404563
0.33474283243347125
0.42789663121452276
0.39148996922439216
0.41909820437956624
0.42195285944529964
0.3748605030361821
0.5305798693289642
0.402994808551564
0.4429589218530485
0.48481805170498493
0.4921051628766916
0.4830729595819573
0.5365919671518384
0.4815257321795546
0.4789620140048655
0.4475710093719859
0.4031929812502618
0.37954375893472253
0.5161957069895589
0.5709040229424984
0.489620185786766
0.42308930694649993
NaN
0.41557934280992515
0.42070084227929483
0.4981352028407432
0.5220492671882824
0.48692062125375557
0.46050514368323237
0.40804055315872256
0.4564708753973892
0.45405690638537977
0.5383163215133175
0.5213156285592668
0.4685042407931701
0.36553530234465226
0.46423607130203814
0.34495070610103484
0.4955154228009356
0.32202597124326904
0.4959117619575757
0.3668951040451044
0.49818807034748824
0.4901619016742208
0.513405964928543
0.5232490432508488
0.40962067811490943
0.4111910023169131
0.49275628379994363
0.5466499284929089
0.469881522932342
0.44985991635635714
0.5600831991292349
0.427223848266807
0.44418122260784426
0.37567693353233356
0.5088121407099288
0.5382241820643291
0.5060343212942648
0.6113727531025992
0.6648934713867967
0.4929732974837292
0.5171157598909433
0.6630201483290842
0.6246220530963156
0.6651278874818484
0.5765661008018471
0.5824173684809603
0.6302082774745555
0.6051273624337002
0.6774937527213034
0.5846680652916183
0.5886354703306858
0.5705218099868234
0.539811114588247
0.6133111285903551
0.6601853879412277
0.660922898956195
0.6255214834589129
0.498021548313713
0.557010223076637
0.5422053013274702
0.5272128205256548
0.5978228064697302
0.6102454915791731
0.5962674939481601
0.7016785265608376
0.6001870469588961
0.6665658826786578
0.5560217138307436
0.563429292541437
0.5387151789669234
0.5858374005590591
0.5923323321211974
0.6604836895343076
0.6036786600991854
0.5551731399166662
0.3861128089161026
0.6008683814162478
0.5841887900412497
0.5692497070352401
0.6439468922146319
0.5726605651194789
0.5727708087380287
0.4947646597033081
0.5657617530530891
0.5995856293003691
0.5354488601630243
0.5547393564812318
0.6457686213337979
0.535831437745933
0.5944111846081963
0.6310375209148018
0.5833368926529969
0.5979745876598681
0.650936440330131
0.5973761147138573
0.5993963483773717
0.6048431361179676
0.6416090789469535
0.5771357238210106
0.6674438639793931
0.6144516597170873
0.634656855190189
0.6410266100268864
0.5221289473329966
0.5493567914761228
0.5736498224884258
0.5601753674431004
0.6315785040653566
0.5933201318933927
0.5818598230570837
0.586420518723342
0.6139550698161945
0.5755094953826545
0.5200515578537701
0.48661388270017164
0.5336814873257103
0.6137229339628654
0.6224866427686594
0.6274377909567225
0.5942229630981053
0.5516140287572248
0.6189723677018322
0.6040494746734978
0.6495040770879617
0.590782217657072
0.5467110944968068
0.6133224191753337
0.657844470528896
0.6085833035944805
0.6605347503853938
0.5960544925474746
0.599877252366365
0.6187012834847213
0.5643998983958778
0.5240851918101733
0.5471154320197414
0.6116575899888455
0.5759211346425017
0.5601922152443565
0.6169917093762433
0.5221556408013796
0.6301438665162744
0.5634821315059613
0.5920779731150924
0.6355221330881271
0.5955014080508628
0.5798128748306194
0.5336463448894754
0.509021617021818
0.5580061587269972
0.5906129586440672
0.51601898589585
0.6011464722253755
0.5499138779476644
0.5411212193223838
0.5441447448244339
0.5259543815310811
0.6729848100161282
0.6136096373829892
0.5622661292031019
0.6096569579758019
0.5499433414639927
0.5484457301610025
0.5328301358648649
0.559222145831525
0.6716629666021042
0.46348595297376993
0.6229070542329753
0.6120513198956581
0.519492997247806
0.655371054093672
0.5992100021292246
0.49377655872014314
0.5107005136429806
0.5578298460666034
0.6611852341140343
0.5361064752557347
0.5960782214836916
0.5715538785594683
0.642130848035577
0.5501483414740497
0.619027717620176
0.5870131995428888
0.5951500241143816
0.6874876313847456
0.535641350393371
0.5726832352224963
0.5423612222705785
0.564352287222903
0.6303657580362377
0.6245108506312792
0.5346427939298846
0.6203488882379821
0.5866366197621313
0.5799455571391995
0.5564110015577146
0.565017403637424
0.5685044267797352
0.5897105514750244
0.5501662574596443
0.6130087242203849
0.5037512804480573
0.5345642016649637
0.5879689682077108
0.6108429835028559
0.6437392700384337
0.5045028139391233
0.5928577603650981
0.5746101664681632
0.6057372778422074
0.6142673687854445
0.4707199696441296
0.569311281899102
0.57849578398677
0.5153321014439609
0.5543639469155458
0.5007622754237115
0.47425477158467133
0.6420023903429083
0.5386870104383185
0.48962774672398146
0.5255712851175183
0.5290920077490748
0.47571146513037765
0.5115061778024168
0.502188118695801
0.46387070252425533
0.5824166017538394
0.49887480120691263
0.5372659667817823
0.5542032437141254
0.45746218543611433
0.4920473907197568
0.4588586797917114
0.5047570128140373
0.48513069864974734
0.5038684041784004
0.5299023454801278
0.33884484441915813
0.562281920098805
0.48429759479069184
0.4927114530386222
0.4861791968975006
0.5986007985287445
0.4880862688719061
0.48622367558221524
0.5025357414672396
0.4471356558535282
0.49589677966255935
0.43567314113550787
0.577807382424611
0.4816856523791059
0.5092632765551248
0.5092914761818147
0.5435889248614018
0.4700202152954603
0.5687210863909696
0.546831112526865
0.6141080787352753
0.6055151845261885
0.5421909011451977
0.5370613656418013
0.5313597448044471
0.38052538594955737
0.5618380468145538
0.5447876894381467
0.6501616550225319
0.5989569307996854
0.537165194851324
0.5957631076167889
0.5911948322158933
0.6151823756626781
0.5637317638592654
0.5435548497889002
0.5770484148484882
0.5056912436819567
0.48878470357476156
0.5564204354406507
0.6147604618123717
0.582526946435469
0.5594239213220442
0.5998502344005647
0.5922447356441835
0.557405309911835
0.5474929985683474
0.6017662207796877
0.5470622308669068
0.6330736224347169
0.6427497117936938
0.5483956811650519
0.5247319855074988
0.5378974633984701
0.49031208631893025
0.6336356857068948
0.6228326629142034
0.6294631776098389
0.5447449560879466
0.49361324365132536
0.5754416298758777
0.5244366550946794
0.5714109054910914
0.6383988264882412
0.6234956071910343
0.6296561544220773
0.6170700329435539
0.5528994090468934
0.5248965735542951
0.6037645060132771
0.6007805576039769
0.5776038355432969
0.5490140605915508
0.5229076061294162
0.5817704690899406
0.5637910094885648
0.6101644756699887
0.5781619587540054
0.5175279263884074
0.5419524027715041
0.5706848505721256
0.5284584436399796
0.4272880422422626
0.4900777044260156
0.5284930804431847
0.5210718609025018
0.6415352787968808
0.5231053235325855
0.6065596703376597
0.6147488903188081
0.5044580599601537
0.6208379394416845
0.597072106176563
0.5691352132800177
0.5347077018323823
0.6093745394258638
0.6158717589014178
0.5364002657042286
0.6265240356764488
0.533195080641713
0.5082219609030869
0.5106719197190426
0.5734149061075214
0.5389631302387229
0.5083201265760321
0.5631967151072427
0.5705950242525348
0.5396048696675108
0.48126101811985833
0.5075947654889403
0.4522153049664337
0.5306725246146271
0.5107043845008137
0.5327229303065798
0.565157173875761
0.5804716239864248
0.6331251759467824
0.5877888203029594
0.42416514887895174
0.4977098508524649
0.6255894119321116
0.41680894528467827
0.6615707578342434
0.5635636823921449
0.42727048420927166
0.5543750088809295
0.48413534561764904
0.5712358665572255
0.5041712193190641
0.6464219670876157
0.6282403561916112
0.5969461587610909
0.6427817736419188
0.5362735775782107
0.5071057365350615
0.5330545063557873
0.552434083769133
0.5898880133226091
0.49526559984440277
0.48096324135348817
0.6199635474124938
0.5128809475991569
0.4774859034310056
0.6688999059652593
0.5505050186264226
0.5915147153566268
0.5307362051382262
0.508786357054315
0.5117260942161793
0.5940909750464572
0.393902664113595
0.6232754609277393
0.5240606997931633
0.4802294251565156
0.6066143580155833
0.6355754001415076
0.5502221544272309
0.5890185941217723
0.6000967492640988
0.5806144690354585
0.5368105289984992
0.6304417673418782
0.5547830777306078
0.5375648519821763
0.47964599074753284
0.6101555090401194
0.5703239325887729
0.4721486495137367
0.6147652534110953
0.5030766733904277
0.5293424789931287
0.5843623084846739
0.6593618181601102
0.623766115837735
0.5539451372701688
0.5857429293064245
0.5456397687412036
0.48345323439621035
0.5541250329410863
0.5167785356195886
0.6034051221536171
0.6110123678779342
0.549473171302357
0.5177070659286483
0.45867603405015894
0.5439513586328755
0.5978529737654568
0.6038292939684048
0.6311382044832985
0.5648776879520762
0.6086685434981807
0.49559686775605016
0.5764424029116515
0.5099435479705366
0.5200880990189984
0.5783170496225828
0.5987848564403064
0.5374446386523954
0.5966855810965427
0.5410281440416695
0.6135060662196339
0.5665884068542089
0.47323265860863223
0.4950565806767502
0.6134384212833478
0.4733598228170086
0.506449816898084
0.5795286853353863
0.6134125968194024
0.5880867450250606
0.5683256912994051
0.571241365415233
0.5397056974617457
0.6042838230682805
0.6295015365216518
0.540129801669682
0.5673839665713307
0.46251959701653744
0.4996563605857749
0.4743952144990544
0.6276787552975428
0.5343651174300851
0.5415004739872114
0.45768714711728214
0.5010761690078239
0.5269972271733482
0.5127938936299659
0.5813310179045987
0.6199907073427304
0.6000517997052416
0.619186454332205
0.6056475074786214
0.5915674483723652
0.5126717365356042
0.6454463573653275
0.5102969284650061
0.5292393387250791
0.4364058901172044
0.5576929254013483
0.4445439725794153
0.5811711945281894
0.4974980623930791
NaN
0.6102973818373102
0.5977530031401732
0.60649784470383
0.5064078302827173
0.5097685126175678
0.548607083201753
0.553287198406448
0.5826373578853782
0.5468382948856462
0.5387329783846957
0.6387551967662817
0.6302973287900524
0.6079318801363639
0.5451026087448716
0.5426816734891806
0.48281427201277954
0.4509398012114496
0.45384242716984036
0.5681863504271435
0.5464741941942081
0.5712660210891627
0.5326024960034133
0.5644059424763748
0.5705501964974968
0.60106840001589
0.4648594960546971
0.4470153073832173
0.4879013759322682
0.5551349514341488
0.5400003465600189
0.4918896273699821
0.4741635386429923
0.5236147547865548
0.4395311794011466
0.530130278638342
0.5520243308919267
0.5393280225693229
0.5652432958065279
0.6296508410094617
0.5639352270223515
0.6183654302250972
0.5460126794523015
0.5351097084568857
0.5942188434939271
0.5384136998159306
0.5045167892730757
0.5324184736806925
0.5459784354799326
0.554901752606556
0.5270063287873619
0.585859962365313
0.5034863001348513
0.41922938769645823
0.42988566225173697
0.5237078196792302
0.5609279358272294
0.5105209351570379
0.47370287380593296
0.5329757685766249
0.4838888729642514
0.5447851436234015
0.5725412410096359
0.6163575731974311
0.7567979060043261
0.484524317943011
0.5692075476401997
0.6027081054371491
0.5766263303238565
0.478866663374011
0.4602684343603337
0.5802896395570294
0.5762875973925562
0.5304475340383672
0.526903278745509
0.5397593194693374
0.6280302019260486
0.5286861072422188
0.6119719585157201
0.5158458238333484
0.5121944914920925
0.6351808030838167
0.517054654416702
0.5673564164174542
0.5001920955771986
0.5095323258488376
0.5340803473307938
0.5478950492160891
0.47802332064465514
0.5349002109463046
0.429133181333217
0.520962565488445
0.5916381050717011
0.4910131927484439
0.5550413436218878
0.46897419214714997
0.460300988555009
0.5919874323972272
0.6071585940934072
0.4779424256793286
0.47886356389126233
0.5206636150029844
0.5012566467930031
0.5717813571922209
0.517970523674895
0.5526741778724523
0.5287587831844347
0.5834093409037272
0.5218152619333625
0.5380409167030911
0.565680022265537
0.5399382490915389
0.5134503179189223
0.4844061606180324
0.5649834445509146
0.5440397357873551
0.47810298765135517
0.5591097195885439
0.47186602472641226
0.5209038845503461
0.527512231154736
0.5073326975099668
0.5087612555427492
0.3692830939046617
0.4695316508262949
0.5387749170275755
0.5779292468669628
0.4544158848697191
0.48120432682109493
0.6119330546453182
0.49606473246495797
0.5555762858007292
0.5438413579619044
0.49657059594580844
0.48434248694417203
0.4653617076076874
0.5743148543142194
0.5499667679634465
0.6075014024828089
0.4973081554265989
0.504988408568898
0.4974480699032884
0.567505293525582
0.5244076740669561
0.5326416742150931
0.5427477894848766
0.500848532577175
0.576353149366476
0.5391441386933289
0.42893542926676914
0.48691429184563056
0.46525200058403654
0.49648114149652667
0.3687527398016216
0.49016184298699983
0.4982673235576767
0.4952617288375859
0.46962441894474444
0.5041418990305819
0.5819980133473236
0.5195834084438996
0.5625257800021662
0.5514831135757349
0.5083897668539556
0.5350850229280444
0.6033148427201447
0.5061079278714716
0.503934991178375
0.5803691747364041
0.4673804950151375
0.5766323887360645
0.5819559373517079
0.5174681015054661
0.5750949964595804
0.49669398823113137
0.5913013550167665
0.5513562709085382
0.45943694514928424
0.5568676009853606
0.5061605582355526
0.6374707363343696
0.5138018614477317
0.4991878141145868
0.6244845066115484
0.5384199403661978
0.45080010316641006
0.5611732577186094
0.5344182083087925
0.5264707199821204
0.5012310630496987
0.5110152397416494
0.5044614346254322
0.5479920724283437
0.47145823258183334
0.507454114877431
0.501385248135743
0.5181979129298327
0.5322889779912319
0.4023963574347979
0.5035587264662017
0.5946885028977071
0.5763021529540159
0.5275091377655184
0.5163576204901555
0.5288914315097528
0.43019317809971624
0.47742881419177624
0.40182927927024525
0.5381665843939178
0.5446128535281878
0.541659320894172
0.5259729211858832
0.5075600749038995
0.4748833963033536
0.49694497874345966
0.5642906143050297
0.5710356958037078
0.48682391963871485
0.4978193130554791
0.5664187947876547
0.4898599068978825
0.5235858409452886
0.5605360225290595
0.558936893785506
0.4990477254733417
0.5190739386645419
0.5534957374303717
0.4813571419722801
0.5555406699744923
0.4873106138078411
0.5335821144798729
0.5099740034931735
0.5425714435921785
0.5696881690163988
0.5037450228781258
0.4614685789432119
0.5563330250878875
0.44321900987944096
0.5593754937334483
0.6017612161560868
0.6082359537182345
0.5848391239700836
0.5195249639730636
0.5170709766335467
0.5464894642950715
0.4531687142833204
0.5398608202849298
0.5349168174095653
0.5808226831078662
0.4505125267871173
0.485943755889524
0.5920466275182763
0.5610169765349193
0.4531301427207648
0.46441161814479537
0.5071894762687233
0.518951936651241
0.5922185799799032
0.4663526372323976
0.5193553804632968
0.4995288043999421
0.4931230169297457
0.5139541235456158
0.5390315025380629
0.49828001490510376
0.5065872666323732
0.5471140739430761
0.48878775577022093
0.4572779388010633
0.4225070846488735
0.5114054903106214
0.6151160499942429
0.5143159267125657
0.4716128931990261
0.5005455706161787
0.6653524815566472
0.5605167305338915
0.4126098530895222
0.48384181910838453
0.49879447297130824
0.5487163686199003
0.41649158271000486
0.6101593070202724
0.550558646715357
0.5479226833572264
0.5778145920764383
0.4124049523064179
0.5264265468297201
0.4374138043448955
0.5489039977812485
0.5168621540304551
0.5625831230238075
0.590652357805733
0.5306568619560821
0.5277507737362026
0.5163613730100188
0.5508991576064103
0.4931442516955628
0.4976965033684898
0.4620735708085585
0.47431732748760125
0.47730409628222387
0.49169285446483946
0.5027189136125432
0.479115567248009
0.47157119023403277
0.5158609627178489
0.5555900496913146
0.4959908507442158
0.40764999833883414
0.5740152923563635
0.5350393026370759
0.5392926393916525
0.40126234250255266
0.5327580446496947
0.5228201523080146
0.4568203942777309
0.49544894186860333
0.534455552987865
0.45936919726033765
0.5354595237631304
0.474216945660891
0.5209699065844607
0.428703260701125
0.5417605485227394
0.5742015996199917
0.5162924192589713
0.512843758923209
0.4453133722290864
0.5014816335135464
0.5866990618276626
0.5630754908485008
0.5735326638134481
0.4724987433088942
0.5266003896448737
0.4962547458178955
0.48492891380193487
0.46693383708831354
0.448649084259314
0.5145056375818506
0.5113915323514792
0.4796206475726123
0.5605860112717778
0.3831727473789452
0.5944867845336017
0.49325379345350234
0.545529636053341
0.5117949307752411
0.4567769226507156
0.5409878006197928
0.5024538146740236
0.5392012396821604
0.47972901686985747
0.5364642790361603
0.3782336054363929
0.5467273614230814
0.5871823011994746
0.5310403172395877
0.532577631674125
0.438658289034562
0.507405275219807
0.3632930529269459
0.4124740827729698
0.551722846509539
0.5083632781323362
0.46982528647347566
0.4238294381481277
0.49169226519997267
0.5239698886067978
0.5224632865213569
0.5136336832663115
0.5165444490187655
0.5225418081057607
0.5230301208206785
0.49092235182739874
0.4486464833505157
0.5599147445868748
0.4664551102319366
0.533152132794499
0.4637873563667766
0.4064546790320788
0.6290574914030997
0.5188736362103887
0.4119318653857841
0.4888341167855902
0.49808291644848
0.4427636341289358
0.4689965056142783
0.5650351861853237
0.43921049201064033
0.4821195978599304
0.5602164658398076
0.4392440103635282
0.5593689843045954
0.5025901860145399
0.5137095642195912
0.4722351764795464
0.5163586789566502
0.43705965777958866
0.5317007073067354
0.44706099728681653
0.517791058174982
0.5670333686736455
0.5031356992403306
0.5082297368304873
0.4649102494077443
0.5816540190361046
0.5169086035437891
0.5094436333032035
0.4864282343830618
0.5868645194874645
0.4634091945955229
0.43721211062522514
0.5626683477940629
0.4489815265734339
0.5020750678706463
0.418691739624906
0.5083031726920888
0.4540201236034146
0.5400580530101722
0.5478264973047304
0.4793782369318976
0.5764792712173634
0.47987092144043936
0.53113111954151
0.484877277465175
0.5008019746866411
0.5638326700959583
0.509742892209163
0.47450435870356733
0.36393983737042546
0.5557304678958797
0.6115577192546058
0.5031709587860623
0.48252616218371774
0.3696052872893633
0.3206569069398987
0.5111429956053877
0.5390556108879406
0.4309888067042532
0.43587314553523787
0.6143995675832079
0.5603237866674826
0.4775823275219226
0.5234309069579633
0.5443055119911347
0.5314969543418562
0.5394255171826634
0.4523781488000327
0.4706641594510909
0.4689819425562174
0.5194743666518528
0.6496633722747234
0.5113354565033027
0.5239892904352488
0.46268814486984744
0.5308990661335684
0.535832999995473
0.45792536953539287
0.41873281418875796
0.5234068395463314
0.5480463866280034
0.4544440908868993
0.5180661738528434
0.5001448740703089
0.5045826741999108
0.48426556510576024
0.4488511903795997
0.42587478407813817
0.4595743925107755
0.44410803158606704
0.6017075557175213
0.41826757688951127
0.41903005969228246
0.45570020082808754
0.5340773916602585
0.4208617782386865
0.3547638070639372
0.5709676430584844
0.5404048332401545
0.4174209775621779
0.4082594506204857
0.5247899664509331
0.47544434752507314
0.49716195998859475
0.48072562992505913
0.48383407304580295
0.5384260525520724
0.47063551897197015
0.5231863082616128
0.42370689075323026
0.44580480786774385
0.49170097580166294
0.3920766123059586
0.5471804027549675
0.4073808607012621
0.5264054745224284
0.518456873912496
0.5242213959670272
0.543323944924132
0.544944060507879
0.5073818563586563
0.5017794546251106
0.47001061098565844
0.5533570317488563
0.5283002711013379
0.6345318740552065
0.4336356501132892
0.46442450123671913
0.5365899418210656
0.4941668625293597
0.4422977795517437
0.43615767901666913
0.561237905595086
0.5984413571162217
0.3586077663760799
0.41507679103716005
0.5539995622130411
0.48123512483002473
0.5266193978913092
0.4609647591839818
0.49799279087585296
0.4761900924919503
0.4922084755014432
0.4640064089350835
0.47256289648236044
0.4554126093513052
0.5182477013702281
0.47780177211109043
0.4978723651781899
0.44512883742685955
0.5264140006328957
0.4820043168113344
0.5523304530884429
0.48089151789851564
0.5569558592967996
0.5091409043302513
0.4290904940657482
0.5367439487493477
0.4788058661137666
0.5258245122491564
0.46414981882303097
0.47092103635078386
0.4473924903434282
0.4872940329523936
0.4645901448074331
0.5114631014349135
0.47629667428219424
0.3948837878215042
0.5218738955783329
0.6087803533747047
0.5143216430074671
0.5260716002904127
0.42377363203235463
0.5067567913506346
0.535192306986225
0.5142807701032901
0.5150401562142324
0.5296658440368234
0.46986671161815236
0.5421684613415488
0.4542945157445599
0.4793803288297873
0.5500698223064586
0.48660879373976096
0.4360402515435295
0.4259062939230539
0.6507665186455337
0.5116427634511582
0.48938049699105274
0.3801110136146008
0.5409531272877623
0.5106160475978979
0.5073454928444462
0.4719298179587774
0.502402620368993
0.4314670412932495
0.511982459662754
0.4979919222035892
0.5434255749533813
0.5056551165766465
0.4729950317962663
0.5317271006884667
0.49528529773872576
0.43888980759746826
0.5366149252751647
0.44661151891175754
0.43383358164624786
0.43703763166846665
0.5920811209882506
0.5937817656515467
0.5090094913248471
0.4283907721125182
0.4871017262720101
0.5483397852949943
0.5600480523198809
0.4613213839059379
0.5148532445188296
0.5437151552831784
0.4543567987286746
0.5400652678094036
0.40628367315419284
0.5682004113141403
0.5077477086243503
0.39243694952780395
0.5151337092138986
0.39043280751186626
0.4889707310653387
0.5467081387810895
0.4026207417519185
0.49746566609890774
0.49865935891804575
0.449764172175301
0.5429621887031651
0.4489937188245812
0.5514832297732075
0.4606849609435709
0.41686881877100435
0.5034903001132802
0.4913403730902396
0.36930134578899615
0.4787230758344352
0.6220371925169155
0.4810793379537534
0.5473705148965438
0.43899885297848923
0.42052224206983313
0.3658362927606034
0.5272144443768152
0.48721959820155425
0.47030397896409204
0.446558009120326
0.47775178222239206
0.44379042450489825
0.5196306754050771
0.5370630327779645
0.39632789979911975
0.4170881897668677
0.4244768039644183
0.5274343773386501
0.48642197778730295
0.46072249464511544
0.45412841655211916
0.5379893904717116
0.53858073861518
0.4956266897719006
0.44214032177942786
0.5144619079861082
0.4569873441777534
0.5771053902737379
0.5334143105950792
0.5802032756704716
0.5515663401567125
0.5797982927236264
0.6121446086801751
0.7009968778288751
0.5682464079737872
0.5548732272507776
0.4744800090880913
0.5704526743460162
0.5319700524948757
0.5860825959035052
0.4948408422562126
0.5110758899104113
0.4037265202553277
0.4819692842069143
0.531587728306414
0.6107033177941327
0.5021917419422466
0.5909902639524731
0.5994751573279773
0.6113227615972552
0.45939721642846376
0.5097972843320014
0.5325448030675421
0.558839201316479
0.5394246532610661
0.6620901797812648
0.4389120962100065
0.6056407061919276
0.5260590773945216
0.5272954122717
0.515651179302264
0.5026962530793961
0.5621525770657066
0.5531764565871694
0.5102116774964294
0.6260102695030836
0.5996233480113459
0.6144789395792116
0.6232652928784334
0.6243854730603626
0.5894101684767692
0.5432884280334978
0.5625987616886652
0.5977473239085995
0.5724673462875961
0.5893422580945067
0.6356258477141328
0.5090210358783449
0.5417520606712853
0.5047087066016626
0.6127881538300006
0.543150319514554
0.6256687543042357
0.4848685974254458
0.573683161173056
0.500656012897902
0.5600987765720676
0.5702907062902212
0.4415011928619073
0.6333138739204272
0.5998373826932002
0.506404661920657
0.4908423968254138
0.6025884356075372
0.5556792056714762
0.5252041908709918
0.6030640046663798
0.5762300320005205
0.544161730632345
0.5702403404312087
0.4675467239560245
0.5810513157767515
0.5298430542198289
0.6285757849266542
0.4740950570731154
0.5648879714307732
0.5629992795528891
0.5497497955669334
0.5506815303124174
0.43085043652429506
0.5480162208592007
0.5072466348478414
0.6399095853366081
0.45228718872146156
0.5279120505233407
0.565024165370105
0.6005869077602418
0.6120291297536594
0.5833081376957049
0.6110153947033214
0.5508644510159698
0.5027801228104505
0.5763932624908956
0.45249407156328136
0.5901804398213853
0.636937947245938
0.6039957248820839
0.3913861301715358
0.5386181750707756
0.5624628498193063
0.46108657077703513
0.48097614183157217
0.5634557472954649
0.6606315743433788
0.5605535277665108
0.46901588664427696
0.5954531638403011
0.5965133247788634
0.5550271230332184
0.4726848462665304
0.4627785187911212
0.5985998358731291
0.5791585480033576
0.504024875950393
0.45820513724741224
0.5417713845596684
0.5580875208018758
0.6205781690066071
0.6225360648817448
0.5262969448841296
0.5087983687638513
0.5328031907002352
0.4814060899692931
0.5814823246731232
0.4859892226692417
0.5497983043616836
0.5775242908846852
0.5363785452511995
0.5374067693647955
0.5729823290861846
0.4792624692082989
0.5554828540011415
0.6205765099296467
0.568635652987125
0.4613072893544695
0.6048006266318466
0.4166113749926888
0.5887724745403398
0.5098275096796557
0.47232536052064666
0.5212885863188739
0.5293027512462855
0.6545241719346692
0.5527107390979821
0.46985387287662883
0.5812512855216726
0.5374960523203541
0.616777402638369
0.5138147327061703
0.5499204784145826
0.6034616934052925
0.5597374053214552
0.49890072100693034
0.48329457517133945
0.49693013331308045
0.5997885522207727
0.49759998543321793
0.5284681435573286
0.566617153994079
0.48338123867134586
0.49982962294257743
0.517451065683417
0.507045514459277
0.5055010157528637
0.5599413564704907
0.4732398352418
0.412539317566144
0.5586482084110831
0.5658624375612796
0.6104712141823256
0.5208207491595018
0.6260886872276561
0.5533918941020332
0.5014556528455191
0.43592469268524814
0.5767676926324219
0.4573280665283635
0.5172216551265615
0.5653678453134011
0.6353663652039546
0.5829069966619341
0.44256347348085895
0.49370231777904916
0.5905418564044412
0.612433382857869
0.4271650248418332
0.499587571335301
0.4714438335016907
0.6051474417349942
0.6208545546039785
0.5834635353403379
0.40560011184624145
0.4996613586748625
0.5776660628392595
0.5842064877086438
0.4276515169087018
0.5715089513253988
0.5392750059379872
0.5285040914647784
0.6514928576986311
0.5905295427428421
0.6466775376776097
0.5889506090286324
0.5251723666432071
0.5581491674705557
0.6081137964232777
0.612605591264568
0.5257773953377598
0.5173439542400334
0.5982342069860855
0.576188774527454
0.6456675008867129
0.4878526840573027
0.6016796247555727
0.4827394556813669
0.5679656695648647
0.5221229482947453
0.5027642189861767
0.578153186093606
0.4830684936163351
0.5583523392477263
0.5316637803367533
0.5122930635899717
0.5329564881964012
0.37808129085230024
0.6472120039471772
0.5028635872235816
0.5461004069046996
0.5162037653007565
0.5880808084565675
0.6328328707693176
0.5189502434457554
0.5965470216056847
0.5787349978025319
0.41662957032908376
0.4581843282810409
0.6001644092713555
0.6186921363571293
0.5465636392330798
0.5213396083535096
0.5311243071278077
0.6125899041550245
0.5198847352526635
0.5555211499412811
0.5777554090512595
0.5334119871019154
0.43927433152534573
0.601258257745392
0.5296789633888265
0.5771293876227117
0.563593857316058
0.5597277746039293
0.5117925054330912
0.5733324029414314
0.5019626541082377
0.4934327819002925
0.5219748761013908
0.524317583686717
0.5199614424188187
0.5735869066696843
0.5445972589493764
0.5954472410050171
0.48536275094311687
0.5393952203944195
0.5616937322296865
0.5652938318703479
0.6148868620356891
0.514758902226566
0.4927419194981269
0.542588333101927
0.5589327019300472
0.4739475120886986
0.5476172683919343
0.18093010962165462
0.19414099937236992
0.24679919384052001
0.2426937647690052
0.16400489259641268
0.22358343109893078
0.15913806689292626
0.19606088298855145
0.15321184073825078
0.21724407162517023
0.21453759123872196
0.1361044068226304
0.15082348653482108
0.3675419495911368
0.2338075633801926
0.2182821762280141
0.21596025107929076
0.13222645431115546
0.26677531008034433
0.2861641797806193
0.14951345007073255
8.475231980911838e-2
0.23516438742134174
0.20869150587525617
9.539309039958713e-2
0.2067462823061314
7.00348963197723e-2
0.25179243264786
0.1827242702191641
0.15844517775556208
0.13464370726853173
0.21340485740835505
0.22237680802881407
0.14462579131086417
0.20020764830926852
0.23801217066446784
0.1745893968734252
0.20856698256018494
0.1433589123904452
0.20716032286627467
0.18282871896712197
0.17192272873819958
0.1005344422169662
0.1691861934664745
0.11615226108721695
0.2004652859192891
0.18964565864019828
0.12531373902269868
0.1739022162894442
0.21416329870410697
0.2500365264467736
0.16975644664069794
0.24012321971799136
0.30317084542551787
0.10864940880118809
0.14471592733212518
0.21623107392593077
0.14853756137937926
0.22589610886927503
0.17595609741942692
0.17885734547242796
0.21918961521192362
0.24899972545669696
0.25505261782328437
0.2568190366313847
0.17101763544120996
0.11081707216306187
0.15399197833726708
0.14069446303224303
0.2073516813945865
0.1533502365994252
0.15526381792679353
0.11719854240347798
0.12064667964484603
0.11650003687396863
0.1881173228517081
0.11897153825291822
8.792806451875165e-2
0.10798500507361264
0.15604699950875162
0.14927585253091205
0.13628598866640643
4.2829181313043016e-2
0.1468870729354717
0.13309788170830483
0.11914557701151637
0.11325740601434701
0.1814515654670644
0.10215230234751083
0.14876106572027567
0.14449412869905606
0.10308792218325746
0.19695361347446064
0.12557645518146449
9.29229874155276e-2
0.16987670553465195
0.12148289135627008
0.1681873283627035
8.393167851888679e-2
9.808211557758069e-2
0.2421830168550994
0.13126159424102432
0.17430580819936878
0.11882448096830638
8.754492459500633e-2
0.2536625169432466
0.18569464764505828
2.795519254932253e-2
0.18069314994352056
0.1922876599179138
0.15591138964375673
0.142709122382849
0.2444242989124267
0.21330040246319054
0.15694593667784193
0.20388347167056087
0.20671833935178613
9.965223980185427e-2
0.23588397123506466
0.1581240008929116
0.12281490418207257
0.11690781236451953
0.12551859192701173
0.25983994036224867
0.30382174840360127
0.25017862607029506
0.18990580303489893
0.1175128450807648
0.1686753751262647
0.10447802038334957
0.17663495613640368
0.18375349648917264
0.2598842035528861
0.14391243549295454
0.2230380439413872
5.793649190829261e-2
8.79518869969683e-2
0.10004388511586997
0.2166605035018181
0.1557613162400251
0.18582769341480412
0.20044826164157228
0.13774264278435497
6.954125177959992e-2
0.2277813684654046
0.11167308480558318
0.10275800811675465
7.77956800737685e-2
0.15942940023991564
0.23225623780301338
0.13447751909048505
0.11876122940027072
8.034630503380343e-2
8.620844811964079e-2
0.11530468961207148
0.1646455441057117
5.1224647686057403e-2
0.10246429124109399
0.12245965115818935
6.035239245291606e-2
0.27874294517344966
0.28946142711710043
7.282846015480941e-2
0.1301212735529404
7.861928610886323e-2
0.16374787165352345
0.11251736204577427
0.12019446516645442
0.1325183568788639
0.13333338730477057
9.821251614210645e-2
0.22396699742064116
0.15645095203984183
0.1945720278668956
0.11436289831436093
0.14434355259797163
0.16497616656999053
8.992935329368205e-2
0.18070268283468865
0.1115470309727995
0.19066628621505655
0.20869681471900492
0.3173618288018585
0.1484534784629319
0.15696531726055837
0.2763304360519946
0.1362638998764468
0.11875711241451747
0.26385406414907625
0.1258064356274789
0.18080569104005867
0.19158913465313024
0.1924732302747656
0.10983634653259303
0.18006362283252508
8.053105732282693e-2
0.30017465707471763
0.27629976226889263
0.11519254292082462
0.22533644431573102
3.168086031772527e-2
0.2400957161684532
7.753382619319966e-2
0.15934119042164702
0.1270843303166525
0.12679894433008657
7.923324825637333e-2
0.15249420805676225
0.15661309838199416
0.1487533363512425
5.759599456538887e-2
0.1222988153569641
0.16715294838058462
0.1783625892039921
8.504363038684604e-2
4.4450615539495794e-2
0.21055055305985623
0.14671613241463094
0.16017765965820002
0.260208713310078
0.11102561777351441
0.1071920299558615
6.775596256931926e-2
0.11624236804239359
0.12158739576126583
9.787608578562358e-2
0.2196019155356302
0.1387805690411961
0.11500830854103508
0.10399229347514613
0.10205804382594615
9.850794014130139e-2
0.1241640881676748
0.12594219417359992
0.1912026551994471
0.11044543288839648
0.1031029224644926
0.1348260101389525
0.12714513796017213
0.17685055177406195
0.18880523109080594
0.11712935831721923
0.2511906424455973
0.17974390427826722
0.10231165042382091
0.16577360425162171
9.551756103415796e-2
0.1799034836833892
9.981575524611241e-2
0.27376998638700517
0.24424187013936924
0.19777686337437167
9.624041965437896e-2
0.17903147841288103
0.2484642135838066
8.632540746301488e-2
0.1753258300932658
0.221452788418771
8.243125633839028e-2
0.17755237651317696
0.1548912181952246
0.2707525367290918
0.1573432150204847
0.1401948240262824
0.1404253490679775
7.18992381025875e-2
9.715823661236103e-2
0.25447785580081655
9.956207856550146e-2
0.19994118887079085
0.1852010989375225
9.585608789955509e-2
0.13396063895353474
0.35959332190150656
0.12868895123806184
0.1880996883488006
9.279914688362358e-2
0.11592777459754693
8.277811016935889e-2
0.10814574070562402
0.15395185392661676
8.586328223548415e-2
0.19979160597374143
0.25935867085849
4.94298251500546e-2
0.2079025680501676
6.491770698705206e-2
0.1816108167289309
0.1913080095702416
0.20277701157317485
9.299873060478905e-2
0.14508416159137014
3.938790032419716e-2
0.17529801933020106
0.11332896347082606
0.1347643966610516
8.041929915133691e-2
7.47159920659817e-2
9.952610567073836e-2
0.10263640400617242
5.517093217787785e-2
0.13120772451982526
0.1300213607685305
7.188653018309661e-2
0.16598741772073877
0.18977472366150186
0.10851159236644085
0.17486565455715666
0.1891253491728867
7.663684640920816e-2
0.14120594797608643
0.14913931919571372
0.1630246105554451
9.40629735627443e-2
8.946001014998448e-2
8.956491704520428e-2
8.024028802632262e-2
9.008629521814951e-2
7.429966372440616e-2
8.289833286131963e-2
0.16300977814436032
0.21673520160469026
0.14451469562727737
0.19961938819305108
0.13369216794740998
4.437087056749006e-2
0.18716325378977955
0.13147744982128634
5.977965916827217e-2
0.18449085775686158
4.698381557619907e-2
0.13335507956675224
0.11307089050497232
0.25065599613858536
9.111732781809631e-2
0.1449067167137908
4.295723888198246e-2
8.913331936663796e-2
0.1246832765414406
0.22881888173032222
0.21861160026699228
0.16042915337733096
0.1734019778068905
6.379173609401348e-2
5.3559482831631935e-2
9.690483243025054e-2
0.11440588089755344
0.11720927934717587
0.168188255523275
0.10034547287505488
0.12134451985299874
0.15383155930708217
0.18798078880659025
8.737071533983133e-2
0.1342788020827958
5.811211772379789e-2
0.18761939481041018
0.10581849805303083
0.10292155309659079
0.1648530615062817
0.15560940463444292
0.20756203165991338
6.14344482241614e-2
0.19307260868383141
9.935182192445852e-2
0.10019060692272157
6.720840766185128e-2
0.14445357771992598
0.11415619281907233
0.20351247262674504
6.95725343022376e-2
0.1165299245330809
0.1283285399861414
0.1171828450701254
7.217673161995472e-2
5.611607681157989e-2
0.17469225472559335
8.366672474501785e-2
0.11354452545053972
7.908060249413003e-2
0.10778913984696385
0.13602516510421608
7.001824516580682e-2
0.13163567982793936
8.176470240531135e-2
0.13212084711062938
0.16698169476340968
8.463812083704493e-2
0.1264840366001852
9.778770579103303e-2
8.979603567444665e-2
0.31057083395730434
0.14114652388811139
6.355592481212743e-2
0.13151637578114722
0.1477561704230918
0.11830696049072284
9.456056962429707e-2
0.1508828110064484
0.19835189573113562
0.18595721326947653
7.340466840936401e-2
8.002750436741476e-2
0.1703160259985444
7.198926120359148e-2
4.814139395069419e-2
0.18933892967023766
0.13421124279430444
9.520789703509522e-2
0.10627333999299973
0.1379221579965415
5.3384872827849573e-2
6.676303443778293e-2
0.11096378470183725
0.25363591511716
0.23292222939810242
0.11432419168820211
0.18855535449068433
5.22504080920538e-2
6.407987215786703e-2
0.15636088652506147
0.32424880081791085
0.17967353001278702
0.2945015559426807
0.16219272283043792
0.18093627661777031
0.1338304782603029
0.15533572576758198
0.2007485142074449
0.14951985267888968
0.19600132451427932
0.1984168455283873
0.10411068379710357
0.1590953482549625
6.814998673195964e-2
0.1818165575728293
4.2666607490372196e-2
9.509192554868455e-2
0.19887973089803462
0.2785736906903249
0.25191508050760525
6.0817135987309964e-2
0.18346104377130387
0.13078255136437625
0.19402552085013514
0.15891221199504202
0.16060857390397962
0.18788077163028344
0.16343152452673576
5.418173264543823e-2
0.11350498414333929
5.1904732035454905e-2
0.13926675558365215
4.109227628742462e-2
8.873985258881303e-2
0.22338282618837607
0.10252359517082517
7.942174362012483e-2
0.1868013798191394
8.221129121944004e-2
0.11481698676282721
8.988751472401478e-2
0.18900341004352658
0.14775344013459799
0.3103339450343923
9.182452409907499e-2
0.10063132334676946
0.14455577599241248
4.275658786782236e-2
9.952411032702192e-2
0.17031676515731697
8.406751433907327e-2
7.200928533306186e-2
4.788836998325804e-2
0.1430967732532169
0.14910958818465625
6.370105838545444e-2
0.1325034336057677
0.13170068195761034
0.1489941736547442
0.11942135267985647
7.49969482913453e-2
4.235397014185125e-2
0.1247539183304455
0.1394817064129449
4.97080854911767e-2
9.426562680457304e-2
0.16519853188203398
0.14287509621025363
8.958561971050191e-2
0.10688125094758191
8.038423995650307e-2
7.684735681445216e-2
7.647044440686837e-2
0.1869662922828374
0.13900195807886276
0.16559123128288214
0.1306155530672399
0.15210056373667252
0.12538204727914876
0.11538569906545341
0.12466220289043473
0.15286102126307569
0.16256680762496015
7.791540171231462e-2
0.11394213543801215
0.1648477417403501
0.20094565968874364
9.320084017887131e-2
0.11764124865046499
0.13668011871043864
8.13872205185562e-2
8.415396094633217e-2
0.14480473447298398
0.11327816166966534
4.019826880384778e-2
0.20764295573225314
9.496097848605609e-2
0.1294649424535415
0.11040038284853285
8.095795206558881e-2
7.134856774185852e-2
0.11530648060074138
0.10894401271660321
0.20268639552739764
7.360598878003552e-2
0.10861897219897969
8.404605253589173e-2
0.10264354088826248
0.2108705827635405
6.432650292914988e-2
6.102453215568987e-2
0.18179291696408448
0.13012017752645008
6.82992494259666e-2
9.579839106100904e-2
2.639759857648466e-2
0.1247438541193587
0.11993090651430169
5.982574544328713e-2
0.16555342625353112
6.984992125375064e-2
0.1205389500579583
4.060173522586417e-2
0.12244632644777971
5.9842650579364484e-2
8.412372472810362e-2
6.739822290010969e-2
0.13434730954480179
4.805388203897679e-2
0.23591600719892605
0.13895908359006523
0.1252772943605173
0.10616867469777005
7.820192593171876e-2
0.12527627458086493
0.10725684398332777
0.1367123060303001
8.357497832492791e-2
0.12681539112221363
8.905136984944031e-2
0.11274594421454472
9.616441342999185e-2
0.17351170098380117
3.5781856257531594e-2
0.19480137844496684
9.580440050381545e-2
0.16844595538705573
4.068246281436141e-2
8.38930109195224e-2
5.217433890162325e-2
0.10847420182028862
5.978106802733159e-2
7.276222111179041e-2
0.1465178908116505
4.342521987329014e-2
0.11340016195255112
7.670604063220611e-2
8.354227064572552e-2
0.13660055964308113
0.1015444371381405
0.11348508728554788
0.10620031285420503
0.13031199392837714
4.5621134368070713e-2
8.958727214419836e-2
9.981548972191079e-2
7.926806412088899e-2
6.769184545218257e-2
9.215956526452447e-2
5.429705997175103e-2
0.15414860094994276
0.13642524939271367
6.0210622868184335e-2
0.19060769799108346
0.22280421259443034
0.10467914640468279
0.1496112024824549
5.159364202223863e-2
3.597751280996323e-2
9.533225257314501e-2
6.598284449856714e-2
0.16156902690059563
0.19806316118530173
6.414436994796971e-2
7.116122561592363e-2
7.709977268630056e-2
0.17308432529543388
0.11118033035972666
8.56046799852096e-2
0.11687436663293002
0.1428159357016105
0.12652840367656037
0.20027712434190076
4.309820238543247e-2
9.648041753566328e-2
0.17674052613941993
0.10913547913689692
8.210986291303334e-2
9.382898889295548e-2
0.18018276383342274
0.12623088372243757
0.1758289935025905
0.1461432246301332
8.460471470988604e-2
8.546161193103921e-2
8.15552590186517e-2
6.171662511561825e-2
0.20607102482001038
0.14486953636203231
0.11460235519606252
0.1448698272781316
8.799092631380943e-2
0.1588667199077754
3.976328823155204e-2
7.02611804400728e-2
8.146442191318107e-2
7.44218566165912e-2
8.302344965127192e-2
0.26809412895854445
0.19922845740177325
0.12821770780959646
0.11897131352282168
7.237000318610702e-2
3.218572247670352e-2
0.1300170997444569
0.10920608087737205
0.2630025704828727
0.10268994161349024
3.1241964834975544e-2
9.343773597590588e-2
0.18301453976434062
0.11558684362602296
0.1447777716758322
0.11260409630160155
6.728033439257389e-2
0.12478884523586724
0.251534208773096
0.1989176455972705
4.8884226716197396e-2
0.12038647926017321
0.12440995236203797
0.12758639849394798
9.431050555461556e-2
0.119547806270406
6.2429004328778515e-2
5.875518641972945e-2
4.080581777935756e-2
0.12856078448742472
4.586236395851402e-2
9.990297010770852e-2
0.17304510078548363
0.15480188114695026
9.368701709576661e-2
3.738635080663749e-2
0.13055870634571365
0.1664297256810551
0.21779023416950755
7.98101313773989e-2
0.15455263385314605
8.381320213439285e-2
0.17866487808911344
6.363162407840181e-2
3.720828296446462e-2
0.162448994528819
9.141522194854516e-2
0.1314744815922353
5.1679808582771825e-2
8.986702974784747e-2
6.0420128204702564e-2
0.12505053853805168
0.14348929219751988
0.14045565977658964
0.1148128464093348
2.4847238944430194e-2
0.13806828095299434
7.847295929647333e-2
0.10437280632460225
0.10751387553945561
0.17575230237999712
0.1266262199790769
5.122175477674075e-2
0.11709571699991059
0.14862316435953266
0.13261784097905835
0.11837890869263283
9.821394003101783e-2
4.3338290647780886e-2
8.824483043989095e-2
7.044792465522787e-2
0.1429352666732589
0.10992871604232009
9.124630540762005e-2
8.271734367933509e-2
0.17147022501570028
8.902513315117783e-2
0.11075173169287619
0.2514337238089591
5.841810362567429e-2
0.34800757421699674
0.10383531571526225
0.18312833762515965
0.1177128656397359
4.333765259105038e-2
6.886602562653366e-2
0.17045823796430576
0.23697595567829444
0.12485517944146136
0.11152565831190382
7.457006799010427e-2
9.196975231171857e-2
0.1604936999916567
0.22760373501974804
6.617341346266627e-2
5.914544751231408e-2
0.1438521524092421
4.745449997088119e-2
0.11306399280766304
9.642731188130774e-2
0.12266659799152735
9.782493983718224e-2
0.12393358893444836
0.15800490601166656
0.23593154391587365
0.18293867894051904
0.17852120736118546
9.126325033429619e-2
0.26025841040458453
4.433296215798769e-2
7.089993563703005e-2
0.2232466523852486
0.10406095488330158
0.2386586449497435
0.1301244365930993
0.18937070954293972
0.1321659086992933
0.13299471164237925
0.13244224238244212
7.503294381996237e-2
4.916210289144137e-2
6.593109801306113e-2
0.20198098088489186
0.18299374198167817
0.10230781182232754
7.842143307937957e-2
0.11517442584418362
7.122973425119984e-2
4.815936009504753e-2
0.1312335125802397
0.11025177736483753
9.982800652801287e-2
0.11002328874520387
0.1556736099350212
0.11962872029627163
0.175932837231587
6.0870461943489294e-2
4.661460917254082e-2
7.334053930537786e-2
0.10144462706652968
3.20640053429033e-2
0.23844041074959196
0.13456184523759088
9.200092803006386e-2
9.472225280251115e-2
4.899002199345513e-2
0.13951674751412618
1.963297690968859e-2
0.1510560724631516
0.20999561189905708
8.813621107036682e-2
0.13177646724860453
4.5406819232634746e-2
0.28394621196527947
6.294093697232081e-2
0.13119820599082535
0.13528123783892823
5.492271491568843e-2
0.16748799214372762
6.746592757792033e-2
0.1073171780606518
4.364732142176845e-2
0.13013934606350083
9.308075390715607e-2
9.50492882707096e-2
9.85108612505225e-2
0.19756733615365768
0.13611466801149544
0.15977697695464615
0.15714363638588108
0.19047875466034156
4.753778937704325e-2
8.701643226241622e-2
0.21570693612610511
7.650987830423946e-2
0.19915130184236823
0.17997570412147873
0.15878521321318
7.562904592024644e-2
0.207255248218637
0.16829337187321597
0.14024024694864917
0.10009864102341122
6.219087476502065e-2
0.18042955528711274
7.848841819891864e-2
9.948941269224114e-2
2.3885938974501152e-2
7.402994236084066e-2
0.13831230034870015
7.560664098210107e-2
4.3190655379334295e-2
0.13676628805045693
0.18002077964412447
0.14718911181288977
0.10756448620266637
4.0485301752429814e-2
0.13370201482937333
9.295087746511359e-2
3.9517006537717815e-2
5.7067756629132806e-2
0.17210595942212442
9.752090481684902e-2
0.17579981418841206
0.12618168784652747
6.0378802455248445e-2
0.15245213171960814
0.2287150798197278
0.15501333711358617
0.11903210780483915
0.12033743954476343
0.14188484148610206
9.234446342752317e-2
3.565787611313685e-2
3.0151106807283036e-2
0.1151810138562861
0.3095475540228576
7.844294227641563e-2
7.433912427202184e-2
5.1608422467615545e-2
5.445702935034221e-2
0.17556891555989856
8.785467844564991e-2
0.10308126005863147
9.018990131805764e-2
5.4166505588000256e-2
0.11654818796804353
9.17961870163039e-2
4.8469857372200345e-2
9.588979747961429e-2
3.2254146863678404e-2
0.15206456910703464
3.396796158884531e-2
8.117459114360755e-2
0.22170324419145332
0.11009442764347221
0.10660358398146093
4.8200482486332394e-2
0.1628455675389024
0.11582310586266939
8.280600982144662e-2
0.12616814045673533
3.6259513658679646e-2
5.8182262584786135e-2
0.12555875658344434
6.803496818024443e-2
3.827472984895082e-2
0.1644655436100572
6.727433896860235e-2
0.10805212574950476
5.3750143594392764e-2
4.901902960637779e-2
0.12847193891760572
0.2524415121071943
0.12768825000698952
0.176640902848277
0.18903632864943068
3.454874143836402e-2
0.10212749868116452
9.816509271911746e-2
7.298328199470142e-2
0.12366626552953006
7.030640851084494e-2
0.13436271141635106
0.12338081585833413
5.285840382055666e-2
5.000905687311598e-2
3.048471105323992e-2
8.72924737094948e-2
0.11277326637621032
0.1064077540740965
0.13307466478244287
3.0020520903930537e-2
4.200018607401775e-2
0.1428115894223111
4.7910622112519216e-2
6.602349430643357e-2
0.10624778690392431
0.10061017483486778
0.13437935204463747
3.164034152026225e-2
0.19765939982209785
7.627991933776215e-2
5.5186965943002465e-2
7.273585559815812e-2
5.659255201813519e-2
2.490498762841371e-2
5.4680359727905435e-2
0.13280467560023484
0.10337467949795029
0.13782963498812584
9.596233947162833e-2
8.191444921730665e-2
9.984544001072286e-2
8.723275941188448e-2
0.19176816775754435
0.18899930611479085
3.3726367832021195e-2
4.440411621472954e-2
9.874060337765897e-2
4.131182908897304e-2
6.599412552597961e-2
1.724204330321124e-2
5.81548567227964e-2
7.637361645418252e-2
6.015904187327424e-2
6.2313036386346846e-2
0.12652900470758266
8.78409503993969e-2
9.57018608173307e-2
0.12926309246782672
8.811671618309966e-2
0.10020640029534059
6.469089658489646e-2
2.5739882523479706e-2
3.428117863539758e-2
8.582101319585236e-2
6.549517038212008e-2
0.11655242702926101
0.13289932267236346
0.16455012115378725
2.220256213692986e-2
9.25058071403827e-2
0.19445517494999498
0.14170830316488559
0.11563236231739529
9.040116904189185e-2
5.2729046326734065e-2
0.3518284990784474
8.432906612652595e-2
0.14334769161773392
0.104936953047791
0.14570245152401542
5.9960719779359295e-2
6.350280468820671e-2
0.1815752089217379
9.043918704333201e-2
2.1005838853300686e-2
0.14349637279242472
0.28707725948075713
7.400766169607319e-2
6.8141605909137e-2
4.8855136214137194e-2
0.15802275076039582
0.18391540773496692
0.13838297490590984
0.11391747898454559
0.11346186717864785
0.14254892442697287
0.10572426290080594
0.19996769137292686
4.099622671497107e-2
7.429391709020836e-2
7.568981140579781e-2
0.12375301671343886
5.10120275561242e-2
2.8396828280323895e-2
0.11176006348332024
0.12172260064055926
0.15895173873519353
0.10462722949198563
0.1562080692947872
0.1824650693920141
6.614151317003157e-2
5.850164285814789e-2
0.11189626806071913
6.78132688514804e-2
0.16456531954563416
0.10819435028052755
5.004092573011778e-2
0.11061501906723933
6.95518060004565e-2
0.1678010767223641
5.401874356334559e-2
8.036577172917528e-2
0.12953321849872715
8.5365824318798e-2
0.19146674207401948
0.14379902384394955
7.969232143318412e-2
2.9056103449704208e-2
4.0509364566149064e-2
6.1287541970753624e-2
9.293567695190477e-2
8.809169766223478e-2
7.60213637331116e-2
9.674152007183101e-2
9.117244757056696e-2
8.194476068736742e-2
8.746732223166932e-2
5.165487695754815e-2
0.14588563556049974
0.1589173923421226
4.127348712015357e-2
0.12537392028927785
3.22456580093101e-2
8.12760483779621e-2
3.726690284798066e-2
9.974909050372133e-2
8.626291137760603e-2
0.11720487199196708
2.0212323248001672e-2
0.11335009776893461
0.1544702492173867
0.11561400219437634
0.1025198118330433
0.14370403770599433
4.597184231518031e-2
0.10872054008657872
5.0677468891321596e-2
8.578853632329293e-2
4.8832587154827176e-2
0.12179642551937706
0.1199327173779734
5.25273909030244e-2
0.15351992422444782
0.13363343403363043
4.333727712615777e-2
6.652140746813626e-2
4.823137207478053e-2
0.1655063603191059
8.358756918189247e-2
4.040471716083468e-2
9.240107815021317e-2
9.803199630445789e-2
0.10447035070904605
0.19306622434417098
0.15504587362871655
0.10819658522481664
0.14703305476267897
0.11631470299344518
9.740127130611485e-2
8.875965207663589e-2
4.4410572639630275e-2
0.10784484739411146
3.629630363821927e-2
4.5855551446087106e-2
0.18179970198733014
0.10498238771171935
8.386053818617681e-2
6.251449387773558e-2
0.24389525970531273
6.1437411512710705e-2
8.355015206702168e-2
6.36293031204488e-2
7.658462324676822e-2
7.895115963720953e-2
7.703798206299206e-2
0.11858297408203593
0.16835303131185506
0.21314705993369656
4.439587444027896e-2
6.800661584927126e-2
0.14352598336901168
0.11813077650139556
3.289838361655849e-2
7.685875394684066e-2
9.958788401119185e-2
0.11757282392449464
4.006051429883413e-2
0.1706770623907454
0.21263212956666297
7.868006350526878e-2
0.11257587154846296
9.120146587092767e-2
0.13904604709823382
6.751782717847594e-2
6.371019030524445e-2
0.17706649645541622
0.10738171588663645
4.536992618644205e-2
3.808303876218964e-2
3.323988886203251e-2
0.1357310937026644
0.12499185150922414
0.1555824724673413
0.12298507384940369
0.19790195723482223
0.10312169233948891
9.423259084952029e-2
0.13022289125034434
9.888057560322336e-2
0.13548756778999085
0.10872573671793337
9.986705370151633e-2
6.266866054528082e-2
0.12177227932360313
9.32120625287284e-2
0.11286926319069548
0.13623995437407246
5.2913202342570666e-2
8.583465935931646e-2
0.10138166014880676
5.993120100123793e-2
0.13431691490608952
5.60739025354224e-2
8.42324557029478e-2
0.10114319076281042
4.2803996385656615e-2
4.076369533323202e-2
0.21029780399319625
6.937896345671642e-2
2.9859469857915134e-2
6.470610648885687e-2
7.479777185969078e-2
0.10228294427341034
2.1195229325338127e-2
0.10125633085594851
7.065017303961257e-2
0.15214114161087622
0.11659601692140824
0.11514158463392761
9.171405989504335e-2
0.14255319338496944
0.16872667592900742
0.12073708022624516
0.14707884739972357
0.1702730788717127
4.952656536322932e-2
0.10261527483161714
4.8981012654832214e-2
0.10140897439705254
0.21796718550293112
6.975318565326256e-2
0.21673467650998135
4.2969091510959845e-2
8.358285064897573e-2
6.499346599329764e-2
0.13027777629909898
2.3647478880098903e-2
9.322059303130918e-2
0.11446226587690127
8.672854769184477e-2
3.7962787551988876e-2
0.10646036068571238
0.14636866785760586
5.167341020384009e-2
9.346518812695417e-2
9.154793779833373e-2
0.1655514745485521
9.410814325497505e-2
4.5267050858594116e-2
8.479644881634951e-2
7.394670517624555e-2
2.5346057890822404e-2
8.723334048240258e-2
0.15429866583348537
0.11311710245349609
0.12096308127089976
0.1743919364499462
9.014429033372255e-2
0.10651157092496218
0.10756834707338511
0.10974425918101585
2.2299996999067172e-2
0.1205754242455643
8.039233099638268e-2
6.958350287745814e-2
0.20849837794503978
9.922376507478939e-2
8.896997786512503e-2
9.933084169099637e-2
0.16958542258368686
0.1836737288723004
9.446034172275762e-2
6.1509178324138956e-2
5.386676523487642e-2
6.0741036664554084e-2
8.62776635349035e-2
7.601038762239304e-2
7.064689946129356e-2
9.32851052554389e-2
0.11584852380929977
0.2708581846301572
0.2456703927856007
8.782633250224267e-2
4.1719782966651665e-2
0.10429174682143685
8.686294499322725e-2
0.13221125954598262
7.495261589870952e-2
3.0269283141992908e-2
0.190002165286166
3.8057143326320986e-2
0.15586828970797098
2.5532059588156807e-2
6.760213738713075e-2
3.321954038300655e-2
6.0004647403281965e-2
0.1659921140348281
4.8137195089348495e-2
2.4382694346545407e-2
6.544415735839422e-2
0.13990054519189088
1.961030593533587e-2
1.9365173561242212e-2
5.462295748154035e-2
4.641933544150741e-2
0.13239062731515167
0.10506547942953022
7.965295116012372e-3
0.19427791655664772
6.174685733040754e-2
0.10865470861270679
9.857974935153205e-2
8.574974288848819e-2
8.740145274765472e-2
3.293357882903456e-2
0.11349407885286751
6.705664729536769e-2
2.4602226691229266e-2
2.9669650167885885e-2
6.450207063805077e-2
0.20408655472192078
9.117266432243301e-2
4.7488050856323495e-2
6.41664897446145e-2
9.983028798211865e-2
5.346571955708633e-2
3.350969645763193e-2
0.1269656109918669
0.11437999917582857
0.10369124744054989
0.23138956506539574
6.985064706624472e-2
6.323642811195972e-2
6.285243386733624e-2
8.45527886738238e-2
0.13930852923280743
5.048398717228737e-2
6.677458315584542e-2
0.128750789248874
0.14726111269151693
5.814390552058858e-2
0.18900640880524872
8.136404253655688e-2
0.14664402416916325
0.19296961759071513
4.600538776016189e-2
4.932824005215554e-2
4.3019827977941426e-2
0.11847699636119584
7.142867849338176e-2
4.790097612902888e-2
9.001560086032788e-2
6.1204375071279626e-2
6.299731613658388e-2
2.426436770637761e-2
4.031892997098761e-2
0.1590233573257826
6.403263889900372e-2
0.1344003359711563
8.801710356817004e-2
0.2076699501496865
0.17263675727363573
4.76225953778875e-2
0.12595966690591776
0.10044930294882255
7.013442183604819e-2
8.912079305018616e-2
0.1201310970362148
0.2121007391026415
4.4246424640265805e-2
7.779530119218955e-2
4.4146517855385516e-2
5.4889573766000434e-2
0.13206836525224325
1.0257915218608771e-2
4.578469329131837e-2
0.15830117224380286
0.1452987985772874
0.12617628102559167
0.16954736115150745
4.8658697654105965e-2
0.1115824109016618
0.1583400173009305
7.059010394020428e-2
6.508749383752153e-2
4.502341377969586e-2
7.995050232092724e-2
1.1975305599079944e-2
6.874355217375913e-2
0.2317376999789161
0.17679169797637
9.580068183347491e-2
0.15237495417272676
2.5109042768642776e-2
4.6306985673738456e-2
5.680150648558163e-2
4.138235656598362e-2
8.582226585338873e-2
2.831609034263971e-3
5.8509905936247206e-2
5.8047656610536756e-2
6.273786858806457e-2
3.839815923964527e-2
0.10884400254893253
0.10085630383835294
0.13793022447019307
9.754938311646995e-2
6.655429573812302e-2
0.10889459845154584
2.57987032837108e-2
3.5943819430251434e-2
0.1295903247522975
8.866322759963181e-2
2.469663940225968e-2
0.1544844546644893
0.15013172135302366
3.4133327083366374e-2
0.14739995690463242
0.1385137818417493
9.25357045579063e-2
0.23971060899309923
0.1036503727350619
0.10900915057003391
8.300757118019163e-2
8.184819305482816e-2
7.340112490753067e-2
0.1354953679313203
0.14297869579527983
3.440448508409581e-2
0.15518763969910415
0.16095701703033752
3.0465573798022914e-2
0.1532311620793403
0.17672547717876824
8.953657409333386e-2
6.1493777580060936e-2
0.10185253333963278
3.2784027325071116e-2
7.991589729958577e-2
3.150891530550547e-2
9.018072383185362e-2
5.302375517801263e-2
3.0591208096957666e-2
8.532020175693547e-2
0.11438857790715795
3.180266205353048e-2
3.3137698193365775e-2
9.615730935200893e-2
1.4290808760151463e-2
5.464044212317757e-2
0.126421138086053
5.948498563480503e-2
0.1567129514867327
3.753154127031968e-2
3.0338276313437596e-2
0.11791792919480644
0.17722035541332487
0.1379740292813762
0.10016766568747115
2.415830290696408e-2
0.2633157394638831
0.1423844163312375
1.2044632958938118e-2
7.725253011383446e-2
3.201162328996639e-2
7.292161882967914e-2
8.760559127284483e-2
5.330148690072782e-2
0.12743141463703772
9.734874789584727e-2
9.797190319408737e-2
0.19825261334897024
5.5332655959644636e-2
6.099492394524085e-2
8.107492888530546e-2
0.22718561174287166
4.313248894038886e-2
0.24530835338527499
0.14997067956938645
0.10474866480440301
0.13739900730666757
2.8242451668916757e-2
3.904950003174675e-2
7.065645700905378e-2
4.0799505169912986e-2
7.907130801156197e-2
0.20853903762128242
4.82619495532509e-2
0.1415602448003926
6.749404875713899e-2
9.479112974606346e-2
0.12658982281695588
7.174452547316088e-2
9.858604588297384e-2
2.620238139909472e-2
9.85695710980905e-2
7.457718617025559e-2
4.240022574642893e-2
0.1367972059974266
0.23470988155524966
7.828326801507972e-2
2.526342158625e-2
0.13784956562806974
0.16797423439708759
9.429324568274892e-2
4.3508861061928986e-2
3.882389095083805e-2
0.11015682659119137
2.4106268518716868e-2
0.13809900072080875
4.2742220870995065e-2
0.14968043257078034
0.10187885436108327
3.187331992491057e-2
0.16199185930464666
0.14126929010678524
3.1063702372675396e-2
0.1802879498734385
0.12139733146606146
2.28391415597895e-2
0.1376504850364888
5.5035302632036806e-2
0.10505402005806892
0.10780883245806572
0.1274521147236468
5.527896609906695e-2
9.44938819563255e-2
0.11606209583576557
0.17900814258598863
4.813008103720995e-2
0.1249525818013355
2.3508708804278557e-2
0.10544584469127158
0.10823579204841767
0.23774495304267126
9.608413754596938e-2
0.15279050686696283
4.773058359659142e-2
0.11373210667271776
6.495258729208363e-2
0.24087876973188474
0.15623795258725154
9.505054177494142e-2
0.18725485488482335
3.3411782805833304e-2
4.593289448709512e-2
8.836537990969774e-2
2.1886722878397047e-2
6.131618320692829e-2
0.15628588704058313
0.12306485058009975
8.298157721350899e-2
0.17497397472333387
0.15242455068946373
5.958494708758381e-2
8.631781871684836e-2
0.16159216949394617
7.193904474728455e-2
8.928915991705123e-2
8.109184647880074e-2
6.0823413036791674e-2
0.11900435576845314
5.3272724755491496e-2
0.11364966255173607
0.1009887541158502
0.18337694608092062
2.870623224176736e-2
0.16304812725155812
2.4622972324851267e-2
0.20953488202999035
0.15341350394992298
0.165819123025634
0.2534489196199966
0.12358097746896388
7.812996422821175e-2
4.5608951839314835e-2
9.902342652569925e-2
2.3654932862627497e-2
4.3366519679648254e-2
6.436661176535656e-2
0.13087900116067125
7.911462206822432e-2
4.998203300820496e-2
2.7666777313868195e-2
5.3767089460541484e-2
3.5394926132920536e-2
4.1379308893202224e-2
8.12393156390129e-2
4.115271115039271e-2
0.13690740508399174
0.17842596886364576
8.668689052463462e-2
5.914546664339776e-2
0.11984477372264761
6.381254975690774e-2
5.9843137345205966e-2
0.12155505204499728
0.18211619140270247
6.785264688313561e-2
0.17472159649604424
6.140987579717484e-2
0.10266306213202334
6.0155625732329056e-2
9.236288702408861e-2
0.13943742351090987
7.98186499199617e-2
3.5436659380419025e-2
6.041472652404648e-2
0.1526912328526196
0.13694263292951597
0.13273189123752713
1.976667772285582e-2
0.12468292773823757
5.695464799670576e-2
0.1407138633180954
0.17184636894118874
5.927759427489212e-2
0.12195312649646514
5.300125737845418e-2
8.350089913450574e-2
6.500241018308345e-2
0.1481087717006393
9.324754290692584e-2
0.16229118294904854
6.330671088890513e-2
0.1802725904300816
6.969864180466301e-2
0.16543093169690476
7.708254229002535e-2
5.636000367759046e-2
3.23244446423548e-2
0.12257713679705944
0.19364451845137282
6.460128112793216e-2
7.254949174464495e-2
5.634299714721443e-2
0.15673163011623975
0.11783568489545652
2.9545461650693983e-2
8.880917437331717e-2
0.12790752540740596
0.17887919877144798
0.10431906633013646
4.854512244085461e-2
3.5329295108016835e-2
9.496153914958955e-2
7.714877870156525e-2
7.992898098927415e-2
7.001845074031818e-2
7.301142567873224e-2
6.699603298702538e-2
5.105879323830892e-2
9.401824925725966e-2
0.21651255168516884
7.877951676461778e-2
0.11039150930017665
5.8438362661607846e-2
3.659045008863556e-2
7.426507404937874e-2
0.15043581539335302
7.104635722906863e-2
6.908114748797561e-2
0.1319195517591229
8.197164203764627e-2
5.391624822900104e-2
0.19765954911575437
9.933798303679221e-2
0.13130526668966397
3.8344037801536356e-2
3.1200230174595178e-2
0.11177994480379627
0.12122037327638242
0.10657351641768927
3.1640348201267175e-2
3.164775943698798e-2
6.352571539096918e-2
8.670561765296975e-2
5.966088360164704e-2
0.13006107764514283
0.18263127525754777
4.892710584593775e-2
8.347876465886947e-2
0.1586172955644468
8.091264350290887e-2
9.657013517313022e-2
0.18592046208834018
9.573410682853717e-2
5.3057088917778175e-2
0.10442740893967886
6.147633053436442e-2
0.1480806942912441
4.699787192281364e-2
9.257985792274062e-2
9.703203655395289e-2
0.1009708598288535
3.426697503974809e-2
6.426554302788498e-2
0.19841739817932794
0.15621002797422895
0.16705458006981982
0.11530686839916618
0.10566487202742729
3.996092086201216e-2
6.949410070673459e-2
6.964776391767186e-2
0.11831228187179159
0.15967726441199642
7.370339791276667e-2
0.10024559544658498
4.193680294819689e-2
0.13407342016143792
3.2923234428216167e-2
3.474163990091959e-2
5.27429179378285e-2
8.410236401723808e-2
4.790685128274156e-2
2.689142372729967e-2
3.272020648169506e-2
5.221838406367202e-2
5.109438636037185e-2
9.833345797263496e-2
8.022964848458405e-2
0.1412923346677409
5.9329387047852754e-2
9.625703158051373e-2
0.16724001408240208
4.105874808597677e-2
6.748003424531668e-2
0.10967743757170534
0.14695546374365473
0.1565956592315386
8.285492410427911e-2
6.956851131626043e-2
3.7690664289996456e-2
0.10102224180713142
3.408942633368671e-2
7.605854251250269e-2
4.6566845296861226e-2
9.81445906050729e-2
0.1332746074028237
9.823192933680305e-2
8.308653189216454e-2
0.11274244817569792
0.16022827264926268
6.28037626869471e-2
6.984329264706514e-2
0.11911398673959595
7.633111407780516e-2
7.157364763349933e-2
7.50108985261596e-2
0.2543148661518123
9.426236587844294e-2
5.9093672212274906e-2
3.7269782556419294e-2
6.728733807022289e-2
0.2037914781230341
9.443376835753459e-2
7.327234115688286e-2
2.9387658507853354e-2
2.541085115051155e-2
3.641269443369401e-2
0.13318985249303325
2.1697562360212263e-2
6.285340663554287e-2
2.0006045916501337e-2
2.492710174731335e-2
6.822276488843601e-2
0.10335676315739221
4.544798066291805e-2
0.10806110813941501
0.21121879246965994
0.13349574733359632
0.14792257529207348
2.8058767579734432e-2
2.724174027741997e-2
0.1339978371694663
0.12870707524147768
0.1140139952482379
4.5711693693003985e-2
5.0925421982862804e-2
2.9399263096395824e-2
6.025984089724133e-2
0.18167289815999238
6.1618182125685525e-2
4.6551628058695414e-2
6.933281133952061e-2
9.918338134070033e-2
0.12883540480541336
0.16082893083221467
0.12448536034088986
5.710795473013784e-2
0.15255777594061176
8.770912064975343e-2
6.205547433283034e-2
2.083010676177822e-2
6.637516499965494e-2
0.11780563095332999
3.88300027124979e-2
4.444568194276003e-2
9.500196383667939e-2
7.493662565921498e-2
6.342316634475671e-2
7.051995664393676e-2
4.236377772546736e-2
0.10032552305325244
0.13434581277140095
9.418786019397482e-2
3.124605772367963e-2
5.584155169801054e-2
4.344002732051977e-2
9.738061181918439e-2
8.731239294378258e-2
0.1492641371743484
6.585504623877438e-2
0.17297766287992342
6.708617286260224e-2
9.321803513285684e-2
0.14635543125214184
9.443908146887704e-2
6.414133633623029e-2
2.4378516074963764e-2
8.809542250155274e-2
1.9497029392899257e-2
3.7309811849270555e-2
6.538008152518293e-2
3.643300554495119e-2
0.12735349783008615
5.6193796291262886e-2
6.489794155969077e-2
0.1835251716327436
4.8141090337808466e-2
0.13482189650837245
8.4277083773344e-2
1.2987809285093577e-2
0.1824403515966643
0.13758056595969587
9.843098502039106e-2
5.4507927411499235e-2
2.16170852099176e-2
4.206686430204102e-2
9.874055395357993e-2
0.15042839420380802
4.449154732153983e-2
3.2506461636602056e-2
5.1547778181881956e-2
7.484366450801018e-2
0.21710642569106026
0.12037953248435133
9.18370201902187e-2
0.13670650722722497
0.10928278298994523
0.12590960276406818
7.864005109773615e-2
9.693614440341846e-3
1.1826344989885029e-2
4.176037324147121e-2
7.457713740278284e-2
0.1091732712464705
0.16019003535619533
4.7353674760469144e-2
0.17766880992259287
5.9207167555363524e-2
0.10957240258534155
5.7058318010865916e-2
0.15448723990397134
0.15476024213305944
7.716093089371001e-2
6.858535099250282e-2
5.506857094348579e-2
2.784631324341099e-2
7.25119968478172e-2
0.10231789578518176
0.13748786075808112
2.495672036940356e-2
4.805171201044421e-2
0.10270154620611757
6.484736090308825e-2
8.58528240213012e-2
8.467060928046019e-2
8.409748118471859e-2
0.13606037646248584
5.010998491650429e-2
2.7347931025205385e-2
2.8334161154675984e-2
5.468702163042664e-2
7.229462630990667e-2
2.44601919203573e-2
0.19222511506878281
0.17945933123048521
1.8753481856747224e-2
8.05699468822159e-2
0.20079385789865603
0.14710391538369355
8.418242765707436e-2
2.8730532340705883e-2
0.11074265674514305
0.10289892628456661
6.93519286759783e-2
3.7366960624287994e-2
0.13351614201006018
0.12899776517264178
9.823891535595151e-2
0.2644032424474467
3.951052933815883e-2
9.805216729988796e-2
5.091197069791663e-2
0.10469362335481022
5.340469487792473e-2
2.6010265055196335e-2
3.804702173362414e-2
0.13193307381312525
5.541946160685666e-2
2.1163913983410842e-2
2.0488129289476253e-2
0.1345784577321003
6.25994459772229e-2
0.2139962793021551
0.1032777656013347
1.4090485838311106e-2
0.1647334284964998
7.695660617426248e-2
4.990259513959474e-2
8.601194591626675e-2
3.683636373028738e-2
0.11677406677185051
0.19936167164072754
0.12816659405669917
0.1492039452669647
3.617699283220147e-2
6.815204329585549e-2
8.836026402520977e-2
2.013111003325486e-2
1.6386534463527502e-2
8.780134009376016e-2
3.429704004436192e-2
0.15460599408183304
9.889828678915165e-2
2.8170394848894765e-2
8.013939828516395e-2
9.529845459829392e-2
2.9853690714067727e-2
6.493472332462044e-2
0.12481129547278536
0.12766004591342398
8.902166820239654e-2
0.14371293842168745
0.13304844312096703
8.508974596704376e-2
6.611548819796739e-2
7.863462532827342e-2
0.14019313270829786
5.3432515604961525e-2
7.438312373789067e-2
0.16514213638776165
6.321231802131992e-2
2.9373126769153192e-2
7.070256535816424e-2
5.950221110522318e-2
0.11346238963568336
7.503122307728076e-2
0.1349800095182594
5.1907023887446294e-2
2.2544978249889058e-2
0.139226249532646
2.7056113761498836e-2
2.1520062292762356e-2
0.1126725514821427
0.13802866300115132
0.12036359884175632
0.1325447709370871
4.2464178739671024e-2
0.17681629413591288
7.59812153087339e-2
5.267529119988841e-2
7.559884064397347e-2
0.14175217472410007
0.247510898947908
8.458075697883663e-2
2.2427647778384584e-2
3.8544122896148614e-2
6.797752680291183e-2
8.711106531270763e-2
4.916445007981496e-2
3.8374501111195704e-2
4.889465243622189e-2
0.14189500787578205
0.1261271898132831
7.112537134949837e-2
0.2137387515986527
8.582406947330122e-2
3.772881158111713e-2
0.11492845155650715
4.863562059116738e-2
5.7370304562078624e-2
8.814800643047313e-2
0.14790108843525546
5.024518024447731e-2
9.17495337466215e-2
6.026179559188949e-2
6.690007155553158e-2
7.835389340253456e-2
5.155138679545683e-2
0.16881935640552664
0.11364608422532788
2.662147691688844e-2
8.182817580630575e-2
8.050001727361757e-2
3.0470568691083444e-2
0.15689485566390554
9.202478535688986e-2
7.52307116576333e-2
1.9775253254343494e-2
3.4302238557565146e-2
9.462391269719882e-2
0.14487545874021515
0.13575215313240957
2.8403917202979034e-2
7.081152322408035e-2
4.154219515706031e-2
0.12071149674189004
9.454468803535447e-2
8.510417587089104e-2
0.115821135232125
0.12289477117887157
3.983833147201106e-2
5.902979715764878e-2
3.837848035520415e-2
0.1266013385072521
0.1807490810155393
3.321401410050047e-2
6.01094363536958e-2
5.2507870636266274e-2
4.000559299217523e-2
2.2754522451166836e-2
8.362710088084917e-2
3.517504254684365e-2
2.6780385161106236e-2
0.13967771223935066
0.14821569986129765
8.458931740794193e-2
0.16109669303377178
2.4143976853141604e-2
0.12672184226498495
7.723997123571737e-2
3.8235758216601336e-2
8.018406739940862e-2
0.11178552185199866
4.5244698673429784e-2
0.1387102073621113
3.6810880169825923e-3
7.489386770374153e-2
4.8877868228229114e-2
3.415700330020525e-2
2.0056449960557977e-2
0.17134643730970622
0.21931524473409686
5.1523715805185166e-2
4.9108943727222396e-2
2.602830382691489e-2
4.286182852048078e-2
4.260991046348069e-2
3.232761804484692e-2
5.6821773235249104e-2
0.15522233198707855
8.3172363793684e-2
0.15477077815658827
4.4266034667700384e-2
7.826316986901811e-2
5.0178652026446204e-2
9.02252761409571e-2
0.14227728895273797
0.12107992756641768
0.12267865750548564
0.11355489819201289
5.180370619562731e-2
4.504085544626639e-2
4.538886658684227e-2
6.505807702778912e-2
2.5536645288003135e-2
0.13546746791027703
0.21207442753334674
7.597009146497556e-2
6.195843152092058e-2
0.20309990831453573
8.593213844400212e-2
0.16647660440973683
4.387074801181924e-2
2.8246144271786545e-2
0.18777652095370828
3.408071710778281e-2
4.4367485127786245e-2
0.12040145775115582
3.655287750691416e-2
8.170347250722212e-2
0.13376760446890446
0.2556633714034032
3.7404147354925255e-2
4.0947875573999815e-2
0.12207723020460173
9.29379543562578e-2
3.0346974396109283e-2
4.849975755801985e-2
0.17052766247793624
7.757390123726662e-2
0.1408840553370284
6.196305844872119e-2
1.2383697377548065e-2
8.833935462269196e-2
9.846671585128206e-2
0.15173588512583022
6.728696091471348e-2
0.14354184606401948
7.181935610290494e-2
0.16271261857427738
0.11701054855624464
5.930838209825884e-2
0.16812027293421827
3.1038171575502992e-2
4.963281280941353e-2
4.695706790445168e-2
3.256492744642756e-2
0.1018016424555697
6.579112710168904e-2
7.208608070495146e-2
4.7080881314645884e-2
0.17929803689848062
2.0559305510135774e-2
6.382682325280392e-2
3.299092944645558e-2
1.8145388277415166e-2
0.12951563678244477
9.508193561669273e-2
4.150866646004864e-2
9.978814028215462e-2
8.168043897306702e-2
7.897294971017235e-2
3.8338318768335336e-2
9.772890742651039e-2
0.23257784157886113
4.852093597360391e-2
8.771657661488655e-2
3.910513507991923e-2
0.12447747194325665
9.035860519651785e-2
2.3365257300655373e-2
0.10061589105592753
6.659091519694726e-3
5.141580603676256e-2
6.623273888987505e-2
4.3956849790732944e-2
2.3252349674898955e-2
0.10743201966111475
2.574394417098822e-2
0.17034966645190494
8.7813833099483e-2
0.1688133257262252
0.18721666046094315
6.758322114713917e-2
8.083976629602943e-2
4.227343339963816e-2
4.7518250450677965e-2
8.178872843858728e-2
0.285224452705224
5.756520029454406e-2
7.611044465760489e-2
1.5700364702735947e-2
9.423292550171028e-2
0.18780745162197196
0.20537244502819113
8.323992405404959e-2
6.429787995281924e-2
9.625935003857172e-2
8.64741222139915e-2
4.320351608607772e-2
7.619737731034416e-2
8.656033266630556e-2
0.1608395473352595
2.519641380921154e-2
6.280730182107927e-2
9.367362375019804e-2
0.12512853386612233
0.24055883383522803
8.806309063429275e-2
6.0184439792469194e-2
3.213746299018642e-2
0.14140565803534433
4.611881781506252e-2
7.919249992377826e-2
4.304708304161383e-2
0.12394747785120315
0.10086144522859711
7.6774952490419e-2
0.16100956856599608
8.151698175394323e-2
7.328449850323492e-2
4.298730732470466e-2
7.557468285374373e-2
5.291450868305353e-2
4.567374318628283e-2
0.12346218991996753
0.1543506605020173
4.947055730677783e-2
0.11805711135500023
0.10501749830147325
0.1664304308821712
3.765262046851743e-2
0.22705142387851973
0.12774244804474008
0.11509264313127483
0.21730937480473064
2.651598619920591e-2
5.574697696370491e-2
3.622357322804888e-2
2.2221125245098405e-2
7.638255020572034e-2
0.11503226781321012
0.16946007695277848
5.4903219068031604e-2
0.16750162843556862
1.240006738874314e-2
7.805091740347392e-2
0.12192572922632712
0.1258859314913356
6.631047556575673e-2
0.10575126737240255
4.034353910682067e-2
0.17791561253911387
1.8010263109596657e-2
0.1345070426011287
8.603418703546353e-2
0.20494223197400502
0.10623249687811369
4.5810003540316876e-2
0.1736027189945255
9.676721736055968e-2
8.204783706026919e-2
4.0734358061297736e-2
0.17151046054648822
1.4851580877210058e-2
0.12033354304350743
2.3556101756521886e-2
0.13587919630394424
0.19558221301078552
4.1612246064371104e-2
9.510346175049415e-2
3.0324896655936906e-2
0.1563148502334411
2.7880133561055342e-2
5.8853789038851315e-2
0.13317402572966236
0.15783492230191185
7.5037882489293e-2
1.3128132569250883e-2
0.14137726906007939
6.718034033503312e-2
0.14994110873734984
5.999263131725514e-2
5.881051865535564e-2
0.13720024244661766
4.566103514281618e-2
7.317571244620358e-2
8.509103235167788e-2
8.254929407134462e-2
0.24453851064810211
7.920433034565924e-2
0.10806014077923032
0.15937965620071193
3.274779646791931e-2
0.1736191487323942
0.1499001781397357
5.224841026156829e-2
6.409234704429898e-2
0.13134084018150272
4.2644389560359285e-2
2.1560466544779312e-2
4.452093822014926e-2
8.48202920207633e-2
5.0477876463621306e-2
0.21664604646353544
8.407587161446947e-2
6.161739453548831e-2
0.10231618720831963
8.09386148823107e-2
4.469106327558109e-2
0.10854040088925947
9.046131017148987e-2
5.2496865388451205e-2
0.12904537993611848
3.1638191873960275e-2
5.650711126490038e-2
6.132496046356058e-2
0.1344555293219109
0.10655120702142085
0.19673563439424804
3.9167276172291834e-2
0.11466199478109651
8.958692327596415e-2
5.034628692643221e-2
3.595168445105368e-2
3.118798555430744e-2
0.13563607594451313
8.689200389613001e-2
5.829807303335828e-2
0.14516364076019891
0.1215929251816158
1.6566983738057352e-2
3.8402744784561384e-2
4.875179083252136e-2
1.5907178159975964e-2
9.470381681435096e-2
1.4819165546024271e-2
1.9664487592488678e-2
9.335556684261827e-2
9.224517117700147e-2
0.13629845775011068
5.604040248463321e-2
0.10854653076456469
0.13155984200395615
0.18226657722652675
8.892766435534402e-2
6.1745252913158764e-2
0.1691521902213719
0.16055944462112162
0.10898498083024966
4.8754803510000645e-2
1.619003933294293e-2
0.1554200326205788
8.374751681219073e-2
4.9584826983340394e-2
8.549681564272524e-2
8.970908496484156e-2
7.144203928988647e-2
0.17413503125756025
3.172441049756699e-2
0.10545926892207413
3.9987438208993496e-2
0.1904654923070453
3.1188505029561532e-2
7.23338683415655e-2
3.5696645228595295e-2
2.032867358451832e-2
7.473004525900076e-2
3.657749992354788e-2
5.916391447780399e-2
0.1503616182269803
3.3169132205894e-2
0.11241842909601832
0.12967906062931572
0.1139585088811443
0.1800232015969331
0.1467385873761738
5.38408897380635e-2
3.0445404438809543e-2
1.546432284200917e-2
0.1789976504656281
0.15789602489963417
2.4877052844204283e-2
0.12722275420035675
8.581254694189865e-3
4.7138324366005166e-2
0.10213934476227335
0.14567832171083778
0.18886502366474728
0.10011419558162131
5.741822275417184e-2
7.218579049514148e-2
0.16814263226689544
3.4179854318282486e-2
8.202494860428373e-2
0.1140338254069283
0.19910011034893899
3.223002589110628e-2
1.4077783853809579e-2
2.4315502926838727e-2
0.1462455438504366
3.141659327532098e-2
9.233725124399643e-2
5.9220240812849434e-2
8.753577540402532e-2
0.17892413181046035
0.2278232305694265
0.22337100917850625
0.20538478204498856
3.912709599272622e-2
3.57514939162392e-2
4.867340197786755e-2
0.12297272135661919
0.10680021026215916
8.677490669905281e-2
8.803383433537118e-2
2.0291907640840868e-2
7.823537181119569e-2
3.7484058568263444e-2
8.288084121882143e-2
8.155659928526059e-2
8.47048745034267e-2
0.183737409215789
0.15305409845137738
0.10942039437779028
0.20195902123592618
1.3963327772626743e-2
0.1363356562524538
0.12629499286219384
6.619747066402414e-2
5.156139544236214e-2
0.18950439767581084
1.1288694038503477e-2
0.13970627382615186
3.532782263354391e-2
0.27562792351992127
3.52390754888358e-2
0.10507769858627207
0.1415070816383523
3.063822622666059e-2
8.207023384879938e-2
6.436404111067406e-2
7.747837655019751e-2
8.75006685272928e-2
4.3411187485468926e-2
2.1914691835081202e-2
0.27060074084396407
0.12238750893248931
4.129805471522028e-2
1.2481604120251922e-2
7.148357386577557e-2
1.8817294259954254e-2
7.412933750933702e-2
4.125636435136283e-2
0.12713640373455606
6.279844195853083e-2
1.7314499398664675e-2
3.182083901408069e-2
1.5231594251590864e-2
1.895712079341667e-2
5.699198713552611e-3
0.10152890861056599
0.10275537556917422
6.914380974669186e-2
3.094682677046403e-2
0.17980057344700623
0.13062849868196474
3.058465721694843e-2
7.6889544603101e-2
8.420442880306207e-2
7.036320571177149e-2
5.882072368055659e-2
0.19240554809185995
3.78618160910878e-2
4.535928283935194e-2
2.506807366968289e-2
3.728864155335385e-2
2.825370907202248e-2
8.908580595359762e-2
3.142091519137876e-2
0.1776593912486897
4.8801078735954975e-2
6.544896614511812e-2
7.618756775462876e-2
0.14381148337088026
0.10569465361098662
4.520366409770713e-2
0.10235610250792027
1.0972546105729519e-2
0.16183270876344094
0.12512935084233517
0.15418291682662058
0.1549037143214099
2.4079874356523222e-2
0.12272480591806252
5.796995080343829e-2
4.608055159155764e-2
6.604129813749463e-2
0.16859103834801786
0.11373074757273482
0.10614125721874965
0.12001470413249096
5.495588936403358e-2
3.136243327097645e-2
0.17259319256331157
0.14853503750661368
0.1931069995986375
3.0409783601151718e-2
0.16362202160394423
8.0112192815643e-2
3.363457913973568e-2
4.259736065505991e-2
7.666149398831817e-2
8.389574192685377e-2
8.659254088712218e-2
0.1156106037945116
8.468672627505024e-2
4.398739295559315e-2
7.318308653528148e-2
4.828609062961584e-2
0.12514331100663653
0.10198939186806903
2.736867438987307e-2
2.8913540825036332e-2
2.8188871121991733e-2
2.5287018056633602e-2
2.4257066919555405e-2
4.9352325713744136e-2
7.768202175021241e-2
5.207412772668281e-2
0.11626577625974914
3.08786571543467e-2
0.13320347658742002
0.1653593242385627
3.938043830682765e-2
0.1603280489981364
7.018644737886101e-2
0.1693806501411791
3.118330684631777e-2
0.16750629610176385
9.824081000264263e-3
4.034422822381532e-2
0.15354278785054548
0.11955170164835957
1.1795791882951856e-2
6.940259567106896e-2
0.14130004370593724
6.1605617909714507e-2
9.971581518311062e-2
3.448055261860211e-2
6.2003056963628025e-2
5.768946049909688e-2
0.1456863964618579
4.748793156457063e-2
2.3992119850467463e-2
8.781596527981475e-2
0.15507547514624012
5.003011210754656e-2
3.2015254475811016e-2
2.698919722974037e-2
1.2930254474789803e-2
0.19401459584804798
3.568441852779891e-2
3.25237075193139e-2
6.547209844511155e-2
2.098796194525838e-2
9.67176105691139e-2
0.15266365605080418
5.946395610779644e-2
4.2859261037165364e-2
8.000891600381371e-2
0.2435178982969295
5.0006741665106755e-2
7.514300165670144e-2
0.10346495801135877
0.13995772510620652
7.327902991176158e-2
1.4598767478376651e-2
0.110086415527169
3.731627879562264e-2
5.3724631617880436e-2
1.1427151298286054e-2
3.398901459373528e-2
0.12353133862967063
1.1243532051283867e-2
0.14885710758015544
7.815898065367424e-2
2.138588425431446e-2
0.15968897852036873
0.10123561855227566
0.16120522236474105
7.514670836548108e-2
3.62872311190698e-2
0.13796057552117763
1.0040580611805672e-2
1.6501952198343384e-2
9.39240530244964e-2
0.14205188350106504
5.799741519864836e-2
7.79872580909666e-2
0.20981790516343612
7.65724549883505e-2
3.056800572131959e-2
4.3164825788897854e-2
4.613197118282342e-3
6.76182549852091e-2
2.5726816910033458e-2
2.562098762908347e-2
0.1571257939763107
6.477289178057224e-2
0.22560967081184996
4.490868381370091e-2
0.14280936182168041
7.126974793709914e-2
4.874903953854345e-2
9.47753869675205e-2
0.1258652816622891
4.925649541519267e-2
9.05514206490112e-2
0.1420578126043955
0.18981642927928039
8.663394449443129e-2
8.652173483700523e-2
3.6383906056196604e-2
2.2284942406097873e-2
7.541787812531303e-2
2.2132917941066033e-2
7.031874366175786e-2
0.10746512431802994
4.817319845343756e-2
5.1866181555552816e-2
0.1520889561811781
0.13742634661785721
0.11467660291659114
3.301222318845778e-2
3.514602457586117e-2
0.20588895663121556
3.282892477793169e-2
5.761815580558418e-2
0.12323592210190118
4.867506300613937e-2
5.4646467802674306e-2
0.12355043221760782
0.11144077327259741
1.2770343390379824e-2
7.149985702688565e-2
5.765826528638155e-2
2.7915415503993523e-2
8.255956881307523e-2
5.988208567684046e-2
3.200666684400234e-2
1.101049104650521e-2
2.5059067482447385e-2
6.137692460325045e-2
0.24287709001738658
0.15945696019353184
2.2872946759486545e-2
0.16008615907717813
0.15587723162866665
0.10262873563565725
0.14496855472428177
0.14354524292561216
4.781909870025506e-2
9.534658757778146e-2
0.11539844670197093
0.21840682398517264
2.535481939798655e-2
8.797383382800832e-2
2.137689714924177e-2
4.783114509951817e-2
8.405361404538593e-2
4.47986688841564e-2
8.659343352524664e-2
3.245088659229574e-2
0.21383364090617424
2.483427598702499e-2
4.173066951063105e-2
0.13669328968735303
4.240309761543274e-2
1.966625766995499e-2
0.15618815460369356
2.1748925126788398e-2
2.7486203245120043e-2
0.20699768213546682
0.11831745943827907
2.871384984840125e-2
0.16285614488720032
6.943851401525418e-2
3.316663094105735e-2
0.12265585770465974
0.11088482209833446
0.11952210652785782
0.1075679957023361
1.4176414958330141e-2
6.858399984039878e-2
0.1314233952064982
4.689993494735021e-2
9.597522087123611e-3
0.11475007861158541
2.778686987421698e-2
7.437751563780626e-2
7.354322109314408e-2
0.11177610802035068
8.612405092347937e-2
3.0271491460086154e-2
3.68941926995686e-2
7.905990636696689e-2
1.8159025449987876e-2
3.95408933448824e-2
0.18061366667912204
0.1026044192553361
0.13159736662737073
4.6319108066545024e-2
2.303423859589492e-2
0.10458175681846762
9.556874361347311e-3
1.967037267461206e-2
1.4964878008444048e-2
5.550630066563246e-2
2.527978758050482e-2
3.279545734445181e-2
6.928320524365664e-2
4.108773657260306e-2
6.1344961956711255e-2
0.13661494074068958
0.2120930573874329
3.3662582431228084e-2
0.15281163450543772
0.14381518172228125
0.2096882689553384
9.571016406117108e-2
0.14877954588060555
8.092119421403242e-2
8.005471766360292e-2
4.282148045115328e-2
0.20541319086380816
7.513174579851767e-2
1.9320931448944933e-2
0.1301826603663184
2.1754720097219137e-2
0.18821820029008043
0.20256798977174614
2.4892320734188966e-2
4.860080455361497e-2
5.254156696728198e-2
0.1280094898351863
0.11348701075593533
2.3693121464749535e-2
0.11785780495293766
0.19379486938115453
1.9929997738245997e-2
8.248777883245652e-2
7.864240247649519e-2
0.1087941741641079
3.4089561477106664e-2
0.12311755478364513
9.276901004455687e-2
9.572369838295675e-2
6.960233496122796e-2
5.4928572811464696e-2
6.865539405388252e-2
2.3073263857943182e-2
2.28820996226785e-2
4.463372405200674e-2
8.211852574834697e-2
4.4789910358679574e-2
0.11155827615735361
0.13022950502241964
0.1563108744486009
5.9937606759978765e-2
7.466756420994203e-2
9.538112776813422e-2
0.12778060190546925
0.11827575200869316
9.509870182318411e-2
0.11345451038914844
0.11965703970286248
8.30603759877195e-2
5.234735887477247e-2
3.5154952344612675e-2
0.10577522966760895
9.219058867834716e-2
5.323352574011845e-2
4.6988843701315786e-2
3.0427563717603655e-2
0.11056306673450596
9.623794022077355e-2
3.647788886205222e-2
0.1012101079417961
3.754279215475746e-2
0.2417577729802316
0.1376202427364192
0.13626823923007833
0.1289267886611453
3.3503587948055566e-2
4.47835924482218e-2
0.17032418442071712
6.068799721923411e-2
1.3284104323307056e-2
9.236903313549345e-2
9.014241253961565e-2
2.1845323729602607e-2
8.77366125760711e-2
1.4730763717457207e-2
0.1538646682650912
4.563533257623017e-2
8.299281786079023e-2
6.364720304272149e-2
0.11749880527697383
0.1365947027016603
4.672909361395243e-2
8.646971284276456e-2
0.1601613469357452
7.065280810726025e-2
0.13349477575911686
0.13660951967435775
0.19744497957203624
2.3082183882141328e-2
4.170847299060839e-2
2.5016638759038645e-2
3.459955009279562e-2
0.21074734728601618
8.456392071241537e-3
4.844765334075909e-2
0.10114909600864604
2.798308461510346e-2
7.59340829549103e-2
4.117555997280834e-2
0.1013480404532299
8.542403133774717e-2
1.4260608638288087e-2
4.688547712094254e-2
8.078380476001878e-2
0.11469728853483359
0.11589800454835328
5.1331766098088615e-2
8.536350582265226e-2
5.063888240492701e-2
4.723612391080508e-2
5.33117608509406e-2
7.661141803921144e-2
3.2480842194118245e-2
6.873524040967849e-2
0.20935172045279615
0.10756245017396812
0.1438015660937722
1.6878963225543976e-2
6.347391711721681e-2
0.1727013492578779
4.4045065190192044e-2
2.8936073076057854e-2
1.6693552097417564e-2
4.846603736687867e-2
9.658035125238576e-2
0.16960824464941643
9.485696423478496e-2
5.1612744400946875e-2
2.4812202346841738e-2
6.238565260817839e-2
9.385538976597439e-2
0.13669890053894793
3.7895390588698466e-2
9.702037247582042e-2
2.7813015070544334e-2
6.981523459888782e-2
9.416353820567402e-2
0.34978174072556323
0.13936739113171293
9.96626916653601e-2
1.5456456767317273e-2
8.322452157585902e-2
4.463324942863441e-2
3.2395022864148616e-2
9.880056294816415e-2
0.1429734552182641
8.230947538152085e-2
9.495023437997924e-2
2.0625011229100754e-2
7.460686969213284e-2
1.7927152270318568e-2
6.75928931004066e-2
8.259367712431932e-2
2.2992797341563277e-2
2.195768299065063e-2
0.17199760430162309
3.6315249665417014e-2
0.13313965796885519
0.1251819996144829
9.054542313957767e-2
3.04759393947316e-2
1.3945344752170774e-2
0.14561063582676786
0.14074858611022809
2.939687525769641e-2
0.1078223660265522
3.15382851157466e-2
4.3697127418893186e-2
0.11919370603018278
4.5848079826076846e-2
9.29318113797701e-2
3.1912895051227984e-2
3.3249438161412015e-2
0.12630299432972614
1.987310612366048e-2
1.4844660853426261e-2
1.4374939823528976e-2
3.93317517344581e-2
0.10715014277092642
0.15483154332802015
9.732920883883227e-2
3.7894472947120325e-2
0.14827091450973615
3.0598079823701753e-2
0.11418352304038482
0.16969707724095962
2.3258220250854333e-2
2.39533909994193e-2
0.10715146739285868
0.15445893092975585
4.628755615486069e-2
9.615315142557423e-3
4.748231808376681e-2
9.76940272116421e-2
0.13119100704758138
3.80830813340897e-2
8.72179203786668e-2
0.21699226009953437
0.10153921238902183
8.59599754574947e-2
5.6850596466120965e-2
2.7576013032799374e-2
1.9875139691957887e-2
8.53353885111368e-2
0.1211419947782347
6.645893178089445e-2
1.9632794839235045e-2
5.603075814838221e-2
4.045437447894636e-2
0.1259870767772488
5.134884238480396e-2
0.15307205093082588
0.1951597640981003
3.333927590219961e-2
3.606771609849359e-2
1.8571888407817906e-2
8.840081886224974e-2
9.295448858814245e-2
4.123123802237962e-2
0.10863929224178268
0.3164016512061377
5.731998250786965e-2
6.05465603512953e-2
3.1353981087212136e-2
0.12356547685358912
8.5256457572113e-2
1.4877149919033984e-2
4.459755561569355e-2
0.10786784328702866
0.10714293757839073
7.68128811604045e-2
2.7487213048454306e-2
7.604213195189027e-2
0.1049739220043365
3.547668222461993e-2
9.493332751178171e-2
5.3686986582423414e-2
0.11502232973255273
3.642734166493965e-2
2.2392017718623446e-2
6.981692561337113e-2
4.38774132839744e-2
0.11679445333961466
8.963301723047727e-2
0.17990629542897393
1.4519683359720526e-2
6.887914015487707e-2
6.628844977702282e-2
0.10743769753592827
0.1254896899169446
0.1621048406387085
0.13335424939833013
0.13988945004719536
3.616396317744369e-2
4.836720007552321e-2
0.11964691421791537
1.9269520865600808e-2
0.12825519799298196
0.13441980934381145
4.609853090067177e-2
0.13532526274802384
8.424174149217753e-2
4.5979827277923324e-2
7.161589208000071e-2
1.3439251470160608e-2
3.558765375067976e-2
9.56952869591261e-2
6.330522493665715e-2
5.784995480015544e-2
7.375627475777277e-2
5.896162527726635e-2
0.1649536215258958
7.084722231146609e-2
9.591352221523873e-2
1.7527703769566506e-2
3.549502641640624e-2
6.823343520214431e-3
8.00899691553986e-2
0.10975237006497338
0.13329386830864043
3.146718762573554e-2
0.11378496884808956
1.722106320725535e-2
0.16240758190815324
4.621683121510963e-2
9.133983279943748e-2
7.850091535915804e-2
7.417061492850481e-2
0.11493710537193466
4.7418155330489445e-2
2.5144666113528714e-2
6.0489512220416354e-2
7.310142567373498e-2
0.1392660202364795
4.960079026790112e-2
3.101036873278712e-2
8.427072062398933e-2
6.347599683892277e-2
1.765117834336911e-2
4.019742566620643e-2
0.15244793918325988
2.324705697699354e-2
0.11185841705889148
2.8683276267511958e-2
0.17831780578091808
3.6724650142166596e-2
3.954680044568536e-2
6.762056622168183e-2
3.7438046217459e-2
5.8678492894457715e-2
8.210490000114601e-2
4.905610135841604e-2
4.390964510663383e-2
8.682320797146718e-2
0.22334818434912845
0.12603717733030867
1.0436429992399455e-2
1.3012170793347344e-2
0.10449188263800917
5.198674679971284e-2
0.1257667690620064
4.641738389940557e-2
5.731208014396185e-2
3.331755439243391e-2
4.869711511279373e-2
3.792108689470679e-2
4.252936006113621e-2
5.5277957406837774e-2
0.10003893114694688
8.127563675780174e-2
0.1194719601722873
4.99401819437645e-2
2.3796408986729755e-2
4.012835758530252e-2
0.20088946805567445
2.653659864386353e-2
8.084339980154912e-2
2.4442837823230944e-2
2.709541318962435e-2
4.657870390449033e-2
3.690703680676248e-2
3.004258853521389e-2
1.844438648841462e-2
6.135497985777906e-2
2.051448249057102e-2
0.1802239542171954
0.10300911169665476
6.158453068640455e-2
2.513976302719819e-2
1.423670584952048e-2
6.315529289203754e-2
0.13544329999794733
0.11161090521085512
8.703134259486826e-2
1.8864801592667825e-2
8.023667134419182e-2
5.0282781590910895e-2
9.744881240212989e-3
0.2180636242623176
0.13947479801651538
4.405909300674442e-2
4.343649808200425e-2
4.259633949413172e-2
0.137598500488009
7.311097289381932e-2
6.696943316908886e-2
3.17370221853311e-2
4.1521789962256486e-2
3.242543833033714e-2
8.047837522436305e-2
0.10567650972287843
0.15987510178392655
0.16520087403297318
1.0430476167640469e-2
8.946375379277815e-3
3.3370442075486915e-2
0.13108092615575478
3.862917629384335e-2
0.10956448529588055
8.222522955770599e-2
0.11745688406860846
0.18713330402000142
5.71911569008162e-2
5.0113284828768256e-2
0.10635188455127391
0.26036390981709534
4.646646873354919e-2
0.1251690445629817
4.552430318102463e-2
0.11000592688125939
4.574836237056997e-2
5.3341494397250375e-2
0.13754326729474178
2.1870177909190103e-2
0.1321117633188035
0.15001679697135803
3.780362749700451e-2
0.16125467713032285
9.843115175061098e-2
5.710691105184592e-2
0.14960062101217592
8.409048917574823e-2
0.10563185757687668
0.14531638106989408
4.1053019164042026e-2
4.9156116759634105e-2
4.439232378961212e-2
0.15605856038121377
0.15172849365164093
0.2235271656832091
2.0784305272121707e-2
0.16108732223135264
5.468091000040044e-2
0.1245481119496286
2.3849867829943715e-2
4.241473012918342e-2
7.359789531022655e-2
7.643947691763275e-2
2.076118112074419e-2
0.13703981016710157
3.7663185148626696e-2
0.1237699115128014
0.21075103690563518
0.1490873663372589
2.379541372119731e-2
1.2023572841306507e-2
4.829146861100973e-2
1.3004916197874982e-2
6.794191868454809e-2
4.053712294501334e-2
2.006216375121652e-2
5.011206496510551e-2
4.085035662983262e-2
7.443390940291807e-2
0.18545127670334577
5.281349654071996e-2
4.8951823230765114e-2
3.0897473554177556e-2
3.277435065693487e-2
0.11414792790076358
4.1103204511380734e-2
6.396189467193137e-3
8.53523217072836e-2
1.056284479887878e-2
8.06297895667338e-2
0.14010248841085451
8.676240571046076e-2
0.12731313029433325
3.998597224993283e-2
3.471387877919559e-2
3.674004486102731e-2
8.231835118085024e-2
5.243334514106179e-2
7.010551209990186e-2
9.64617099575392e-2
5.865619201246336e-2
0.12756031118827824
4.7533086921348076e-2
0.13043099062664934
0.18122608806409932
2.7852750469333155e-2
7.092842019416e-2
0.15409421517049568
0.10931060135386654
0.12905205817676788
6.723051200171619e-2
0.11878124957532565
4.0243284307935744e-2
4.5578142783815764e-2
1.758055338303094e-2
4.265484864736776e-2
5.8145943408844505e-2
0.12034533005482637
0.16340492461192002
7.25518990949375e-2
0.10864847326979268
8.779937604533987e-2
2.030980577481939e-2
0.15705979257712696
7.150869615682612e-2
9.499482087465093e-2
0.10598575897563141
0.10338389527796102
4.2394292278948656e-2
4.820379088214175e-2
0.10289783977507468
0.1597462890245066
2.609321505357818e-2
1.6335488569040258e-2
4.4200788293607005e-2
0.10691472082075534
4.851605645950376e-2
5.845850470237098e-2
3.265661221005215e-2
8.458446766105168e-2
8.792908106446189e-2
7.562042850842726e-2
5.2606333491756696e-2
0.12297314150906966
3.0066045920613425e-2
8.617820154420153e-2
6.674780482669708e-2
3.473912991816611e-2
0.20570650930981477
5.730936030764402e-2
4.503444796045697e-2
9.208536284340804e-2
0.10557602449044852
0.10465923206078029
3.0256940260467878e-3
0.11867032807073678
5.0117107695129136e-2
6.66095130331247e-2
1.0597297768738778e-2
2.1865405353969414e-2
3.511016655859382e-2
3.116415417452829e-2
0.11655377700062561
0.1704452605958514
0.1070119444825487
4.933877548547354e-2
0.10449275688448192
0.28060179032420624
1.928942974231812e-2
4.829985700803592e-2
0.21998974646596695
2.978238494209796e-2
0.16878241357199425
0.11164022039403627
0.23539905121083113
6.694608407341095e-2
4.443232885203752e-2
8.288158593847181e-2
8.545704345501748e-2
8.68642819016685e-3
3.185987321471669e-2
0.11066077627725046
9.329959514895961e-2
8.563697812929117e-3
3.5363081959368416e-2
6.492851045476808e-2
0.11168064836003588
7.0290872493468e-2
5.546873623790812e-2
1.702295773810746e-2
2.9423331303954768e-2
2.1714678160857682e-2
5.667170535286573e-2
0.21729420267343502
0.1221185665331036
0.12362237579868914
6.978605002899291e-2
9.049342266125678e-2
3.822912517846475e-2
5.698925546596049e-2
6.456952678411894e-2
4.3787731059686565e-2
6.355952359277986e-2
1.6379536737063403e-2
9.985749421749283e-2
9.631064049443958e-2
8.227356712962577e-2
8.301866840226184e-2
3.8546679188544916e-2
9.801495338259435e-2
0.1048329804968497
2.1711488831534932e-2
0.1233948651946084
3.382021742199535e-2
3.5288591576946395e-2
8.028708736003824e-2
8.163559493873133e-2
0.1413707551797747
0.1241838928751933
1.4804918789270005e-2
0.2741213137559429
9.807728921333961e-2
0.11487049607209343
2.0703094156625614e-2
3.377375697906933e-2
8.016003694483781e-2
0.18684154440359438
3.1025579438694127e-2
3.050613276596509e-2
0.10599138177455955
0.11158136865855653
8.22545315440547e-2
2.273043373235555e-2
9.536314529019072e-2
0.10801610622034938
8.951098442365801e-2
6.450956024562957e-2
0.13634365134029122
0.12159734450300856
0.10545716124820373
6.448842817775317e-2
0.14319062843879032
0.10999203317250808
0.18208605286040622
4.808214911397283e-2
5.184938186740882e-2
0.10293173386426535
4.2154534119377696e-2
0.2296960182590054
0.11397593716647939
8.110634267930199e-2
6.1397529427742514e-2
0.1522752632112669
4.4282958752790424e-2
5.225375706286417e-2
0.16415907866300858
2.0059453790758252e-2
8.90418140390868e-2
6.0811880251577834e-2
9.888395150799918e-2
5.988361710197827e-2
7.085724745762585e-2
6.61835617933247e-2
1.2025774578680749e-2
0.1283541027399075
1.7147684690460484e-2
2.803957947866261e-2
2.4995409717535066e-2
3.2561470863454366e-2
5.587253984321998e-2
0.10067482622258236
2.2225173632382855e-2
2.3068792117563887e-2
3.251425848707702e-2
4.561029625799665e-2
0.16710992519524467
3.3116340553674774e-2
9.47288789663743e-2
5.3615873452502606e-2
0.13459840894030423
5.1988020314039915e-2
7.67055908164947e-2
8.372208717966612e-2
0.18669316694154578
0.10053916578015536
0.11415632659728395
4.8990898783331904e-2
7.357629325038861e-2
3.867931920200168e-2
2.4041078363313706e-2
0.1096735127023537
2.202304667771109e-2
3.1725771201366215e-2
1.965899924049952e-2
3.607008631738977e-2
6.154794715923909e-2
3.556391619049182e-2
0.15418260103979092
5.688227721004533e-2
5.0482491988377586e-2
0.13493223014817218
6.2204293611897346e-2
7.006141543775064e-2
0.11582444536019439
2.8266429710837516e-2
7.539379516102149e-2
0.13178252108442465
3.153977595447851e-2
3.509807458916273e-2
1.832415098243545e-2
4.13389868493379e-2
4.637930791905696e-2
4.100395018892381e-2
6.1140864330403555e-2
2.7586927725097778e-2
3.158482646156659e-2
3.6801683383618854e-2
0.14935473798785398
0.1732696025667561
1.7776270375261683e-2
7.54668093333358e-2
8.023209262849243e-2
8.08732930135333e-2
4.161228544271709e-2
0.14955432302692492
0.10856755723847007
3.814138365242502e-2
5.8898181453669006e-2
5.098214475126224e-2
2.8236298724057175e-2
8.689786646646702e-2
8.687857930111659e-2
3.777959994603229e-2
3.627278214633482e-2
1.5960614925262673e-2
4.784600591147754e-2
2.4140290679791454e-2
8.808725572193249e-2
0.10217697090389166
3.777771218993507e-2
0.10029412061612711
9.047750844378677e-3
8.544020517297472e-2
9.969039720611658e-2
2.4966146472786287e-2
7.657154676404798e-2
3.0834565974684647e-2
9.858247355405669e-3
5.136075702398622e-2
3.9973318009234135e-2
6.262659472596539e-2
0.13140242165514934
4.214720617587418e-2
5.7839518278754845e-2
3.197202666098289e-2
3.1590435850327635e-2
5.633166924987028e-2
4.4924340385710713e-2
0.1751392813971218
0.1378563705286692
0.10537121699024152
0.1417449220183425
0.10464297018436006
4.743597387943843e-2
0.14139786164572007
8.154805785814292e-2
0.12104336892831732
0.21924147885829548
3.235385992812315e-2
0.10781152150236366
0.15379148118236827
9.887262139531436e-2
0.20755909184997234
0.2058131742606472
3.8402200579271795e-2
0.15931839110309362
5.6269282811860014e-2
7.500978158864627e-2
0.12411367566901346
5.3793169697185915e-2
0.2196733243004366
6.673474556282899e-2
1.1670431819207672e-2
0.22446836616147287
5.660909610705587e-2
0.16196153500168703
0.1114132744218572
8.104144986532957e-2
2.9467149087776888e-2
0.11100010009533152
8.007274097578464e-2
2.0742805864583012e-2
6.771165418639091e-2
5.278029275895738e-2
7.992447052991247e-3
8.85907640034822e-2
2.04742449626355e-2
8.15215174052004e-2
0.12982562469415276
0.11861145568266591
1.9195494976019578e-2
0.10480762407609154
6.148582280586275e-2
2.77462636403071e-2
7.800793121584884e-2
4.922444613766176e-2
6.084114981730907e-2
0.13108163537860923
6.799430965008729e-2
5.6267915048501906e-2
2.9198603048065385e-2
3.980284046779663e-2
0.10455877823257875
4.5485216425230415e-2
9.002303205003326e-2
5.425589554809858e-2
5.0527138478080616e-2
6.525942577665848e-2
3.2942595596592614e-2
4.0192624251863526e-2
4.759963134431945e-2
0.11704141328309603
8.516040597693059e-2
2.9364928297959357e-2
9.497401704003282e-2
3.605107063677658e-2
4.0387456775399525e-2
0.15035786430558792
3.686223332311143e-2
6.337681839082472e-2
3.9327443151064255e-2
0.10142576026039003
2.4557752983360836e-2
1.0562050902397502e-2
1.7491949211312596e-2
9.108385810721639e-2
0.1751868154692314
4.122533919791664e-2
5.237137324364991e-2
8.27315093101351e-2
2.6152193029932713e-2
9.532734009004298e-2
8.459506756498568e-2
3.439728837402709e-2
5.653153154888698e-2
0.14499056858512882
7.219025860756836e-2
1.745897452714862e-2
0.10027890825885691
0.1262262747520658
7.805063546806827e-2
0.12530698536536042
6.987777516860887e-2
4.311695734852038e-2
6.975335231954664e-2
9.012620706572394e-2
4.532433054356094e-2
4.526795801532455e-2
0.10065108879918483
5.459067521465647e-2
1.833972132794618e-2
2.951665187397905e-2
3.540140376685054e-2
0.19759761006754975
8.627320995478645e-2
9.458702350555544e-2
4.389509106116474e-2
0.14782431689161396
0.11850166720977798
1.586736842120967e-2
9.372745692024706e-2
0.20125701635512377
1.3500107432351804e-2
0.13328193752698653
0.14531711618919493
1.2935843789808355e-2
5.70670865023829e-2
0.18297455578273447
2.8663801538732814e-2
3.030903682593188e-2
9.313891293312818e-2
3.2103798891016375e-2
1.805087438899372e-2
0.11210583234683691
2.1739235530365098e-2
0.11042181457740186
5.525121719919203e-2
0.17039384708795743
4.440055590825624e-2
8.489853568096435e-2
2.695653511159688e-2
2.732211661617001e-2
2.3260310354025628e-2
3.9748723985339504e-2
0.12373460339593496
0.1276204198607931
7.495558383195484e-2
0.11929149470052444
0.12467039669527373
7.453196898401027e-2
0.12017153796829494
0.2576600912259665
0.12891089266208283
0.23768678247876301
7.637363623715653e-2
0.10469548391858345
2.991117316840434e-2
7.476315403315367e-2
6.252374750373572e-2
0.11859477563001694
5.3644267074067206e-2
5.3820570423518774e-2
4.9108560635704054e-2
3.584051731959814e-2
9.01884367957911e-2
0.11095350506393617
4.4893120714207736e-2
6.439042883290809e-2
2.913578257067745e-2
2.8564166259916278e-2
8.669469371654452e-2
9.993425382829228e-2
1.4826916364901388e-2
9.297095260216867e-2
8.005999355494886e-2
0.1047445641002398
8.869374200553634e-2
7.87384341398224e-2
0.10012327367135965
4.5610360070501496e-2
0.13741870875715392
9.706815184991777e-2
0.1286221446884319
3.993770081128693e-2
0.1368125995390264
6.739473084063566e-2
6.89844016586975e-2
0.16776398514721041
7.152814366483157e-2
1.9433458073191256e-2
0.15287224299899804
7.424566456614268e-2
0.15373319143891034
0.1334329480326384
9.737747428787362e-2
4.19029087292231e-2
4.914352085679232e-2
6.635809591181177e-2
0.14918457311460726
0.11745132439966874
0.10591051816980616
6.015040063550771e-2
2.858793890404987e-2
2.0468790513668567e-2
9.411517439183317e-2
3.362779552522775e-2
4.052293451931134e-2
2.9681938896543202e-2
0.2037288767897631
9.39533721610796e-2
1.536507261016925e-2
0.1180809647640545
0.14317913913688005
0.10445518156170408
7.22207181284043e-2
3.703265533935468e-2
5.942846665959497e-2
7.083598716753176e-2
4.246553027682217e-2
4.154378210084567e-2
9.954358783177279e-2
2.085160612461111e-2
0.11211194382436848
0.1156051743163157
7.145044060878039e-2
4.3386227886856234e-2
1.625412461234721e-2
5.204504900294352e-2
0.1301070208896201
0.14385246762347323
5.691591781216339e-2
7.159502320314251e-2
0.10993253066510504
0.14054538618202952
0.1638298318763159
2.485209233072826e-2
0.15069436618774434
2.921671901370637e-2
5.2826823505563766e-2
9.563366050260556e-2
6.2343539255829625e-2
5.1527154265824646e-2
4.048658513346939e-2
6.722709724048251e-2
0.2263862036929579
8.403399949279775e-2
4.2409061188852445e-2
4.653354858104871e-2
6.874077292405531e-2
3.320824669505038e-2
1.79653286541387e-2
3.7794335390704606e-2
7.734181956107317e-2
0.10011537884223558
0.10718819589206538
6.284922090683635e-2
7.0819999482159e-2
5.9304286728807575e-2
4.4659739629231074e-2
8.574196035858017e-2
7.998367065046923e-2
5.505622738214115e-2
3.0479950739576912e-2
4.882771327120533e-2
4.4596092673080234e-2
1.662917443302773e-2
5.61508762516601e-2
4.072597723296528e-2
4.494709354334834e-2
4.217947314546584e-2
6.613688979427923e-2
0.10261483443022046
5.384094206890912e-2
0.10082808871818143
3.167178838544223e-2
0.15172874791354096
9.022050891339083e-2
3.045329519496489e-2
4.955004824666052e-2
1.6889936725228073e-2
4.047632686284517e-2
4.474530782180105e-2
0.1410520764227153
2.849862331130265e-2
5.1285640487255965e-2
0.25587862563558017
0.12306071868133447
9.299770572251805e-2
3.0196885999465507e-2
5.308084681070914e-2
0.1259655161419246
0.15612154926920252
3.4635504219150084e-2
0.12907949981575034
0.13091881770666441
8.934333915927656e-2
7.194510872633093e-2
0.12738960788080883
6.836794886847108e-2
5.618471258448891e-2
0.13185483699267603
2.049276609105869e-2
3.988472320492435e-2
4.0797476110169206e-2
0.11417271610604887
3.415238951346531e-2
9.368169411187373e-2
0.12605093979102158
9.892879736551605e-2
2.4337257267225743e-2
6.453458950406439e-2
5.662222721825847e-2
2.266433201581769e-2
3.4752647727756124e-2
0.156810962602068
9.273392728990614e-3
5.043456801397715e-2
0.12057654591058267
8.39917483486339e-2
7.212854726278277e-2
0.15159782405110955
6.276179531181929e-2
2.8636366705026017e-2
9.338957374726423e-2
2.0760226507899104e-2
7.812140934679825e-2
9.955289510453863e-2
7.200626148254485e-3
0.2110938723940933
9.978893243152216e-2
0.11697360808231579
3.797942361620943e-2
9.297863009919746e-2
3.050723588862477e-2
0.21039583845544696
9.02256658169742e-2
8.86939304130078e-2
0.14927153296752174
1.8011401499724557e-2
5.1404976139707806e-2
9.49579932443075e-2
0.13054883756031177
1.3411167751528341e-2
6.791569605088917e-2
7.982235344185327e-2
8.352700642778228e-2
5.953359219392353e-2
5.4185611507846086e-2
6.489936573115754e-2
0.11456282610065704
1.7359145156105604e-2
3.1490361461415484e-2
9.27447373394453e-2
9.501512583672714e-2
0.11948138586127348
6.260850824392253e-2
0.13597160941087522
0.11200684118067325
0.10761130257766024
0.11251544327925314
2.172813165128894e-2
1.8070441116621972e-2
1.6119060720085898e-2
7.524985125812657e-2
7.086010812253493e-2
0.18166015005947173
7.381178966076217e-2
2.160853291407585e-2
8.31732702161195e-2
6.800530481558191e-2
7.627563680462397e-2
4.08729229742316e-2
2.865198218385432e-2
0.1361481837881072
6.490837803742308e-2
6.13554130270616e-3
0.11842209493823672
1.1745802003779527e-2
0.11202387774761173
0.1643077745410685
0.1084342747731573
7.16016171592109e-2
1.2161642144409646e-2
0.1406494299733822
0.1427257288809834
2.3150796918826398e-2
4.6786511307060095e-2
5.489460535360104e-2
4.1003994293207904e-2
6.757746982208251e-2
0.15678534284906576
7.889362500216501e-2
0.16681827581461675
0.10430733566823465
1.6144565228952024e-2
9.25388092973412e-2
1.242464078228045e-2
7.285748720897332e-2
7.713208514100206e-2
9.003537437016901e-2
3.417419260792544e-2
0.14227461918015621
3.7605046326917156e-2
3.525730128754586e-2
0.1529478607343538
9.418949485369978e-2
4.190680171693573e-2
3.19819797353544e-2
0.20668069495444316
0.14732483322170667
0.11324066991250872
9.408577721727653e-2
1.9846847063633134e-2
8.984325027661615e-2
4.970923152232034e-2
4.40032433128872e-2
5.668764659911194e-2
4.336547706689488e-2
2.150998233915844e-2
0.12994429807195745
7.378118386706843e-2
7.463530691079436e-2
4.539398841416812e-2
0.10810142901428119
0.11560581442556225
4.888805417437424e-2
0.183159864987772
3.915571367026769e-2
5.032483188223781e-2
2.703976874843176e-2
0.1836236438920907
7.672211979670575e-2
6.793261134148645e-2
7.641400172085769e-2
2.8482917668514008e-2
3.0162751300787504e-2
5.160644860176067e-2
0.11447823593394921
0.15406978614889458
0.12968073096453914
0.16351424043829615
0.10588378325540027
4.887083155232523e-2
0.13151372176005066
5.250797829776703e-2
0.2277585063243064
9.011166500961637e-2
0.10361044861057792
6.983339045711326e-2
9.511608511710899e-2
7.931210890114988e-2
9.568625925134948e-2
9.336191131042165e-2
7.956009469055218e-2
7.84216812195226e-2
1.2168206764292422e-2
5.1564030980696215e-2
2.6399132084926346e-2
6.320593795873039e-2
2.105565198272069e-2
8.875833824594816e-2
4.4280015047864815e-2
0.1451008525960115
5.619507260094843e-2
1.6959444655913692e-2
7.381116586568875e-2
2.6359785847574334e-2
0.13330652593289005
1.624324459810821e-2
4.387728343000489e-2
1.0260428858719983e-2
0.12051762984430621
0.16251599959920043
0.11659146894405445
9.076890551992346e-2
1.5081369067488271e-2
3.953322286634696e-2
1.2549921659344066e-2
2.9029026312225824e-2
8.636587101289683e-2
2.0740262203540936e-2
4.504764933400222e-2
3.8315422301716785e-2
8.389581184777736e-2
0.10378953277186978
9.356284446421267e-2
3.568917673147311e-2
5.657610590732245e-2
9.235307770195908e-2
2.9258297463845905e-2
3.231601408828638e-2
7.571235069988863e-2
6.794219137332598e-2
2.3431304016781042e-2
0.1945310833916778
6.512054961725525e-2
0.1307135214455622
8.020493038790884e-2
8.102486647519849e-2
1.644700511036352e-2
0.19727459688936988
4.42028382792079e-2
9.226961608309413e-2
4.3300669199626426e-2
4.233691107436728e-2
8.563744977099794e-2
4.923369808274286e-2
9.21122456409593e-2
8.84145236592276e-2
0.17241973037040934
0.15029477899513854
4.957382335302187e-2
4.100306757284563e-2
3.332725716579129e-2
0.23054251654272456
1.6373899638497825e-2
5.687536708261328e-2
3.6852742700931584e-2
0.15400868511583887
6.273073180521475e-2
6.25464066696021e-2
0.24452423934263884
0.10947099064786518
2.1550158048209256e-2
8.95138723935145e-2
7.095186143288743e-2
3.307808623504296e-2
7.079527668006336e-2
0.121106976875257
0.10171925085162617
6.656082217596737e-2
1.300282679560436e-2
1.9105336538063632e-2
8.491100638345083e-3
8.90689297196976e-2
2.354448815780593e-2
9.915984744868746e-2
0.1088566874312423
8.36482841760609e-2
5.503853108384453e-2
9.347098749688388e-3
0.1465803700092855
7.797119497601683e-2
1.7657514965309783e-2
9.048987723259938e-3
1.6273663245591242e-2
4.5532293076898545e-2
5.156748478885946e-2
8.4665438825511e-2
4.950721155127401e-2
6.0193102371138896e-2
8.655558623044127e-2
6.308346947592203e-2
0.18395760930279786
8.250814683006195e-2
2.7368037210202402e-2
2.3600434208925148e-2
3.457630702877297e-2
0.1420536455786824
7.70764705955782e-2
5.646534968248362e-2
0.11878834541058839
2.9887383485736385e-2
3.593537652050024e-2
1.96431692793289e-2
1.7218684557058272e-2
0.12283280823788005
1.2844583843536284e-2
2.383495485674597e-2
0.12537845576313875
5.1560923854180596e-2
9.396324111847532e-3
0.22622615673985064
3.317809617212682e-2
0.1118167231526408
0.17348363116847768
4.143131248553995e-2
8.906784474722708e-2
0.12338617294800036
8.040855239151348e-2
3.945595583983955e-2
0.11418962744658827
9.842395479351211e-2
5.5722873917160486e-2
0.2323881613950733
2.8632349402550848e-2
5.05785571404752e-2
0.11936758076874006
2.606167810006942e-2
0.10546905323907234
2.8297196550060022e-2
3.2151153223391404e-2
7.042216491450799e-2
7.485178547615194e-2
0.12268454426622113
0.11112112670815597
0.13656622850596084
4.78635962159901e-2
0.10423748515713238
3.765128885963589e-2
1.3265799940238087e-2
3.783616298705208e-2
6.2102006348710506e-2
5.262437932857032e-2
7.794979171861387e-2
0.1270609839430342
0.16684604025011834
0.10579224071677688
1.897146515729803e-2
8.187877802261398e-2
0.11751505956616586
8.978604216155223e-2
3.653589224734751e-2
0.10608421539628707
9.68223805121098e-3
4.2946405068672214e-2
8.875522712776557e-2
0.1321070115257074
9.884918658839237e-2
0.10999325816145614
1.2925136089696709e-2
6.64076253660914e-2
6.243788349868884e-2
8.131468432519497e-2
5.756788474980125e-2
7.78012055862837e-2
2.3038268912226732e-2
2.0842867422401046e-2
2.235315357909674e-2
3.565554638702999e-2
9.78664150670818e-2
1.155932131788362e-2
0.10422496275320899
0.10066579201314241
2.2567776794870553e-2
0.11004104206951412
3.2636451843106686e-2
3.18505373932627e-2
7.741571460177121e-3
3.368141383200267e-2
9.972533935056335e-2
6.823938055694853e-2
6.894049064966079e-2
8.653199785026698e-2
0.13051730317318172
0.10092592301454795
5.391266119391003e-2
6.552850657823853e-2
2.6181029146671975e-2
9.6336193286761e-2
7.664490762970352e-2
8.26033488692722e-2
0.10647358264450295
8.243438025016375e-2
3.855625339373385e-2
6.468469187636032e-2
8.577491404989651e-2
4.8760001655912225e-2
2.2242873175437217e-2
5.529340502597981e-2
0.1609719737739948
0.1702016999558604
3.1033081012448227e-2
2.3626322316363545e-2
9.325298821621095e-2
0.14459738069163136
9.667769247867827e-2
3.42318487872864e-2
5.510463756231028e-2
1.1469140143990132e-2
6.276826389004071e-2
7.849870474848335e-2
0.11138678556133796
9.105686680863159e-2
0.16454596879945474
7.654415789369357e-2
6.456821731646185e-2
6.06167139209723e-2
9.075423165890543e-2
4.2160956860428464e-2
0.10651035948881801
1.688972742310436e-2
0.10346674757955912
4.6215242358146634e-2
4.7192331158602954e-2
5.6254820038124355e-2
6.685032633162463e-2
2.9658088715908037e-2
7.192464728236912e-2
4.442009553718621e-2
6.333027300155611e-2
6.73173389680179e-2
7.956778787938013e-2
0.10413132545804171
0.11206315778619173
2.75640670353406e-2
3.816225582357343e-2
1.4001631739923349e-2
0.10716298071073507
9.749316419240242e-2
2.2370990903146582e-2
0.19950908659330113
4.297521669143206e-2
2.77956737526998e-2
5.15886114313347e-2
7.992627480592641e-2
3.741198828957756e-2
1.3480040190005394e-2
5.0975903921257316e-2
5.0369796178554985e-2
3.068704738377258e-2
1.5867170905622417e-2
1.7881616071285068e-2
0.1519213961383777
4.180821413341453e-2
9.444884311528116e-2
4.1865649809917846e-2
3.12109955651236e-2
4.462575960614461e-2
2.7850660875241018e-2
2.00903279293705e-2
2.196423780452609e-2
0.10417276631834205
7.907096190942395e-2
4.930805122541197e-2
3.270064564142795e-2
3.9536701910785385e-2
1.5397002242513214e-2
0.10515418891467487
4.633723247897069e-2
0.14828134029164233
0.10760769357949376
0.11318285182178478
6.709758679199365e-2
4.333280841743311e-2
3.3951417601991406e-2
3.204745409401233e-2
4.8015534798700785e-2
6.588030063243962e-2
5.500142726117008e-2
5.9901574159669645e-2
5.2087588037366725e-2
4.5815511904705467e-2
5.240427347776879e-2
0.11097265997813102
2.296629199758461e-2
0.20430977550629814
5.7967424532315716e-2
0.12562467823067372
2.8754256254015974e-2
0.10939283988454576
8.333758143349801e-2
8.043369617669674e-2
5.333027018521423e-2
6.300966657329979e-2
0.1298949795469146
9.265938959654703e-2
0.11382020948393443
5.5114927421030246e-2
2.6327752528973923e-2
4.061545843152857e-2
2.3295565629483917e-2
9.108146560047278e-2
4.765711863963791e-2
2.4968987215769588e-2
0.16339159390367514
0.12556127305755
6.740774528090557e-2
5.2566686539146645e-2
1.8415046708944692e-2
2.3635051245076356e-2
5.727826367453739e-2
9.363942938534318e-2
7.328353580407068e-2
5.9707760121453235e-2
0.15038995524171667
0.12058279730146867
8.520887828828419e-2
1.624769764721522e-2
5.770129276507131e-2
8.267919091722949e-2
6.112587608714779e-2
2.0187742512695638e-2
0.12401444949946679
7.748391466624671e-2
5.861276629413383e-2
6.756372059983524e-2
0.11400605056473548
7.90169626006195e-2
0.1159091146727563
0.16892101473258175
0.1351065419884752
1.7688054234709382e-2
1.605131746002384e-2
6.168437598461437e-2
0.10536535714350656
3.545693685780221e-2
0.11224824136717959
3.844491457725076e-2
7.590213811165769e-2
0.1660233910999256
9.040299779627008e-2
5.6906144947069135e-3
2.5299159782198044e-2
3.586505551034279e-2
0.2017558174692821
3.0839582677726973e-2
4.354603719583674e-2
0.15132454838562515
8.469791131968241e-3
7.710052647459092e-2
7.638443074342104e-2
1.172513435139414e-2
8.022350738649359e-2
0.10940336787165601
2.236882523410173e-2
0.1175650672813456
9.879733782354977e-2
0.10339080703370644
5.817215879843011e-2
0.10670934719012956
2.2752458904673544e-2
8.507728327124463e-2
7.095534299020814e-2
1.3426283067465761e-2
0.10584877026140804
3.0483913438121124e-2
1.2651345956393034e-2
2.0490668740538308e-2
6.310249812498915e-2
9.754033936149283e-2
8.618381526681079e-2
8.500376598302907e-2
2.593888645485689e-2
4.7980150656272036e-2
0.13795833280597977
0.1438788567633676
7.60121614684657e-2
0.12808872704140253
5.603276339798444e-2
1.2809118129746633e-2
5.9380891639676435e-2
1.6681632169426565e-2
0.1283223050896404
0.1345014551619686
0.13440133884588767
8.275845476911027e-2
3.4935727130013264e-2
1.678411564516219e-2
0.2918693674710568
0.10713781802373848
0.19811524357701854
6.99068148015444e-2
4.64475453651107e-2
3.6804315073412862e-3
5.627524155454947e-2
7.262015289817157e-2
5.173600687861315e-2
0.12462194582924264
0.17778882923552203
6.420558130579633e-2
4.1727428417779225e-2
6.198613594380892e-2
6.49286550659723e-2
4.806879995619847e-2
0.14632071338041558
3.7108246030720014e-2
2.743488731951116e-2
9.898759635792556e-2
6.102457758559302e-2
6.812291286903671e-2
0.26680591113374835
5.7039497793490525e-2
5.652277615305636e-2
9.691209768042501e-2
3.8732928938471446e-2
0.13381915534201888
5.471241424925113e-2
5.479599507391306e-2
3.816513392265525e-2
9.924567795800457e-2
2.7611872901284872e-2
5.7991110444919315e-2
0.1315134773078293
2.694739849671497e-2
2.7540295116006076e-2
1.3923314309864076e-2
0.12464128017694964
4.275759579183734e-2
5.5055074373662975e-3
0.11260161842171057
0.11142349343229867
4.416402750783248e-2
5.939483033245232e-2
9.133839293846513e-3
9.603428486420965e-2
4.9030949247702606e-2
9.725444603883028e-2
0.10910030387515639
1.3650556351937859e-2
7.129168099444619e-2
9.685932249365051e-2
3.739274516200103e-2
0.12360175727410372
9.596588421214408e-2
0.1072430367525311
5.435897450573968e-2
5.056989036992599e-3
1.617930023032734e-2
7.44789474030391e-2
4.674569913833456e-2
8.205315668520384e-2
8.75606690759442e-2
0.1372986032499533
8.208474487928512e-2
3.1480349578084064e-2
3.5165105958470076e-2
5.780403363727819e-2
4.804194570209852e-2
0.10749817959213952
0.11626526246767233
9.015184128903884e-2
0.1999811602951656
0.10959119825992794
0.10316989150666807
7.217959755066403e-2
0.10996911170341654
2.271370988331073e-2
3.964587863196426e-2
3.171352391288734e-2
9.319981785118882e-2
0.23117854096134433
5.243234307200144e-2
8.750097121072797e-2
0.11494751196927891
0.11230267861519898
0.13047958738857662
8.377516195336476e-2
0.14417076912799315
4.9301542742764326e-2
4.480474761225992e-2
1.1914077282311497e-2
8.005673778596688e-2
7.662394148733563e-2
5.4066054640160156e-2
0.13211131801323217
2.9833344151196605e-2
5.762476624700985e-2
4.612229612126527e-2
4.405440360299995e-2
4.522006440629164e-2
4.434071178575434e-2
6.22345788644079e-2
1.8507844365472714e-2
5.6769729248739784e-2
0.12166574609031086
9.19447659847599e-2
0.15461835365346305
3.304283978883027e-2
8.516566783254112e-2
0.11167518922429269
8.346908542961728e-2
4.469269441964012e-2
3.9160897714687816e-2
9.981832591781971e-2
9.487862553829216e-2
2.246584566089056e-2
7.959113615370891e-2
0.1557934179383921
0.148002095962021
0.13869706958323005
5.138776778806775e-2
9.90018532437121e-2
0.10385754353862006
5.636897093261395e-2
5.753104483462475e-2
0.14944661555638958
0.2802310964005141
2.9069982406356686e-2
3.6627967979889244e-2
0.14065140178756144
9.010371967965673e-2
4.712641774199568e-2
0.1117192230762879
2.7361491823074548e-2
4.789408790883619e-2
0.1274344955086904
1.8615714102301017e-2
1.5838467173264658e-2
0.11897744692167067
7.691019398912168e-2
0.11973252238695628
8.990347920612982e-2
4.852951388702294e-2
9.477192871645901e-2
7.252555094326911e-2
7.497710330221977e-2
0.16976933303735137
4.395594890840655e-2
8.464585190714703e-2
1.544514357368455e-2
1.6722407264094463e-2
0.13033274342583373
1.651883937860622e-2
0.1223041078209759
0.10945528026676994
3.1573787503510295e-2
6.406947829822925e-2
0.10094149913438524
3.351694393990208e-2
8.999858267845329e-3
8.071885502956898e-2
1.1333926638528669e-2
5.122974671434057e-2
0.10126157613768202
6.976569290660398e-2
9.518505968403787e-2
0.11519044522914923
5.324095122640864e-2
0.2384323728957311
5.314462718037786e-2
0.18035939296616355
4.3963543618330304e-2
7.266754306695385e-2
1.6908504959432857e-2
0.1859494711892637
7.539738129718178e-2
5.086722218764449e-2
0.12556690569072346
7.945085746763947e-3
9.095600057596283e-2
9.811189043108628e-2
0.14609721728438366
7.538239265184749e-2
3.127568368114471e-2
0.1253907354251524
4.540029886633653e-2
5.9038795688640476e-2
0.10516279041776891
3.764422830675477e-2
4.6024946155481604e-2
4.3593324034281865e-2
6.57726394942216e-2
7.900300555724729e-2
1.770774562042431e-2
2.5234197297730975e-2
1.7549942127914754e-2
8.369234378978817e-2
4.001484995720851e-2
0.11480041842217159
5.724445259816441e-2
0.10018257295073998
8.004933674301912e-2
0.12788246591468783
2.9135719562484164e-2
0.10036808976711815
9.979949870898543e-2
9.991909699914475e-2
0.1270721622003236
2.4562025998664305e-2
0.16510335945984186
6.099694132333046e-2
3.414123904193879e-2
6.13393734112304e-2
1.5752259192180217e-2
4.4974157447500586e-2
1.8416012034869967e-2
9.002798389685909e-2
1.7614973187961604e-2
0.1469512497392318
1.798734179319881e-2
2.0270554185814325e-2
3.2833431710989305e-2
8.498808150867397e-2
6.5252268331699725e-3
6.418142876799321e-2
2.852271484245026e-2
9.945169532004554e-2
0.11771854887348879
1.8777715485434353e-2
4.971950023575992e-2
9.12886326369053e-2
6.93935317344136e-2
2.06121278453415e-2
8.12630122792496e-2
2.2391346204614537e-2
0.11175931526927893
6.33244890952036e-2
9.180548279252065e-2
5.8804582012823216e-2
2.194528657592081e-2
6.824593403817258e-2
0.12655512957369905
3.781426702325476e-2
2.7972822319875044e-2
6.2243815136375856e-2
0.11540772140471107
1.3650185205585152e-2
0.12100605399594899
4.737161518363481e-2
0.11466529462832106
1.1306709247479951e-2
2.185410692986789e-2
1.589596391873015e-2
1.2817805473903742e-2
8.330384189356951e-2
4.4034185160157856e-2
0.10990907759215025
6.863659366810855e-2
1.93389941642766e-2
4.0395613607139946e-2
8.952739576713221e-2
0.1363388943205806
2.8636413472746758e-2
0.13861769689915984
6.706922225002668e-2
2.5238616844444582e-2
2.548536947137243e-2
0.11124635453450744
4.08873087436617e-2
3.2474433743052686e-2
2.216058172675932e-2
6.0214999729771713e-2
5.609160478851617e-2
0.1581473886741259
0.11790218265000574
9.563230631577326e-2
4.0981834586400166e-2
0.14949404154918597
0.11957679589308408
6.179086291121233e-2
8.808101751188943e-2
1.7907917595258706e-2
9.550973298601413e-2
4.9379859583735475e-2
2.5798693236453618e-2
6.0148447402986895e-2
7.62488580305e-2
9.643427307842457e-2
0.1544679866095909
5.136493171197021e-2
8.586384519957027e-2
9.216136710044865e-3
0.103853564229725
3.193535498138127e-2
7.493463851418347e-2
5.15032150432063e-2
0.14851234035226063
1.780703886695819e-2
0.12152438598787696
5.133761936262908e-2
8.736632432059895e-2
4.624453450594053e-2
0.20158158487543681
6.770223843833464e-2
0.1301246402969342
0.14344695967757745
0.11222027421317216
8.920394926785588e-2
0.11955156472153275
3.937597257345633e-2
8.981007807593276e-2
3.0955985944977595e-2
3.112697577857306e-2
2.4722181371450658e-2
5.1188426832043235e-2
1.8937583121162026e-2
6.442770402855456e-2
5.709793965570553e-2
7.687820359406672e-3
4.066742816262096e-2
0.15277143266302573
1.591031533999806e-2
4.3612139239970926e-2
0.11608321595813909
1.3647305014830646e-2
8.034963953727517e-2
0.10445245552432363
2.167301410237681e-2
2.237962805273729e-2
3.305900104924706e-2
0.1311423171752278
9.295403575578658e-2
4.738235250473456e-2
0.148466424952065
1.8542595394162965e-2
7.158297151352029e-2
5.325248336357091e-2
3.066334738279657e-2
0.1535618204769538
4.3751587802167334e-2
5.349987833518536e-2
7.349685680367679e-2
3.517509209001242e-2
6.505801282421399e-2
6.779715773989292e-2
7.397743513213635e-2
6.732980239777782e-2
4.966178667569656e-2
8.627175436808043e-2
3.8946880663177384e-2
9.483891271708983e-2
7.815787238112998e-2
0.12585802483231368
4.2814114663977075e-2
3.355565897784788e-2
0.10250485709931709
8.821792979555043e-2
0.12571692750590097
9.593277189343567e-2
0.19741184063155476
0.10900509634066342
7.128356892987468e-2
4.3529774146331135e-2
4.191928030793738e-2
0.20315409340013302
0.15277543938939914
3.870129210038094e-2
4.270344844114551e-2
2.812502394454528e-2
8.222255486669186e-2
3.215662882422164e-2
5.143519470707397e-2
0.1471772866356404
3.960073792644871e-2
2.7781896830993757e-2
0.18831581661644495
1.5081824437327284e-2
3.21934456160756e-2
8.055036981472233e-2
1.3173458235537894e-2
3.776342928796822e-2
0.11310736451683352
2.645475841094682e-2
0.10123109369873418
0.1283348134668235
0.10593191899493597
8.78941063631541e-2
0.10337981314595934
0.20523103061186304
9.577331762308801e-2
1.7082873185760183e-2
7.749284985963861e-2
6.609493068205749e-2
7.311769061860084e-2
1.541590924959616e-2
0.1708960481779323
0.18591408406601379
5.7873218172227826e-2
0.12094796336799973
2.2518903277902236e-2
5.0194466604576146e-2
0.13855940488395802
0.16831197697987396
2.2117018438532844e-2
2.5530586820827372e-2
0.11904266091395614
1.2254610301755975e-2
0.13232239876197166
5.4603329605568594e-2
4.301923250924977e-2
6.694845958491011e-2
6.583554136000547e-2
7.486245588812632e-2
6.327521434183624e-2
8.794757647449612e-2
1.3538761426991475e-2
2.8406528239344597e-2
6.207484749503909e-2
3.79035787536852e-2
7.362002728053249e-2
0.13737044490459352
6.845438522035921e-2
9.227667169851103e-2
0.14090607598334692
2.700547143755212e-2
7.458253820559782e-2
9.348270408163861e-2
4.487476929164613e-2
4.785188571236791e-2
1.3817774314312303e-2
1.7320346639369388e-2
1.2114827803728934e-2
0.18246754364264345
2.274251232520772e-2
1.7172929221086985e-2
3.294562525616694e-2
0.10044400960137807
0.11853419178244473
0.1987421472763889
1.117632161556945e-2
0.13188056936070888
6.0292502788558786e-2
1.8712632190755973e-2
0.12510421240363864
2.689012209228182e-2
3.21196731731909e-2
7.884249433420813e-2
1.719686300299107e-2
0.18452295625734633
0.11381509146278898
4.018491798938301e-2
2.9406348647531888e-2
7.050865310550922e-2
1.1835698568911068e-2
7.725129529863373e-3
8.970506402319223e-2
3.9320723387347226e-2
6.782144573999593e-2
6.528810036485704e-2
9.860897191368326e-2
7.094487229657295e-2
4.697238895494009e-2
0.12090720471074141
3.219071502525021e-2
0.19345422833290066
1.4630548987360182e-2
0.1189503001686966
2.642418437036287e-2
0.10459146754300672
7.454436919196977e-2
8.716761879741569e-2
9.995752462565278e-3
3.0918131757045476e-2
2.889379989289941e-2
7.629919537419505e-3
8.364445828307757e-2
5.212450661689969e-2
1.6876443831513356e-2
0.12388993104181859
3.0825058078956545e-2
0.14376235722633193
7.915070549439837e-2
0.11990820597954999
1.5826483226885058e-2
8.441521525283086e-2
1.6423551251101433e-2
4.148800871635412e-2
8.085473070177071e-2
6.627664218725952e-2
3.634565945694751e-2
0.1372176701415918
4.008828679594676e-2
0.13926743077662346
4.083542275096353e-3
0.15748715873081587
3.909650510162678e-2
5.348539902909494e-2
0.114736689820596
2.7825953361593027e-2
6.99986108959123e-2
0.13255243835599304
0.12825273534359422
0.16852110192965122
6.430670339447343e-2
2.5922244917366544e-2
5.9620988069681115e-2
2.1946131280732674e-2
0.12784059593503813
9.997066110143124e-2
7.764905428538596e-2
0.12002484856800075
9.452683753513258e-2
5.305580048258587e-2
7.954060145429129e-2
0.11122575544848416
8.209254528838825e-2
5.1642324884237846e-2
0.10819928817457299
2.4641631504956386e-2
7.98312256240107e-2
1.170023178471119e-2
0.18038616724425607
4.4926317877863296e-2
8.399270151871596e-2
0.1072823505745542
2.5566863861635147e-2
3.2316315533998385e-3
0.12709793527213717
3.181253768311881e-2
0.13420727977724303
3.585575902436848e-2
1.2517166756870857e-2
3.874397195114154e-2
0.14647214053069746
3.7045405864498726e-2
9.40658140069564e-2
0.21439346776443777
0.17165712410520417
2.5401323160596234e-2
2.7902647375163403e-2
2.7171126197378482e-2
4.344067720104912e-2
7.086830020951915e-2
1.6845849742233375e-2
0.10470039677288556
0.1363640534201323
1.5011632277489162e-2
5.999773732217613e-2
5.2748752988174795e-2
9.428274172669648e-2
8.548868830922952e-2
5.4684713446263286e-2
0.10262922203471363
0.1785675660992248
9.966513116542847e-2
7.57594590720549e-2
2.2505396748210928e-2
7.01624925195561e-2
4.912127737216852e-2
9.905121376344361e-2
8.990484179291271e-2
5.0333987337925046e-2
9.869874330769132e-2
0.2002171722260948
5.242168475540976e-2
9.42990821079143e-2
3.662431834754378e-2
3.266090879803518e-2
7.123826212017491e-2
1.9575987644791293e-2
0.11304416726125725
0.14708660483749175
8.440350340921615e-2
2.822354477229506e-2
2.0631663100287512e-2
1.5662395748449864e-2
0.11263515438253395
0.14172373785835246
1.2872101428747163e-2
1.4343572370425096e-2
8.914373760481595e-2
6.706131244894976e-2
1.971065205202368e-2
0.1131924096939406
8.392324994059785e-3
4.391929744421219e-3
1.0560691683743916e-2
1.3612427592705145e-2
6.346395672010356e-2
5.0603213988162074e-2
8.304049758078944e-2
9.190302688829036e-2
2.9518067414767136e-2
0.20555198007276312
6.51391763765645e-2
3.962970190113559e-2
0.14602213931296817
4.4388817038041775e-2
5.968167296543464e-2
1.0690459784212635e-2
0.20439631520751061
1.799324481223985e-2
1.8558783241190414e-2
2.4105191540485293e-2
3.7953371979676284e-2
4.281597465839436e-2
3.946988396216661e-2
0.18512241745041505
6.155167597925494e-2
0.11317780547495257
4.249710354941303e-2
3.848123758876539e-2
3.507155943898991e-2
2.8469759331534682e-2
0.1411902875597873
2.8018063334496246e-2
0.16695577605427656
3.9715053951886826e-2
0.15900833372061127
3.966341874895675e-2
4.001744952076639e-2
1.8906546130045533e-2
0.11192605374410883
7.593102081099748e-2
6.61378044619382e-2
0.1173546197046583
5.69965980815841e-2
3.0434718925069826e-2
2.574310195150057e-2
4.591650444227271e-2
7.327942163240006e-2
5.0706830037369865e-2
0.12578113419673237
1.6470170143999308e-2
0.12911429233154864
9.955250612480046e-2
4.294131641815178e-2
0.10718315614198878
4.420232330300453e-2
9.706479687135203e-2
6.263293120296401e-2
3.841656892380337e-2
6.767487347190594e-2
4.718136518696549e-2
0.1312890017733114
9.352354018221312e-2
4.294647963530941e-2
4.862319307659176e-2
2.5426530557765448e-2
3.158126399803668e-2
3.4934113952742894e-2
5.044494521266627e-2
0.10218208304581153
0.11349090615634219
0.12713410051132942
0.1419838327135742
6.008924664141524e-2
5.882839177825305e-2
6.0372639980165156e-2
1.908198677020716e-2
5.326175657353664e-2
0.1069243407474159
3.033508788099687e-2
3.178313114152788e-2
0.173263772254669
3.24143508220187e-2
3.3810095455339216e-2
0.12989921667306326
0.12917143030906333
4.425519779097805e-2
0.1386113757332737
5.825035844494623e-2
6.794623845138886e-2
6.0485010331647916e-2
7.953207160872852e-2
6.2384257927823615e-2
5.3859926919956516e-2
3.541351227717242e-2
0.14958556237556464
6.951555331745807e-2
0.10682281202424929
0.11878808804185845
0.20875055704309903
3.9423985724602484e-2
4.924187041367852e-2
3.574132725710575e-2
4.095407391269699e-2
3.023288543137257e-2
0.10707922652052355
2.1733756100457247e-2
7.12273459151499e-3
6.200821236395502e-2
3.716531704699212e-2
4.596558654520151e-2
6.912868794041316e-2
0.130096592798916
2.1082992001148448e-2
4.486042272542e-2
1.3302181102654576e-2
0.1074777414642593
2.6874003673873492e-2
2.7344007049578966e-2
1.4002484156394712e-2
0.1022295295661815
2.67774168339203e-2
1.998811261742194e-2
9.97407920773321e-2
2.3495407732525675e-2
1.3232010701446927e-2
2.8092249080063404e-2
2.5718580631282118e-2
3.0411954824655675e-2
0.10472936552724468
3.818376629388379e-2
8.667838142640912e-2
0.1914588251382057
9.559596973555709e-2
2.3720920011424285e-2
0.2171072912923589
7.788355840019147e-2
0.10210381786662714
0.10947541365119211
0.15277080205557456
8.714506791466704e-2
2.8746719001250032e-2
0.1101018112100961
4.705739737705713e-2
5.2667946355740625e-2
0.16546231973506537
0.21676415798240845
7.081299821469314e-2
0.1523346225499626
2.4620935020820033e-2
4.436611201203984e-2
2.9903424743407535e-2
2.141845294038903e-2
9.074639430188572e-2
3.249495154628157e-2
0.15049840085821178
3.216070671426617e-2
3.921359067096343e-2
6.571598475705172e-2
9.042920605885083e-2
1.1735707423339393e-2
3.5539487225342316e-2
6.079944452091102e-3
8.454574051634742e-2
2.776174672083991e-2
4.714150098382978e-2
4.280626381792207e-3
3.578172656789282e-2
3.948181109995227e-2
2.414800630101156e-2
5.428922033807855e-2
4.239407690216941e-2
5.571756442992772e-2
5.558737905120572e-2
7.821471315636684e-2
7.005498286799573e-2
0.10835509073137403
5.404643479557895e-2
8.406640562489694e-2
1.7112341994673253e-2
2.992499405101805e-2
0.13418583430104197
0.1889843112199483
9.68892320537456e-2
4.174983202059764e-2
8.771785073374781e-2
8.633469297614446e-2
3.8660110220724554e-2
7.447479712264638e-3
1.1180415045630132e-2
6.123545483468492e-2
2.7382220806890335e-2
0.10645354330415566
0.12184288466910057
3.431109128185604e-2
0.12126983147722896
0.13677736056868164
2.1055463574527054e-2
6.052757227087594e-2
0.19080035665592093
3.1977625127739814e-2
6.96388525278782e-2
0.14075572036021042
0.14041864426850242
1.4833763193379413e-2
4.597234514026956e-2
5.938426290954681e-2
3.830892177071008e-2
0.2013802855527494
5.75377477694146e-2
7.897988965460585e-2
3.683197462504954e-2
3.912793937146018e-2
9.984354600233203e-2
3.0046883342266385e-2
0.12310734888688697
9.430587103805985e-2
9.448723865469452e-2
5.850719931614392e-2
6.380158547907937e-2
4.6519785049358095e-2
3.1630030133105204e-2
2.526931691348273e-2
0.11032268037827367
9.66347494596275e-2
0.10273094497751187
0.12448125447206429
2.0633000362474164e-2
0.21832761195331366
9.340427814479812e-3
5.449241503607538e-3
0.13143795809985184
0.11119246288291582
9.076786828605896e-2
6.249999275979469e-2
1.3672509584332738e-2
0.1099988725987204
7.632521600129782e-3
6.1118954481007806e-2
5.065386670221073e-3
6.23031298958181e-2
5.659448518575707e-2
6.848253162836006e-2
1.7416875590866077e-2
7.1658030823311455e-3
2.4739039925475957e-2
8.643893338521394e-2
0.12523326204584403
6.949708248986208e-3
9.888953239122708e-2
1.2637239903415198e-2
3.214703298772788e-2
1.1849723746963914e-2
5.8598522861809554e-2
7.984167212055747e-2
1.5375036218283612e-2
2.433647951126596e-2
0.17515586048766982
1.5152233085982436e-2
9.735287378972877e-2
3.300640950059545e-2
2.8940753430573663e-2
1.8100344606120377e-2
0.10256607141141964
0.17248467219163097
9.106365864168946e-2
5.282507118496812e-2
5.836900965326487e-2
6.451619477682188e-2
0.10993434930513017
1.231390189478404e-2
2.0667906807391424e-2
9.676062527212226e-3
2.7848479266498118e-2
2.231598093479824e-2
0.2070070542294276
4.869003268848363e-2
3.218236514675358e-2
5.799140370738944e-2
4.694828046149563e-2
4.377350554595052e-2
6.148305788806376e-2
2.5847450491648206e-2
0.11938867446968979
0.11047122459032095
6.704449107850849e-2
2.0538848799119113e-2
0.12520583298739832
0.1291091128963525
9.853174564212679e-2
4.1440466844396985e-2
0.11917495375866909
8.33571122597895e-2
3.0956473040422382e-2
1.6788168941937652e-2
0.1366784362034233
8.322743866719644e-2
0.14244727149296277
5.745987147585659e-2
7.98782415342678e-2
2.9728634929948483e-2
1.1571149381727652e-2
8.16038004388336e-2
4.188239615175361e-2
6.834154788595434e-2
7.374331647357114e-2
3.6059241961964486e-2
8.86668142858825e-2
9.212345625103138e-2
0.1332605943489355
0.11693656692849878
0.10524616555016783
3.5237207329316754e-2
0.134594225530362
0.10676218874857062
8.21560767936261e-2
0.1613442104620876
1.1536215239469638e-2
5.4815713632939925e-2
4.193152095802399e-2
0.11844671410059951
0.10354382206055184
1.0719868781850517e-2
5.808818062116403e-2
5.3837037763848884e-2
0.16875844552179098
9.132544989279792e-2
2.207412160127914e-2
1.7098308208897073e-2
7.477396694196357e-2
2.8715453815105672e-2
0.13045545902105676
4.6728820895440074e-2
6.439952661057972e-2
2.1811858757224457e-2
6.911419190869786e-2
7.452133728934571e-2
2.8538720589421352e-2
8.475373242841171e-2
9.253834149494115e-2
2.7819016788571238e-2
2.2460634420459626e-2
0.1462353058099548
1.84163036787632e-2
0.1248850922325433
6.0409181132342945e-3
6.763180022770118e-2
2.8667034097136047e-2
1.2576131966134784e-2
0.17739923705130917
0.11414746279898136
0.10908646433779552
0.1802600159287962
0.1401817403562949
0.16175085902420228
5.8949892979769526e-2
2.10081044659313e-2
0.1201944720933171
4.623690975322577e-2
0.11209118524698476
4.1406790224112325e-2
0.1439637982839153
8.923054975011582e-2
9.218574273436841e-2
0.13044710062196851
7.651834204348834e-2
1.813665695276161e-2
4.976934917705585e-2
2.2423714144659868e-2
3.714070092776537e-2
0.12365909295576476
9.026802968566221e-2
2.223023205473109e-2
0.165777770763347
0.12471910984687748
8.87063921299778e-2
9.039454122661697e-2
6.981490729658324e-2
0.15187182249443582
0.13863647581825722
6.339807571591208e-2
0.10035260151157047
1.815001700594976e-2
4.57170293722942e-2
3.183551622066526e-2
8.458363830678547e-2
3.896959587722428e-2
0.16083228006810094
3.5829659207405204e-2
0.1644001212003615
7.877796610001084e-2
2.8398392776783077e-2
2.3398870665681904e-2
0.13592771470104073
3.1911464883821336e-2
2.576678802389335e-2
6.361028378325898e-2
7.68446451562906e-2
6.719912503991733e-2
0.12808295790004368
1.622362831058949e-2
0.1677629103416887
0.11280236943292317
6.761809683161388e-2
1.2658300006239142e-2
9.251971885293281e-2
7.293572107780558e-2
3.6635336596234025e-2
0.14909145894827205
9.548144577709752e-2
7.586702272742137e-2
3.593099917971212e-2
1.4686074538430982e-2
8.776037132573286e-2
6.011802289308449e-2
6.160538756009063e-2
0.10160430439977045
8.068100501595853e-3
0.18480833531821778
6.664673191310157e-2
5.638134387930553e-2
0.15431243153655955
4.009694258113929e-2
6.010131428531505e-2
6.957795584104262e-2
4.268809091095447e-2
7.120258139446209e-2
4.262822044437249e-2
2.1128643905234112e-2
1.2475467862437783e-2
8.999434392367452e-2
0.13119179178663554
2.5553400377935975e-2
7.888425871974411e-2
2.766449487225815e-2
6.446117645944098e-2
0.10305315031857894
4.4645325422052615e-2
0.11375776928896383
1.2093849198765005e-2
0.10403583026343317
1.5622578863066195e-2
5.589525228261568e-2
8.939565904040998e-2
7.560788746741245e-2
0.10582228337799768
5.908285727245303e-2
2.780223219593214e-2
0.19862777343237725
0.14392567432172815
5.756292630275063e-2
4.639199480469527e-2
4.0302560946711675e-2
7.218548452385493e-2
1.052930549371941e-2
1.5019921204252117e-2
0.1068980128026992
1.7438155846738624e-2
5.533466627378035e-2
3.774648789987536e-2
2.9014373876125387e-2
8.388858506553722e-2
0.10005194809923745
1.9837394274230313e-2
5.3040350431783144e-2
1.0428720942205327e-2
0.12669222023272714
4.028722431469711e-2
3.9757191184974304e-2
7.302031154044419e-3
0.15944639478314426
0.12482521083121778
7.774127127003333e-2
2.9107401089071516e-2
9.731371774494782e-2
8.383995584272623e-2
4.051424528893882e-2
4.967411383663513e-2
0.1588988973248724
6.249517188930968e-2
2.1560530069371097e-2
2.7871723690922823e-2
4.442342181202509e-2
3.458361944974514e-2
7.7539121158795e-2
0.19525962079078085
6.1586130809937634e-2
6.552467288272472e-2
2.374408329192553e-2
9.079188335233443e-2
7.306473248404555e-2
0.11447488033407152
1.1323916083421004e-2
4.62928202539006e-2
4.066104491993043e-2
5.4007148328267605e-2
9.294208908506328e-2
7.574122762736227e-2
1.1144381161653949e-2
1.4141620323825432e-2
0.10117717322299577
7.478700047947951e-3
3.139508992014915e-2
2.5989280455852894e-2
0.1309469939581567
5.7614854766986745e-2
0.10208585514899608
7.868487885213207e-2
0.13435141763552466
0.10055343748096009
9.129662409547248e-2
4.7387169842215436e-2
6.92771498609486e-2
3.3844315421524516e-2
1.3598741869191133e-2
5.460918915001732e-2
9.910156940160725e-2
3.5306682860471096e-2
9.648711991815168e-2
0.12715417388279593
0.1001684056025
2.0079595160904996e-2
0.10647566368838195
3.492232545326444e-2
0.10473327688879494
7.861873184262944e-2
6.854086894625344e-3
8.124859831304573e-2
5.752247669391709e-2
7.9987218898319e-2
0.1012742651525019
6.91452609049111e-2
1.1891050754113541e-2
5.443879005875716e-2
0.1661474862223243
0.1483437991238809
4.515314692744356e-2
8.602141637800872e-2
1.7275215192848435e-2
6.61216148479241e-2
4.4730231138809015e-2
0.1498710023231856
4.459145206375202e-2
2.845955312924662e-2
5.194244311312396e-2
0.16413247423972974
0.15233331771254982
4.194699968160341e-2
0.21668850400740722
0.1027759609849749
6.767704434566643e-2
5.362783232151365e-2
6.696885902317443e-2
0.15283536391194935
2.3450373482637933e-2
8.707096455690602e-2
0.16269127466834435
0.11893394591400483
4.303388132016295e-2
2.9382527807462942e-2
1.9475881667803296e-2
0.11265508564316125
3.8987401394806075e-2
7.917525027644491e-2
0.10681622058848098
0.17332129240550934
1.1210342690792897e-2
1.0800618522104066e-2
0.1781986876762808
0.13150665482079288
2.9333843386723468e-2
0.20328966085032757
8.69903743038822e-2
0.17099060444956837
1.181604658760158e-2
4.930446955914972e-2
0.12212350685160656
6.1646084848824834e-2
5.542478653636533e-2
2.622679198922001e-2
6.854849441057348e-2
5.772056383724801e-2
0.26088846424264556
8.980927330548844e-2
2.7132536988365718e-2
4.4882961882965325e-2
4.1033000873547144e-2
0.17579892595190355
1.1406345700146914e-2
9.679489142142861e-3
4.194127896893439e-2
3.0959083287912782e-2
4.4452437951503034e-2
1.8183955656897576e-2
7.772940618270181e-2
2.2348827351546606e-2
3.956835546418306e-2
2.272808407501704e-2
1.2195859184807645e-2
0.15013594193294263
2.6984488503485227e-2
0.11643816436971773
9.448907166641032e-2
0.10426392587589173
1.4655805731655558e-2
0.12474329523975476
4.1122909698456e-2
2.585258723402979e-2
5.701219076787597e-2
0.13989716924199072
9.733262364545778e-2
7.080538878366638e-2
3.929963743037403e-2
2.7191463327729416e-2
0.18828841560036338
2.6529570733768902e-2
1.3364480780442334e-2
4.205034499001277e-2
0.24211298411483892
0.10159287325953985
0.11698179251596019
7.887485937570496e-2
0.1590937900378691
5.23983033411229e-2
9.976918874485013e-2
8.820738135318866e-2
5.966738872409696e-2
9.222458529294134e-2
4.5193300559986396e-2
4.8337253565665386e-2
4.208639695087137e-2
7.514552279788204e-2
3.310653247031329e-2
8.644591851155642e-2
0.13108072614446742
5.264093995778464e-2
1.0661907356567524e-2
6.505603032438859e-2
0.12864785970204007
3.359192359813055e-2
0.12335471066951167
4.184161581889008e-2
6.19027916631406e-2
7.425604492454953e-2
5.18018908693863e-2
1.1089705705387986e-2
8.468160960647872e-2
4.916460156762148e-3
1.969659044218164e-2
3.887374826957134e-2
4.1703529291529776e-2
6.074151105992265e-2
2.199627311417148e-2
0.11049117948780007
2.8650539247971108e-2
3.215304918093265e-2
0.21654543342437343
9.716926847242188e-2
2.6028985468614374e-2
2.6378619037408367e-2
1.6540408205319268e-2
2.3125237662386423e-2
1.8144382037385266e-2
1.3715215895965683e-2
2.5566235565992503e-2
0.11984121540940759
0.10819810214418304
2.437951114492045e-2
0.11063605381300765
1.9340570159511482e-2
4.769687646599853e-2
4.6749181271281824e-2
5.797945243897863e-2
0.11240205512842656
1.590603379330612e-2
0.16182546807253365
1.065787020275757e-2
9.834246607279896e-2
2.6945561324820667e-2
7.008336523458496e-2
0.1587271591545723
8.329241356325973e-2
9.283653948997253e-2
2.4212722391338204e-2
8.584722514777886e-3
7.981335538897791e-2
2.049224579550779e-2
4.035308806876513e-2
1.753683788764294e-2
1.3776115191612714e-2
1.1749558184071052e-2
0.1579284425807408
7.743446931729812e-2
0.11450650627708865
2.6620425531381543e-2
2.7649869863779562e-2
5.6405037841031826e-2
7.578125188551689e-2
4.489973231036528e-2
8.695426087632446e-2
7.219834733239879e-2
7.579823371284071e-2
2.1650779207278113e-2
7.1511299922886185e-3
1.6637749803468115e-2
9.362566441294143e-2
0.11560218204023012
6.1322487847560905e-2
1.8690406529219505e-2
3.6595619064018384e-2
9.900445197658185e-2
0.15325637190777705
2.608235079942638e-2
2.9679290178374007e-2
4.652505038007906e-2
9.225789323750572e-2
4.6860106528201474e-2
2.9314898914015806e-2
6.1250151574148946e-2
0.12297143264471724
5.103503028530928e-2
0.11722473212280601
3.9080645695972874e-2
2.16723707525051e-2
2.637716253837673e-2
8.577922114095385e-2
0.10389789965222636
3.5316804912212396e-2
6.365907851399565e-2
0.10200666799831919
0.16540138523842995
3.798729949340894e-2
0.14663259083057412
0.15298235292241755
2.4802784052844317e-2
4.060443185822573e-2
0.15563254440807853
0.10806264675429614
0.10299592562319404
5.35850218244404e-2
1.9353132942486185e-2
0.18538217144859445
1.4771074057612387e-2
6.375526343104182e-2
5.428975829442183e-2
8.304021270708384e-2
1.4161531305066722e-2
0.17819816486257958
0.14165833979995862
1.8451204060907733e-2
0.12551246293905444
4.2764533473353995e-2
0.12195030219909184
5.649288677227785e-2
7.384652585791615e-2
0.16033329586919817
7.776421108573403e-2
1.3345153796991494e-2
0.1022241279318667
0.1657297124662985
1.7058765474132143e-2
4.571863521731233e-2
0.18579088890063314
6.254041751736845e-2
8.265515537822943e-3
4.9483247428742404e-2
0.10521068037654588
0.1248070196574768
7.547359822442255e-2
0.16476748119321993
4.661790598194782e-3
1.1020375741777754e-2
0.10195619922273773
0.14268705998651154
5.511584805837759e-2
0.1106000148807943
0.19083316281957455
0.2297061194917037
2.14393772625061e-2
7.699969305690904e-2
2.4950931728208704e-2
0.2633171810297618
6.611690105363054e-2
4.38015798617434e-2
4.0404442698144104e-2
0.10471175892547431
6.617704865172266e-2
0.16497517356499247
6.57278686451205e-2
2.5890757208322603e-2
9.293802613986374e-2
8.744863901426729e-2
0.18003137311274175
7.753302470472746e-2
2.0988085544051138e-2
0.14256901942559067
0.13048031515725605
6.815308221027672e-2
7.472288280501249e-2
5.469048764046467e-2
6.525097642645225e-2
2.2308151199872506e-2
8.158362224000203e-2
0.11632463752352011
6.831906797371885e-2
3.5909988420738295e-2
0.10115932565821076
1.1113054949103595e-2
7.613092270301022e-2
1.2950022879211931e-2
3.714278919873586e-2
2.481444734592393e-2
5.864290475871292e-2
7.58493198900041e-2
1.215110025762528e-2
2.851591083866776e-2
0.16558863860784548
3.7572019340954596e-2
1.3905337768728298e-2
9.272442196090451e-2
7.196770411269272e-2
5.5214088340902544e-2
9.602500610994705e-2
3.8705853598636944e-2
1.1213478418918389e-2
4.7667502691054534e-2
0.13988179082638125
0.1407428747258422
9.501025615440409e-2
6.148017610125843e-2
6.256528088463784e-2
0.11626444418100874
4.335094707759202e-2
4.729984390238372e-2
6.895880315977934e-2
5.899020256917719e-3
3.5993672770415e-2
2.845902101716332e-2
2.0996835434550033e-2
1.9665479702928212e-2
4.6412240899727286e-2
9.605172587066008e-2
2.9445094032133468e-2
5.789925176889406e-2
0.19715450258096143
5.7610969589929006e-2
4.19848538510631e-2
9.422377206526071e-2
6.485598388623551e-2
0.11122709177747328
6.352142146242226e-2
0.13321139632065385
4.6203874319035734e-2
9.885773494300637e-2
1.5386393899211526e-2
0.15487203101613062
0.1704328440910588
9.541347290409609e-2
6.846355443100736e-2
5.300377054751655e-2
3.618580441891811e-2
3.7554833943215016e-2
8.125675261905045e-2
2.2957240271999847e-2
0.2103696033722485
2.623469526949381e-2
6.289611388978922e-3
0.10411954461932504
0.10737795891879003
1.043325585758229e-2
2.9757217504844856e-2
9.317171213822519e-2
0.33014710260065555
1.0543194649579524e-2
4.644241785731026e-2
1.3953109634062566e-2
6.403832463625803e-3
3.025307953567038e-2
4.5507959478575846e-2
3.2240773635936026e-2
8.271055083230325e-2
0.10388728618397536
7.826940201902698e-2
1.442110915602791e-2
3.046981715662589e-3
0.12694508750533035
4.058275288445049e-2
0.14124536922804035
6.747469742298334e-2
9.109553273955798e-2
0.11617886588267053
0.16990374426334356
4.339158175828638e-2
0.11092482906533141
8.603632877096658e-2
0.17282335389609976
2.2962033548475515e-2
2.3584795486930286e-2
0.12181076441627678
1.7396662727840396e-2
4.321001579063122e-2
0.1555663127937728
0.10649693049137454
8.2922171920603e-2
3.205054470560799e-2
8.934244278277598e-2
9.015400369025506e-2
0.1023820498412458
3.0032825797076158e-2
3.714346130993966e-2
5.463961312212036e-2
2.2119277913848955e-2
1.658071975972627e-2
0.1577007781005349
7.770147763357858e-2
5.5072780472837056e-2
6.044796528959721e-2
6.838411053951833e-2
3.104421753532537e-2
6.370395939076998e-2
9.53606910461704e-2
8.371506031839074e-2
5.335824975275494e-2
1.4326679748487526e-2
0.10292137563618557
9.884226252668088e-2
0.15704672790695354
8.059076158334708e-2
2.7820497677630385e-2
2.9373114753547102e-2
9.438192629818434e-2
3.949078592765627e-2
3.0947794466909474e-2
2.229249245603886e-2
3.2587038714775404e-2
0.13673882898056652
9.825163158926649e-2
2.8939993769122374e-2
2.1795580009793324e-2
0.11266028041245102
0.11213697712817194
0.1277058596061454
3.2004201471762986e-2
4.58220896673351e-2
2.5217236869518333e-2
3.532444665331217e-2
4.757210988935168e-2
4.60460340938851e-2
3.8588604806714374e-2
1.5103925546015317e-2
6.633520110819237e-2
8.330736015943793e-2
4.0985342347001366e-2
1.9094145449718502e-2
2.9727453813571038e-2
0.12274105468654292
0.1304989650809612
6.801059641656418e-2
4.730580358904181e-2
0.13252835709685665
7.182328800714652e-2
2.5529265466290186e-2
0.19629973798263226
9.537084269216664e-2
4.146954789901434e-2
4.346484415743881e-2
1.8960126013372124e-2
0.12568408481515486
2.5520958168191256e-2
5.4443027369294184e-2
4.003590332106888e-2
0.11472294237836755
2.4108890104051418e-2
8.793600395448466e-2
9.711779354731798e-2
0.1045034956182496
4.266668719751249e-2
0.1315583023718522
2.8454041585577627e-2
1.999108237284821e-2
5.4177191493732256e-2
0.11056501148313029
0.14022442345141037
5.004386086131414e-2
6.425630362650467e-2
3.740544138104148e-2
3.224192289633604e-2
3.753379739819631e-2
5.716378119131889e-2
9.412382576041323e-2
5.257133430478824e-2
4.88585951364204e-2
5.6787341706976004e-2
1.8061795882126187e-2
0.10697735313785642
1.0257872867231033e-2
1.501812643981656e-2
7.887280612347361e-2
0.1078582225495038
6.789515819137734e-2
0.1069479792196268
8.45256309530644e-2
3.465868290072351e-2
0.11556662671439741
2.168945928477105e-2
1.8118908078634012e-2
1.5877316771641704e-2
0.1371193642606473
7.276750711864474e-2
2.8095970281666317e-2
6.31579100858333e-2
1.2029372390790938e-2
3.927788722279979e-2
0.10619801721870656
0.11422341505032836
5.8328740542714905e-2
0.14429172422963096
4.78416358731855e-2
1.7609502455093285e-2
7.785020672058054e-2
2.566083192526364e-2
4.614541738019399e-2
1.967936888645727e-2
2.0201678323542093e-2
3.171030081432592e-2
6.478242396887074e-2
4.0075897447214405e-3
8.195394184744643e-2
1.1872892359177423e-2
3.1117439438514305e-2
0.1170605048831244
4.5964403458148416e-2
5.1580027653116686e-2
6.0121089330394874e-2
3.82516773579414e-2
6.578378563213719e-2
5.917866812198931e-2
1.3054095552222977e-2
4.5925208168501166e-2
8.47914607882696e-3
2.691020298472291e-2
3.20580791653308e-2
2.362674229129308e-2
2.573327586995201e-2
0.1504702038731605
2.5946662288184562e-2
0.19858820455962284
4.842989937628996e-2
2.4183041223420798e-2
0.1236927155132332
4.489393887984734e-2
1.2923667719237874e-2
0.16290653480834147
9.675093241318149e-2
8.60838719452371e-2
0.13738032597738048
5.434946300191673e-2
0.11875423977121118
9.180153680916801e-2
8.469377068204251e-2
4.653833227541722e-2
5.9610934529801506e-2
0.10498489975351921
6.952385353144282e-2
0.21634552764428724
4.469205922424957e-2
9.725734750828681e-2
3.6621078308792035e-2
8.005893066855843e-2
7.012124792984308e-2
7.447735103471943e-2
3.0858925344649103e-2
4.627451244296964e-2
1.916179531736222e-2
6.614598294961231e-2
4.080054636447598e-2
5.560545725604915e-2
0.15755961255456677
5.428894851643371e-2
2.43451719609324e-2
4.0957636668185395e-2
3.779693683911313e-2
1.8007082760837578e-2
5.838814992699513e-2
4.7005752161680445e-2
4.219104628620675e-2
1.2726218011265934e-2
5.689127970245741e-2
9.972248743039014e-3
4.123752468637493e-2
2.1248187537725748e-2
2.3253868652802177e-2
6.795840912246173e-2
5.4965347353717484e-2
4.270759812070578e-2
4.9578661454453e-3
0.10556671861924305
4.981889409994596e-2
2.4565878428681166e-2
5.0862009303135666e-3
0.21988038701634022
1.567339481057357e-2
3.1385511396087876e-2
0.11204139773300029
4.9219446576772644e-2
1.1229222173666642e-2
3.790203574343667e-2
4.1723810939195104e-2
0.1262893608879832
8.047026922228563e-2
6.316333678012519e-2
2.7745773007145823e-2
3.751521988174027e-2
0.10054697633282783
4.3805186024344425e-2
6.563420793104564e-2
0.1297785846913579
6.270982715126404e-2
0.1295175727894659
2.249666187820819e-2
7.39446256895944e-2
9.383540812464734e-2
7.412686293217663e-2
3.9058411049307115e-2
3.481302433987573e-2
7.484584985196294e-2
6.37429609476173e-2
0.18059405841903203
0.11596052416144527
1.6604605864595202e-2
5.431515597392761e-2
0.11294186796494818
2.866761456150031e-2
3.98033757588542e-2
3.532400327175128e-2
6.0689662679504854e-2
2.6662804214505918e-2
6.191430214014253e-2
6.460839235089158e-2
9.442759008559398e-3
5.1345141399605276e-2
2.4287258226393816e-2
3.864761681439679e-2
0.12393568113940208
9.59216789640263e-2
7.24131617796747e-2
3.917351974681734e-2
9.127485522563489e-2
9.615883391303255e-2
8.075756484159252e-2
8.621297716491094e-2
3.698858860481138e-2
5.512711147928985e-2
1.9121750012375916e-2
0.11032425705665191
8.47435458565854e-2
2.637735603769088e-2
2.1546292228988583e-2
1.5277990889376657e-2
3.069223645602275e-2
1.9432564154073507e-2
3.808858016294216e-2
7.283974590140883e-2
8.602430269618076e-2
6.528491508368028e-2
0.1359805206206976
1.3178387951820848e-2
6.611563758988515e-2
1.096616271777926e-2
8.606826602846787e-2
0.1615810013071087
4.048549218191314e-2
5.680976030572732e-2
0.15869747314040042
3.6668883190532006e-2
5.631770339627949e-2
7.882306598521756e-2
1.9079434404501383e-2
3.4077965155837574e-2
1.1153087570580067e-2
2.6088889572694618e-2
5.7562670335660274e-2
4.997492654021163e-2
3.231513363795748e-2
5.5416929953454167e-2
0.19435268452808707
1.8606642530674955e-2
3.75782443175952e-2
3.6241347711317415e-2
2.5133944145923025e-2
1.5225875801825306e-2
0.12772137109044202
0.16854527510609468
5.8509024281675384e-2
2.1239317791631084e-2
8.104140839490426e-3
3.956576584749842e-2
0.10670561827736388
1.3738307214313693e-2
4.02161545274647e-2
7.69747390612078e-2
2.568742596244491e-2
0.10521655256943063
6.792962115805476e-2
2.6218019283873073e-2
4.058186843626049e-2
3.041637751717897e-2
1.0809814746473734e-2
8.502608021929642e-2
0.14594410157209686
1.5566272748718501e-2
4.816045070713808e-2
8.266929281786892e-2
7.135242205692202e-2
4.306247177707945e-3
0.31985444047700096
2.3462486247829584e-2
0.1391941996150423
4.9307830162812406e-2
0.12914222499991496
4.249396829948319e-2
2.9524461089568278e-2
2.758938452070133e-2
6.287520611505329e-2
2.4974887429524972e-2
8.91377609299373e-2
5.678007598865947e-2
4.342646625757411e-2
6.292349281036876e-2
6.688309566417093e-2
3.6981350559924575e-2
6.187729795910284e-2
1.781329948557243e-2
7.754614695214826e-2
4.744450971937519e-3
0.13135580615970913
1.9735443989129554e-2
1.681010453907982e-2
2.2432073916805118e-2
3.377958507487101e-2
0.16348645046905036
9.151078692905876e-2
0.10504594263672976
3.390288416277193e-2
3.853996982051402e-2
2.80145914479783e-2
0.12673790838153987
0.12198403690586886
9.869811347761737e-2
4.2822473718673e-2
0.12670974758786563
2.2185210335348003e-2
0.1096885563545135
7.213209824453706e-2
1.2555816830757783e-2
0.10851185940008312
4.310523767302151e-2
9.044396019415538e-2
4.1658560195975566e-2
2.5557389032849744e-2
6.160230271566698e-2
1.9861837658855443e-2
4.883267417788471e-2
0.1029265482559449
2.3747955590239168e-2
4.771792034078722e-2
1.6163700028190307e-2
0.1083139594788692
1.2672968577094545e-2
9.592253559268094e-3
8.774647356563914e-2
2.7243641799228314e-2
2.378845742513369e-2
1.1375767087361733e-2
5.49959794187578e-2
2.3218994127264247e-2
6.819453417345553e-2
4.4807967040340256e-2
1.2552522268385357e-2
9.592554259127592e-2
0.1153890451318617
0.18790307968416506
0.14736611301200978
9.421308555612803e-2
7.637762430264672e-3
4.903138858288937e-2
0.10165295108001238
6.148158352937838e-2
8.51458169084186e-3
0.11059104396947209
4.8951776880824485e-2
3.342998616872683e-2
3.2449794605795945e-2
1.1263461831274047e-2
7.364834347687012e-2
2.454335251883043e-2
9.182040488255157e-2
8.714689400955546e-2
0.1002401452951617
6.659900244139608e-2
8.039781931777731e-2
0.16012326064114607
3.7850749026433775e-2
0.10394943112317859
5.56890507070843e-2
9.173538459654469e-2
0.11839286850001125
3.424374895749259e-2
2.9531198128797564e-2
4.224213501622533e-2
3.891437954864109e-2
6.343794808037599e-2
2.724858142293014e-2
1.1412809745616015e-2
2.885712212421173e-2
3.9142868522770824e-2
1.899357005077925e-2
0.13294941914505184
4.160085557675123e-2
8.126977841497422e-2
1.4561690885415979e-2
0.10028613240746545
4.4373819982620334e-2
5.677088239113666e-2
6.044819198832274e-2
1.624629931022925e-2
0.1683075619112811
5.971915901056307e-2
0.1163501109685439
0.15378015759632374
0.10925395013480307
4.924300539310973e-2
7.948240235405582e-2
2.6607353021823644e-2
0.17394939501454096
2.6994444282706264e-2
0.17809733940151348
2.686664137638588e-2
5.693918245915759e-2
3.9158180687106546e-2
1.5419593902426055e-2
6.759209740154352e-2
6.0343628599862184e-2
3.8979380893514104e-2
6.65537161971648e-2
0.12291050988393275
8.524142844007754e-3
0.11536470834630981
8.255585223645145e-2
5.044378382544066e-2
4.71357154639722e-2
6.681582807737312e-2
7.084563472708544e-2
6.0134820145181914e-2
0.1841032874774561
8.172713715860248e-2
0.1719031760802084
3.3072647073169203e-2
9.826995872757607e-2
4.9965348920124185e-2
6.336332950360644e-2
0.14766412595268458
0.13483379799082468
8.149233001745948e-3
5.297109824855761e-2
8.807435518379528e-2
3.149546762933764e-2
5.458760559592527e-2
5.5019234698066966e-2
3.579642069037431e-2
1.2839842869320727e-2
1.7817792177318846e-2
6.241163945772432e-3
4.628880862822329e-2
7.60862452822478e-2
3.719614196348007e-2
8.04037490105859e-2
3.642640931241774e-2
0.13346639308941285
4.9216044509631594e-2
8.604850169372003e-2
6.798459548772526e-2
0.12616914429298695
0.1122374617082321
9.780892219947246e-3
1.0720780556797782e-2
8.319927092548243e-2
3.9761379990634796e-2
0.12102899383556368
3.5918972963821295e-3
1.1115255807497837e-2
1.0236713144210952e-2
9.151428076480636e-2
8.354454746927484e-2
6.010084404701863e-2
6.0847234374759654e-2
5.390518107679817e-2
7.241985091552075e-2
4.339450278432022e-3
8.205657934659591e-2
5.2246155844967314e-2
9.657678989665329e-2
7.419922963190559e-2
4.307776404301962e-2
2.8252186380717213e-2
4.44083308739036e-2
8.277980507061587e-2
5.4148897226664536e-2
2.5807677153261398e-2
1.7091782872786877e-2
7.619544451498969e-2
0.10627765387296118
4.87281760285118e-2
4.205959389587321e-3
5.544058350184113e-2
4.293480069473458e-2
6.42440100531069e-2
5.570679574568101e-2
3.763891542633561e-2
2.914906113697512e-2
6.214781817861683e-2
3.346528707667347e-2
1.1444995463113904e-2
0.17740989503862678
6.540648963882079e-3
3.2838974291141574e-3
0.11052459461487936
0.13917870951035263
2.890223710096519e-2
9.457436392874394e-2
0.20786165573394114
7.324251772566831e-2
9.16555029853978e-2
7.761409029116326e-2
0.1832063887885016
0.1434942695385708
2.057626189214229e-2
0.1392473515684094
1.6063057762616618e-2
4.323869847614372e-2
2.4137382570970412e-2
3.6537891784608555e-2
3.989452693162976e-2
0.10192244960090047
9.085753972788571e-2
2.3061838932505706e-2
4.578297895488028e-2
1.6065712213447058e-2
3.200056386471202e-2
5.922854370969096e-2
2.2643982828639143e-2
7.172446374186561e-2
3.680856442674667e-2
3.447995174409692e-2
1.386433716731259e-2
9.570082851274467e-2
5.676974502746594e-2
2.491367140036147e-2
4.2697494515542875e-2
0.12931655604185932
0.1009122578309104
6.80322402321798e-3
2.051463545769755e-2
2.7637427934287827e-2
0.1351289680610414
9.443545442253613e-2
5.256186662747001e-2
7.871171299425786e-2
2.2538723807148008e-2
0.10459770719668322
3.935064635657557e-2
6.436048559913818e-2
3.0101856791023552e-2
4.7444321024098346e-2
9.058617019300744e-2
0.10606928250977857
3.520000473550196e-2
1.921288623624322e-2
5.77725912202592e-2
3.682363252639949e-2
5.7829036057982564e-2
8.122777922432584e-2
6.189976270541542e-2
8.991479144464241e-2
4.575843796243312e-2
0.11868484025572741
0.20932785420966674
0.14971286203477732
7.867365277736849e-3
6.353106175718479e-2
5.240311376860057e-2
9.618419796632056e-2
5.1985575086622896e-2
0.12785163330892066
1.6249348082182424e-2
6.775907518083499e-2
3.0203622247834117e-2
5.377991354820807e-2
9.587569607882367e-2
8.773122295086185e-2
3.1009184945075863e-2
5.80429379224033e-2
0.10673195938085862
1.7154281643352188e-2
3.432482563442886e-2
2.428116548647378e-2
7.009517420318431e-2
6.1651855959948744e-2
8.068492706402046e-2
9.276835151604161e-2
8.915196651946167e-3
9.285528486559545e-2
7.533234243654977e-2
3.517609392273918e-2
0.1263954817660319
0.10758423336666814
9.025805334238073e-2
2.0100156154859515e-2
9.118889879644113e-2
1.0318407295027499e-2
2.7804509510163576e-2
0.14418163891786026
8.455992540489289e-2
8.577172097078782e-2
2.6774219501930575e-2
9.162515150360222e-2
3.0667436973599395e-2
1.2000413586927817e-2
2.2566211457275644e-2
0.10892957891548546
5.0456182910761746e-2
1.872489692900501e-2
5.090781063677282e-2
2.058935512125697e-2
2.0952097472738664e-2
0.14942487726580223
7.03595765086068e-3
3.485840543544365e-2
1.402437218281436e-2
5.865655613126354e-2
0.1163262069556262
0.12143207100501016
4.9543900314454895e-2
6.2007920929671126e-2
0.12027138753503566
8.814517731919823e-2
0.11045388027716826
1.7939914907822728e-2
3.325410525690803e-2
2.580174957217528e-2
2.450535288559953e-2
4.354215681983725e-2
0.1765183833257921
3.901710232716119e-2
9.594161653924518e-2
0.13009595539409421
1.2141151899185732e-2
8.587180075791023e-3
5.692737377918111e-2
1.5702297718415147e-2
1.0693733627160095e-2
8.86616555377909e-2
2.6130232425707424e-2
8.14923547665682e-2
2.7854201747530304e-2
4.974160522615909e-2
4.138711091036722e-2
9.585749175839832e-2
4.642809355358248e-2
0.10667132407847349
9.408715488468711e-3
0.18568034109448056
3.2343056417846364e-2
1.8027270879885517e-2
0.18664711280621402
0.1587070480398105
3.3005062734566215e-2
5.685549551835447e-2
6.29572079428564e-2
2.1188658104549875e-2
6.640736304551027e-2
3.350362754653905e-2
0.16126789022685709
1.006022070535274e-2
7.376894013867474e-3
0.1269158461692685
0.20658136701563917
8.801180272260768e-2
8.908685102972261e-2
3.802563032650493e-2
0.1168296472964373
8.018869980086146e-2
0.1397319122165921
6.125086966046479e-2
7.478885121112727e-2
0.15851344419707916
4.483246789600568e-2
6.575875230296657e-2
4.604395330023955e-2
8.877944545188411e-2
3.735507968205402e-2
1.680580320324514e-2
2.2328280951276702e-2
6.0484705441052236e-2
6.453077817798752e-2
6.476630019247698e-3
9.562062619157573e-2
8.034563850799567e-2
1.7314987061120047e-2
0.2357021626700996
1.510086274729815e-2
0.12307814195044653
0.2417013198894739
0.12877079321754975
5.8121923321359056e-2
9.234115316698846e-2
4.97689924456605e-2
8.263970144831105e-2
2.1319996434155643e-2
8.845183323720031e-2
6.549381028004286e-3
5.011753456044662e-2
6.624314454852205e-2
1.7392465348740126e-2
0.17573640831460294
2.9854040182848894e-2
2.7919395344455332e-2
6.1052806616152054e-2
5.0027641565529066e-2
6.421835553457508e-2
8.341421311921558e-2
6.702918884670836e-2
9.033875337500973e-2
7.625528178714158e-3
1.4233326185652118e-2
0.18435739655690114
5.719274853811627e-2
5.8889841760065086e-2
0.1335218208666514
0.16560410402219997
4.342715331927114e-2
3.0334783466815684e-2
0.12880868775020882
0.11452542031877985
3.6918839634447566e-2
3.7470506168929905e-2
9.681551863072704e-2
9.589451831620724e-2
9.626134947737564e-2
0.10613259199141697
1.2392810043970548e-2
0.10483914157780853
1.6647485829106013e-2
6.463438896422333e-2
8.180719018722046e-2
2.6057616447933217e-2
7.598285248395872e-2
7.72048890700372e-3
3.0345234298728298e-2
3.682492693182045e-2
2.9862097379775687e-2
6.389285282362976e-2
0.10876537842178284
7.484052593392804e-2
2.9335239586110284e-2
1.4225658370881678e-2
7.18185377812328e-2
0.12201344125078631
6.486712475348239e-2
1.458484084872197e-2
0.11438127858365865
0.14086088108717595
7.095397699227302e-3
1.6634330112422945e-2
5.07883842933865e-2
0.14512900769957487
3.709150085058658e-2
2.1817852295512676e-2
9.138555087564101e-2
1.4107898216394844e-2
5.8646017960710395e-2
0.14783318842025445
2.8713007289466776e-2
4.59551082898369e-2
2.2072421494025763e-2
7.069632319231724e-2
0.13335844611222641
5.301077420696981e-2
0.1171672830425152
6.700063374922527e-3
3.654940710963074e-2
3.390449699626615e-2
3.113962428124555e-2
7.371341354045367e-2
5.146346889067644e-3
4.514576742559382e-2
3.325485370542071e-2
6.543214220557321e-2
0.10184303009680282
3.43933362296734e-2
3.964985807853914e-2
3.096254085889849e-2
8.170504480056753e-2
3.6138407441774656e-2
3.7031360810053635e-2
3.306806132357546e-2
2.906968617684602e-2
1.8224816453446126e-2
3.3610333201605946e-2
1.6390933797878683e-2
2.268349755585348e-2
0.11136860544634102
0.10184389158888121
1.0156215887863963e-2
7.568686994816673e-2
2.4671106978297108e-2
1.0011054554034515e-2
3.519255255277254e-3
4.2661150841748194e-2
2.8371321220231706e-2
2.6531134505141486e-2
2.5989590908834827e-2
8.352328503333115e-2
5.930978732803984e-2
9.847550314349163e-2
0.1218860600932726
9.65725826189328e-2
4.292588749546282e-2
3.039441920652345e-2
6.775342392140202e-2
0.21343448220828112
1.047152703011186e-2
7.487587552671272e-2
7.346489850315865e-2
1.2938838074332682e-2
0.12775296036001876
8.364762601907169e-2
6.96122112666128e-2
0.10269859752361774
0.11283538316561437
0.11862400476752974
3.5154908118975946e-2
5.6749526996496845e-2
4.55815292923515e-2
5.345008806193492e-2
6.195488896738488e-3
8.210147045210256e-2
0.17548873399992063
5.3203801213646804e-2
6.368942349533763e-2
2.7734544499040947e-2
0.131135328920487
1.1843527733607306e-2
1.378000310568781e-2
2.3934138229213753e-2
0.19246970664858215
7.52573825784247e-2
2.785269354005615e-2
6.2261898205711055e-2
0.1057622046933322
4.3698208683170627e-2
4.842359019872482e-2
3.770686322631717e-2
0.123221022905485
1.1423540415129474e-2
3.748428703302339e-2
2.3140278608261067e-2
5.244387427706344e-2
6.984865676514897e-2
7.217714032276541e-2
4.564395531569847e-2
2.6016761258420517e-2
2.8856577886373934e-2
6.3855794789346885e-3
0.1252582008257204
0.1175825982876858
0.1078126318123244
3.3303830670392144e-2
2.0543155132990633e-2
1.7267428281580843e-2
0.1098459193682765
3.840615197412064e-2
0.11908716402279133
1.7767147080254952e-2
2.7831624062529547e-2
6.2876766804499e-2
0.13307692598012522
8.757664811739471e-2
9.060102902120518e-2
1.3559175260671385e-2
4.212268863231901e-2
1.0544692242738251e-2
2.238972211269501e-2
0.16938682663271737
1.700469994203906e-2
1.0999856257913554e-2
7.428124714347141e-2
0.13420509715217568
0.311358941398573
7.317737784630778e-2
1.8965668630506992e-2
0.23927063007117408
7.135015534244701e-2
2.9689499937882512e-2
0.11027459456496831
4.7565463507748304e-2
7.922321749567178e-2
0.13408123246294137
0.10217597959914262
1.7261484823294215e-2
2.346513701302507e-2
7.94311513577873e-2
0.18862204629308707
2.0929587304825546e-2
1.6870419260990387e-2
0.15591682863954165
1.869579655478969e-2
1.1945046402392957e-2
6.83663177202144e-2
1.9918858439064414e-2
0.15260089459878534
9.132016319869092e-2
7.515621835091427e-2
5.2037096490429244e-2
8.68723871709925e-2
7.089065197018858e-2
0.18492850777213538
7.109224157037654e-2
0.15528015860503158
0.2136797028882064
9.29539802575854e-3
6.84318973628045e-2
7.025934446947557e-3
8.71327898249905e-3
8.036276087656119e-2
5.361428260027453e-2
3.117903521343022e-2
6.508220698717054e-2
5.4818025236633205e-2
0.10933751016783036
9.728217145321617e-3
5.030967181105365e-2
4.819470345343665e-2
1.9031093090074825e-2
6.825593613920082e-2
0.11560377708101463
9.279301554162664e-2
6.971686246141667e-2
5.461251276742598e-2
0.13056502594135916
6.585753386390009e-2
1.1823934793280621e-2
3.8235329850715816e-2
1.4598934524116213e-2
3.272912549241351e-2
5.706409384312501e-2
0.11501308687610137
0.16521537692800883
7.769451539564598e-3
7.841879916019511e-3
3.832748939492757e-2
3.346363327179003e-3
7.465193874557538e-2
3.5328035105974064e-2
4.1036271493074886e-2
2.2541134287752597e-2
1.8763991634278842e-2
5.88116505197861e-3
0.11343963944547561
9.29111681003052e-3
8.87131934148863e-2
7.865149602642416e-2
7.612228580273953e-2
3.603521407111614e-2
2.5144448576472987e-2
9.206582185752954e-2
8.619695811412584e-2
2.450872664667909e-2
3.50459801277863e-2
2.6974672092806386e-2
0.1622801216179368
7.602036712086858e-2
2.2187277107738813e-2
6.639609526694945e-3
6.854877900432509e-2
5.278615536256596e-2
2.6466425625801038e-2
5.145310482184269e-2
5.9887244458670864e-2
5.531244177495835e-2
0.10202459909350181
9.732502381936682e-2
0.12043123973119951
0.1285010524794779
1.2773993108211557e-2
0.17990909868713462
1.3416870494726407e-2
2.855841892664094e-2
0.25626451644800075
3.184859673772361e-2
7.772701285786825e-2
9.974725374599717e-2
3.053838947585883e-2
1.634983804422859e-2
2.619579511834209e-2
7.143499805602513e-2
1.6687973250579247e-2
9.118352522401429e-3
2.9002977830882702e-2
4.193368404854849e-2
2.9724646477604366e-2
0.14716565094004244
2.538242620244734e-2
6.1560342461954264e-2
2.2682258181206883e-2
1.0408499932457061e-2
4.072309082484713e-2
7.553199391842327e-2
2.156191251833922e-2
2.6181749974013825e-2
9.120249194592946e-2
6.820099357102112e-2
3.512128781644469e-2
1.6257960988179786e-2
7.265811127280022e-2
1.2392996124533772e-2
5.2351034221015114e-2
4.903273742090995e-2
0.11956186188158276
1.6709262974593464e-2
6.924899382840558e-2
8.154812314599823e-2
2.931189771136611e-2
0.19405585389678445
3.395516414760565e-2
7.881389874257205e-2
1.8652191070539958e-2
4.810176386738642e-2
1.994805097157757e-2
8.206597705332477e-2
0.11088738620218716
4.0878835790849385e-3
8.573862983141056e-3
1.0746814713596975e-2
0.10189070250702628
4.714820171715103e-2
2.037749197906934e-2
3.061666705151329e-2
0.13873882171803822
1.3160213477817994e-2
8.423543336509232e-3
1.8249015569230687e-2
8.343276859971785e-2
3.244408087126151e-2
0.15057448863199188
4.463518407553128e-2
3.140030902929081e-2
3.2796281158981436e-2
1.9381332100627913e-2
1.4498715603976309e-2
0.1609484473905028
0.21779002754456842
0.10667823185379008
1.5486480923701551e-2
1.6113923054585567e-2
7.42860425691487e-2
5.177782409438705e-2
7.779860008707917e-2
1.2345324725511342e-2
4.6834982723584474e-2
1.681848193769344e-2
1.4555229922384616e-2
7.966731206711895e-2
4.432258414132678e-2
0.17454039904168853
0.14541365259678324
5.9472966894409604e-2
2.8157220872392495e-2
8.158623973564942e-2
1.7028035421377374e-2
0.20782648400039028
0.1012919120645561
2.0833977485437416e-2
1.3704250162124598e-2
0.10108312081823848
2.0297958043895403e-2
2.1379481884850882e-2
1.4061354635791834e-2
1.3994541051081355e-2
3.080267850424261e-2
6.161301900325217e-2
0.16064441697118426
9.482983109042006e-2
0.14019801993303865
0.11390026880822246
7.842695815576034e-2
0.13751573462089675
5.1440155519847354e-2
0.12111598680911476
0.11015903883515543
0.10679217073535388
6.723467743037496e-2
9.358466200066185e-3
8.605966509835364e-2
6.427356789051997e-3
0.23958164709884766
5.558366591965921e-2
3.860263396184081e-2
4.8725472323445373e-2
1.3690662037590473e-2
5.121972034999746e-2
5.530859140670737e-2
8.823357963255404e-2
7.097732023236465e-2
8.937234563563833e-3
1.5607693288132652e-2
2.4515252156170307e-2
3.9992470491746826e-2
0.258376645459503
0.1431768608799869
0.11512906530520788
1.345893555210903e-2
7.235228639125856e-2
0.12153051118288208
7.057222051713825e-2
0.10942298222800961
2.055507741157254e-2
2.4941332645951275e-2
1.5067572439245868e-2
1.1175746758403294e-2
7.454439239209769e-2
0.13815893725595876
1.4031489237005767e-2
0.16008615291452993
0.13052994327321787
5.861766638066721e-2
0.1178370342372956
3.61813059890545e-2
9.510304527274471e-3
2.137816043270647e-2
2.303454732697354e-2
8.2271954828147e-2
6.471731963078257e-2
2.328866564583958e-2
7.084113665317282e-2
0.19919537879720778
0.1393059597985363
0.11223399114850116
1.6100463391595665e-2
3.8152148060026134e-2
0.13031141323756104
5.783773730106132e-2
9.142423799048817e-2
8.45639773658595e-2
1.021566168194099e-2
7.315591849497506e-2
1.0676788694343154e-2
9.396132906136553e-2
4.243383317293327e-2
9.882850928523189e-2
3.744998464260625e-2
3.24319105630911e-2
1.7556609680369584e-2
2.6934845055011668e-2
8.305769507001211e-2
9.55554029298612e-3
7.483961711619502e-3
5.0799137458916586e-2
8.75502442105428e-2
4.132467424353087e-2
8.017740401252396e-2
3.971085234862184e-2
0.10354459572714791
3.8741671802773325e-2
1.815496191853616e-2
4.28086477647698e-2
5.660426444985548e-2
4.9730443672444315e-2
1.7144614940893654e-2
1.7515070832118406e-2
6.769807609175366e-2
6.89462399542756e-2
0.10649559299000182
3.541398664194227e-2
0.10520091982664984
6.903642216526241e-2
3.588306647263131e-2
0.1915032991435494
3.2061264404486936e-2
6.885692121212104e-2
3.737068964412106e-2
4.890937061273829e-2
0.12412898233794842
0.1393414756324089
2.54770362641064e-2
9.511788410037009e-2
6.36132497692157e-2
1.5326567982124794e-2
4.4077037466534796e-2
0.11632982121069091
0.16158606950810298
1.630809392258866e-2
2.4395235674989503e-2
0.11007986653106347
5.126347160411395e-2
0.15919272093010403
8.962717483007451e-2
7.504619587379624e-2
4.9420308252458744e-2
7.583317465640537e-3
6.825865043179109e-2
0.10648872804307707
6.272910791231834e-2
7.984343905856887e-2
0.10695806755730804
2.886636005421487e-2
0.1032904945709721
7.686519626058583e-2
4.491603750752051e-2
0.21920024616059774
0.15972092934427698
1.5517287118994371e-2
7.72808632180898e-2
3.2093300300462625e-2
3.9182941317105646e-2
3.2697212335525694e-2
7.223683530104855e-2
0.18531152545637636
0.12943289436051042
4.270522555465258e-2
3.673686560563092e-2
3.212969611061841e-2
7.59848709227792e-2
0.12431062503538808
7.70126124543712e-2
4.179524797043144e-2
0.13829952505050658
2.445389112452412e-2
6.983882585611301e-2
2.962246813292302e-2
4.304496311213187e-2
3.263952334357438e-2
6.251237703558665e-3
3.79964995401806e-2
4.460269231921275e-2
9.122598790196468e-2
3.90956332416631e-3
4.174636792275014e-2
0.15569629146673325
2.5090420362472464e-2
8.733342564528898e-2
2.0802553993040852e-2
0.1668026964403793
2.525318178956708e-2
2.4398315865439613e-2
1.013449471002198e-2
0.13301526463021623
4.391714482505256e-2
5.9071495316404876e-2
6.2065258307603234e-3
0.1273741854280363
9.643524037275215e-2
5.150983920657141e-2
3.375696872724987e-2
0.12500895382268845
1.1079978024355874e-2
1.7681487361768545e-2
3.277352105283625e-2
2.993883915239165e-2
2.9490468462589525e-2
5.633101879216146e-2
4.997928248103005e-2
0.1028376620245622
9.076239365538588e-2
0.10637948339801424
5.910562446362599e-3
0.1294078030394199
0.11441521791049887
7.361831557475693e-2
4.29848997696779e-2
0.10176512234967787
1.3672524654165852e-2
4.624858335739884e-2
3.8410023232059644e-2
8.464877023516301e-2
2.9867051119099285e-2
0.13979851403910085
5.522496236931791e-2
3.1765874206606426e-2
0.19996854535937278
6.0089273856692535e-2
5.0169521957165696e-2
2.4034124718842143e-2
1.9592419477605594e-2
1.890700511994492e-2
7.517545729095124e-2
6.481137658465673e-2
4.396217090534384e-2
1.1123164390674867e-2
0.10303909261146067
3.569109589592756e-2
5.8520565908212765e-2
2.442402862248514e-2
8.995414459241677e-2
0.2524244812919224
5.899614004894417e-2
2.402038348112978e-2
3.382497102287585e-3
4.742469326965761e-2
0.1938504887707134
3.5005075207488454e-2
2.972998756783842e-2
7.39862087661951e-3
8.292925921419258e-3
5.20531610364247e-2
7.984428832370983e-3
2.472360317292238e-2
5.4142834463780286e-2
2.054055505767457e-2
1.5844303906541624e-2
6.545509079241846e-2
4.351164786999273e-2
9.126470255299515e-2
4.844041555040052e-2
1.6951963095009036e-2
0.11948697246695725
8.778547788015886e-2
7.599451456279778e-2
0.10207967799976592
5.452346987722125e-2
1.221935982793263e-2
4.2974476800974805e-2
2.7774108077264704e-2
0.13254958850109722
0.10004832645644882
3.815040672909973e-2
7.984325967942789e-2
0.11338456270276956
1.0499567426515389e-2
0.1797840556106681
1.5066381508751026e-2
7.122254651429899e-2
0.11227396006474
6.836962925695007e-2
0.11932543401256605
2.1855613582113687e-2
4.680983449110537e-2
3.1562362587443896e-2
2.1539862787862407e-2
6.401309837429443e-2
4.8532987878904844e-2
5.0886837294109165e-2
3.502184100012261e-2
2.0402199988700076e-2
2.265361566448788e-2
0.10293577079436726
6.685144366971675e-2
1.0334983466737646e-2
2.6757800116265808e-2
8.7424100899274e-2
3.2083144200532224e-2
9.292671735637002e-2
0.135953916519594
1.2549450235618232e-2
3.0617891895948258e-2
2.6319983108421773e-2
6.0633782237127995e-2
7.538959073988005e-3
2.9891236126355504e-2
5.1110865434410534e-2
7.649871158265513e-2
3.866911841762868e-2
2.992042507597773e-2
2.518358869178595e-2
1.4771119040192992e-2
0.1459655007500528
2.6114868212076547e-2
0.15344815162953807
0.16124018603793105
0.10581820949774294
3.0737930382777678e-2
0.19751739375807892
0.12185931393208671
1.099951994945415e-2
1.616167405175446e-2
1.2879677636596388e-2
2.89088935799545e-2
1.47643271139262e-2
3.961608629450873e-2
2.09834190062691e-2
3.4179912146216115e-2
2.8997818268440046e-2
3.0909409849083948e-2
6.272643466593751e-2
2.2195386063561084e-2
3.1633226845324255e-2
7.797886238300955e-3
2.718176475270636e-2
1.777788161161633e-2
3.4191259281258615e-2
3.777868902471182e-2
0.1089353523557733
6.79738463951847e-2
1.0346794274963034e-2
7.30482333003526e-3
2.2560678332762818e-2
6.413311184084519e-2
5.5924700869413736e-2
9.527835895659717e-2
8.930620217734273e-2
5.908445295991057e-2
7.153594197652072e-2
3.652785493658088e-2
2.954984211956708e-2
3.232692029439614e-2
3.694471633276799e-2
1.9804835144207465e-2
0.1279522018692536
3.340989913316729e-2
4.7325827050385204e-2
0.10404178497609787
1.376591652202922e-2
6.333841943658194e-2
2.1363374347894704e-3
1.732931039215919e-2
2.0127606284817802e-3
3.4148353017788756e-2
0.16925711610896227
1.8147978616128557e-2
0.11681673796736551
8.719633855823396e-2
9.476073932304606e-2
0.10477856496040508
4.43525098332356e-2
0.1357952003125321
2.0052385981639942e-2
0.14112987358102486
3.425015877760209e-2
0.1143951169748834
1.1854067315104456e-2
2.039874088643927e-2
0.11870024538559427
6.921592459826864e-3
7.229350748047059e-2
2.4513097383905537e-2
0.1573361318812582
1.3861047596992226e-2
2.2512688509586508e-2
8.336204009551669e-2
5.244010745874106e-3
0.2040520300542799
8.393876487569316e-2
0.12261554481681584
5.4760895321882344e-2
0.1350220930033797
9.827488781450493e-2
6.576363953872547e-2
3.293810419416575e-2
3.692421153750194e-2
1.3721771665835446e-2
6.944189327891173e-2
4.956668661435419e-2
2.6860658170056582e-2
3.785415611444885e-2
9.672162142489396e-2
2.791225278758208e-2
2.1518093038519138e-2
0.10899189703827403
5.0904856540400015e-2
5.8423628280972105e-2
2.8660826787620997e-2
2.1711795375778907e-2
0.15400040089430472
0.15544526451725535
0.2573353917924649
2.9526404826752485e-2
5.787837497542601e-2
0.11022171981040911
7.214037233866885e-2
6.168637780857594e-2
7.872448996860243e-2
8.470255260152079e-2
6.701570337780835e-2
4.145556525216785e-2
8.051810354441377e-2
6.722050638271297e-2
0.10835058779684577
1.7472758111530873e-2
1.6984147122268135e-2
2.3558017223378813e-2
1.6652130556365063e-2
2.536505629287076e-2
3.488971962661221e-2
5.239855809693814e-2
5.5223181310792305e-2
6.745900961557785e-2
3.496669266311977e-2
1.4653577603615842e-2
7.690066583041302e-2
0.16766325776124755
7.570310347373685e-2
9.043913253860761e-2
7.877803430582782e-2
2.2749900501907484e-2
6.136104961639355e-2
0.33150069807726956
7.552329761930904e-2
8.766129003427713e-2
0.10618762666610795
3.0009931088354667e-2
6.978434911841122e-2
4.474711547853351e-2
5.045508180969538e-3
0.1843339761457293
6.684996770123006e-2
3.4112858714855886e-2
9.916491722627619e-3
4.3668403506952815e-2
1.820877181250421e-2
6.647852839106021e-2
2.167736935499177e-2
6.846490397340896e-2
2.773944608046074e-2
6.368126827789675e-2
1.8931237468192575e-2
9.315533993960287e-2
0.17207763117861435
0.16189821323010972
3.232813083869014e-2
5.43239635577933e-2
8.329778963237711e-3
7.545360913085274e-2
3.129568345402861e-2
8.399330966208407e-3
7.249607855845178e-2
3.423034206609121e-2
4.036508558148344e-2
2.0826013067957828e-2
3.995623088821854e-3
0.11108351440130759
9.395997437637711e-2
4.4388449724697056e-2
3.4273611863030816e-2
4.721123827305802e-2
7.696603363476738e-2
4.431223724493374e-2
7.144245430136947e-2
4.24534569868828e-2
0.13569838990569533
1.1076651535727266e-2
4.7039790001949175e-2
4.733584481026617e-2
4.985472065843577e-3
5.452303961338649e-2
0.1250174418178823
0.14089538039241514
1.799890494699067e-2
0.12230868987779546
1.732810464091824e-2
4.1182336058300795e-2
0.12941993937681637
9.781283978016932e-2
1.2187250958754036e-2
0.20049859087052663
5.8622841103095666e-2
3.6032093651839146e-2
6.993087461684613e-2
3.151005115304058e-2
2.7718399369319545e-2
5.4451929704215106e-2
1.3894806748392375e-2
7.263492405856618e-2
3.672736019674812e-2
8.99052271812486e-3
0.1274092423898665
0.15156930413955688
3.73364792279103e-2
2.0358556676185836e-2
3.73369438281273e-2
0.12200989130043867
2.6665538196910477e-2
3.329115776882148e-2
0.1408232265803451
7.320737461654304e-2
2.82423337197382e-2
0.11624652081888995
3.613010412902588e-2
0.13277298837424406
1.8463040082341786e-2
2.708472100167799e-2
6.953878477456947e-2
0.1847792531050128
6.284160204671013e-2
3.4303711953475514e-2
2.920378571934499e-2
0.12200255409785421
2.04093214198388e-2
2.1885282023706366e-2
0.12429028583149408
0.15839987724564658
4.793999835340621e-2
4.414185763251086e-2
2.6117497137043467e-2
5.936066594858045e-2
1.6078175976496432e-2
2.3485609590611634e-2
1.9275339510978085e-2
9.085518140306195e-2
2.2253988905476772e-2
0.19574197623371012
2.288930328404576e-2
9.472859170321434e-3
0.22193156831059763
9.069266087441727e-2
6.885559256034124e-2
2.449917608425891e-2
0.20069125269588223
0.3185041779884543
2.5457569563647718e-2
6.6341415167189e-2
1.3056480379364388e-2
8.335056740156233e-2
5.8859891169861275e-2
8.609959426423508e-2
1.7001914352321134e-2
0.12289506029508734
7.455905827131723e-2
3.5877081472655746e-2
7.381182737618962e-2
1.3487539393467873e-2
4.046095605694613e-2
2.2736049514787072e-2
3.610804991585744e-2
1.9691485115388273e-2
7.353189843187238e-2
1.5130394254880275e-2
5.651497917851359e-2
8.341836807977257e-2
2.255588515114848e-2
3.6811950191111734e-2
4.81300508438916e-2
3.0433653490423485e-2
9.840210792572367e-3
0.15079731978455055
0.1486312109964829
5.319584918277452e-2
3.262105773774891e-2
0.13710623029349445
0.16929084835205468
5.995999257055518e-3
2.9992526357427773e-2
2.6865135158825347e-2
9.22180946077288e-2
0.12142580357675843
6.570294726264256e-2
2.745092945030999e-2
9.2396722238542e-2
3.0309090615128452e-2
1.645825570820224e-2
4.2162828322563295e-2
9.511888758904695e-2
9.089969681426825e-2
8.397632808779329e-2
6.1895096350889134e-2
3.4094825164782835e-2
2.3148717866327263e-2
4.952238000822627e-2
6.265591221418226e-2
7.49052924595657e-2
3.283803899916863e-2
8.756289213481457e-2
7.795421466947214e-2
0.10344903200079023
3.3798942218098024e-2
1.2733198031252524e-2
4.026634110022202e-2
9.400676574834836e-2
4.275739906804434e-2
7.756941513512063e-2
2.1772854591246317e-2
7.793293014976395e-2
0.11401822499258359
5.564554568689482e-2
3.651202262048373e-2
0.12884874863162518
1.1379434406758182e-2
5.581027154157716e-2
6.733318814810677e-2
0.20013224902374188
0.1318252268247805
3.6425370003792056e-2
3.816541072270833e-2
2.4179024441607112e-2
1.4378363263168081e-2
3.9793027278027505e-2
2.464745337010572e-2
5.5874701820266146e-2
0.23331381510430074
7.047146905729817e-3
6.328946432823138e-2
4.7352352730087456e-2
4.312517350367986e-2
0.16072837834348003
0.12918581319367123
5.033681185494289e-2
7.524190790292726e-2
0.1458589830722591
1.0551244555093764e-2
0.17377169343280027
5.834695500473245e-2
0.1321821555740452
3.0890325521905015e-2
2.215090902923944e-2
4.06564668512334e-2
8.374407555674829e-2
7.404732757682334e-2
7.975849753803242e-2
5.309730492753695e-2
3.208346697866836e-2
6.269659266503302e-3
6.442208174110875e-3
0.13026403768805475
8.756225209440726e-3
7.1224333164851324e-3
0.20474411242482274
1.1552927281928993e-2
5.4220405965943075e-2
0.15456466408092795
8.319431051073344e-2
3.290055291429354e-2
6.327777754091732e-2
9.60318733432721e-2
1.3270149868665449e-2
4.861770482730141e-2
0.10114753968476844
0.17386282480915632
1.3067229989297902e-2
5.226600134757593e-2
0.2106877060647741
0.2345335935189316
3.8609228802115314e-2
2.933660697927034e-2
7.476573087660073e-2
9.322915239570015e-2
0.15457128144947638
6.894671573749303e-2
1.7467851396607857e-2
4.707328083579424e-2
2.0268879967960986e-2
9.356297071494639e-2
6.212228820331178e-2
0.12741051893833602
9.179757644056473e-2
7.446897940518075e-2
2.4133650843955867e-2
1.4552362548529475e-2
4.2153102925876464e-2
1.8494299024853167e-2
1.5648273996065932e-2
0.14394753866247162
8.492004752100163e-2
1.6167767177122205e-2
5.388244975682164e-2
0.18552398045651092
1.1238692938546391e-2
7.1603863145403126e-3
1.4898458336528054e-2
0.26444259600867887
6.0125275141464374e-2
7.986252267432795e-2
1.4791850995360633e-2
5.7230070905815465e-2
8.6587074587611e-2
4.451683866136188e-2
1.4731839685722592e-2
3.3638156755575264e-2
4.61125698097131e-2
4.277817582132613e-2
1.3518819862416953e-2
1.5221546759090265e-2
9.735721274776299e-2
2.164534674750478e-2
4.488046288815299e-2
2.4488951387516333e-2
2.422135562365113e-3
2.75643562357721e-2
0.12798753065339027
6.1689652409304005e-2
3.49183285754945e-2
2.9249324215057326e-2
2.423884036379741e-2
1.9791238373375465e-2
2.823709087581725e-2
2.076434452101844e-2
3.0548790105843337e-2
6.704859681937943e-2
5.543911494415341e-2
4.284041965731644e-2
5.6658375876770674e-2
1.6498058614735356e-2
2.0705671851655238e-2
1.8099781671908965e-2
0.11351973745067807
2.9225679505505198e-2
9.732402198101878e-2
9.592510644843523e-2
3.267429411225466e-2
7.920106689405618e-2
7.82363275355458e-2
8.200054682681082e-2
3.622133168411497e-2
8.481604562624531e-2
7.26282393044001e-3
1.7169773366650976e-2
0.17322182339518105
5.5764733138596846e-2
1.2350007004128128e-2
7.13829821387223e-2
2.2259856523584764e-2
5.065193940417374e-2
1.4804497067893907e-2
0.15630221653580936
4.999710315689353e-2
9.812881203714407e-3
2.049825956605812e-2
9.736602906395787e-2
1.5279121886573465e-2
1.4167576808955463e-2
1.3457564683635292e-2
5.47431721895286e-2
4.676675199967682e-2
5.8808360651213e-2
1.371857715550756e-2
1.3769593453418194e-2
0.1521712923788821
0.10296248873397333
4.387459577895192e-3
5.19425130397721e-2
1.2460697916355368e-2
0.20058469917063287
1.3573215533985472e-2
0.1506565246981833
4.8679329968425736e-2
1.2366882234547205e-2
2.2183718114275996e-2
4.3132202984519794e-2
0.1053777108364649
1.1099351138929237e-2
1.9149381951035195e-2
2.7045379467078034e-2
5.093344991414761e-2
0.13416790416848473
9.189911796061422e-2
5.883878291780979e-2
3.454953340749758e-2
8.241164504917615e-2
5.9121381505062506e-2
1.279602171783809e-2
1.1366019695260531e-2
1.439278537895088e-2
0.18425229884475097
6.602943637180246e-2
2.443579868550133e-2
2.7616590731006696e-2
9.715371060325818e-3
0.11593108135687613
1.1081064368000248e-2
3.8414894557219706e-2
9.04409963918775e-2
5.044238498385067e-3
7.905852909623275e-2
9.60335642509501e-2
0.10013008969344976
6.462653586545769e-2
9.268755887126326e-2
2.2042318261279736e-2
0.13627963133702545
1.17330783612696e-2
5.5000299911691065e-2
1.8361091802494643e-2
7.948694623192322e-2
2.229892836048746e-2
3.4920990719069865e-2
2.221254640397734e-2
0.10181313013627644
2.6803893655188683e-2
0.1264147817950177
9.01531283406628e-3
1.535947278742832e-2
0.17880837638017116
0.12820628783510157
3.414935042983606e-2
6.067751793434991e-2
4.1038326865295925e-2
3.919691445618484e-2
2.1769488863172724e-2
1.5467477919689531e-2
1.0522693307249188e-2
8.187487380422108e-2
0.13697401719719254
5.966088244997825e-2
7.010804631416423e-3
1.1374241062145452e-2
0.10053371000250158
3.380509861500541e-2
0.11597174916832749
4.385137760577331e-2
2.2856969980595644e-2
1.3081758278041455e-2
1.2049717261960968e-2
0.1035661747598644
1.9395147345201546e-2
7.925232166725395e-2
0.14070381052166173
0.17125789638793149
0.10555464559507269
8.823565130159317e-2
6.869830782306721e-2
5.319352556578727e-2
6.105189746427603e-2
5.568143327518157e-2
2.4934087644773416e-2
7.200356461232901e-2
8.876806894076968e-2
7.125017939379617e-2
5.757280149657955e-2
7.63682923636169e-2
9.825976646548837e-2
2.4914322854749813e-3
7.648603481671663e-2
3.879810112642449e-2
1.4771501603211102e-2
9.056299153217218e-2
6.628986166706916e-2
6.55039896431086e-2
1.5073457079007969e-2
8.313347230067614e-2
5.084619053601599e-2
0.11302013403619626
8.130338572173869e-2
2.996881453529353e-2
7.265442047845382e-2
6.655938630145838e-2
0.11554887673541017
3.9182017300393245e-2
6.451827491372392e-2
4.4154621640724215e-2
6.540685243574634e-2
4.0087686450293425e-2
9.220205129398218e-3
9.354864676590421e-2
4.5278238342214824e-2
2.9236887483001538e-2
6.836320538535635e-2
3.494415462769731e-2
0.10087623807605381
2.681061127148395e-2
5.970375274362118e-2
1.2412892597713854e-2
2.2695459514130566e-2
1.4841321622426018e-2
3.3807461813615616e-2
6.47884352065258e-2
0.12325761324679405
6.077707492686797e-2
1.7129572112614268e-2
3.518446772279288e-2
1.4573161908774357e-2
8.285313034996643e-3
6.360012522528162e-2
1.7126523199640753e-2
4.000348248053391e-2
3.39376112107674e-2
1.8809842747212303e-2
6.786059677425693e-3
4.1348637203115636e-2
1.70488184612818e-2
6.477378893294725e-2
2.237226475826487e-2
2.2130690225381e-2
2.358930490454474e-2
9.27446948873427e-2
3.424024733718235e-2
4.507080986266724e-2
8.75106253592799e-3
7.840841763257947e-2
8.290813975453995e-2
1.736741421269261e-2
5.768181162471647e-2
2.1142001993232174e-2
9.405561864639914e-2
7.871611362416783e-2
0.1359566962965622
2.4153270211869127e-2
8.852767383337068e-2
6.158451055988281e-2
2.306432782520962e-2
7.51443368554906e-3
4.437050973083566e-2
2.8686550233390406e-2
2.5717844102578637e-2
8.835075387549084e-2
8.301166233040888e-2
6.521535960227041e-2
2.166553994324826e-2
0.11672985968519733
1.3793103782474414e-2
5.2896831385262e-2
1.790893489064438e-2
8.061908848144266e-2
4.112996652713987e-2
0.19704734333484758
7.25912436074326e-2
2.5801883982780348e-2
4.542080517866973e-2
0.15943504635030287
2.2967112681973913e-2
5.422610271904982e-2
6.23910641236062e-2
6.151860355132248e-2
6.208218294775645e-2
7.686519625350659e-2
0.10348312147124057
7.977396903988644e-2
7.549045525371456e-2
7.052025982453367e-2
0.11430626207275325
6.503464812423068e-2
5.74747888037306e-2
4.8058265911561496e-2
0.21012769484860777
9.051540367490528e-2
9.846151532388761e-2
9.572789568677242e-3
3.870646413620975e-2
0.11058945985352113
9.970825429216035e-3
1.1531488201695394e-2
1.647559499065617e-2
1.319100447141065e-2
0.1080048354522944
4.8256473156232785e-2
0.16268477655112246
8.33720989173991e-2
1.737112241502592e-2
3.0034016714764356e-2
9.318099663283867e-2
3.2879159115183965e-2
8.311659422450432e-2
0.16475521329910556
0.10664023981076007
1.5796476088238275e-2
0.13645327136044702
6.800322040444914e-2
2.6571056025571894e-2
3.990949885830379e-2
5.662432095877914e-2
4.742436053878233e-2
0.10274771479054187
3.8900109378854464e-2
0.1002086237539362
5.669271501328661e-2
1.0417114764570834e-2
3.021471506890252e-2
1.9805418812764174e-2
1.6691316177925464e-2
0.11351172442063336
6.426906340145652e-2
2.3847017223404397e-2
4.922660836993231e-2
0.12027361274571483
2.08745713298798e-2
0.13730603285857337
4.10870582037968e-2
3.4586400829598865e-2
9.456205907696923e-3
7.371455732197697e-2
7.6859815538435575e-3
2.614739799806698e-2
3.912059753566207e-2
1.9822891332262747e-2
4.701925280146585e-2
1.11777317328836e-2
9.324485697239196e-2
0.1091319735609813
1.4892687420509487e-2
5.921556861175527e-2
2.1762591463213864e-2
4.513263812259237e-2
1.1781655236665611e-2
5.0062069882289784e-2
7.743588243036155e-2
1.7227104929497618e-2
9.357787441162818e-2
4.1913396818756034e-2
9.455483613236915e-3
8.915886706803058e-2
6.340360035701499e-2
1.942765101217997e-2
4.570970392177494e-2
0.1693552247908087
5.4954865656727525e-2
0.13334303518099566
0.11595079569755713
2.5360008960092783e-2
4.3764671117707986e-3
9.441100676934142e-2
1.97812693000305e-2
1.1216350657897067e-2
8.556620447672628e-2
8.339458756798933e-2
0.2078527666269281
0.11760165436120333
7.080126220398322e-2
4.747084715479074e-2
2.11301757668506e-2
3.997057533465501e-2
1.2537828184935184e-2
2.85487586042124e-2
9.595847019823132e-2
8.07601740217435e-3
8.062754585013755e-2
0.12183727600215573
0.18569156058673936
0.14764130036089185
0.10872803474600853
5.406573337068421e-3
7.759237296380827e-3
1.0404091863327991e-2
0.15726488026871369
3.605593220749058e-2
9.409781344330437e-2
5.694403779976933e-2
5.202007188517969e-2
1.8074328675537443e-2
3.280363575537162e-2
5.7797918481051015e-2
8.60905133226923e-2
1.1882456947864694e-2
1.1783393972337353e-2
1.1495744976468204e-2
4.346570502295007e-2
7.555996759926811e-2
9.573021077991102e-2
0.15250133140446348
2.93293502835018e-2
5.429349657869398e-3
3.667988399499948e-2
3.880264405418624e-2
4.262326410815365e-3
4.885526136151358e-2
4.135019817796294e-2
1.9324442604436432e-2
0.17770755045743117
1.026570279579675e-2
5.021188686017406e-2
1.917694613604106e-2
5.748985202835124e-2
5.718231791731489e-2
2.583286516641581e-3
0.13426293922143948
2.41189327572665e-2
4.8334307844760446e-3
4.523563056742471e-2
2.703650347461034e-2
5.577186478899787e-2
9.380819296455055e-2
0.16181635467776698
3.261282303012693e-2
0.14355356079705323
2.133069271180845e-2
1.9882011311319704e-2
5.5093692534798414e-2
0.10969741478281266
1.711642399920794e-2
4.127874534564981e-2
0.13681254608139176
1.6666446842759162e-2
1.751067380842969e-2
4.2986329536240396e-2
3.309613460978657e-2
2.9046026421220127e-2
6.025382448851554e-2
0.11898102410927561
9.098315224202012e-2
4.079006204245041e-2
5.7555065988904766e-2
0.10909650773886245
5.858485763085991e-2
4.946975372515455e-2
6.822354650022798e-2
0.14863419848151177
8.52007752704092e-2
5.372271653372881e-2
1.881308654441951e-2
0.13818786434413402
1.4925710776537182e-2
5.164742979215276e-3
7.258939547939565e-2
5.1185494508210305e-2
6.439832576454097e-3
3.4300958194008614e-2
0.12903901668297119
0.10076192989077018
3.1954608421902106e-2
9.470737325205518e-2
2.460040075945529e-2
9.324538705809815e-2
1.0596181453210807e-2
5.879305790213539e-2
9.801082170861108e-2
3.518577425895712e-2
0.12090767970412304
1.2690351030228586e-2
1.1698351648549498e-2
2.1600660025954642e-2
8.41307573950365e-3
9.224118205144087e-2
7.183713778691192e-3
4.0930911411602044e-2
4.490828963403106e-2
8.000677919096734e-2
0.11978329565580292
0.2030716756142485
2.616638127940657e-2
1.4242976731325453e-2
0.11741388624740919
4.6527935778630555e-2
2.0162642641959737e-2
1.2937782007227505e-2
0.11917230003362853
9.063857752705737e-2
3.17293789487789e-2
1.6451720144557e-2
2.103018245216969e-2
6.325389204855497e-2
1.5050399251427482e-2
0.1525059091368626
9.872721661369763e-2
9.291439077193661e-2
6.791836507314844e-2
4.623386009086885e-2
6.01988036213423e-2
8.640212574236736e-2
3.9221215825418966e-2
1.688563755148371e-2
0.1357499055228759
8.168643234085032e-2
1.4817049945606365e-2
8.945892368021003e-3
5.453444075615279e-2
5.461097966231837e-2
0.15626002122629773
6.721275651659753e-3
0.11076040068551088
0.14212784663522107
5.159203804660052e-2
3.239306741523103e-2
7.926030663183405e-2
3.68142339435791e-2
7.925599226181153e-2
5.390327322252625e-2
8.989738622949739e-2
0.13505487025264698
6.54159128338022e-2
9.519714900417882e-2
1.4750004461106503e-2
6.489089841813916e-2
0.12206290493822758
9.344303278653147e-2
1.3433095978223864e-2
8.222186868137094e-2
5.238952583635137e-3
1.9494309209598583e-2
0.13418996913020037
0.1401008669504462
3.301445574541677e-2
3.5595748901094e-2
5.095350371229964e-2
0.12068392434919697
7.99032383635004e-2
2.3963966918475854e-2
2.078109508167486e-2
0.11531655604254384
4.2902260495987075e-2
5.3887651730463684e-2
0.12764697876203182
1.1656680149562493e-2
4.595474235557826e-2
4.015876286499011e-2
9.008751647622756e-2
7.850922828523917e-2
4.206879978847057e-2
1.6787745234837316e-2
7.3216705429281935e-3
0.1558602794235726
9.010971289045591e-2
1.5848930555211728e-2
1.5603267715410096e-2
9.463150404461841e-2
0.1039106549825192
4.406332400723863e-2
4.213275893748125e-2
2.359233314353504e-3
4.394105604950912e-2
0.13870584012812576
0.14087400529996277
8.14394556274341e-2
5.539323648529867e-2
6.518276109719681e-2
0.11645326373992822
2.729973674791373e-2
0.25690896731522483
8.45535187367755e-2
1.7902004600564604e-2
8.228146098458955e-3
8.957347962733874e-3
3.4651779255189606e-2
1.029523236792641e-2
1.2800610225926634e-2
2.7849536877701586e-2
9.52533403291171e-2
0.11551297163785387
0.15390407813609067
8.952456499817443e-2
3.403647082349548e-3
4.285752633999607e-3
2.2572281299610085e-3
3.534443456943882e-2
0.1321688955726053
5.230032705487773e-2
8.493814068628766e-2
1.3117393667101618e-2
1.027578492384813e-2
8.137869863971342e-2
6.066405527862959e-2
2.3126922359749523e-2
8.717189963242e-3
6.2204568392679925e-2
6.049086004731461e-2
0.1020733466358783
8.241334103712306e-3
0.1534025319566073
9.218358901861545e-3
3.703895018023512e-2
2.4973927419490304e-2
0.14026642273058276
3.8278998324395117e-2
0.10617531768761945
1.2705327744404471e-2
3.288266259744137e-2
3.050958201037368e-2
2.0359476485675165e-2
1.5204345021050291e-2
6.1070995158540364e-2
5.9132276936118354e-2
5.2188133374334436e-2
4.400479876059554e-2
0.14306760733115595
3.898161550239261e-2
1.2565413715952944e-2
0.12986598886339684
3.15671071990268e-2
0.11821364417021037
1.7866852505512253e-2
3.0845430134109918e-2
0.11006179079805456
4.2392236934326956e-2
1.3974108018486808e-2
2.66569770579832e-2
0.12378071025497994
0.16635986225634916
8.251801963694363e-2
7.012374672420761e-2
0.1561243372215901
1.1870044269593493e-2
9.253964791068148e-3
1.3604733474283736e-2
6.615449585314073e-2
1.2199355101832465e-2
9.153008540490361e-2
6.945881698375209e-2
1.4242356188474959e-2
1.2298486654692497e-2
2.8850457516939355e-2
0.10593989363606326
2.148822886038071e-2
1.0600529056147445e-2
0.23290124021803832
4.4401081029684986e-2
7.508529407801572e-2
4.4475008091266297e-2
2.209055260824485e-2
3.895766626414303e-2
1.9191396003799953e-2
1.9668494411151316e-2
4.7092527491258494e-2
2.523336584263053e-2
0.1062461596147469
1.5176293191863966e-2
8.022677119191239e-2
1.841174917558357e-2
6.400009294839117e-2
1.2782129001320974e-2
2.4779855260969607e-2
4.606380839610758e-3
0.1379181948203015
7.284027596490557e-2
0.14124706893891642
0.11304538581110904
9.752522085145214e-2
3.0358838643485198e-2
7.304311464279803e-2
8.445588474071829e-2
1.429029992673091e-2
0.18612472001411545
0.10821185520753651
4.6498510742756606e-2
0.10455049531358114
0.1018159643676189
4.614297112482879e-3
0.12123455080770026
4.950157109834598e-2
4.2793780477001366e-2
3.480594193822376e-2
6.50645163449107e-2
4.735872197209727e-2
0.18703587895845106
6.869123072361152e-2
0.1338544800807246
5.3711864861685076e-2
0.1368252874280777
3.231713486940756e-2
8.255461564838723e-2
4.504492756089542e-2
9.637305171767732e-2
0.19336280796247687
0.10372539539746203
4.2373135069026305e-2
0.21171762192052346
5.765689155681698e-2
2.5677745393615205e-2
3.206060108897503e-2
8.237357656346042e-2
9.378176884047451e-2
1.849364032364471e-2
9.341609844750168e-2
6.538836965285455e-3
6.857773297256153e-3
5.273520110794387e-2
1.82766496766948e-2
0.1597465246869215
2.544087382800413e-2
2.897028286983384e-2
6.327423044221951e-2
0.13939154334605935
0.12744688403528928
6.428645452943173e-2
4.5859022907415614e-2
2.6180431831929418e-2
4.1534544281042696e-2
1.1724071586968754e-2
4.104989702028451e-2
0.16638729842208005
1.3989435713753495e-2
3.992937066741552e-2
8.223789056693374e-2
6.759163548302301e-2
0.1669358045785903
3.1719039255941286e-2
8.870370161876317e-3
1.9524127576739814e-2
1.063154996411253e-2
9.1911087142941e-2
0.10358642586057668
1.984294373135994e-2
4.809274932302138e-2
6.254961996416146e-2
1.2145187749905261e-2
8.55603754793286e-3
2.0657706666993625e-2
4.3543868866782076e-2
1.879208881407555e-2
3.546995350405607e-2
2.2520579190309243e-2
3.684201302242309e-2
0.1459883027618843
9.183627205137578e-2
8.067577079759243e-2
1.599106590456143e-2
1.8901467843691656e-2
7.74660392881905e-2
0.18194272868991482
0.10821490802689335
4.8611995335394474e-2
1.175416646337869e-2
0.10138133608437712
2.1684567462530092e-2
2.186366483677569e-2
8.146896819287382e-2
6.635657926158875e-2
0.17481151760126865
3.0537397506027096e-2
7.194229691746226e-2
0.16874495116691027
0.11137657358123883
1.3673852741612114e-2
2.297815270364615e-2
5.292804299037727e-2
0.10641801130063504
9.287399388558543e-2
3.2601658305971115e-2
7.29520492576318e-2
0.14172026641285157
1.1356161865718483e-2
2.3320795519548264e-2
3.39585332234951e-2
0.14698006580787504
5.441071307595965e-2
9.946681398943072e-2
3.7080287216073406e-2
3.022583554089463e-2
1.8549613549942667e-2
0.15872480618505283
1.1008156586506623e-2
5.945059579591859e-2
2.431359291091174e-2
9.772641184662523e-2
1.494195429418096e-2
6.564882830320293e-2
6.38458551961685e-2
1.4567651559390849e-2
8.911866054306075e-2
8.133857770456551e-2
3.349979538875851e-2
7.829750582952626e-2
0.10884446503118159
2.9081466930423027e-2
1.3626860483065805e-2
5.3980226607353396e-2
9.719476370234968e-2
1.2583480125120505e-2
5.0811931603250496e-2
0.16468596069840896
9.136583607690384e-2
8.816855733409792e-2
0.16951287632518985
0.2235118501506807
0.14857602678094048
1.9870304803663686e-2
6.684689571155218e-2
6.93850423099934e-2
8.297104139611129e-2
2.6743003127732957e-2
2.247233720207089e-2
1.0656254981187451e-2
7.636524628564564e-2
9.646842273961098e-3
5.700121523211632e-3
1.1787932113042698e-2
1.5870921230052272e-2
3.4245668629656424e-2
0.21457136227957055
4.720768185339367e-2
0.10202295800836496
0.12891198128639209
8.507232597206153e-2
1.748609398120047e-2
2.3857108009766936e-2
0.10225931632001287
3.99635008389093e-2
3.703130206701829e-2
0.1061318652382377
0.1083078663040831
4.4878058549392644e-3
0.12022645223081643
8.572868728238137e-3
5.313038753253176e-2
9.072483142902843e-2
0.12556510939751528
1.1548977101203173e-2
2.3789347136358562e-2
6.383336271315015e-2
8.329798496285276e-2
0.16722148195099884
0.10275384761556779
5.329902433603512e-2
3.0381807397481597e-2
1.9673286339993813e-2
8.271821204504819e-2
4.7974290941947474e-2
0.14645239063268428
2.6567491756296125e-2
2.0107587710205675e-2
0.1435375281078421
3.9671199037459304e-2
2.5667308316393835e-2
0.14242734323583867
4.191802295121337e-2
0.15729064702569898
4.582137790658678e-2
9.479822269497691e-2
0.15445983631259153
0.10383209601876109
8.416623414212107e-2
5.212793816840816e-2
5.446610929763786e-2
8.272363216248274e-2
1.7493866662528466e-2
5.830182541378757e-2
9.48297830245024e-2
3.935968934256464e-2
6.957558328720406e-2
0.1572757572683865
6.876356442109648e-2
3.4082524530115246e-2
7.277312647525525e-2
6.884985013665586e-2
9.157837328169258e-2
4.9892852530520816e-2
0.14834187590359446
9.527838029543378e-2
5.726566359156393e-2
0.12491868187648517
0.19843314924757374
0.1348759762496909
0.11244994275653378
0.1651425209071744
0.1302529189567771
7.148630212869064e-2
5.98913228426585e-2
2.3901834472227535e-2
0.11909433472753692
5.079371599491193e-2
4.35477438951819e-2
4.654045837003172e-2
9.579712265009914e-2
0.11116509080770114
9.208750935852462e-2
7.643824774477448e-2
6.003551294611267e-2
6.070053527618489e-2
7.23711861815665e-2
9.81985385650602e-2
8.043365822415685e-2
0.19699356559516057
0.16724333524566673
3.4709880523228806e-2
0.1827780271567287
0.11154236195499945
7.249430712929723e-2
0.1216185861108858
0.1544338060376163
2.7800653980963718e-2
3.000082066486486e-2
4.098353097327281e-2
8.712544662809192e-2
0.16769860443912926
2.681397932631191e-2
6.869741996294917e-2
2.7489527866425657e-2
0.12279979096825515
0.16594677315774903
0.14666524980667228
0.13963211274691723
7.297796613146004e-2
0.12586098688737227
7.953585111490646e-2
0.10770979956292057
9.834757633444724e-2
0.19820051157611407
2.4523012827360247e-2
8.341147769699137e-2
0.10502787129511315
8.180745461748937e-2
4.484847626867704e-2
4.1700152239916466e-2
0.10515982290629382
0.18611084609420642
2.3254629437711404e-2
0.19646607170101169
0.12064990219393637
0.16251878507749692
4.6179206260993935e-2
0.10143983547762
0.1275828375768296
8.740678066538807e-2
0.13683397857733445
0.2195962439696645
9.992368722281526e-2
0.11903425881954695
9.907038324493693e-2
9.205097530537736e-2
0.11793700053720839
1.963974406390422e-2
0.1388824261428327
1.7332578583712198e-2
0.2108067803900567
1.6995331868532314e-2
4.7945242668923214e-2
7.72549680658799e-2
5.3743852842290864e-2
5.068620773756251e-2
4.789824992381122e-2
0.1248029672040278
0.15046026109696203
0.10735104624614329
8.769628162229672e-2
8.857012321639701e-2
0.18278806637751402
0.1110150108951045
0.17349615016754477
6.987069555871156e-2
0.14950876876918007
0.2985109498069875
9.40592593816816e-2
6.256836998808471e-2
0.2286926119543396
4.94125324794605e-2
4.544515218245052e-2
1.7108287836201587e-2
6.259723083632776e-2
0.10070658947185882
5.918489898349083e-2
0.1297879917325604
0.13018582669177553
3.2895736681592756e-2
3.030728542144041e-2
0.1271706945548134
8.6042088711137e-2
3.623822671088088e-2
0.18160574255385206
9.028639013912979e-2
2.1051163566689967e-2
3.8590023931346064e-2
6.428477453246949e-2
8.144740148080894e-2
0.11482431046028796
0.10279514164988605
8.202495403671899e-2
8.997712151051787e-2
7.729867255230445e-2
5.559911639445799e-2
4.342474819104186e-2
4.4036299965802925e-2
0.11786852342413871
2.2013319806021205e-2
6.936808024973742e-2
5.6486464881832434e-2
5.8064101698753576e-2
2.2175997431749937e-2
0.11323057027294944
1.541664368152571e-2
8.966063385537108e-2
4.3808709116661806e-2
0.1074893327410513
0.11794716560326476
0.10601578484622032
9.265502819666209e-2
1.3739282145491083e-2
7.435775084880727e-2
6.935547009790576e-2
1.7873519418431107e-2
3.551730893208286e-2
7.65784786759391e-2
6.517050988367495e-2
5.35317762067973e-2
5.254156831041612e-2
0.13702427486012253
0.14519270693961311
1.3284921044665133e-2
8.03897567414715e-2
0.16379815342270784
1.9319201509560836e-2
4.5506876269096753e-2
8.806199371014993e-2
0.12433289859342522
6.509384211299021e-2
9.478415062866938e-2
1.016277675720123e-2
8.541746060719688e-2
8.465917157715078e-2
5.0127156034374024e-2
3.440405240187431e-2
5.095567865142524e-2
3.855387606094518e-2
0.12014275427313073
2.8517064768909816e-2
2.525817192785327e-2
0.1070980361550431
7.959039455108599e-2
7.519945993649524e-2
4.050464624640989e-2
7.798823252640634e-2
0.16155688929508663
2.214997280730462e-2
5.3601420570917255e-2
6.067105585989872e-2
1.961356107794342e-2
0.2146860498905146
0.10566166504985522
7.136305629795121e-2
2.4754863588376107e-2
0.10597520802965751
8.548780325667596e-2
1.4430307259936392e-2
4.573894051212848e-2
5.843485316444139e-2
5.263978074182975e-2
6.0816323570532536e-2
1.670843505276426e-2
0.10271547146854469
6.680303867119267e-2
1.6284059623578782e-2
9.963497397668787e-2
5.707630287259498e-2
9.67749348983686e-2
4.100893562675806e-2
0.10619933331225787
1.3906098171079528e-2
3.3846726238153615e-2
3.144494805528767e-2
0.12198599317818207
7.958457870371578e-2
8.078424486997128e-2
2.334943932455765e-2
8.829217481840274e-2
0.10794883549548082
1.2655196064834406e-2
2.1950996342951022e-2
8.428067204108489e-2
4.5546781668340086e-2
0.10892285848252774
1.2610278088776706e-2
0.1007291344125009
1.8338214600670533e-2
2.0771836707933145e-2
9.338857999209128e-2
6.654083640979755e-2
0.16277490000420491
4.140715985565095e-2
9.684133587698794e-2
5.8721255383178926e-2
4.84034378131078e-2
8.408686877334375e-2
2.159538691528524e-2
6.02537283869077e-2
0.13299377788051112
2.4017427526377755e-2
4.5376775078499465e-2
6.169404200746233e-2
8.113484004681062e-2
7.957244173298994e-2
8.806374916398482e-2
2.612669046744568e-2
0.12237572121559356
0.17255437222305187
0.14983565075794772
0.20384416237814315
4.937573804086283e-2
3.38291610105816e-2
0.10947646390237095
0.11381490449897132
0.14426735750080935
0.21040005155293579
3.8328538107456345e-2
3.382968814494004e-2
7.094204598877167e-2
2.3041739514907688e-2
2.9939406477494313e-2
6.517279581618193e-2
3.460511759421482e-2
4.0658360444780495e-2
0.12666251089682654
0.13512970581691858
0.14539473751323911
6.693083580255571e-2
0.14072981812212232
2.0244130261600712e-2
5.093979954445477e-2
5.461002398997276e-2
5.2751118208942016e-2
0.13050340152281362
0.17446618701844754
1.803568351388991e-2
0.14548303406518476
0.18750736344264407
0.14763705507720684
7.732117364135868e-2
8.44314976387439e-2
7.620110817451704e-2
3.182086321707713e-2
0.16382926918225216
0.15276144611177234
7.077424113682068e-2
0.10682747949662166
8.164125974650796e-2
7.719420701166765e-2
5.1491649359427495e-2
0.15769316301273317
3.2833330513996374e-2
4.384389546157835e-2
8.960368461184297e-2
0.12274912752701117
0.12923028284164775
4.5420006905369306e-2
8.336342365620279e-2
0.10011478414232769
7.492937697465847e-2
5.2300146801880706e-2
4.892116297844325e-2
8.007102251433798e-2
7.269884372057359e-2
0.12926689493293697
7.31032141157512e-2
0.10192799609583636
0.12373378320870457
7.022992952923032e-2
1.5330903120018701e-2
7.398934757266408e-2
8.736137199442162e-2
0.10598841233032141
0.22742573279779993
2.5197727036482855e-2
0.13531006009348148
9.635201786125226e-2
4.1603955004543766e-2
4.0940447059749696e-2
3.9065432744236704e-2
6.938941083685138e-2
1.2418472000464842e-2
0.11619185545656677
0.1437844690884333
3.1203925344980586e-2
4.074923917877661e-2
6.785976741892998e-2
1.767400650459161e-2
0.1155791454283063
0.1418826308796009
4.268602441922572e-2
2.5044816535368396e-2
0.10000392376585307
1.712060586251618e-2
4.180170992488065e-2
2.9750566242080244e-2
6.65914376294898e-2
4.78865192925606e-2
0.11016557109827234
0.1652921635017335
4.223813112645984e-2
0.10463487110605481
0.10155872705738367
5.670995757995262e-2
9.318287187313697e-2
1.4668292942741667e-2
7.746239592851929e-2
5.1522391743353144e-2
5.964402958571298e-2
0.10946090378233833
2.2469887739954054e-2
5.899362871435156e-2
0.11101008093052281
0.12855258191855454
2.0267260198584724e-2
0.15646430471226974
7.110674403992256e-3
0.10833285680266277
2.0266548399113283e-2
0.2671997891023902
6.081132169275384e-2
3.493844373882036e-2
5.5272707943167784e-2
2.712399621794963e-2
2.0557248165325857e-2
3.235698487826514e-2
2.399611648952087e-2
9.156746586158762e-2
4.740596376580961e-2
4.055987971548706e-2
8.903422757686379e-2
8.961836736984027e-2
0.1090943275720743
2.8403506229273845e-2
9.324324340516e-3
2.139272862798578e-2
0.11820072522114926
0.17982561531573255
5.837763776091432e-3
4.4287717094225895e-2
1.680010940014056e-2
0.12422097720173213
5.99654531937507e-2
0.1040223806592671
2.0640494684302357e-2
3.807237880513244e-2
4.2244291680518097e-2
7.373367461885759e-2
5.017973394515093e-2
3.258518931722785e-2
9.228758256561606e-2
0.11426546215729996
0.10600327148264874
7.108944395523895e-2
2.0090386615331423e-2
3.2006597811762925e-2
6.100454814165481e-2
5.461765553658225e-2
0.1087739734884079
5.424940051777897e-2
4.4920333955991466e-2
7.654453488663439e-2
4.726738917916044e-2
8.072186561587227e-2
2.0667391683273983e-2
0.11836244380546575
3.271696701914042e-2
3.747951006410455e-2
4.3261479366739373e-2
4.789277691137872e-2
5.845392975231255e-2
6.465631199528969e-2
2.630810241148641e-2
4.1871791727125886e-2
1.9319318891537228e-2
1.7752451289777826e-2
0.1862780705568397
3.007384962143923e-2
5.9122066298561496e-2
4.6677763990773814e-2
0.14197955344669308
0.13883747762170873
6.362436418026703e-2
6.00403151478085e-3
7.029012418201774e-2
0.17842542091932717
2.305097842098832e-2
4.09761232364244e-2
0.10039717497584097
0.13640509424872205
3.968502442337004e-2
0.1467136066827892
3.542980629559249e-2
5.1903732409157285e-2
4.592436602984066e-2
3.5828465461529437e-2
6.061800659947414e-2
0.10905201619334001
4.038164422622649e-2
2.6608782878842906e-2
8.427094367999546e-2
0.11590495384752905
2.543447766066287e-2
1.5760488613014333e-2
6.399342340626567e-2
0.2363770171218616
2.7756714351517907e-2
4.23990144087635e-2
2.2699519106417022e-2
3.677377492395288e-2
0.13324991173131254
8.928584126151329e-3
8.154187017711757e-2
5.70450385810776e-2
3.216122314069516e-2
2.8057438410400714e-2
2.290154401750233e-2
0.13368648588419638
1.844850282238706e-2
2.4705411306062443e-2
1.0395122330323714e-2
1.8025214171726478e-2
2.9755819194528077e-2
4.494687744584626e-2
1.698825302936363e-2
0.10598846557253061
0.11061595408402063
6.762747752995064e-2
0.19449547140843973
1.7560772569341965e-2
7.300284692645437e-2
1.667920580878284e-2
5.851577511092833e-2
2.5533413476659838e-2
0.1561490303697601
1.8414866125039186e-2
0.11152093902171996
3.17901775555637e-2
9.4521496017309e-2
0.17817586234674015
8.42224188074141e-2
5.0479050244084e-2
3.361826694874044e-2
3.533479780845951e-2
4.7837005266889464e-2
6.485260618420491e-2
7.225968319690199e-2
8.360138994963301e-2
5.6203452170303904e-2
0.13526180567730609
5.006660519095422e-2
0.12122202238312219
5.390086131010473e-2
3.266747120055165e-2
1.7411444336831984e-2
0.1293329862206011
1.0241308126437832e-2
2.9677213279711522e-2
0.13937878750952218
9.906927901241392e-3
6.543448715850474e-2
5.234858647801892e-2
0.10734687062398676
8.360866438814304e-2
4.8973372834522744e-2
7.74707237845118e-2
8.879381111883233e-2
2.6400523971857624e-2
9.242259039701806e-2
2.3106343922458816e-2
4.9127515785026575e-2
1.4962646058293649e-2
0.11426036097415948
3.6046551238295935e-2
9.115161458405226e-2
5.142124923452677e-2
9.946164869998808e-2
5.961681645726109e-2
3.4996878909739085e-2
6.0577255784359074e-2
7.521380760232202e-2
6.411722750208075e-2
4.457462855726778e-2
9.026322475222993e-2
7.058255498980673e-2
0.12928615562379112
0.15368530328462207
4.463133288887787e-2
2.182951995500506e-2
6.364664200352076e-2
3.2277065176439815e-2
0.15549404264231376
0.13077736522529668
6.965022794882081e-3
1.3514971431175549e-2
9.664885965614486e-2
0.11746210572224099
0.10697488579003984
3.3608099372239686e-2
3.72135502074572e-2
4.8864029367309214e-2
5.836331364559847e-2
4.227430023674781e-2
8.341598284855536e-2
0.12357818182753397
8.442004860428748e-2
0.1359473674966855
7.825200318972575e-2
4.5000319250852606e-2
4.057357100867752e-2
0.19406753473254726
4.349337266128307e-2
4.725979619158781e-2
5.586433424593362e-2
1.662368357195928e-2
4.025297231535032e-2
0.1387520384223087
3.4354637404149e-2
5.3420236283141985e-2
6.530578156655889e-2
0.10476107591003885
4.590026356978781e-2
2.746421136708934e-2
2.105883683865073e-2
1.8041189904602527e-2
0.10186230331576067
8.140173267800102e-2
2.2849897082401725e-2
8.320271393770676e-2
4.482712528280569e-2
2.4912432938073027e-2
1.534122246846703e-2
0.18072073153917273
0.14369103254499196
2.5772868498656877e-2
6.712919212851116e-2
1.0088913923362131e-2
1.3127325019397696e-2
0.12704790676467578
5.204847567292547e-3
9.432187232031691e-2
1.0868849203019993e-2
3.91416776424051e-2
0.11816520616167563
5.798139890716904e-2
6.52202508721751e-2
4.573838816496738e-2
8.321676706499785e-2
1.9038414174627004e-2
0.13825248066386825
2.2319360443061632e-2
1.2604451877745814e-2
3.292391237691964e-2
1.4769958387260751e-2
2.7612428705209247e-2
2.0382439147285946e-2
3.271424345035372e-2
2.510720281448716e-2
0.12750832444738697
2.9607675089926233e-2
3.881491575808164e-2
5.7769716549551584e-2
7.177195915260584e-2
1.5906959711035052e-2
4.086794855116087e-2
8.525606102727834e-2
3.659455649216745e-2
7.26556631262848e-3
9.782579349030406e-2
1.6094698414183393e-2
4.464224878718479e-2
0.17783562339680642
8.468938149705196e-2
4.127114342906424e-3
3.8024157488418545e-2
0.12448148716858001
1.7448098805100298e-2
1.2128477534678772e-2
2.7528158881837406e-2
7.496362560194696e-2
1.5407784676177861e-2
2.1738617781403003e-2
7.966485673933033e-3
6.0912280651778915e-2
0.16403491840319653
7.649151164962056e-2
5.4736853145704166e-2
0.10351334933196048
7.384448526570653e-2
6.050787824355664e-3
0.12066218850829395
0.11887665807230004
0.129016808182165
1.8836484379068763e-2
4.661882032146355e-2
0.12068338535655625
7.02747319502238e-2
0.11844332222788916
4.023382706337014e-2
9.816330597057397e-2
8.668334295971382e-2
2.813024956230702e-2
0.11611696581396916
0.13311272305310456
0.11181370373261952
5.6672002368691396e-2
3.9844523085146966e-2
1.253363328694217e-2
7.70037409226674e-2
3.0449091546075936e-2
1.5133184155907264e-2
3.8515681562104755e-2
2.8241448077573193e-2
0.1639409758641589
0.10481365263825353
3.361138013118532e-2
4.036145445169144e-2
4.2067410428126964e-2
7.85003999288384e-2
8.4545813941891e-2
0.13670025003143507
2.323196389026282e-2
0.10263798579418064
7.631222142684008e-2
8.183531051271867e-2
3.0878964775377916e-2
0.12051713129931918
6.575274155015753e-2
6.46977081545261e-2
4.469492273660365e-2
8.284648921177638e-2
4.112601806557309e-2
0.1267214696397177
0.10139918467862037
8.272347444906494e-2
3.7922847168636586e-2
2.2442186692905697e-2
0.11567939233609867
2.1297605661575635e-2
1.6314863045717387e-2
9.368288393134272e-2
0.1010748082611463
9.648359896885074e-2
8.9795041937776e-3
0.14434844586636944
9.86704627236167e-2
6.568357520825854e-2
0.19924943705575957
4.34298020731898e-3
0.15530404477499554
8.859840670951055e-2
1.8166613198925975e-2
9.101251794535645e-2
4.209545548597356e-2
0.165320225834183
8.032132091905064e-2
6.285784713248362e-2
8.541525355160923e-2
1.8788737418703703e-2
6.445130527914522e-2
4.198482294787827e-2
0.122355822496522
3.131625508557016e-2
5.406775397860565e-2
0.10632930822686544
4.705004442195191e-2
2.012933047902079e-2
9.653171945662574e-2
5.843555771328494e-2
4.940288407655241e-2
1.0338868394859735e-2
1.2415320332939106e-2
5.5245174576275105e-2
1.8538173848973282e-2
1.6723686182116736e-2
1.4569257510805877e-2
0.1031890095681979
4.490591807028921e-2
4.3844124667471195e-2
5.27395918787833e-3
8.744555308860452e-2
7.268704379436922e-2
9.087028750833724e-2
2.545412624422879e-2
2.925365173521227e-2
5.570486152897384e-2
0.1149110297128186
3.1679242986853554e-2
0.17599730019929133
2.516348868740197e-2
0.10308347148572468
0.13290234984063892
8.2848282116053e-3
3.74284172188558e-2
4.452962186327717e-2
6.499392680672944e-2
8.571537854206703e-2
8.236770220938139e-2
6.831949417944931e-2
0.12050616558983518
9.110730553523982e-2
1.8607960879250908e-2
7.980706876149454e-2
4.75405560259e-2
9.574902907509622e-2
0.10694595220285344
1.2087431979018182e-2
6.72501697367232e-2
1.3169297998055052e-2
4.4892998589728506e-2
0.13103291520680269
3.135466553033529e-2
0.14343306485822405
7.257396002739602e-3
9.02311366892331e-3
0.11071385532553513
7.394661893933022e-2
9.98229548168066e-3
3.702152081287498e-2
9.046112944291373e-3
0.15116474993165188
0.143738410660812
3.0226436754800724e-2
2.821596731285614e-2
9.678703085008396e-2
0.1319717747536208
2.4243934779296216e-2
9.10145121997277e-2
1.2035999608853109e-2
1.2794466579103969e-2
7.492055527337485e-2
6.998655722961895e-2
7.843661316793138e-2
3.7671600113978146e-2
5.65037513365928e-3
6.175978083738849e-2
7.633921666300611e-2
1.734667744227223e-2
3.528190018355813e-2
1.4095593410657293e-2
4.168095768750042e-2
4.841408614811642e-2
7.383763680320067e-2
2.302956662835325e-2
5.8835466633649594e-2
4.567206093798655e-2
0.17379921082791983
7.029448039794846e-2
9.522314953125773e-2
0.1452750027785448
2.0577791276682366e-2
1.8342699482550497e-2
2.1889866050955397e-2
0.10333173204085896
0.10657393266503071
2.162360381220364e-2
0.14593358115892768
1.645282490694836e-2
8.038589693037378e-2
5.9908195482084925e-2
6.218060273791461e-2
8.178275517512104e-2
9.263442901110017e-2
1.1789531248708152e-2
2.9328657051286698e-2
6.670442881507824e-2
1.568948213188288e-2
2.8746149041363977e-2
0.10048464857010338
1.8122416035362167e-2
5.641635777326516e-2
2.109248754524633e-2
9.666820801961731e-2
6.657405982756084e-2
0.10388803516020206
7.482343756752341e-3
0.11916736920802835
5.363847734624981e-2
2.2634454241021163e-2
8.459954195736306e-2
0.2639838259768168
6.031334013396859e-2
1.9703685213714284e-2
3.002009876442401e-2
0.1476416714587585
0.12357355888559778
2.0439441624963285e-2
5.395095527156858e-2
0.10815314069824726
1.939574371876972e-2
7.051841543627616e-2
0.11546678385090547
7.50393662394781e-2
1.3134361236487568e-2
1.9632202531273835e-2
8.007361543016685e-2
5.2454861972183894e-2
0.16706880501072247
4.8382742680401755e-2
7.271058176787246e-2
4.9540708042901414e-2
0.15079579251255448
0.16024276080063227
2.0870019795308604e-2
8.192458301861735e-2
5.451926603347065e-2
5.718842020413113e-2
9.922586540828815e-3
5.47977255756927e-2
8.1392711782557e-2
8.32191939469239e-3
0.10360238315497061
5.285146927564437e-2
3.2688443040912965e-2
6.975928873351928e-2
3.699293196855831e-2
4.506090408995321e-2
0.12571525653337337
8.77119371030268e-2
0.1125257335338603
3.454022852912152e-2
0.10066571374849183
0.13364525075582992
8.891562696479101e-2
1.4962733296305453e-2
0.11477277256892882
9.069483800386158e-3
0.20449799051747702
4.674892084439754e-2
2.1121233893865e-2
4.337272509901034e-2
0.13872210687177292
9.641784637480788e-2
1.4682318167728147e-2
1.4878089696804287e-2
7.008832291998887e-2
4.56197642295893e-2
2.7841336877835677e-2
2.5509600044608914e-2
2.6233169985910642e-2
6.763828883014013e-2
2.9448536970540194e-2
5.753415532004987e-2
2.6396849446799965e-2
0.15488232016610975
5.036374360885909e-2
7.66333344560006e-2
5.1805759304322074e-2
3.904041590723829e-2
7.056876768245832e-2
3.945743273948711e-2
1.8930126702188587e-2
2.1561939656536966e-2
5.3440699819284676e-2
1.8163784489007417e-2
3.969265245072601e-2
6.56829516169134e-3
2.010062808350538e-2
7.70817849911981e-2
3.707864667279189e-2
0.17378823762930712
3.302815314638805e-2
8.8248707948762e-2
2.6068434515018092e-2
8.816047701530415e-2
5.970853528500716e-2
0.10808217584181756
7.769316443960124e-2
4.7473226981406304e-2
2.680565874649642e-2
0.15055600925753904
0.10754285291287773
6.20502200226355e-3
0.16383344731293917
5.6803910727775485e-2
2.720945794991464e-2
5.418636408193189e-3
4.567988372244819e-2
2.7727780478014975e-2
0.19026677814820592
1.5253196616470255e-2
0.16748831524612823
1.6731513298537816e-2
1.7202822893609436e-2
7.63272472576603e-2
0.13288820358856332
1.131465176470805e-2
3.40330391791346e-2
8.749415007615599e-2
8.424382417137419e-2
0.16023683831119967
5.397199934903244e-2
3.601689668294176e-2
0.12317971714469644
0.13117652743376698
5.980382100352e-2
3.561634714682447e-2
3.44259714664123e-2
5.7266654824984e-2
8.453749654934237e-2
5.748137401628497e-2
6.276191954339691e-2
3.440656592595689e-2
2.8661672195249722e-2
2.9182913951748147e-2
7.127106676816089e-2
1.0838890517541121e-2
6.850112208803776e-2
3.539105549726557e-2
0.12002823332819897
0.20362506852941867
0.12239242570892768
9.154066356891082e-2
0.15328615386755268
8.808968257064982e-2
1.7437412778938087e-2
4.907966461742193e-2
4.0695488625735673e-2
3.044275082402832e-2
4.904308245783975e-2
6.932646816438107e-2
3.618007047744337e-2
3.002831412431799e-2
1.6274659673231284e-2
5.353003824323553e-2
8.407078840123992e-2
4.6303275587980544e-2
0.10055070015629035
1.890673422245307e-2
7.438924744396025e-3
0.10662669701370606
3.517673497285303e-2
5.304107111926075e-2
6.38335684059313e-2
1.3089862313199441e-2
1.7752399741095982e-2
7.893058247464466e-2
2.5828899387876504e-2
2.4906187092625688e-2
7.255148923012814e-2
7.704523628907947e-2
4.12404404837033e-2
3.1120230101590173e-2
1.4206184795922838e-2
1.1883398360244435e-2
1.6553134269733972e-2
3.0660271159024345e-2
3.147956231974904e-2
5.374042437149107e-3
3.0567729962502076e-2
6.491949677134488e-2
7.253803319864069e-2
6.797833844421791e-2
1.0478811131502497e-2
2.8051127557582545e-2
0.11358064434381757
9.996501770414865e-2
8.61484458991594e-2
8.874076214443371e-3
2.5820023809271342e-2
2.3307660181869583e-2
1.999268036269538e-2
8.051795514986838e-2
5.7825961212279085e-2
8.301400324439877e-2
0.11532215130137646
4.757327866250257e-2
9.75744958328224e-3
5.93016920274813e-2
4.7881372054022375e-2
5.076470108430144e-2
5.945689036898061e-3
7.805138250946328e-2
5.038947196203421e-2
3.0945026308157285e-2
2.037392172738517e-2
6.501652479147868e-3
3.5713335420102466e-2
4.771065506804108e-2
2.896371739393978e-2
7.809141943968229e-2
5.0922180497095446e-2
2.9699247251378257e-2
6.501071437983875e-2
5.0697263055658845e-2
2.8736208145194665e-2
6.874754929784004e-2
7.292989149800946e-2
0.1498176735429211
8.96009317225358e-2
6.052819410883461e-2
2.5940086416836882e-2
9.087329807577283e-3
8.140507825539967e-2
0.11928583157000464
0.11933763381942257
0.12155265052996708
0.16214011832394726
8.910227988046037e-3
0.11622939902410341
6.83545514421832e-2
5.204841070031933e-2
1.1549635407511371e-2
5.154577277910759e-2
0.1128197414250531
0.13450152456115058
7.075802230243515e-2
0.1373207658130679
2.042814529397128e-2
2.793462535922552e-2
3.0588833484101397e-2
2.4281422786499595e-2
0.10075030171434012
1.552468096403702e-2
9.089114817374053e-2
4.623864713212696e-2
6.711158795957832e-2
4.070902769545248e-3
6.535546505666204e-2
2.100634506132142e-2
6.247493667271743e-2
1.247964712271934e-2
0.1419346035684383
0.15119271650094773
1.663921080945745e-2
8.87200621368881e-3
1.1378070408510443e-2
4.335784720915596e-2
2.1507664220476584e-2
1.3661546926580791e-2
8.892171868590656e-2
6.554652751689538e-2
7.964532450532841e-2
3.271403053442433e-2
6.606354152558325e-2
6.070620833515755e-2
1.9580902093896912e-2
9.02309065955382e-2
0.13969243773726212
0.10102045822260357
6.01879026870733e-3
0.2996826697843549
1.8450226940705118e-2
0.14473067597727698
6.2270315855966964e-2
3.801385614727458e-2
5.913473551492743e-3
2.5786325474873927e-2
5.973514607849202e-2
0.11739965042413295
7.255657798887138e-2
6.168967832885007e-2
5.938872864273811e-2
4.8513960073173025e-2
4.882934615941059e-2
0.13602436121669453
8.19310908649591e-2
5.898226552239498e-2
5.2127362996372426e-2
4.270503408449498e-2
2.8179846118931116e-2
7.443919490591751e-2
0.16725606713788982
2.7330866664511577e-2
6.286920189341916e-3
5.333055871807807e-2
0.11398283578549047
5.172217808966334e-2
1.9540791005980895e-2
2.0705187893704402e-2
0.16212493158394586
0.18059731645889193
3.8402333570310344e-2
0.10428153176817716
1.2672069849857604e-2
0.19912956152368644
3.0785778180609457e-3
4.682964549992695e-2
3.916491366980783e-2
0.1109618196600329
4.573223956807258e-2
1.837579858506949e-2
3.759126164482897e-2
0.1217983591367338
3.775019216527457e-2
3.3305604300060035e-2
3.81665454810967e-2
1.1685084180093985e-2
6.59082387147868e-2
0.17379980609478887
0.13877873375957112
2.2371981220073146e-2
7.738954131248667e-2
0.11456682133193548
0.1077006203222827
2.1350247959820223e-2
6.357274159464539e-2
3.210860973695025e-2
4.6665565718885325e-2
3.1563043439221505e-2
6.704667050699932e-2
3.729530555798664e-2
1.5630504847987104e-2
9.0129340348144e-2
1.1890145588688372e-2
0.14376031282222232
2.2778952237791826e-2
6.559826614912814e-2
2.0568156761986367e-2
2.8538738616179705e-2
6.486255126360967e-2
1.6860671442948595e-2
9.091775228412525e-3
1.408305757190782e-2
4.354531443374432e-2
6.069937711889839e-3
6.947495258362674e-2
5.9005671488574704e-2
6.61904923108238e-2
0.1478803981622771
0.1645467449403008
4.999230348764734e-2
8.166441326513789e-2
3.8176516666333295e-2
0.12343012029112954
2.8539794080305124e-2
6.390847501188587e-2
6.351790111488889e-2
9.938492663182469e-2
2.2397973705974284e-2
2.7134309528266808e-2
1.877270469243497e-2
2.3408046375428003e-2
4.285264170388792e-2
8.94368856559936e-2
0.11197978085768248
5.545680672663102e-2
5.968507866986535e-2
9.629295744619593e-3
7.794874071262092e-3
1.6969510475088954e-2
3.76904928037997e-2
7.554957217259226e-2
2.060901407247425e-2
6.262402681144927e-2
6.006413994375159e-3
0.11088758499731402
2.3020263054026203e-2
0.10231816559589094
6.525598537428613e-2
0.1265286448324391
3.435601884615399e-2
3.848308694463857e-2
6.435618837381539e-2
0.1031987697691622
0.19080009806658302
0.1473029032635861
1.7746635720343584e-2
0.12718468370433572
8.54987542540083e-2
2.618538141735378e-2
9.305124061603334e-2
4.468224140218321e-2
1.6988328406648455e-2
1.2929757403994735e-2
3.8036910081569675e-2
0.11302515037812419
4.942489831703105e-2
7.786658701625827e-2
7.041736765560845e-2
2.4030383100791773e-2
0.19559926545459763
8.291057069609549e-2
9.315122558518754e-2
3.0979189250480255e-2
4.698014156115288e-2
8.086769336600677e-2
0.11694651525778114
2.0572165119999496e-2
0.1379540432037877
1.6944493443576458e-2
6.979666351260505e-3
3.289582321935195e-2
8.754368646518398e-2
0.12640657224782048
4.778992862688121e-2
5.237102876321982e-2
0.1867397128645018
5.891327791730755e-2
1.797337063039761e-2
0.10686079935555508
4.9765201489797184e-2
2.8981517128759193e-2
0.10193726505213911
0.13017522042263857
2.61923448186396e-2
2.3735027110660566e-2
3.000759840161411e-2
0.11833581891579106
0.11380976198193962
5.180222857629848e-2
1.1252895032618693e-2
0.1272515531819555
0.1009849470501873
5.823701092795434e-2
2.53353623658643e-2
6.36248450192941e-2
0.11104863164332854
8.35068226611454e-3
6.298339358500148e-2
4.1531522112468064e-2
8.807357341631072e-3
0.10380202673737302
1.861995180834868e-2
0.10805954418849373
0.13557738339339093
9.060749917941946e-3
5.383382951884859e-2
6.312775111941504e-2
6.383372763552175e-2
1.1620123879441346e-2
9.566502783945566e-2
0.12990102768518938
3.8289981678970395e-2
3.788970310085854e-2
6.319049700691867e-2
3.0953023676166e-2
3.74206018160921e-2
5.585663186864992e-2
7.983735762446525e-2
2.877511353560077e-2
0.14530641518039097
2.9864551632984692e-2
0.11378304624420607
1.4755866854189037e-2
3.634261082723378e-2
0.11375110862385633
6.816473083701968e-2
9.30987571436548e-2
2.2585673044731212e-2
8.022516633676101e-2
0.118393691837873
8.137389965703642e-2
6.466060397311223e-2
0.13884447254738178
3.4174230088916444e-2
3.6828319009112445e-2
3.422847308639139e-2
2.283771902102031e-2
6.284267138710656e-2
8.567503837609408e-2
3.6097430733027805e-2
3.9569746427490796e-2
1.5555811817420728e-2
8.746393717345949e-2
4.581449103728108e-2
2.1870659805537984e-2
0.1477872901602269
3.8747835216278316e-2
9.041136933203538e-2
1.1337347177347568e-2
3.2966461599353514e-2
3.4815096232269195e-3
3.484277042384407e-2
5.172373890359193e-2
0.10083816946687887
1.0462537184497111e-2
0.14381967257332792
5.870876695557627e-2
4.5121637320008776e-2
0.12205663966473686
3.755079724611202e-2
4.249977813212473e-2
0.1506074068214353
1.8855284400439966e-2
3.5973997878001054e-2
4.242607185466316e-2
1.2707529448894283e-2
0.179852396146334
4.341984538829969e-3
2.5587325411811322e-2
7.748082610796526e-2
6.9214135640750405e-3
4.433183325853811e-2
8.218725408430273e-2
3.272980196079409e-2
1.4856701631446733e-2
8.439298542100293e-2
2.979052418602789e-2
7.036267258861939e-2
7.927948827227405e-3
0.13813774096992168
5.8263171254521e-2
8.773865629089544e-2
4.32229759569671e-2
6.273367664831249e-2
7.791674737654729e-2
1.1066032250408109e-2
4.1912054095740406e-2
1.1669020632333016e-2
5.545666587279323e-2
4.881667366584582e-2
7.427637137676656e-2
2.8436005352252002e-2
6.566440423815827e-2
2.7370009328864464e-2
4.123066196155874e-2
4.676058959439154e-2
6.309407193592816e-2
0.1961231065434154
3.630083243006965e-2
5.054925878273897e-2
2.0003936386906285e-2
9.604175354787145e-2
8.975972963923924e-2
1.91220928207096e-2
5.117028992230923e-2
0.16553369304934856
5.143421540897799e-2
5.672694901995247e-2
7.8978670085862e-2
3.584853047334643e-2
2.7001391038447432e-2
2.8597870996819853e-2
2.100665873956452e-2
6.45237187002803e-2
2.488123392818987e-2
8.97131641561004e-2
4.813390353990197e-2
5.387061659868396e-2
5.7960048437420884e-2
4.6327306448546976e-2
4.9826381104233916e-2
2.752191906269098e-2
1.7467061656734516e-2
3.32935248449456e-2
2.408129358766531e-2
6.559104093538264e-2
4.446159728017869e-2
2.8550273165316664e-2
1.5714792927824506e-2
4.369325988705167e-2
8.155532803013954e-3
2.69644380439382e-2
7.089735867596203e-3
5.102967573022703e-2
3.903175851252849e-3
1.1608143669146165e-2
2.5250731948324966e-2
7.664788167154107e-2
5.735369724948085e-2
0.14748897940936687
6.7718437984503384e-3
0.1023465783730569
0.10007762619733276
4.270005926251234e-2
7.894447931408556e-2
1.672201215631495e-2
6.848538479647978e-2
7.754263377755286e-2
1.1293175564072333e-2
4.47629566282759e-3
0.119879388022505
4.424445531037209e-2
2.498922936028325e-2
2.2058604897661573e-2
0.112609355133342
0.13450473038680766
5.303754442382082e-2
0.12150811427511266
0.12336029793288676
0.11468896894061727
8.543978739619495e-3
5.4223563091601035e-2
7.758092279245946e-2
4.220538298617162e-2
0.10984871582479397
3.756434951800739e-2
4.334526679861025e-2
9.130936245469383e-2
9.180049106417604e-2
1.087977650364944e-2
1.4503080012581682e-2
7.172548046059177e-2
0.1084521661924128
9.623165608408802e-3
2.6113695546084458e-2
6.958512880132382e-2
4.129309151638727e-2
0.15497365000605234
0.12274739332183877
0.1074168525172079
5.8758702824029986e-2
4.128874523038484e-2
6.58899928548308e-2
2.5510091453464268e-2
2.2952549250323105e-2
0.12387028747682552
9.027709232447476e-2
1.203756841065592e-2
5.895875885716105e-2
4.799643347617659e-2
2.165066921069301e-2
3.323441235700395e-2
1.398186709519258e-2
3.034952610449313e-2
1.3220911251149114e-2
0.13024734207400573
7.803210072476387e-2
4.410644776390515e-3
0.14013302100068512
1.3069324995349362e-2
4.276765180687229e-2
0.1905977808346123
7.492845925966894e-2
6.010950226024025e-3
8.270533154618549e-2
1.559711246598292e-2
4.027283247402162e-2
8.945730042858768e-3
4.471697327437503e-2
1.997064698922616e-2
6.937725568181595e-2
1.32756779582068e-2
0.10962357491929105
0.3471570371082528
2.476872614619722e-2
2.6804864031864783e-2
2.7887045703665382e-2
2.7732396122036884e-2
0.26213613056986806
2.658072661096129e-2
8.615620134323288e-3
4.75955434710128e-2
0.15149987947702254
0.21744806665332278
3.685059213795485e-2
1.4435106553052256e-2
2.153750812855837e-2
8.368576341955036e-3
7.979502295682857e-2
2.1135805095239622e-2
9.37525427957625e-3
9.420614779582534e-2
8.451907647474019e-2
2.4974489761518913e-2
0.10033252663745848
8.3012550894034e-2
1.4533255738161721e-2
5.581358453984921e-2
6.696176719179404e-2
5.4934619734023415e-2
5.643444433225624e-2
3.08739388694258e-2
9.177569913275292e-2
7.547267943843514e-2
1.8339744848191775e-2
0.10502191071141172
4.53198705866395e-2
0.1252621812046099
2.5563692279927643e-2
4.541100843828102e-2
0.11982811984893463
5.889038945419377e-2
7.511024165951179e-2
8.402165093951482e-2
2.5204131542723475e-2
7.784452836715332e-2
0.1053995483403201
3.5252293185053405e-3
1.077676392700323e-2
3.7516781128416575e-2
0.14108921550220677
5.840565643492298e-2
7.461912905460813e-2
5.947031663945936e-2
2.3867980856769035e-2
9.313406117573687e-3
2.6652706999372e-2
3.3118400070954755e-2
4.954630101366353e-3
5.998079148330236e-2
6.764974918794756e-2
3.505424087605813e-2
4.740734897462312e-2
0.14190050662525744
0.10237827233399825
1.3784684735380193e-2
6.704666886690283e-2
1.78619030325455e-2
6.314790999396652e-2
0.13036412003969702
2.2573339914223778e-2
0.11111386643936223
8.567510870181808e-2
2.800451511054991e-2
7.085740883487732e-2
7.747573680569644e-2
0.14265548978915069
2.6834367216112875e-2
0.1385645268336745
1.836447912787359e-2
3.625610093770089e-2
5.3811285483520196e-2
8.231560756029194e-2
8.231681359106491e-2
5.8683901739577826e-2
2.7768266045265066e-2
2.33959986164329e-2
2.535726984389667e-2
7.1720817976504425e-3
0.10360778134251306
6.14351170841335e-2
2.089306022890468e-2
5.4931105078989885e-2
0.19192011680000043
2.7666776990472274e-2
0.1264202075571309
2.028462811869739e-2
8.110065351241068e-2
7.314569668655268e-3
3.890285880938048e-2
4.311832486800996e-2
0.16970879476413223
0.10687178402805997
0.10839304813621801
4.1979917257542444e-2
4.834339544444717e-2
9.959076895110444e-2
0.21175985855278873
4.296753704795302e-2
6.188905001539909e-2
2.806505417809666e-2
7.923176854220176e-2
2.308987290586807e-2
1.5143561299254505e-2
5.1207854489621694e-2
9.19310639916746e-3
0.10690131841874476
4.060737495064507e-2
0.15031999772818386
3.81529543384286e-2
3.559828956788058e-2
1.6421251086559376e-2
9.198804537801517e-2
8.048313505970572e-3
8.820766778032635e-2
4.503337486165927e-2
3.771270717263836e-2
5.565901791534243e-2
0.14570152785363782
4.059521417470805e-2
9.128349592680463e-3
0.2151822774015974
9.003449167846223e-2
6.880946156762202e-3
0.10607019308656862
3.118148355565047e-2
6.986424657396657e-2
1.1566653290208928e-2
7.55175175509333e-2
0.12528705631971754
5.344863461793855e-2
8.523764826537875e-2
7.618295083946999e-2
1.4037505003102335e-2
0.11093312361103165
5.081976178327637e-2
4.2281540652152685e-2
8.359760729618246e-2
8.052730317668151e-2
1.2025107271472112e-2
5.967794372064802e-2
5.325795881914266e-2
6.784088431572065e-2
1.7140941381145147e-2
2.458375499130625e-2
1.343583245271326e-2
0.13087030297882687
2.4216556965769555e-2
5.7047247626494144e-2
5.416458342135845e-2
7.75168184039727e-2
1.4171803992654174e-2
8.392401180104413e-2
3.328937094107707e-2
3.939644195803808e-2
1.4451730781451112e-2
2.6637331838393064e-2
2.1863069051455474e-2
2.852922872484931e-2
0.11676126374254277
5.247321996396853e-2
7.443185684487684e-2
8.713307936188111e-2
4.668375535240188e-2
1.361869131490614e-2
4.244655777724472e-2
5.292710415153303e-2
0.10465001766734035
6.52992439141685e-2
4.5569682708217055e-2
0.1366623313878547
1.2543805725138756e-2
3.075854673485353e-2
1.1856853715723748e-2
8.92441295137052e-3
1.7036365006055144e-2
2.2676710794514176e-2
3.85718089686519e-2
9.56819309086151e-3
0.12215732688798822
9.35163414942068e-2
4.3243299311987414e-2
0.10910723355115629
0.15419369059939916
4.2585614316354305e-2
7.5002251117455175e-3
0.10419087515484411
5.987074283745353e-3
3.1977826555509306e-2
1.667826354792653e-2
6.688567730035491e-2
8.028284740801035e-2
8.364321322961879e-2
3.767208677194903e-2
4.2775537180390934e-2
1.7033793874763357e-2
7.244010118718569e-3
3.0466796106456563e-2
4.366962794753536e-2
5.940214091789901e-2
3.675838021623525e-2
4.548846492904733e-2
4.7983532962201605e-2
8.975059366257712e-2
6.216825126423988e-2
5.046955125344839e-2
2.7175534062816385e-2
8.473148733040353e-2
7.028767178840124e-2
0.13006726818144676
4.629833558362749e-2
2.4758502855785347e-2
0.1854380024427106
1.9889803812547534e-2
1.7598914559445213e-2
3.237092458183004e-2
8.966602000940269e-2
6.428077865844621e-2
2.996786326095885e-2
5.6652656670778435e-2
0.1799731920761453
1.3820446373100193e-2
1.0615762708954446e-2
3.482871760834598e-2
8.927769838975988e-2
2.9543552844271414e-2
2.2351968246968314e-2
1.5263044987265629e-2
4.1992016198166074e-2
7.123810039937806e-2
9.753264411010298e-2
6.770182699604432e-3
7.971189203583126e-2
7.311247133706046e-2
6.107389634031659e-2
0.1078560146073297
7.488425083982143e-2
0.1539162770006928
1.3814986655565265e-2
1.974951932002301e-2
8.764603321286946e-2
1.968469192341247e-2
3.0246017861025765e-2
2.9895161304182304e-2
2.605361008566449e-2
8.275046379054869e-2
4.93685620342932e-2
5.3289124133594365e-2
3.7676131479389384e-2
3.886826270318274e-2
5.0066290288739324e-2
1.0918052332182104e-2
2.0702121632019944e-2
6.292944214802959e-2
3.936099622956547e-2
1.2504454484856719e-2
2.048701023291949e-2
2.405100152936618e-2
3.25190358064391e-2
0.2680292241692089
9.146979620198414e-2
2.2785930077998874e-2
9.288147773787674e-2
2.1386543291925762e-2
3.0953128019250688e-2
6.456558833581252e-2
2.4829477440040437e-2
6.74560071328294e-2
1.7731692057962455e-2
0.16195884708320896
2.8151791264854363e-2
0.10520765605254696
1.4422642771887973e-2
5.559079048378457e-2
0.15345392406621414
9.417017120011117e-2
1.8883979071422974e-2
0.11434199461314412
7.797926804102046e-2
1.4698528418862133e-2
5.2956956692741794e-2
0.10952722306808563
4.1216780034893076e-2
4.5404013157161714e-2
3.9973836219015166e-2
2.8175804155422222e-2
0.11716766345497312
0.15657474743605163
2.9483216817232104e-2
2.448392994184623e-3
1.2049546110532505e-2
3.755201033494906e-2
5.017316327755365e-2
2.775550040446879e-2
1.1592708194191304e-2
7.664056411100717e-3
4.090143911375865e-2
0.15429683908458253
9.981049554983144e-2
7.348875007990413e-2
2.0760947695645827e-2
6.602065672300902e-2
5.474611334521884e-3
9.641475869122938e-2
0.14148387149428604
2.9184645552424247e-2
5.795521198882536e-3
9.962471762313286e-3
0.16609768511159398
2.447268646416454e-2
2.7018638963161867e-2
2.131101604362027e-2
8.142578658969372e-2
6.989372642261986e-2
9.757711375199052e-2
1.6920850277303855e-2
7.499710517487479e-3
8.910637606909937e-2
1.2415395305170418e-2
5.1330221967721135e-2
5.415013637061915e-2
4.752674543388237e-2
0.1721764429533096
3.680284562875201e-2
1.2625522105873888e-2
9.572585802236148e-2
5.4465773660292004e-2
7.809220816674944e-3
0.11024826687859487
6.15392729174231e-2
4.528739162207518e-2
4.747629137988035e-2
0.10177339149709055
0.15230854683036474
9.208150844106556e-3
2.0999230013940873e-2
4.73497791199551e-2
0.1215631931403928
1.9066619075725145e-2
0.16479693107277765
0.12937628100456153
0.12618358076867073
8.346085907146923e-2
2.3818172684621018e-2
3.49095380768689e-2
5.206454973287322e-2
1.3987727563415542e-2
5.868025784847618e-2
0.10488710547713657
7.096276483197071e-2
6.993316770212774e-2
0.11982526943323593
2.857550453597717e-2
1.7085165757864805e-2
8.117722980356508e-2
7.621397728122913e-2
7.244813579895797e-2
7.823903489344286e-2
5.183328771830309e-2
3.1856353751955245e-2
2.7746181031859617e-2
0.17997816297618116
5.26239345427386e-2
2.9146930076482825e-2
7.45783386184244e-2
9.971293743922788e-2
4.989602202911564e-2
4.4388953019312546e-2
6.380733615160861e-3
4.4594376285703875e-2
0.11680614145786139
1.2030372963280389e-2
0.10427896947506037
3.4992675671391874e-2
0.18262786579798646
0.11764607605299457
0.1052065346394879
1.222538366050766e-2
6.92739604530512e-2
1.3957130345041546e-2
1.9417180372050803e-2
2.3695581233791008e-2
7.203295152085917e-2
6.767034716229664e-2
7.677508265687102e-2
1.5568749030824313e-2
6.54170082726449e-2
7.296320914011757e-2
9.244520737447445e-2
3.702844518047569e-2
8.758498640056901e-2
2.3826048605828133e-2
4.032980147283829e-2
0.24478173651535914
0.19827062456399908
2.2486603333295274e-2
7.56399538847978e-2
9.880078703411752e-2
2.6680760662754046e-3
0.18109053347767462
5.51277726398971e-2
9.161750492034554e-2
1.0926513368697655e-2
7.811499371201548e-2
1.639596034077754e-2
3.8496656571191626e-2
3.225879100348859e-2
4.809811828574323e-2
1.2081193362761533e-2
9.168990720346566e-2
1.7158607778128988e-2
0.1668692342739506
4.650520513517953e-2
6.172385042455144e-2
3.199088977089409e-2
1.1128342313216188e-2
0.11865059963671616
5.721007149498299e-2
0.14824256615904452
1.749563062260403e-2
7.913498192372172e-2
1.3674803765610866e-2
7.477329016832925e-2
7.870467936930117e-2
0.12487608470456024
1.849170047071854e-2
7.370820440367046e-2
0.11506369098265741
1.5606499865455249e-2
9.206234693141035e-3
0.10763944436359467
0.20873124499223375
6.461741490136297e-3
5.356850550638276e-2
5.42521763670711e-2
5.15696827326562e-2
3.7645190504839735e-2
4.0094612242380104e-2
2.7352348755006306e-2
0.10435821662896608
5.06541299419712e-2
9.994049015438012e-3
7.461483946714408e-2
6.421194844233467e-2
0.1187134242269157
0.13539207598387232
1.9627589251369704e-2
0.12625952296529852
3.542267945335194e-2
3.0116585616992986e-2
3.5789942929227894e-2
2.9644247748394238e-2
4.225798986757976e-2
7.669063542960796e-3
9.819382625561156e-3
7.072934273429377e-2
3.816040618760404e-2
1.6420946062725695e-2
0.12945233277561363
3.0713919189841277e-2
0.10612523124980582
0.20928715042582885
1.2464300663958695e-2
8.141511757749806e-2
0.17531271870925286
0.10908684975300269
2.367124872900047e-2
4.12091669342462e-2
0.11111515950320419
3.1440465637089486e-2
1.160251002161351e-2
1.407529236717019e-2
2.301207973266365e-2
2.6158872921891053e-2
0.11003476307834707
5.1422422977278746e-2
6.520821296576616e-2
1.0678502973959447e-2
0.16384571837402198
1.0543194553265666e-2
6.809192988512629e-2
6.033995738195687e-2
8.589840640033052e-3
6.991028809627803e-2
4.103560662398398e-2
5.430030672710697e-2
4.8113162277262075e-2
0.10062224702614922
7.142780903065499e-2
2.8457526051818127e-2
6.224599230933592e-3
2.147303391395359e-2
7.143917906802888e-3
4.596632455954584e-2
5.4245864422712564e-2
1.6762784660020326e-2
0.1084799091965151
1.600892361663785e-2
5.8125106016103045e-2
0.12808511294383895
0.10618811677196098
0.14721356925403598
0.1388507379035859
1.4908386938719853e-2
8.137443959005126e-2
6.559300239173306e-2
4.413275583549151e-2
2.3598012744913653e-2
0.15316445245134805
1.7485123617380416e-2
1.60943303466765e-2
2.8482046963741493e-2
9.722659052072624e-3
1.406028576839834e-2
6.973746410538342e-2
1.0309862712546792e-2
7.267121705616486e-2
7.356368485313061e-2
3.9443122911693065e-2
0.1139165553691612
5.8945282580135705e-2
1.4855160342353712e-2
7.605542025221954e-2
3.2602182986032735e-2
0.1082193228157643
0.26475015478924413
4.179531897633648e-3
4.45344642481072e-2
0.11334940576641798
7.603416414967676e-2
4.959233395809182e-2
7.511499843367257e-2
2.1494270523654813e-2
3.25577858981291e-2
7.745428593224334e-2
3.665535294250723e-2
7.562467163459638e-2
1.4952198449822474e-2
9.060055072626883e-3
1.7601172059800697e-2
0.1102140612871936
2.7422407198724873e-2
2.8749922519134087e-2
0.14751868766725132
1.0226876544931218e-2
2.2326545509924568e-2
3.070414294204672e-2
1.8489813577102377e-2
0.1034477559665187
7.19530896209857e-2
7.880506835052392e-2
4.9905628495579925e-2
4.866860248187638e-2
2.7029200601883463e-2
9.863591192250598e-2
6.368468330469176e-2
8.241660231440306e-2
1.5669189777122162e-2
1.1978167550150598e-2
2.512334636470077e-2
2.3521971233555615e-2
0.15799808153661288
8.602862755223782e-2
3.267029740297187e-2
9.418595538910184e-2
0.1286089770498251
6.645490614774888e-2
9.98825416453277e-2
6.0979376127124486e-2
8.46888001798364e-2
2.7503559601416462e-2
1.1522156368195414e-2
3.187796332120626e-2
9.696987999136398e-3
4.193064484992652e-2
1.3479888216021873e-2
3.992154052289062e-2
0.12573654541504925
1.2248964616593205e-2
3.405919850879759e-2
3.7878625941134225e-2
1.564228637595465e-2
6.100743764263759e-2
2.626445987228996e-2
8.715252740146535e-2
0.12117896153367469
7.24408972647832e-2
0.16741539433257263
6.002105982077133e-3
4.86766737207488e-2
2.3046741059438002e-2
4.814903167914319e-3
0.11478306608353565
0.18924566072636456
2.9859382896668916e-2
4.34695111156461e-2
0.1030259753864285
2.0667972937959078e-2
0.11014434035996938
0.14660266209570624
5.590424536998488e-2
7.431453396286773e-2
6.1115062128720664e-2
9.500943902428885e-2
6.856529904357525e-2
3.4455242570290014e-2
8.392954416361227e-2
2.4099738712714168e-2
0.10576836674078724
1.018818825038521e-2
3.991577970374538e-2
7.998483616811958e-3
3.625557430742976e-3
5.5466857250595414e-2
8.366135665734212e-2
0.16238574013845386
1.5749401560195598e-2
2.0419083251641934e-2
8.28365226728025e-2
2.933115879454652e-2
2.802699507983756e-2
3.7074632010075438e-3
4.382406893958585e-2
3.8014623457518514e-2
7.206647388863538e-2
1.0908289907607371e-2
5.888357423270185e-3
7.244749331567876e-2
0.1911354380401657
6.168433925131829e-2
3.809445950610961e-2
2.0867098147789732e-2
9.625395812190524e-2
3.034016943095893e-2
1.9331641371033714e-2
3.664958481691486e-2
0.10041481461552348
2.3288682019550422e-2
8.473262821137403e-2
4.535222060989683e-2
9.874093230838257e-2
0.22297447640579265
4.9252250171674894e-2
3.946312015225086e-2
1.7563663458135582e-2
0.19157422442333233
2.611514913885815e-2
5.426990553282884e-3
1.4245541918360171e-2
7.394257250162473e-3
3.2085662225371944e-2
0.10608983767989906
1.9879699099650705e-2
4.614614834134314e-2
9.106798406886782e-2
9.077353448998908e-2
0.11607222783590194
1.0978464664480736e-2
0.21053425464747666
2.0951703361988084e-2
2.3713260090570242e-2
2.7654234789110322e-2
8.132832399334668e-2
0.10615847049737295
4.1679316647485296e-2
5.449340899778994e-2
2.297588219314629e-2
6.6006982545643855e-3
0.11287975242631383
7.486762031263607e-2
5.8900839464850085e-2
3.168371005950826e-2
9.591497170339787e-2
5.584735092518889e-2
0.15238197203726517
9.05429882021153e-2
3.209312760900117e-2
7.188923022180464e-2
2.3851497785546395e-2
4.471749627962751e-3
0.19862646822850785
1.8288640064055294e-2
4.463898454363918e-2
2.101409302929271e-2
9.013452198456544e-2
3.190280918911122e-2
6.87777612076729e-2
1.0727639974084435e-2
0.10885836308432231
0.13482210783231885
4.5554211949661104e-2
6.414805325591091e-2
3.608950620084176e-2
2.8191059171326905e-2
3.666240391109281e-2
2.392750168438168e-2
7.739826171258211e-2
0.10961233879791313
2.7002162743881553e-2
5.471510541757831e-2
4.709993504705895e-2
4.187472085860554e-2
0.11619584496652542
8.203561977826167e-2
0.10850340373749967
0.2012717549178432
6.652131923466428e-2
9.385669735555846e-3
5.9849591751856016e-2
7.791886317887695e-2
7.048850417169945e-2
6.2007296145516935e-2
0.10306338729051298
2.1133625115671528e-2
0.12663849774092512
2.20057386663156e-2
4.978593296631423e-2
0.15990371971707967
5.189722354449502e-2
0.19850291605596854
5.046450348086105e-2
7.52957903122241e-2
9.004344858596561e-2
3.085484147733697e-2
4.923777930694615e-2
0.11030132476903058
3.1424163441784767e-2
7.158462024250435e-2
6.220381884265008e-2
4.870799915387404e-2
9.71431965817586e-2
3.845440819246411e-2
9.25128308953473e-2
3.2525370016735236e-2
4.7344674099741066e-2
0.10135360708621573
0.10206100067155202
8.307506230325334e-3
0.18605485328375232
4.5730300644359304e-2
0.11162232073569381
3.598392921364435e-2
8.991104948534161e-2
2.166794644012494e-2
8.337358581805829e-2
0.1156517582083818
2.00159797246391e-2
5.248309913092841e-2
8.767081653884509e-2
5.53956032427585e-3
0.11412481463619022
7.965502451601014e-2
0.14679307079516318
0.1611089152994992
7.774267088314755e-2
3.956981284936382e-2
4.582687674549703e-2
8.534047879782096e-2
1.2658802386042311e-2
3.203808271264662e-2
1.1874835498378422e-2
8.853779133480855e-2
5.302659214725475e-2
0.11903857472595732
4.849619760218955e-2
1.5334855433968165e-2
2.7558147377081288e-2
0.10130991753075422
7.897737743717227e-2
0.11050731534222966
0.13145484683606
0.10986633527840681
6.692502548790048e-2
2.3543815105914058e-2
3.080613019396864e-2
4.566267267590518e-2
0.1320001486801524
5.006340269190642e-2
8.892659638463438e-2
0.20861523679077493
7.174984043743456e-2
5.3880554954140715e-2
0.13034012479907786
7.767651305607337e-3
2.568970411684468e-2
5.702891128382579e-2
5.762202837328567e-3
0.2341200966158829
0.1079120224670717
1.4275621415042428e-2
9.697496924649463e-3
1.4689809820800759e-2
0.10241407379550556
0.11021128610208389
7.781126760756568e-2
3.791883353983143e-2
5.2367931277337056e-2
2.9361245147346726e-2
3.3132391313199464e-2
1.8617666432229053e-2
0.10060811623861148
1.2140058649001185e-2
2.151301571431895e-2
2.4976033013665243e-3
1.4900070315326253e-2
7.065642046604498e-2
2.987186265041012e-2
0.1222730816546191
1.6895573361845127e-2
5.874884758852794e-2
0.10175570265733958
4.9138481875069494e-2
5.595298916027424e-3
4.614588514024966e-2
6.0521061664851064e-2
2.199752731307607e-2
2.219791162951764e-2
4.089838971782028e-2
3.2025278110426346e-2
1.4609896036605119e-2
5.658420983684674e-2
9.590548617952391e-2
8.228804127793234e-2
7.143345583827475e-2
1.2329055612794848e-2
0.14727197641770054
1.9988169645808896e-2
0.1131076062431394
2.655532432943608e-2
4.301635493748951e-2
1.2123987537069803e-2
5.306222360570105e-2
6.263495353034168e-2
9.592156069650241e-2
0.13058180016329052
6.0914179591929685e-2
0.10100665026471098
3.256683420196214e-2
0.11933711718611224
9.58990737946738e-2
2.558731876836805e-2
6.749149841119499e-2
3.189656206195479e-2
0.17171297717480474
1.821244827889721e-2
6.424304395853424e-2
9.155139179539607e-3
2.0469665654971027e-2
1.7653850961385144e-2
3.0931666917676216e-2
7.574637466331738e-2
0.10632943175436527
0.11998394208743704
0.11141521363122145
0.1604064552446307
6.2030364103062084e-2
0.14519595915014744
5.658957543640629e-2
6.614987272948683e-2
4.007074384761718e-2
8.751857109097272e-2
9.670678902738455e-2
5.535716001548911e-2
6.941140611012156e-2
0.20165364608053196
8.37535134853813e-2
0.15193314905101757
2.112084478379205e-2
1.2749853123290656e-2
6.2466624452665556e-2
9.294366674384019e-2
1.0647993555473256e-2
6.626262502711085e-2
9.748281900836446e-2
5.297848544333572e-3
0.1300895507994516
4.535207557051174e-2
1.1195412022064954e-2
0.10773876662117512
1.7632559377939706e-2
0.11969846713209172
4.09185277753209e-2
0.10392226990829365
6.161136500787619e-2
5.1036072149092445e-3
4.146590388420559e-2
9.231207495821347e-2
3.455152880844722e-2
3.439871045032211e-2
2.4292787961785068e-2
9.954102209341664e-2
0.11518593474671981
4.643667377973511e-2
7.388510452731567e-3
2.5152288009007352e-2
1.9104778906309027e-2
7.857154157781298e-3
5.4250128694270814e-3
0.11722135645083025
4.3077267493600115e-2
3.368309526150315e-3
0.105991338568548
0.26244938009924806
3.363631785186453e-2
3.5947677210218285e-2
7.368897630447228e-2
0.13514344428893602
2.7356867397393746e-2
5.462332388415768e-2
0.1531111832634559
9.481346359391195e-2
4.9394235023882106e-2
4.615574878811961e-2
7.268984054717956e-2
9.456156223962146e-2
4.9451072601676284e-2
0.11303630992926625
7.848375605181368e-2
0.11825227542175028
0.10158403428748289
0.1675407944057042
3.3570207847132646e-2
2.8699258054369337e-2
6.954463768192036e-2
6.580625635239383e-2
3.316167564960746e-2
5.4701019561538465e-2
0.10821758807137796
9.209780741514928e-3
0.13434951357715263
4.78791801671344e-2
2.070408743918023e-2
2.9499862561835722e-2
6.064776382730377e-2
2.0200856495951713e-2
6.97805962255476e-2
6.852812815933451e-2
0.22527736698351095
1.5116970335283707e-2
6.226734908513554e-3
3.4069311324119854e-2
4.5332933468501244e-2
6.029167591091973e-2
3.660458306414548e-2
5.563923852573549e-3
8.412233913943534e-3
8.64702137970591e-3
4.820313130471313e-2
3.8619027060391733e-2
1.9326219501892006e-2
9.56091596671924e-2
3.621735060561224e-2
8.144045676484257e-3
4.9897975576920675e-2
0.11748793231998915
2.490867100855292e-2
0.19885376127248774
3.7772884809213626e-2
8.725316853270614e-2
3.782804262934412e-2
3.507914496294695e-2
3.1209006782471793e-2
8.304915837111955e-2
0.10496922489421893
3.361670126001428e-2
2.330973136272283e-2
3.5112359165235606e-2
2.1171404791364645e-2
0.18465369289943365
2.1614775407257814e-2
7.072731863359905e-3
2.334903892669058e-2
0.14306939813027064
8.505875306867301e-2
7.553295874498311e-3
4.421691230577157e-2
1.1844135383836264e-2
4.634149196409998e-2
0.1646180912682729
6.707423513452485e-2
0.14883662307684303
6.303520157233534e-2
9.529146678985904e-2
7.570229169503408e-2
1.9956842846609334e-2
3.2013417772010125e-2
5.114124677379324e-2
1.8935201090771604e-2
2.23613207499495e-2
0.19122588873127794
3.0800717482137984e-2
7.269062876973999e-2
1.3153162172936262e-2
2.7069860540270052e-2
8.661619899245052e-2
5.712216686901529e-2
0.12230582435296204
3.876388122532918e-2
2.4472150342300058e-2
4.189576872800309e-2
0.1180099512105818
3.7523942492305286e-3
9.938060665875804e-2
9.89477206970703e-2
8.511528618827334e-2
4.71957151252423e-2
7.90615696970605e-2
5.475826949257458e-2
4.939767543080109e-3
1.0725432581444417e-2
7.274544452421506e-3
0.14723183115963479
4.4241480671739886e-2
6.46394259323429e-2
5.943213684046892e-2
5.7292634392342966e-2
0.12558254724710655
3.815476584729738e-2
0.1250307151700662
4.699701451951297e-2
7.877549786730678e-2
1.9240867928643303e-2
0.10180375446917042
9.59883955826878e-3
3.8582169852910187e-3
0.12859633864848335
5.346094948084893e-2
4.0101190134535246e-2
0.10242514222874044
0.10288620772691204
0.1693011518996313
9.382718042385519e-3
8.126457570441734e-2
0.14793783050629478
0.10802528661200558
4.873221857210249e-2
0.10201155517705654
0.1188556793809662
3.235247441475e-2
2.826960473646405e-2
0.12628356645205474
8.202130318551926e-3
3.2383200816961014e-2
0.12288900142168382
8.513419786098775e-2
4.9583138463025644e-2
0.10666751056148951
3.211475852708984e-2
3.6174849123540555e-2
5.585326599897332e-2
8.521067719297651e-2
1.4862409150781098e-2
1.4431717913074705e-2
3.4659365985504786e-2
7.017622083018749e-2
1.2432404960992993e-2
3.40634085885835e-2
0.10434188609662931
9.878587845478967e-2
2.928406957566191e-2
5.068558461836339e-2
7.887097323032875e-2
8.898444107514882e-2
7.28501403009478e-2
6.180229184071824e-2
0.12258900320308919
2.9818549390166427e-2
2.1150841003371647e-2
2.231389669296744e-2
2.544952500317832e-3
8.401430926673304e-3
2.8344844680289683e-2
0.10878728771684151
1.074740033590701e-2
6.545134886346374e-2
6.248323508522646e-3
2.0333594023777445e-2
9.52924595997045e-2
0.10188247464271982
9.564099846423449e-2
7.375909687337422e-2
8.2449271297953e-2
7.55219385374073e-2
0.15245847656329006
8.83183260577486e-2
1.820096269472481e-2
4.139197057631927e-2
4.130768108018399e-2
1.5117402086233711e-2
1.3046225430888791e-2
4.178869343830758e-2
5.18854036359752e-2
1.7153151815293633e-2
1.1429965949087295e-2
2.1038839546441278e-2
0.11261759535199367
0.17181727445125067
5.097517499253458e-2
1.604607130775406e-2
2.0703346369557774e-2
9.167976626071242e-2
6.302446417209923e-2
9.605286701891715e-2
1.565674530010569e-2
7.185286237891716e-2
0.1501704064187066
5.4761229103047884e-2
0.10085978643801038
0.12251759799611799
0.16328316971777077
7.316837280934814e-2
0.14969472669159417
3.98717251496999e-2
1.869764337565526e-2
9.933680146370534e-2
4.4208609381290266e-2
5.95742481666597e-2
4.382813036347364e-2
3.7015480286213785e-2
9.66204499485802e-3
6.92159133270068e-2
8.245124837021475e-2
0.2512902719086684
1.6483716321855767e-2
7.907715676349308e-2
0.11680329002773544
5.6819450131437674e-2
0.12920732966149565
1.7097298573174657e-2
6.204833095068681e-2
8.605927330675481e-2
3.0030170230006424e-3
7.6905974176184055e-3
1.8300578909204335e-3
0.11689610354214024
6.687841826225674e-2
7.16781368302452e-2
4.7321485393378424e-2
0.15068653216400654
0.12026220343460325
9.797257884003995e-3
4.4675882965413305e-2
9.016808555852093e-2
5.822933104814866e-2
0.1532249443691021
2.5784869654705646e-2
1.2529906415060743e-2
2.9853650333295345e-2
7.384903541884702e-3
9.76260999339308e-2
6.0202963609308935e-2
3.942590100019776e-2
3.21909239201222e-2
8.983784825014265e-2
7.685563683808329e-2
0.15480734226658846
7.817312179916791e-3
7.256338691145036e-3
0.12577283066167727
6.74231196887187e-2
6.545602330164521e-2
1.1296962708802084e-2
0.10522440324301181
1.910256317203929e-2
1.407621922429122e-2
5.094087957021154e-3
1.0437031534275266e-2
4.933633709162684e-2
6.894928294716088e-2
9.1926934426758e-2
0.1388798102191823
3.3430088901988106e-2
7.31431212492723e-2
7.919780128729373e-2
2.946914825801916e-3
1.3134589783484618e-2
8.484206046401876e-3
9.770524654403984e-2
0.10495590062449431
6.307860079171407e-2
6.960864560142499e-3
8.981009064882257e-2
4.4818143572378e-2
1.3755913136435104e-2
6.423298378659155e-2
7.436242523078027e-2
4.5070971299598625e-2
1.1997025865271538e-2
8.800151241411998e-2
3.37420511726933e-2
3.36215768073858e-2
1.404295237291201e-2
2.6811704196607312e-2
3.1183962824984136e-2
7.528116779531822e-2
0.1159158209600107
6.574898109969918e-2
1.3113665341254289e-2
1.5194604050797067e-2
1.8309109104339073e-2
2.1450814039384904e-2
1.986959558905076e-2
9.495549468237444e-2
3.268954444338627e-2
0.10080153965294732
3.15486360854193e-2
8.431083423352782e-2
5.9034222547809524e-2
5.195839035103243e-2
4.0289163598689545e-2
0.11582089841165084
4.831916271007952e-2
2.9444439718893666e-2
8.818281581892762e-3
5.99303445379844e-3
1.773686237099429e-2
1.0998025445999182e-2
2.533298851378365e-2
1.8892571262400258e-2
9.03609358168008e-2
0.14322368209407302
5.838255537228702e-2
9.684576577212858e-2
0.1107599684079277
0.10642261167317475
5.504733235664414e-2
3.702120180884431e-2
4.2622101179962825e-2
3.697599376237494e-2
1.7592851934502617e-2
3.4052936908724865e-2
1.3900616704611268e-2
5.817960997137487e-2
6.344556437805193e-2
4.280372661186571e-2
4.595724300780907e-2
2.1350116650314187e-2
4.776632709978179e-2
6.974587649379885e-2
3.3348768177357414e-2
8.899417916804983e-2
3.6831536059597304e-2
5.148710471481595e-2
1.693217012762178e-2
0.14918492464457578
1.8665607084822577e-2
1.1178005304465522e-2
0.11943162777442269
6.202280483643117e-2
2.0922746165333017e-2
6.845602835205886e-2
0.10733485316920652
1.594704344468113e-2
0.12389595434238643
3.431585121702796e-2
0.12691017600759308
4.4165480841083904e-2
2.5992963557547787e-2
1.0505783678646196e-2
3.0717023936210154e-2
6.279544128294003e-2
6.306313187115012e-2
3.6195672069169925e-2
2.186620881996565e-2
5.0308469191235996e-3
6.000724313542033e-2
2.0589481619166284e-2
4.218917555002917e-2
3.931685998836409e-3
3.32980558455506e-2
1.712798368762928e-2
5.584478203639759e-2
0.11162165391495524
0.1284575231713381
0.157906605344951
6.966982665028175e-2
0.10146503450882408
5.466260230228693e-3
2.991280102312228e-2
4.825605405774821e-2
3.277672196943604e-2
4.219174698074694e-2
2.135545670973049e-2
5.637209565184487e-2
9.839821944159832e-3
8.011138057242023e-2
7.490079329384511e-2
1.8883017388760394e-2
1.3918001600096385e-2
1.7872534918654704e-3
1.784556733655258e-2
6.824189865909443e-2
2.96997293775356e-2
1.4093050995099976e-2
7.37696800893975e-2
4.8267502267616e-3
1.5416348730802387e-2
0.1210027484037208
2.347883343238345e-2
2.4100283340136874e-2
5.426688292453535e-2
8.047777522298669e-2
2.058218404853681e-2
5.883658022032101e-2
5.302843272509994e-2
2.460223302132203e-2
3.715190714820686e-2
1.732269445249677e-2
3.7093566037090596e-2
2.0576982261089914e-2
3.237754483922718e-2
0.11025723489778687
0.11366838600820431
2.9893195745540335e-2
7.817306144628078e-3
2.8259392330301735e-2
0.158786140224838
0.14159324574136237
2.5517943646579822e-2
0.11608194190372936
1.1869668270680233e-2
6.2888313716286445e-3
3.360355031700207e-2
4.1989803317058164e-2
0.12181422874790966
1.7247553811465678e-2
9.046974207962535e-2
8.458967828121486e-2
3.644245441650658e-2
0.1290455952926773
8.740871453937682e-3
0.10111539295750464
2.0713834071421623e-2
0.10016534207734148
6.135632021555902e-2
7.198892700543794e-2
0.18413575665366758
0.13641941975673405
6.958001563488168e-2
1.660349486889189e-2
4.157825150777161e-2
0.1486885105359598
0.15084849202199274
3.5895473008762057e-3
1.9097402728609693e-2
6.829673684409637e-2
8.131340414472163e-2
2.790792184474746e-2
1.4710028669945441e-2
0.19819682244969256
2.0977453949643066e-2
0.10777860338418455
0.1077932724827539
7.214723056555794e-3
5.178752021337141e-2
9.11169474459226e-2
3.7173993232478976e-2
0.1083190328149097
6.677247788566698e-2
2.0572911703468477e-2
2.656583965800389e-2
2.8758492057053008e-2
9.256092094715927e-2
4.511938891776347e-2
9.987812676951575e-2
0.10526229513559619
0.16699512037843478
8.31993904062075e-3
7.311303207956146e-2
4.008613046124534e-2
9.620177910663577e-2
1.5294178445670093e-2
8.133058227336242e-3
6.34890893820917e-2
0.1400485881863119
5.741647146673754e-2
2.663293208908446e-2
5.4514653425472334e-2
3.189689450791435e-2
0.11045794848189613
3.602824092082083e-2
0.119388211974051
6.199928203716034e-2
5.085168453678862e-2
1.7346603093964918e-2
0.19362742658836424
8.709943901402875e-2
3.3431599905849652e-3
1.7185849363741458e-3
9.419461280771665e-2
1.9919728022845008e-2
8.703931717416119e-2
1.3251164690999873e-2
0.11895712417204274
0.13743363598196426
5.640812857128752e-3
2.4026800661604664e-2
1.3029687693959313e-2
1.6020191264474716e-2
0.11294783656925808
1.2557926270214726e-2
1.9245197641215538e-2
1.1148311816235257e-2
8.555209759280037e-2
2.433016278602391e-2
2.7982544484604e-2
2.0110754250082397e-2
6.109327450952108e-2
2.3852186092018224e-2
5.922548604674375e-2
7.865490278097619e-2
0.10790991972336954
0.10566494016096124
2.6816199188955524e-2
6.3549254469461025e-3
1.809367747110289e-2
8.742005210310854e-3
2.658388575994398e-2
7.814419592883471e-3
5.13782033483247e-2
1.4191754881215579e-2
5.896117819585145e-2
2.7270734125478126e-2
5.38112154895912e-2
2.9512213768418217e-2
8.224932914419589e-2
6.1781023418685486e-2
2.4271008408247575e-2
2.9982284563571292e-2
0.16015764241538175
0.15279851218469329
0.10387554931631424
8.469004562512353e-2
0.1315530145892176
6.059261005351028e-2
8.501032318011026e-3
0.16403446934897997
2.400503958204803e-3
2.2783111527282473e-2
0.19604224506925877
1.603648601081622e-2
9.308286393854581e-2
9.241035284234254e-2
5.609053681946129e-2
5.6310801794168695e-3
8.914384896913383e-2
7.747278757964485e-2
7.252162261185155e-2
3.8801936382574974e-2
7.352055946111003e-3
2.840684362479191e-2
3.963850692128967e-2
5.940908660799897e-2
1.4913740788136764e-2
4.090903287263505e-2
6.8923834568354716e-3
7.727336642388856e-2
8.045727242520796e-2
0.12902971528936003
8.301544852724436e-2
0.11201983416723112
1.669015752812859e-2
0.1384406965374311
8.950518059712728e-2
8.47143829272885e-2
1.6469042880548568e-2
8.026268710859352e-3
6.597327550707602e-2
6.935928939160228e-2
7.437060970124607e-2
2.6327835484822315e-2
0.15866916716005286
3.7183849439206716e-3
6.352388076908531e-2
8.36897134631456e-2
4.746854722361701e-2
7.97546961428423e-2
0.20998831143013916
7.801824169721291e-2
5.434202223028799e-2
1.8905099992747976e-2
6.110206403979725e-2
5.943620371432645e-3
4.265455233526964e-2
3.0444225642943988e-2
3.732615489626133e-2
6.237332780409749e-2
2.886404796372801e-2
7.96057055809557e-2
2.2584191624357618e-2
6.011962897874089e-2
4.494438467700697e-2
2.9675319689336056e-2
1.1513002783845016e-2
3.2358117050800037e-2
9.481843114079085e-2
1.9469397906125518e-2
2.928376090647653e-2
8.555885703523783e-2
1.3567815620420198e-2
2.3131079870161286e-2
7.967534581338338e-2
0.12141119207558251
8.751109661489583e-2
0.113140924046468
7.40168632833127e-2
0.10675178131227994
3.281197187418507e-2
4.978075044357e-3
9.648640834624947e-2
0.11373714242509214
8.352573589560448e-2
5.251908514143378e-3
5.2993156411808295e-2
0.10123740048492325
1.5730053519634236e-2
0.11756357013054508
1.2980341557193631e-2
1.589481400446202e-2
9.903862401518818e-2
0.14321841795147203
0.11129722819561386
0.197031385757183
6.296621199845642e-3
6.879254846113787e-2
6.2422868557295765e-2
9.259170741099068e-2
2.0325471715328013e-2
8.30583046541923e-2
6.118200093306681e-3
1.0052878227055162e-2
3.25331001279857e-2
1.0580426229466899e-2
3.85618966647621e-2
2.2390182251088363e-2
6.530301327016817e-2
2.1716621946678914e-2
6.813120383564794e-2
6.973515611513476e-2
0.14908712406316113
2.2844907859303477e-2
8.93524589030929e-2
0.11262026397560732
0.16085940107406538
9.10204350347591e-3
2.219325962464127e-2
5.201873862612959e-2
2.214188137472254e-2
3.0313755757844518e-2
7.298395864045379e-2
4.879617260611807e-2
3.110036047264142e-2
0.11557320347244486
1.2346774712675512e-2
0.14293347446500865
9.726616952299093e-2
0.10275718658139973
0.13842131963607276
0.12446153444353285
0.10423274888888741
3.26901024664489e-2
7.966250392829013e-2
9.107462583292026e-3
0.11453435296129325
7.253960644761523e-2
8.903496049200424e-2
4.820299307366079e-2
7.50663236275898e-3
2.225260195720763e-2
3.150876770044956e-2
0.1701978991070871
5.9860770740716975e-2
0.11212417285395238
1.682167090111203e-2
1.817702934737777e-2
3.5795434102655e-2
4.9567662217971306e-2
3.51687267902829e-2
7.983044535274937e-2
8.867743302365316e-3
5.703780223384327e-2
2.7076905191035127e-2
5.04934877092836e-2
0.10525183000859475
5.16402434801993e-2
0.13126618689986697
3.7623436912986976e-3
7.544167348701385e-2
2.2165557878188913e-2
4.1352915864425376e-2
0.13585720297566278
3.4439366319273246e-2
6.454222800530321e-2
6.212338906345274e-2
1.3285994478417629e-2
4.603444773322526e-2
0.21576890815810162
3.960208364515749e-2
0.13235892082090334
1.393345790455679e-2
5.089088882692768e-2
7.843729377342783e-2
5.5171738931013e-2
5.285593142703301e-2
7.181862992233248e-2
3.29067103932318e-2
1.164998432836306e-3
2.880612874110129e-2
1.6593595134154093e-2
5.32537644216151e-2
2.7922257430948838e-2
5.9508709023996256e-2
2.9033122942040822e-2
8.243558869382283e-3
1.6789485995881405e-2
0.1014654626964537
3.9344634938461964e-2
4.110303326953624e-2
0.1994188148369237
4.553941653179801e-2
3.93240352219559e-2
5.936273026714234e-2
5.51234930907278e-2
0.13419667957380135
1.939290040886994e-2
1.6462146995079717e-2
4.132885157302518e-2
1.4645372944401902e-2
0.10127337524142621
0.12148522385091694
8.387538067028756e-2
2.591195477676933e-2
9.793327772754415e-2
2.0286329847943672e-2
7.74114759435072e-2
0.12663691172552966
8.437813736980581e-3
0.14478692443396826
1.3275280627429109e-2
5.357443750605817e-3
4.0508489741598055e-2
8.897820914183012e-2
4.8235734948906005e-2
1.0760675776524453e-2
1.0863639511494317e-2
3.415631932785211e-2
0.14317986509948882
1.2720560549849148e-2
3.608372413559506e-2
1.4056616258794386e-2
5.911169197779267e-2
3.498247565508468e-2
0.10559845285944477
6.1093053605195055e-2
2.2094318525502754e-2
2.3440795831474383e-2
7.888075961012188e-2
0.11638534988890907
1.9016627219295135e-2
0.10405846308143399
2.2986342897178203e-2
2.4627806668258125e-2
0.13067449918377982
0.10117200185255952
3.120411913952633e-2
9.166391741457915e-2
2.8322661187716792e-2
2.6731823705094192e-3
3.975905677783561e-2
0.10313033421314344
1.1829978638556482e-2
4.2233955318506225e-2
0.13599095046180887
6.2372806352584506e-2
7.2705159338594e-2
2.078924530125764e-2
4.856599774462574e-2
0.13282136128627492
6.0470794935408155e-2
4.356044416765914e-3
3.87109757125117e-2
8.842214709165129e-2
7.126968773989106e-3
7.71631860838916e-2
2.1161130063328603e-2
1.7353716480089022e-2
1.4393130507648177e-2
1.116031962556312e-2
6.481742903386385e-2
0.17990052003121837
0.16191984448586216
3.758752798405514e-2
4.488525904152594e-2
7.82870495816869e-2
0.14189819266850226
0.13779881446997216
7.873030924548029e-2
4.08228996421486e-2
0.18513702566134185
1.4459377075087177e-2
3.4450639178853396e-2
4.950311964866644e-2
5.26176599351791e-2
7.25840231137949e-2
1.6138949607459076e-2
3.711471220997566e-2
3.7145663793283754e-2
1.480857148257413e-2
5.9651114651111135e-2
3.0718227725148105e-2
1.221264463269862e-2
0.11488702088497456
6.377455123756029e-2
0.10654307118484199
9.576824875325342e-2
4.028111744417799e-2
9.62153977525706e-3
1.667214403206445e-2
0.25672995417965117
3.276486178070927e-2
8.335078215290781e-3
5.681168993022123e-3
0.12246536083027086
4.333046984152652e-2
4.314795245260154e-2
6.66178273281085e-2
0.1160824127720709
4.13284266078628e-2
1.81194262242907e-2
4.907416515619003e-2
6.455004680999328e-2
1.6523661011888357e-2
0.20291440428029017
1.605303384220246e-2
2.7168756324519984e-3
0.2096099285618945
3.0556833788776515e-2
7.629376563930325e-2
6.0679586042559394e-2
8.915867094843304e-2
7.14186211586255e-2
8.975532277030701e-2
0.10013396432286467
4.8208933168458555e-2
4.6257975423481215e-2
3.4188095887122794e-2
4.772787658782914e-2
5.477670995889161e-2
9.69499226068895e-3
0.10906503769665676
3.90210434372019e-2
0.12363068885567889
0.10207693661333536
3.3832173971671584e-2
5.2594648504109e-2
8.253687690274883e-2
9.259987951948828e-2
0.10025314698229519
0.1901793764037168
3.992324838758598e-3
3.525336062068094e-2
5.246209715014775e-2
2.6086011418065037e-2
0.1514968066193001
0.13174800181593554
3.425138206919058e-2
7.041686515330936e-3
4.583658162251604e-2
9.133547244166083e-2
4.943604268303681e-2
5.2437068771480785e-2
3.6738093053549456e-2
7.301973542699366e-2
5.055269596313403e-2
0.13892930758309885
0.1162228306213742
9.103137922603755e-2
0.145317866685403
1.5339262184063774e-2
0.1856842458887765
3.1721006224528406e-2
8.111091810751715e-2
0.1362067279034394
1.706705588638845e-2
6.66424676307476e-2
3.157401013815869e-2
1.3924141210988183e-2
4.872900812839581e-2
5.8094733675735644e-2
0.12488556264113529
9.072757974702578e-2
1.6414667489149038e-2
1.716667619986233e-2
5.322372296306991e-2
8.299369942373938e-2
0.13195000723135988
6.265333895256889e-2
0.13158210221642302
0.2043160997105889
6.355003788454452e-2
1.784046837850032e-2
8.410557998959964e-2
5.414846743191491e-2
8.12828994729617e-2
7.35631557498002e-2
6.0976482005961875e-2
7.679798797048805e-2
8.645460176689355e-2
5.845410600536936e-2
1.8829044965177243e-2
2.512195167833008e-2
8.565756608617171e-2
6.564795921506397e-2
0.2611315291385429
5.849693516064941e-2
0.189443116523709
8.34084860534677e-2
0.1693425091935552
0.10278956090751756
2.650636713545774e-2
0.1928026266982557
7.845054311641445e-2
0.14256252091377158
8.767917960803293e-2
0.11695000335416514
0.17874528162710143
0.1954552593213036
0.12038915480071966
5.981354385967617e-2
6.972559118225093e-2
4.4443120956759216e-2
0.15045652770882226
3.747441744318284e-2
0.12135677021867672
0.10311133197043101
0.14852987766685818
3.143521389244639e-2
3.458966098971035e-2
9.10681543827461e-2
4.9029594491117365e-2
4.534945450197886e-2
0.10131610385808779
0.14299095168290887
6.066129723496342e-2
3.0692196265493542e-2
7.784289266700238e-2
0.10333136682603414
9.967550014631835e-2
6.977501769873788e-2
0.1172451570611039
9.527795186185281e-2
4.1739150862206066e-2
5.355778603325693e-2
4.293453378875515e-2
5.885350978566226e-2
2.94406864515356e-2
4.456714385523079e-2
0.100101585807157
0.14569044524919322
6.837016044533904e-2
7.924632813752576e-2
0.20149111609818968
0.1345142321518709
0.16409419173744316
6.723960467710025e-2
8.09118543883556e-2
5.155722641153304e-2
2.0687164623261e-2
0.12116649093631042
0.13684532925597107
0.10198020229032627
0.11024507687303879
5.862592229866594e-2
6.332419077851234e-2
5.734958185974011e-2
0.15035869066647764
0.11925576815533896
1.5470644998665895e-2
8.398037899752178e-2
7.350536496941792e-2
0.22129785443409222
0.17602962258218616
0.1762153399586466
7.817363438448265e-2
9.450003864985677e-2
8.387517157560825e-2
7.670805559857549e-2
3.3127817365484556e-2
5.8492578095271905e-2
9.82243813602466e-2
0.12463803646543052
0.13493114971660858
0.11661407920174276
9.403817373408847e-2
0.15761464566144273
1.9431976894465165e-2
1.342490348388924e-2
0.17227614148745088
2.5484139232926705e-2
3.895376379976902e-2
2.889320648594601e-2
9.922062864882278e-2
2.3368848312713686e-2
7.0503478487062175e-3
5.2857591667797674e-2
0.1829063021981301
4.0273494873622896e-2
5.443429772035441e-2
3.3894733228829334e-2
0.11831012894394055
9.515799717409752e-2
0.10786985959018465
3.832703503763015e-2
1.0940259385805461e-2
7.510619585120701e-2
2.0241166671974575e-2
0.11484071859312253
9.12138131354803e-2
4.454449974339268e-2
7.494360028599976e-2
0.11580476122570058
3.2178329166327915e-2
0.2789852951583316
8.825957084550032e-2
0.11324833497514226
0.15405906264357744
9.076874183475613e-2
3.1109709684360533e-2
5.9318502123427874e-2
1.3996642957249205e-2
7.893572840029243e-2
8.206714007058877e-2
3.152999195284987e-2
7.153038004827579e-2
0.10192558849227425
9.915244429062131e-3
1.3414084357955481e-2
0.14653872118284697
0.102376083917246
2.3501230806029526e-2
7.832105425274961e-2
9.174756662661497e-2
0.13746395027693378
6.255091449244207e-2
8.737340586261658e-2
7.411160786039217e-2
6.407053480696687e-2
8.299113393163429e-2
9.61326336282407e-2
3.575575176681338e-2
6.787083637788496e-2
0.11660656476849862
8.827720908287708e-2
5.420373225179677e-2
4.072505559082327e-2
8.26354811699351e-2
9.46468404478697e-2
0.10112339191656798
1.4472054320733141e-2
8.343085543143808e-2
0.111877670627287
9.825036359199861e-2
8.351828073550246e-2
6.307386021172391e-2
0.15222111575502387
6.512112825756379e-2
2.9759106587167482e-2
3.162009937796373e-2
5.816912266044925e-2
0.10105861025668479
0.1552190544884209
2.2711956312849425e-2
6.1928447483320756e-2
3.137457662203228e-2
8.318961251337743e-2
5.621877979995569e-2
2.9815798917738667e-2
8.518455606523881e-2
2.63864285505076e-2
3.1018395512601327e-2
9.936926592309582e-2
0.19380316399722788
6.313514305142608e-2
1.7787612192569024e-2
0.14969229020287944
0.13386645494804564
0.1137395372951179
4.9529321662699355e-2
3.160179896589578e-2
7.09311554430566e-2
1.575018945513017e-2
9.102258808720388e-2
3.767213468021442e-2
2.9230117353256802e-2
7.484648910656927e-2
6.679061082435611e-3
9.717139966511287e-2
4.230208835939743e-2
2.7228762938406426e-2
5.8622923930534906e-2
8.221528101711192e-2
6.547287408968749e-3
0.10673545224935843
4.71319304164573e-2
7.74408286050021e-2
9.792015385239305e-2
0.15115770955007218
2.246525352935601e-2
4.109064385964349e-2
0.12665745080945423
0.1311836085425365
6.474134068207806e-2
7.6527419063312065e-3
7.375860831561963e-2
2.8822759201995063e-2
3.25425320323986e-2
0.11133844054174342
0.15817349016749918
9.330743207447505e-2
6.698731227931892e-2
3.8368864492961965e-2
9.168496964776e-2
5.4509549734233255e-2
4.796714156021943e-2
2.7919881385338186e-3
0.10852645376395961
9.007883835489912e-2
6.75996039753172e-2
2.6812475539933656e-2
9.811330207329867e-2
1.9301472477636538e-2
1.938645159280287e-2
0.17674244376579823
8.376084811365474e-2
8.527926209040362e-2
3.20222299076147e-2
1.0196651885226959e-2
8.790902418123142e-2
4.269457913283281e-2
0.12799455583418082
0.10274001720210087
8.457246811871938e-2
1.7860789599371596e-2
6.115888906766964e-2
0.1115668123577361
4.5212375320688204e-2
1.0724094163431997e-2
0.1692981236146474
6.309406982521773e-2
3.4501614530566625e-2
2.6351962914440964e-2
4.839646099278161e-2
3.180381841188697e-2
7.248904432926007e-2
3.2701582280967964e-2
3.2391145258569974e-2
3.1418856961096434e-2
2.070903270271366e-2
5.608191281443825e-2
0.20933974553922713
0.10321860894951707
8.6977208783951e-2
2.3864137512765005e-2
0.17235381434768388
0.10045630013508977
4.1734165267806066e-2
6.2113733290023086e-2
0.10713532014162934
2.8745024080168557e-2
4.188079512134187e-2
2.5308274678151332e-2
4.502656866230716e-2
0.28426792433909387
6.055340573624496e-2
4.564861434948706e-2
0.1316260444045227
6.971883998685703e-2
1.0704260821844636e-2
0.17304955593911556
1.0219385516966894e-2
0.10631233737379761
1.5849397207760806e-2
1.507640163068873e-2
6.871465845295996e-2
7.052398150774744e-2
5.151432958951578e-2
0.14250319209839774
6.6924705752676285e-3
0.21063099317460893
7.635813657309011e-2
4.2479284678744345e-2
8.979286106777007e-3
6.617579416166511e-2
0.10647891007496649
8.490677276457163e-2
3.1641046021862906e-2
1.886418017472057e-2
1.934276998645591e-2
2.8190439346739583e-2
6.865460085024924e-2
7.053626509684088e-2
3.647446667704081e-2
0.10565960268500256
1.8936505508093393e-2
4.237976093442556e-2
8.637496959136126e-3
6.1953319531909315e-2
3.1084796059987874e-2
3.224023965284746e-2
8.748295537210113e-2
0.13362068025760385
9.598424779875979e-2
4.231776711462319e-2
1.6823984135751324e-2
7.165263205433756e-2
5.374997296651747e-2
2.912158319334468e-2
0.1179011488258764
9.895042308470448e-2
3.369182792888407e-2
6.739870070008255e-2
2.0349370745681772e-2
9.276957530490293e-2
2.5434135459280093e-2
8.626502750109638e-2
0.14839059540967706
0.10653642067817767
9.632158066617551e-2
0.10656721607363422
9.154769847523514e-2
5.6121869409397604e-2
1.8125533267498863e-2
0.11083341975275045
1.563100168217816e-2
5.428933916687112e-2
7.77770913249198e-2
0.14648583300695478
0.10597328825991066
2.844365616658575e-2
2.668148735710175e-2
4.6052081426703875e-2
5.8307721488823586e-2
6.435434588864211e-2
7.2205383902465e-2
5.060926942546575e-2
4.516497031098088e-2
7.166221720637149e-2
3.999127137431184e-2
0.18352123251480607
0.13330091147896772
5.9882467494869654e-2
9.300359864289041e-2
6.796059581859357e-2
3.0756816223426086e-2
6.3067770437753e-2
7.279838860343153e-2
2.884388302573161e-2
4.166139074640233e-2
1.2395806905476158e-2
2.5243273186194837e-2
4.894863275194124e-2
5.04037529364183e-2
0.22760402991657114
8.612193800246011e-2
2.3425972693427655e-2
4.4297824701089075e-2
5.643198330029416e-2
9.46139976882508e-2
3.12480661137829e-2
2.3950828546600134e-2
2.4781835261351238e-2
6.675212225825818e-2
2.2280423827774964e-2
9.387996078470875e-2
8.693149590883478e-2
1.0463594117155695e-2
3.6919950193693075e-2
4.536066714917819e-2
3.843807649430908e-2
0.11619858009679848
3.8313314772613946e-2
3.339113104843838e-2
3.680566194442618e-2
1.2700591474200672e-2
2.6543144672387064e-2
0.16504972780456426
9.803467159926445e-2
4.965340697799199e-2
1.6579940495606637e-2
0.11981405659997812
3.898025028150297e-2
7.855504705505963e-2
8.422765703684554e-2
6.995680032877084e-2
0.10133198109071917
5.2511286099976184e-2
5.155961436130511e-2
5.95858446481353e-2
0.13233343247609985
2.3795859132909113e-2
3.2788196630999e-2
7.842508989361588e-2
0.15258088206181386
0.19227749806165018
0.12341729110805737
8.761324805751272e-2
7.774062797879251e-2
0.12985920599606085
9.112756502733856e-2
0.10338468259086273
7.977158240737264e-2
0.13048276704472933
4.303871775327137e-2
2.25438114626354e-2
8.282437076621137e-2
3.547568067537712e-2
7.658801565183566e-2
9.694463077367854e-3
7.306698325509506e-2
5.060599707882135e-2
5.525310240197871e-2
0.12978596509138113
7.082261850784666e-3
0.10382250193708713
9.938124114726374e-2
2.126712764546047e-2
2.40886003782813e-2
8.194506709937703e-2
2.6632188231739528e-2
0.12793857489575236
0.15958530729182668
6.468285584266972e-2
5.141359783960022e-2
3.787887333660299e-2
2.0326789479653495e-2
0.16837603844500554
3.950712989762312e-2
6.089391184812226e-2
2.7131053913077907e-2
1.0305027281239776e-2
4.140747544444458e-2
0.13722955790327976
2.3832550902567827e-2
8.133519258645666e-2
0.11227781909964674
3.373480312701686e-2
2.6078152708104894e-2
0.1698737376069676
0.17011118310986575
0.1513652735154012
5.770111130431477e-2
5.130171514077099e-2
0.10064284061808007
3.911166398159582e-2
9.93309560865222e-2
2.8260575531123832e-2
2.2860804943138514e-2
7.11196623445932e-2
7.113922602752054e-2
2.71658442160435e-2
8.408496866286752e-2
2.2736642849875054e-2
3.478074930221451e-2
2.439437453008153e-2
2.591926098915177e-2
0.2236176699257893
1.6990345452348298e-2
4.9119202639194594e-2
9.965007523347849e-2
3.493846994217522e-2
2.223388888218537e-2
2.7452497024630908e-2
6.581501407526223e-2
0.1398454530977422
0.11806690006092604
4.499643886591566e-2
3.628421293830105e-2
3.35259351624263e-2
4.050040880687159e-2
2.3204207853457615e-2
5.841716356052484e-2
2.492339636442219e-2
0.10390597215439823
1.591600535127057e-2
1.2516704231496667e-2
7.785698743846735e-2
0.12534306121415978
6.293483861195133e-2
4.5257045797791995e-2
9.906056001742333e-2
3.0330535966907823e-2
5.129983254711382e-2
2.6213779585320764e-2
2.5683023239256718e-2
2.485026789353645e-2
0.1185806198503142
1.6235822727011275e-2
0.13513002615233385
0.11898669819793961
6.330307411654915e-2
3.431935418592676e-2
0.1059176186408457
7.493298752067197e-2
1.065373361390638e-2
4.6960723285085174e-2
7.972972676925723e-2
1.70153883806897e-2
0.13059077339550268
0.10237792229476017
4.799766414622222e-2
0.10265023553040993
0.14660711610610155
4.795437409661163e-2
9.6639108173343e-2
1.922777229656154e-2
3.8266350798468685e-2
1.2884170275075203e-2
9.851963229152207e-2
1.891697035012089e-2
3.66967670821565e-2
3.947498973406995e-2
2.815598480319471e-2
9.941809176646994e-2
0.13217601335941948
7.292820975418803e-2
5.153227560664468e-2
2.84986086421389e-2
6.967654763214992e-3
7.744994400030114e-2
0.18081962702772197
5.3138309359770486e-2
9.163190998959853e-2
4.442813758697896e-2
7.907260549320018e-2
7.252238046561418e-2
8.870252629754516e-2
6.431537878741052e-2
4.970324423506776e-2
9.964001011611627e-2
3.613766467655316e-2
0.14174860829401775
7.727333949828533e-2
8.237455527928695e-3
6.681205919722343e-2
6.67554095218278e-2
2.5890972139008928e-2
1.1224165939283192e-2
4.2187671915120205e-2
1.420119300687458e-2
5.792099021603625e-2
3.2967609712623726e-2
8.101549896509799e-2
0.12156814359120775
0.14576697564177993
1.3496091016723088e-2
5.899233303150196e-2
1.9645064421929294e-2
1.1151389684580649e-2
3.520905237141771e-2
7.02522025714215e-2
6.487880345452474e-2
2.801408445061194e-2
1.6168365472392997e-2
3.383524842180748e-2
9.760211005692639e-2
9.520579947386429e-2
6.493462296928548e-2
1.553213345630573e-2
7.086074695666701e-2
3.701979415679241e-2
5.247947124039284e-2
1.5862343129310584e-2
6.864852563441e-2
2.862719635500628e-2
3.449799953952811e-2
4.019406651284753e-2
8.864060305332867e-3
8.204820464738068e-2
7.031465911455417e-2
9.458173304870239e-2
3.1107606683702282e-2
7.057049314448746e-2
5.9815821010809525e-2
1.4883688283920726e-2
5.6261067163708954e-2
0.1515503393329755
1.665504826281954e-2
1.1739500861278873e-2
1.2596397165438922e-2
0.1588975812830375
1.8407506414765386e-2
8.677768926028934e-2
0.11364582615320114
9.274211203287805e-2
1.323749351635406e-2
0.12906731569613067
4.4841340194732605e-2
0.10089335549893956
0.14694175859369207
8.18491611100976e-2
3.330908644038819e-2
2.4690834050216548e-2
3.9316653082836196e-2
6.854355279921107e-2
1.528942581680468e-2
0.12502386002640326
6.850963778686955e-2
6.628744873881703e-2
6.971363836480512e-2
5.579597872984793e-2
1.4499413392718496e-2
3.531052918768006e-2
7.075838186248795e-3
5.093085484983499e-2
5.5874912809814124e-2
6.200274970447387e-2
4.5180154190776166e-2
2.997304351605782e-2
0.10810929192602647
4.7546773080469715e-2
5.9816562321625244e-2
5.153462558195944e-2
4.885254868436002e-2
7.832863678044369e-2
5.790453249186587e-2
7.205959374011847e-2
7.437990618765304e-2
1.4629143132304989e-2
4.542905974349426e-2
0.1311027813248618
0.1018393155812612
0.17535602797754465
2.6162679217571927e-2
4.45904137516425e-2
7.610238149926823e-2
2.5527377273031983e-2
1.8450125749730317e-2
8.739504451674651e-2
4.3660536121194485e-2
5.711629053288837e-2
0.19485411159725458
2.779396981273492e-2
5.1782085531441646e-2
3.1916460512104304e-2
4.140763024392814e-2
9.668983051415227e-2
0.10039394379125036
1.3061777054286872e-2
6.926830540825611e-2
7.220913848812388e-2
7.840581835205146e-2
3.367059779477592e-2
1.1707092687199827e-2
1.4479046043430043e-2
4.6790585836612573e-2
1.7344087496356297e-2
4.576577895476474e-3
0.11403531215660953
3.18087178447735e-2
5.3517742859582426e-2
0.1370625390465967
4.140287227326188e-2
8.596408388589239e-3
0.10598140531714872
0.10187437354133286
1.5366256717845717e-2
1.7159583720216066e-2
0.127435969105658
4.1605983258224635e-2
1.1597309385179189e-2
0.14846700383184275
0.11153365872241854
8.406242331805576e-2
4.3091998867710105e-2
5.775026602729596e-2
0.20362726380999768
1.4702646409188069e-2
0.10383660318560813
5.540260807953527e-2
5.252554454368465e-2
1.4507458802530505e-2
7.182396340187892e-2
2.0359351404217862e-2
1.079503758650635e-2
4.983475447306973e-2
1.5341074529261534e-2
7.738874149025649e-2
2.1857933797265215e-2
2.6503034862288267e-2
6.100050485774684e-2
8.882352170657723e-2
0.10979455258687872
3.172887520151624e-2
0.12825405676487542
2.9975064693605825e-2
1.5358873319927713e-2
0.12244694427004373
5.496066293618035e-2
0.14101045060079512
2.3531668583093267e-2
4.809330814221206e-2
1.3477240654715028e-2
4.9215225066426206e-2
8.44708255459641e-2
6.0359031774661544e-2
7.532114074202426e-2
0.14606014837895515
4.550274280612045e-2
5.732866630841391e-2
9.45569137614993e-2
5.623484655718497e-2
7.198902711580515e-2
3.5356283327092876e-2
4.798048252980199e-2
0.1590376072994263
3.59986869925363e-2
9.208318239149292e-2
2.2061428082088542e-2
4.919650047657884e-2
4.3368567298466984e-2
2.1072249089594364e-2
4.348634780165891e-2
1.9519205839879393e-2
4.354902563553875e-3
9.26743679164591e-3
0.10970684496430154
0.10462606467939688
0.12579356069457526
9.763212462927559e-2
8.714446328468073e-2
3.08518745013449e-2
8.187198311304658e-2
8.883385470562984e-2
0.18500588199761783
9.078930711553967e-3
9.693079972988829e-2
1.7408959893484212e-2
4.3623057910704144e-2
4.2323120631175895e-2
3.4850964602982835e-2
7.215412308679899e-2
0.10024709456153383
3.725098622032361e-2
1.6295229983387526e-2
1.3702281282623952e-2
6.611079831152852e-2
7.236287550171593e-2
6.558550789989845e-2
4.646818117662497e-2
7.008445138368541e-2
3.440803699695087e-2
2.6616363315568835e-2
3.7798967807326e-2
0.12833163482632115
5.1516786443738714e-2
8.384547218066628e-2
2.732860915433889e-2
2.8610200565734e-2
4.022546745935068e-2
2.3169168141461815e-2
4.0535871614050735e-2
5.430259555798946e-2
5.1265088481959306e-2
0.10675303881681449
7.032269463335059e-2
5.125393689540545e-2
4.599050405223868e-2
3.3296264442796195e-2
1.603819410458459e-2
5.8807786085158055e-2
9.945585736656914e-3
0.13992131097406948
7.135947285263111e-2
4.221735712378864e-2
3.579045496027844e-3
3.4783924775859856e-2
1.3365376332794398e-2
1.7461770480720083e-2
0.16218836894103394
2.6143916088694263e-2
1.4102193774277327e-2
6.208155933394505e-2
8.464140918635853e-2
4.740202025010696e-2
5.332225693188908e-3
4.605107699819115e-2
4.132913313148915e-2
4.316678644013381e-2
8.377179837851874e-2
1.0815837085103974e-2
8.702420097283917e-2
1.2843275588193426e-2
1.825371485575098e-2
6.089306273006813e-2
4.457484664042176e-2
0.18127968369025133
3.543662450478165e-2
0.17881083058894248
0.11900197035988629
3.202484383425327e-2
9.709127996246023e-2
0.10161763761785592
0.1290660575328409
8.79926425896076e-2
9.059953849923305e-2
3.106095644735122e-2
5.852074871283629e-2
2.031644209038158e-2
5.63870142914236e-2
2.8837895546962755e-2
8.700125426796373e-2
0.12205712603925556
5.587458537114983e-2
4.635847961403554e-2
1.844039782499527e-2
4.140092208593523e-2
9.165728727288033e-2
2.309840841386317e-2
9.231965996275743e-2
0.150053541632783
0.1424895225071758
0.10315963054522599
5.242189044623359e-2
3.6151577275854566e-2
0.18192129391120307
3.152920839479746e-2
3.8308354214488936e-2
2.6808671650749925e-2
4.5111218581382936e-2
9.474422694922854e-2
1.770083794102084e-2
3.896502751347851e-2
9.215636977182166e-2
0.13596047963168645
6.977916229044667e-2
5.2756249090911964e-2
4.16934759656763e-3
0.11641949153641598
0.10094895507164474
8.635309837132028e-2
8.540094501614372e-2
1.4982680897123912e-2
2.6846253712232336e-2
2.372382367210718e-2
2.9696305716354787e-2
0.1282438051270366
0.10611275395132416
4.7744070189500575e-2
3.0885251519138356e-2
1.5984774218052868e-2
1.61573437168696e-2
5.924207031358024e-2
1.1290413029335667e-2
1.9509320823393163e-2
3.792710355173647e-2
1.753509227641984e-2
2.6608893332015437e-2
1.4457510100105986e-2
2.3037009511108618e-2
3.7231831877649925e-2
2.2057354871768742e-2
2.9994385155602286e-2
4.622334108345333e-2
8.463176276491258e-2
0.15138429333672915
5.0221832550204515e-2
6.799910181146063e-3
1.2818747374481321e-2
4.770937040507819e-2
2.977569329047901e-2
0.10610758986540066
4.2959543461596625e-2
6.894050794199584e-2
1.0159463539062807e-2
0.16484295905310753
3.2544158673374034e-2
5.053775968446552e-2
7.594952686366081e-2
1.6658876521158827e-2
2.7760549122573662e-2
0.1263470498540223
9.707805980508416e-2
2.2713887951260392e-2
5.769243117088152e-3
0.1091435302396591
0.16603406000469306
4.2752970083683286e-3
4.72574213546315e-2
3.155969047068259e-2
0.16900717196287296
0.11089312954274881
4.047448844073163e-2
1.1647649018894968e-2
2.4527383079863973e-2
2.4298024258830965e-2
5.743953078445961e-2
4.0829063789969776e-2
9.901193478069743e-2
5.086591863642457e-2
3.528174346885229e-2
6.65065854461929e-2
9.158114289555415e-2
1.6704724854051656e-2
5.1516456824101386e-2
0.13810376236368116
1.7142911132048078e-2
4.841340884048438e-2
0.1261835881793022
2.678832082376531e-2
9.633939203623214e-2
1.2525680014515405e-2
1.6572423274670435e-2
8.785148364032703e-3
6.932304209847419e-2
2.976046636640317e-2
6.436433189234139e-2
8.589615604211263e-2
1.2302528510146238e-2
5.536847435973213e-3
5.92223443840875e-2
3.8771592161358295e-2
0.13109004885244832
9.584148441488097e-2
4.201263346778406e-3
0.11663371721851301
2.186712428085985e-2
1.7886509742500112e-2
8.700695733565786e-2
3.020533515649443e-2
3.310595084292064e-2
2.293481031465635e-2
3.813311713209444e-2
3.38334347069139e-2
3.821065690421521e-2
5.824540324418992e-2
2.021183296434794e-2
2.2258810180531018e-2
0.11538872579054264
1.720209520742646e-2
4.4047219220756294e-2
1.5059447119851887e-2
1.8617111149755082e-2
2.393681525006074e-2
1.8214964552500844e-2
2.3851008626608515e-2
1.4218158491045029e-2
0.12677509957938615
4.8277948685912155e-2
4.186227976778104e-2
5.5143069099557164e-2
5.027132100342783e-2
6.264114424168435e-2
2.5098086173969657e-2
1.6602505378522026e-2
6.739759247102822e-2
3.7513990114642695e-2
1.3589551055928661e-2
4.496945834671009e-2
3.5408684840794916e-2
7.420143645080907e-2
3.7183519633912296e-2
9.64730429384642e-2
9.032861866664631e-2
3.9442626151441874e-2
3.4724373987578314e-2
1.4606986781375486e-2
6.984499916484132e-3
7.489448203650284e-2
0.10714502268273796
8.787375703789523e-2
4.978400324286075e-2
1.6009534633253785e-2
4.154665103738305e-2
6.538818189117215e-2
5.305380647589625e-2
0.2049514022444113
1.8717724525610147e-2
0.1091533416809611
7.093672186868777e-2
7.490909338954035e-2
3.9337236967852185e-2
7.643086450065163e-2
1.76343823731722e-2
6.26512390418763e-3
9.8239355015751e-2
2.000352790989619e-2
3.470862234712844e-2
3.0076460640474388e-2
9.748996492168707e-2
8.822476405378503e-2
2.968525780716962e-2
0.23562664188799304
2.0102571011736504e-2
4.988442802750733e-2
4.6418133871916735e-3
0.14634884983831534
8.126627129759312e-3
5.1111799143292155e-2
6.623546145847058e-2
7.299614498630387e-2
1.9384462303779458e-2
1.1921001150064382e-2
2.0505269071424647e-2
0.10152201161454895
5.4768522216157536e-2
3.088178993840074e-2
6.126034442799213e-2
2.364698640698164e-2
8.143631714975026e-2
8.901086477574009e-2
6.627355213763261e-2
0.10623665613627373
2.6625893625775887e-2
5.3649651471477586e-2
2.1192233835036246e-2
3.3541936488261516e-2
2.7974071266736945e-2
1.5067145282242256e-2
1.604667638032985e-2
7.047841420164291e-3
1.2358130823988345e-2
2.7489380274140985e-2
8.060566648802014e-3
4.555588890695904e-2
2.0390507266312263e-2
3.134652720494994e-2
9.316649380680689e-2
2.5990889472635458e-2
0.12727664084573892
1.288043031508207e-2
1.28486076304427e-2
0.199839458641566
2.6836069977698218e-2
1.3646044286381998e-2
0.12898273724870674
3.0708972039926806e-2
7.155480914279278e-3
9.572216870563927e-2
2.3212923312397948e-2
6.859451816591453e-2
8.563473979860466e-2
4.150394194724275e-2
2.6333836122730325e-2
9.924658365220605e-2
2.8932701412602523e-2
0.13948521405866765
7.56841038628193e-2
2.803905032482047e-2
1.502773508581744e-2
2.8600379421075316e-2
2.6139929835222887e-2
1.4131108848905649e-2
3.488112891298627e-2
0.1114233188713829
5.689008025310934e-2
6.125603323604446e-2
3.932292654950121e-3
8.981302743856556e-3
6.253250223376189e-2
4.680750521916886e-2
0.13372967814217698
0.11202823127440661
6.611149448461207e-3
4.9975464098593395e-2
0.11878426186326274
3.8380160980118705e-2
1.722363332928365e-2
5.7310750204536645e-2
1.772176995022843e-2
7.602572998572661e-2
6.526212392929481e-2
0.12842370383519283
0.1047150219021813
0.14743755529895514
0.10047305388270529
0.17334411359610463
3.285472836924465e-2
6.440066545701216e-2
0.12042074825058166
3.414404480576115e-2
0.1231451935866816
8.623588540513516e-2
9.130585246825514e-2
1.3629758029745854e-2
6.516118281630789e-3
2.5113368116354905e-2
3.087186917314818e-2
5.77626722831188e-2
4.8485591434558516e-2
7.488566508830202e-2
0.1056432109986605
1.0480813381671238e-2
4.862860017245394e-2
0.11349383962204299
7.097634261526209e-2
3.977023679477123e-2
7.394634197529326e-2
3.7927218608309e-2
2.5480072950440268e-2
1.5763876543293566e-2
4.1817936218739124e-2
8.288169359020593e-3
0.1348978296032152
3.0677074146077e-2
2.231195277712198e-2
8.034133100925922e-2
2.451173242175749e-2
1.2336808875290105e-2
6.542138811509357e-3
0.10995223020477533
5.752175050167006e-2
2.609621456755079e-2
1.8886954092329322e-2
3.7905217829656446e-2
8.86314973301482e-2
1.2837876854522368e-2
8.784892463841464e-3
2.103630952978123e-2
6.195044731569229e-2
1.3763590842782003e-2
7.213609581780375e-2
2.3331268730333744e-2
0.16449210664746944
9.395253283408199e-2
5.242822759268334e-2
1.6998131947138152e-2
1.3006491110757246e-2
0.13494379108768334
3.337656278819116e-2
8.692757772844884e-3
9.958045085631888e-2
9.447160174374782e-2
0.10719631674333867
1.6765092501790247e-2
4.5210519792240444e-2
5.536305932586646e-2
2.1451174985839216e-2
0.14407924465336802
1.2995197501651701e-2
0.10712725327977232
1.1754183189233169e-2
9.94822704426532e-2
2.0048392754397702e-2
2.7122987814310495e-2
8.36721407622728e-2
7.295884506665248e-2
5.0007486931300735e-2
2.434818622289344e-2
9.377441881675533e-2
4.781145783862364e-2
1.7767610292095747e-2
5.968631849179819e-2
4.5418828003062496e-2
0.10183376451245245
7.978007625345089e-2
0.16176409698124145
2.6643940959086253e-2
4.588218006356128e-2
3.75555917347695e-2
0.10166732637581677
1.2040273201495522e-2
7.194904001206422e-2
2.421245599901505e-2
0.11614114341133563
7.745439506794644e-2
4.0891626615474685e-2
5.4896734103142e-3
4.038569090973928e-2
0.20154158835046534
7.17854210488154e-2
9.027068355907905e-2
9.269308233785897e-2
8.216865373441012e-2
8.581773018830328e-2
1.0035734669682928e-2
1.00644879719062e-2
1.0288062822448919e-2
4.413198628214491e-2
4.2779420117557906e-2
6.566857366402586e-2
9.981728654821856e-2
0.1452596631082749
9.67034693353266e-2
5.677375242762396e-2
1.4425412482338907e-2
4.105289896979171e-2
7.452919510314573e-2
6.28190318612564e-2
8.800472754937841e-2
1.667544076448656e-2
0.12128341995059852
0.20928992220698012
5.522634816781531e-2
3.489902826359988e-2
9.938502135502712e-2
2.2808519010472462e-2
0.10074048471607795
0.1509857696133097
6.892037666316797e-2
8.02503342800292e-2
1.2592130264797819e-2
0.11484878190290018
3.927206557361691e-2
4.0920955358569565e-2
0.173566313966285
1.8589553291935144e-2
0.10264949588757125
5.313242439046224e-2
0.12026136608937751
9.251806212010431e-2
5.597387529524628e-2
0.11604514347436394
1.6484467046700126e-2
3.1100752131527697e-2
0.16313658214169352
2.0661791741545633e-2
3.3583328977447924e-2
0.15033157581442486
2.11877276257052e-2
1.3131359799496756e-2
3.9918966533598575e-2
3.654725972199452e-2
0.11104689085663191
1.3033986797973175e-2
1.2158819149623001e-2
0.11508436989566051
0.13335670072990996
3.066468698847973e-2
5.337692217743317e-3
2.1269180290005983e-2
0.10091333944063208
5.307283552828024e-3
6.792227014135013e-2
4.171123513317619e-2
8.653209799422412e-3
3.620745271791994e-2
4.058398462123738e-2
0.12140403004710573
2.715950339322746e-2
0.1057888922362965
8.454396397055067e-2
2.4569597097460948e-2
4.685394986626371e-2
6.48965080286267e-2
3.029928195329714e-2
3.3394495612020535e-2
2.3988168036078183e-2
7.664147337959148e-3
0.10160739081355492
3.977958936098093e-2
1.6576501984361634e-2
6.800504116435876e-2
7.258979066236457e-2
2.2535218862819683e-2
0.11379284287219052
5.3010586365290505e-2
4.767053658309287e-2
6.750878134880689e-2
7.779990856641638e-3
7.230839995105509e-2
1.0198742594193034e-2
1.5503541543338228e-2
1.6723876821751894e-2
0.14387362063399217
2.8099197835048818e-2
1.8026283265484822e-2
5.714608895382267e-3
1.9990518056238103e-2
1.0193521548634243e-2
3.721638377977471e-2
6.671601017697093e-3
6.005036369830493e-2
0.1231336441837898
4.4983830522505854e-2
4.2348855955472685e-2
4.255749352722201e-2
7.507841369259924e-2
1.1483120738349284e-2
3.0696162796921812e-2
3.0177781679169034e-2
0.14369167013763023
9.879601164095878e-2
1.5500923372809006e-2
1.2860029470326296e-2
4.820028879416303e-2
0.1598699744323531
1.5101766711228804e-2
5.375237745851769e-3
5.232204754260713e-2
3.729620044586997e-2
2.03355597360922e-2
2.258071418660339e-2
8.833987362388318e-2
5.275481196428307e-2
4.8505755177710976e-2
8.815534281065965e-2
0.11417300548271472
6.342688341182401e-3
7.230282485179863e-2
5.60288795791114e-3
7.362853124902374e-2
5.573667829110437e-2
0.11906939382409731
8.295520681240671e-2
3.0630096529266605e-2
1.6804740168419152e-2
0.11960202586903664
1.730856363557669e-2
3.6952775949397075e-2
3.0698538403460162e-2
1.70234775616815e-2
2.9192766980419137e-2
9.648270705304055e-2
0.1043387222335096
1.0264113540607179e-2
3.4754365402119534e-2
0.11160125734089425
7.633269133315757e-3
9.275230661077247e-2
0.1844606746005683
9.148769490233865e-3
4.7739027451105566e-2
7.707669509336756e-2
1.167837136030674e-2
0.204297368212991
1.5073828492134334e-2
4.114834595062488e-3
8.809069692794387e-2
2.414595020269873e-2
5.2442816066416785e-2
9.00673491126052e-2
4.098028747670879e-2
0.1286887346339573
7.241909948350657e-2
2.9620454185765165e-2
8.053223135077571e-2
0.16628223413922055
0.13164776468353828
6.503017238988427e-2
0.11518619721073656
0.12672923056687774
4.533706537873835e-2
4.32369668338275e-3
4.903716231184585e-3
4.476732733913639e-2
6.726266078218447e-2
8.53114921369243e-2
1.270525874121713e-2
6.995616878850267e-2
5.3119467911950026e-2
0.12011128217584872
0.20599192625874513
1.895351577151887e-2
2.665023807714719e-2
2.9590838351015347e-2
6.0538395694963776e-2
9.001728089412889e-2
8.034927030396044e-3
5.050877434759428e-2
6.706489539776832e-2
4.845987149965416e-2
3.6036698398011734e-2
1.2003712750265549e-2
6.1176894373604705e-2
5.967272556473269e-2
6.50324389395183e-2
5.5472287292304044e-2
0.1679204784971211
8.345440596500558e-2
4.460020293745252e-2
8.336564306239903e-2
9.409250759122627e-2
3.3871252547136535e-2
7.192595992093531e-3
1.3993189446326815e-2
6.0795651351984684e-2
2.0557885080602578e-2
2.922351927135163e-2
7.368353602926049e-2
6.562406811936927e-2
7.05741699806226e-2
6.486438462701619e-2
0.11069613277105687
7.670889345287713e-3
2.229722501337056e-2
6.189515876353665e-2
3.136031430730189e-2
8.72958547595368e-2
1.7621358142829946e-2
0.13379891228959587
2.63406180357323e-2
2.6692009446331832e-2
2.403011223990682e-2
2.5059474130636285e-2
1.244983643147285e-2
4.757860202302533e-2
9.80045139475148e-2
1.0000180297820538e-2
1.7528134774526305e-2
8.700244704264926e-2
9.8073391185675e-2
6.709792166071941e-2
9.985264597583884e-2
6.013136175451379e-2
0.1092351717691216
8.972360471039224e-2
3.653832313332509e-2
1.7125947652012176e-2
2.057082854970954e-2
5.306231531459889e-2
0.10823434379332893
0.10480662347796099
4.8769147023840276e-2
7.450313751923202e-2
8.801371961328385e-3
1.8694832822147935e-2
3.0030776085735778e-2
3.962101404581421e-2
6.018303943001513e-3
7.971281987158362e-2
8.596517733562939e-2
4.415426247572635e-2
0.12556135299898863
5.672385075102772e-2
7.031094152967099e-3
0.16270408507051287
4.314599610005413e-2
4.827892088009004e-2
1.2166432152809681e-2
2.282855188598478e-2
5.4872614494049066e-2
0.21193778809704353
3.0479344465792313e-2
1.3654635788320057e-2
6.416367881621994e-2
5.73594051328129e-2
0.14557332951795932
8.543670817035326e-2
0.10046566719129268
1.4641855646423518e-2
3.473037419736347e-2
0.11134606242922143
7.666920345195363e-2
1.4935067796895763e-2
4.629968690339529e-2
4.5148097657683885e-2
2.0808894923266364e-2
0.10194281405022479
2.8401015874369617e-2
0.17288769381702213
2.968723353864596e-2
9.928099131235493e-2
1.4504131506333118e-2
5.1131769834376936e-2
5.032101718365891e-2
2.711187720243885e-2
1.1018350251223353e-2
3.65425378418616e-2
1.5764984523772695e-2
1.9973206729455538e-2
8.563984359559483e-2
4.9327828826756445e-2
0.10225996922352595
2.699973406832442e-2
5.387698988226467e-2
4.229449912410999e-3
4.544556310900273e-2
9.7468963054434e-2
4.000272717887734e-2
4.2350847089477464e-2
2.091214507179372e-2
0.11868858006255537
0.10285894416903267
2.0695511994450022e-2
1.6155238426706665e-2
4.0130870547893605e-2
4.0907924964238694e-2
2.398806495714393e-2
0.10937374385337877
5.151938975720889e-2
9.17650547456312e-2
1.6748478840380852e-2
2.8745448015074726e-2
8.784680744829177e-3
6.0557710622141936e-2
1.3491951256565526e-2
0.10230065940950543
3.366238565398687e-2
3.21421252135945e-2
0.10589976513309877
5.367133013068122e-2
4.3127467661104014e-2
2.922511061536005e-2
6.474344246896373e-2
0.22940204629080124
5.182348411394054e-2
5.7405657295725885e-3
4.072822807728915e-3
4.981021520162403e-2
8.188854308873522e-2
8.122125856984866e-2
7.4779435452218875e-3
1.3422742207629457e-2
6.409210507959294e-2
0.18814949605296455
5.890320989657516e-3
9.865241637335251e-2
1.5863108279702786e-2
9.162978730103485e-2
1.8665753131136397e-2
8.54228950653706e-3
1.3135400737516012e-2
0.12637762517490067
1.3528340705160024e-2
9.72907996722718e-2
9.673161999826997e-2
2.874312984981704e-2
2.3137686076639585e-2
1.197825258073949e-2
3.227052340987635e-3
2.1811429658841874e-2
6.652769880122066e-2
9.064180812980031e-2
4.595558230490682e-3
7.022569503962568e-2
3.395660111600444e-2
7.711102740541052e-2
2.9356331544631263e-2
0.1396012545582009
8.186476921543213e-2
2.3391245253916282e-2
4.934348963909261e-2
5.7985505330709154e-2
0.11819997976030931
1.106392703481367e-2
0.11519121576429855
3.983379380582823e-2
5.919567580184937e-3
2.6353911495952675e-3
5.2867253615489815e-2
1.1980486942353064e-2
5.540031881088277e-2
0.12919612156342133
0.12480950540544915
2.4434598478262005e-2
2.569785567802313e-2
1.0206866890542576e-2
4.610987088750555e-2
6.372408601997197e-2
2.0538182064868772e-2
1.1852930251321957e-2
4.395952637631273e-3
3.373364398467956e-2
6.059590424360228e-2
9.692229700533292e-2
5.6021000334458e-3
5.356220146583941e-2
5.189515763929671e-2
6.580410295444027e-2
6.059865668432507e-3
3.039846950882945e-2
0.18317034904787813
3.931501915837934e-2
9.66250652717866e-3
1.694522595024096e-2
7.426022797242068e-2
0.13954983002348575
4.065057713671687e-2
1.062112454912183e-2
9.461750927556906e-2
4.72337670532007e-3
4.3759879268217575e-2
1.908478564577799e-2
3.972921345396233e-2
3.468631617894696e-2
0.14276586080780534
4.607994587411758e-2
2.688504237101146e-2
2.8926651270273895e-2
2.043253995339822e-2
8.755934535529947e-2
2.2851166616000063e-3
2.4281070800155125e-2
8.099642798706871e-2
6.78028623237372e-2
4.631593923439479e-2
5.4328411637866395e-3
1.6708828083405347e-2
6.522414845831313e-2
8.321044649725258e-2
4.08239096153085e-2
8.912927667475996e-2
4.495735036026238e-3
3.944253879417654e-2
6.47554586947648e-2
7.433465972920533e-2
8.879674003217056e-2
0.18205661881889917
0.11402460597505273
5.7069925974053096e-2
2.2622781141606686e-2
2.7508155203694585e-2
1.2265490556157842e-2
0.14469542124954024
5.765905069516708e-3
5.011729549216752e-2
3.795335310375274e-2
1.9151212865624424e-2
4.9538090081783545e-2
1.6491840433604677e-2
0.10261129451274482
9.222091948638925e-2
3.8176799216602095e-2
1.6710989037639557e-2
9.897403366009445e-2
5.9968581037221934e-2
1.6074875943963552e-2
6.473494323621698e-3
1.3995383803682936e-2
1.8150659152601646e-2
4.112467088335484e-2
7.517993043788562e-3
7.781988269734046e-2
2.2829186824904923e-2
4.271099972445449e-2
2.3532468878969794e-2
0.14349206408253998
9.584407038245504e-2
5.382618537103101e-3
2.896887843391671e-2
2.9266130985954632e-2
3.530735396974016e-2
6.217891001812799e-2
5.1717321512704494e-2
5.839709787795024e-2
0.11575362524475467
9.476986545903588e-3
4.016478818934033e-3
1.0874223507948377e-2
0.11381736092731906
4.898054549227426e-2
5.111244013200266e-3
0.12730839066407165
5.403931667445683e-3
1.4429047702425169e-2
8.336919608230142e-2
4.6361269208721245e-2
4.418835925093675e-2
9.451137942597254e-2
5.407543445236249e-2
2.0797955444201256e-2
0.10324049386149196
1.1397178580318468e-2
1.2898099133324747e-2
5.478507271752062e-2
6.208496107523953e-3
6.955650620608445e-2
3.4345151467797576e-2
8.21172666843556e-3
5.145662162930472e-2
2.6266364399540432e-2
5.95386745981327e-2
1.0738468892555286e-2
0.11133660207048272
6.663779459139962e-3
0.1012377669118476
1.698618050784433e-2
3.536465535293737e-2
6.45791080094594e-2
3.186421487008599e-2
9.326466817364201e-2
2.937312013715452e-2
1.917390445953343e-2
5.0361842068136264e-2
0.11480833631887988
8.1752499500194e-2
9.711232557228255e-3
4.5032740757581936e-2
3.070987183654521e-2
8.905383189155614e-3
0.10813519112943341
4.5393020575752195e-2
4.303627381426236e-2
3.93974345576368e-2
4.6134958547044025e-2
2.4002965549450094e-2
4.1902162103280495e-2
2.899328100441432e-2
5.3316404239360585e-2
8.945697074646437e-2
6.187321607798478e-2
2.0080254883749184e-2
6.435700726831896e-2
9.058640883574087e-3
1.3005816731279929e-2
8.770121531867862e-2
8.808281154417927e-2
0.10486710333543885
7.529578298533694e-2
2.348409653298352e-2
0.13578435718827106
3.613444315848383e-2
3.268580392020111e-2
0.11294548998435312
9.426848242278245e-2
0.19394829466716512
7.142348648530739e-2
0.10226746494112712
0.18584231882657126
5.17647885390673e-3
3.0386643653625933e-2
9.751419652405818e-2
1.8977534191393485e-2
9.473656884219014e-2
4.032976515994889e-2
5.872813461946662e-2
5.1469121428807406e-2
7.051803250147244e-2
5.956602235182471e-2
2.634237207076574e-2
0.10102807862083396
8.608083564917556e-3
0.11225255546279808
3.828227553736567e-2
4.4388757853326e-2
0.10252017170439653
7.552117987234508e-3
7.924617842330317e-3
5.192069816696101e-2
8.88967923309122e-2
8.03279676896218e-2
2.2911151655892404e-2
0.10315406059844143
3.081786225915123e-2
0.10690320153129826
9.252322621997838e-2
1.229387712150909e-2
4.68846520900811e-2
0.11604202036165408
6.736369953208779e-2
0.17025694493773505
9.546593685368088e-2
3.989982913850787e-3
9.397635288722183e-3
0.1329730481479231
4.66439543663418e-2
1.3612654875090335e-2
0.11571694957696947
3.2048860564605375e-2
2.4934874824996445e-2
6.313745775808524e-2
3.786738795353199e-2
3.9382252642506735e-2
5.421373092523133e-2
2.969976279609472e-2
1.1309437559789548e-2
3.1170012207827336e-2
7.65850826039123e-2
5.0830737013334314e-2
9.382844408829268e-2
0.15315244477744439
1.9517373946197968e-2
3.980465296823945e-2
3.7479313360208225e-2
1.4197886457808728e-2
5.237564473315677e-2
1.3522635212572054e-2
0.1863971913042356
2.2823650945798503e-2
5.9535143049851934e-2
1.160998799578552e-2
0.12594310933156808
7.014655360679067e-3
3.682197710462466e-2
1.6839576531761123e-2
7.858629762522333e-2
5.475417435104724e-3
8.065807199930855e-2
3.775707199460436e-2
0.13511439822676002
0.1467407002850485
2.5700395591760915e-2
9.046116133042956e-2
3.789999437988799e-2
7.123171545228305e-2
1.71159604101629e-2
7.119742080754039e-2
0.10142506615921361
0.22169649463631447
0.10149343521161283
9.681288929648221e-2
0.12155911955034937
1.495949290744667e-2
2.5266655847209718e-2
4.348269184079671e-2
3.608332093361899e-2
1.7736495845748268e-2
0.10352520260820841
1.3668796648579373e-2
4.0047401381506406e-2
2.902378893736124e-2
4.9853596281737135e-3
2.5840235977849034e-2
3.261888547835088e-2
9.257004843030532e-2
6.989647749556929e-2
2.5345781508097985e-2
8.277698916968643e-2
0.11726239724226306
0.2009153055760995
7.978518575247762e-2
0.13751524868315207
9.211139954992674e-2
3.4989451287838993e-2
2.3838989851936776e-2
0.11813099704546577
0.11634016384233029
3.086244882116048e-2
6.863480722923644e-2
4.62658400001798e-2
1.1047652323858825e-2
8.760996750471883e-2
0.10265067596112058
6.1135379649172414e-2
1.7615347970345564e-2
5.751245162607799e-3
0.11039467843783513
6.639439821468035e-2
0.13937032534143504
3.787388419848746e-2
0.1071835592202883
2.536384128005952e-2
1.4375432626454621e-2
5.2566205972598125e-2
9.841740250245255e-2
0.11711352173794194
7.449632068747566e-2
1.3684465622843011e-2
9.26650047841793e-2
5.700062361746934e-2
2.341960048972901e-2
3.0186272734827935e-2
2.3768641829351966e-2
8.565969159417695e-2
7.766064315974858e-2
1.5681209886802227e-2
8.704237706546759e-3
7.1876339536544485e-3
1.0843551822773467e-2
7.577947963719803e-2
2.1271714621213977e-2
9.734729700040089e-2
1.9699091351007992e-2
1.1845226208427729e-2
2.911722237115182e-2
0.11897638403907455
2.313103097230349e-2
1.6706497369866603e-2
3.1249551011893285e-2
8.107375751066997e-2
5.963743878939258e-2
5.512189511461881e-2
8.732756229478736e-2
4.5858630513884925e-2
6.264114062272896e-3
5.667232400094234e-2
6.472274541209641e-2
0.17605115400250676
0.12280125973229036
5.516153996714122e-2
2.2480134589786992e-2
3.279867709772344e-3
9.102919651892905e-3
0.2048725805512656
0.1017086923307565
6.414221515571258e-2
0.11287562370496562
0.11660800686620347
8.004516059716846e-2
2.3942047547566247e-2
1.6296815513390062e-2
0.10728083826825714
8.36616601962618e-2
5.202846241163746e-2
0.11134081425716495
0.1192414530513847
1.781123495229251e-2
0.13032416350814655
1.7157824683112645e-2
0.10144859242433313
2.8637382665867774e-2
4.517583340699092e-2
9.500004152101114e-2
9.663493064470124e-2
1.611208241077595e-2
1.1932468673162545e-2
1.1402549997497768e-2
9.475054246127e-3
8.097104748169472e-2
2.5372199508821303e-3
1.983587425832114e-2
0.12507877595192907
1.1476407864348804e-2
0.11274971240286329
6.741836600244379e-2
2.381788052297503e-2
5.450790997107413e-3
1.823645178349621e-2
7.056642536270266e-2
6.502795525128334e-2
1.8058501601658627e-2
5.372364707398457e-2
2.1592854255168513e-2
1.158218664100603e-2
0.12325016131772475
0.11291672344844479
0.10969247795772796
3.2782958657149544e-2
5.052377391929473e-2
3.025448358700906e-2
2.8518069063795302e-2
0.10260922801534109
3.144511864442007e-2
0.23249053993885718
1.350145541741694e-2
6.450094950877612e-2
6.226459937128709e-2
9.8421408622125e-3
0.10262742097593666
5.0016756963472256e-2
0.10960785105292972
3.4829447709922023e-3
2.5028887351501317e-2
2.8581558711495647e-2
0.13300327396674652
0.15960521627632412
2.6099885223714203e-2
1.258196374842362e-2
0.21892683153082132
8.21328694886352e-2
0.1054687782030748
2.6498021790371308e-3
7.235527626251406e-2
0.14359601743415215
7.176698453241287e-2
0.1536467145283123
7.715996695031475e-2
4.361295964426869e-2
4.4460727872245434e-2
5.425936632181986e-2
4.6934563089947534e-2
5.335052898633741e-2
1.6942435256913368e-2
2.931029305773105e-2
2.5119180065141234e-2
4.883490102301863e-2
5.490013818490992e-2
4.450679089657996e-2
2.0454965276169735e-2
3.6542739707799844e-2
6.845985303701668e-2
2.025566493640395e-2
2.326784717643641e-2
8.263937130341181e-3
1.5202069610936486e-2
1.8248187230314194e-2
2.081384592068384e-2
0.18419758786901572
2.848067693432521e-2
4.8596243565512676e-2
5.925870190892269e-3
0.18316945208447116
1.4241841254346344e-2
0.10936731667545616
0.10213265160453174
5.303299233290558e-2
0.28274418317929734
7.400018446457794e-2
1.3359648482078278e-2
3.9321143364047004e-2
2.331278827639489e-2
1.9685639844709824e-2
0.14676970502931475
6.545589207944469e-2
4.572821719029728e-2
3.363684181255765e-2
3.3166539505725054e-2
3.727579274848537e-2
0.10077783077843025
1.839088243760818e-2
0.13829327545696235
1.4967533130213595e-2
2.7526219313154254e-2
5.2895075335620864e-2
7.152628328366051e-3
0.10102546001694357
2.6565388018590885e-2
4.6235725015890974e-2
2.795165271134591e-2
7.120095912192681e-2
7.382719411720584e-3
0.1334143795032297
0.14251211976016095
8.592502813011657e-2
7.05180886567092e-2
0.10904244157437648
7.765307656476582e-2
9.947197939318021e-2
3.413104661041323e-2
5.0781628751603414e-2
4.654345951830202e-2
0.1002660384726741
2.0416318673904543e-2
9.693199660241641e-2
0.12384853207731546
5.928779506848092e-3
3.9751363234940516e-2
4.778719817877354e-2
2.5023047890965766e-2
2.071519208917222e-2
1.071062201817179e-2
4.910486328415352e-2
7.391642185673705e-2
9.545954612453245e-3
8.040247822659377e-2
0.11380451745341866
7.201534527311665e-2
9.553624854807038e-2
1.2071142697437032e-2
1.0156829359616305e-2
0.19816174564890204
9.683653447040298e-2
2.0737449860419376e-2
4.9560184574378316e-2
6.638221972913123e-2
2.2827830097790647e-2
3.7708596921221596e-2
9.67464926715097e-3
9.73894281724904e-2
1.2417028844544164e-2
1.5079841449387898e-2
4.1814221754780554e-3
6.305926608443117e-2
3.641387484147326e-2
8.484473845482365e-2
3.11825229971347e-2
3.537350499528952e-2
3.4288892338090626e-2
0.16160639725269524
4.563598181423937e-2
0.1207482731233152
4.1559611119248184e-2
3.898153171883253e-2
0.17030246283783254
0.1281349736205543
1.9216895910312726e-2
2.7983248306350395e-2
5.2121246871521774e-2
7.059774257429172e-2
7.949293837400942e-2
0.15337425378762598
1.4508119020100763e-2
7.290355703687205e-2
9.029331866304035e-3
4.337272326239977e-2
8.39883141149819e-2
0.13094426717197766
1.0698380325776113e-2
8.92437613629619e-2
9.301145472977678e-3
5.710010096780436e-2
1.1966958186171916e-2
2.4065616505167642e-2
0.15766372896416675
5.438771464446618e-2
1.4463131105927817e-2
0.1282182103768182
0.12343884379350345
3.693704893528018e-2
2.9667192971325796e-2
7.225152268754998e-3
1.5256301336377388e-2
0.1370427926882289
3.0168526876295364e-2
1.839334443760814e-2
7.086736372360734e-2
1.2630701691389756e-2
6.997792909922196e-2
4.9218599806666284e-2
1.118004031067138e-2
6.222639279882691e-3
4.469207742284951e-2
5.055040658725274e-3
4.078307501451056e-2
4.445913769599998e-2
0.10669423218442767
3.707924421117699e-2
0.1180386138393
4.971790215284849e-2
9.258885968618225e-3
3.6951823162744814e-3
7.836423553416062e-3
7.083193779247587e-3
0.11334367770881859
1.7363076586075665e-2
4.7863277178920735e-2
6.938336975710571e-2
9.1328432021329e-2
4.9334615432475984e-2
9.136186269614817e-2
2.19800535281958e-2
4.8148945021214785e-2
0.14558965722203238
9.647041475551763e-2
2.1618118870463155e-2
7.280289363199977e-3
4.576956776974628e-2
6.838699746568987e-2
5.926728720505242e-2
1.9350414715048225e-2
3.900379899680091e-2
3.151942834369802e-2
5.052953995383626e-2
1.1514350484450675e-2
3.0714701916653653e-2
1.856353464529914e-2
2.572773407603619e-2
0.1268879108646202
4.4365358932699106e-2
3.610086888416617e-2
4.710208882395407e-2
7.686468125951043e-2
8.603159790267768e-2
1.7839968259946038e-2
6.960522684757078e-2
6.8805143705120584e-3
0.18806040277154076
5.278632058540235e-2
3.0810028821152146e-2
6.805273454090684e-2
0.11311642593227393
6.910263665117565e-2
2.3460791193459028e-2
0.12106006498080561
0.1411438316488677
4.625867922902647e-2
7.776459572984709e-2
6.941761764211644e-2
2.5809611265556608e-2
8.407834857910637e-2
7.607081157485127e-2
2.3826876578498125e-2
7.544667593687684e-2
2.0221925098193573e-2
1.976114149144631e-2
2.152791846541504e-2
4.453555958470334e-3
7.941989443248075e-2
8.329203116054973e-2
6.0862739863804416e-2
0.11925764377096262
0.10510184408394299
8.697711261964186e-2
2.744591900138481e-2
4.802998245745616e-3
4.420015480343975e-3
5.1613092339245256e-2
3.933958400972679e-2
4.752460940586737e-2
4.003096880570667e-3
1.8342786033521463e-2
1.6586892604763027e-2
0.19115900556941176
1.4055251154296256e-2
0.1005305921553196
8.21465017430839e-2
5.3768278043696775e-3
5.82125545384179e-3
0.1021785212269533
8.745687071512298e-3
1.0101681630587712e-2
3.414660632096811e-2
3.3431776066027374e-2
2.0282838835776428e-2
0.15761350364992183
2.9191757762570027e-2
1.8818502780247093e-2
0.14756267467689638
1.4353389836999408e-2
2.1318953453831967e-2
0.15689996699244163
1.5024728240939455e-2
8.234350711611448e-3
0.22724105143584605
1.936136297066259e-2
4.2284067272891725e-2
6.269104977207463e-3
5.843453232318133e-2
4.920086456678371e-2
0.14846430461295798
9.723536691719545e-2
6.351154748818227e-2
8.919384367501873e-2
3.6933944865145826e-2
3.866038006839527e-2
5.039740163707262e-3
3.205418093704796e-2
1.072960029691571e-2
2.2845569619550497e-2
3.381153183937328e-2
5.9406235344145866e-2
1.2555143913986188e-2
1.4671181577839388e-2
5.139531029793557e-2
8.148917207651132e-2
1.897234005243629e-2
0.11147321601944496
1.6587316908629114e-2
5.3279787835800195e-2
7.708801703151602e-2
0.16600010959024297
2.0450668154904216e-2
4.725345591308996e-2
1.2304044692115e-2
4.2517813087978876e-2
4.03152530811001e-2
1.710896827579499e-2
9.175434336390062e-2
7.867055581098214e-3
1.198666360540801e-2
3.3638784630134165e-2
9.366020306881812e-2
1.4278504892452826e-2
6.381564869814363e-2
4.298261726060859e-2
2.1788765749657102e-2
1.66039475680582e-2
0.10028080619557142
1.4689590452374413e-2
3.135562629565745e-2
7.210347458344401e-3
1.496748345392832e-2
8.434016873007223e-2
3.0775491871259896e-2
7.370915674870926e-3
0.13043389672150138
4.400671417353356e-2
4.143125844109696e-3
8.912017910911754e-2
1.7162982348690282e-2
2.7193720683194367e-2
9.584517941529591e-3
0.11592323789895576
7.757828043965467e-2
7.929753397182632e-2
7.98267088648745e-2
8.047452963648194e-3
7.70182402779497e-2
8.724119110104414e-2
6.0230728326803186e-2
0.11276545191308392
9.90081488093163e-2
5.014162474291034e-2
0.12149268322238205
8.660756579971474e-2
0.1720521086467864
0.1273354528721431
9.045269261095806e-2
1.452979406838124e-2
3.987971742039564e-3
1.1119470883210336e-2
1.5039224598128986e-2
0.15642330548532643
0.1251797696007561
0.14537486089697965
5.5693613129550235e-2
2.3091524747259683e-2
3.192420162009048e-2
3.314596554003073e-2
5.4099323269597875e-3
9.147666050527664e-2
3.941350260953212e-2
1.8548440482408623e-2
2.6658383725614777e-2
2.8719247982106323e-2
5.427591271515646e-2
1.3343247913921196e-2
4.6602013775143857e-2
1.3383055371578056e-2
2.767115818562198e-2
1.2793951552766114e-2
1.913569689304524e-2
9.707306079812138e-3
5.9778962256683735e-2
2.294282502068624e-2
2.886949422299705e-2
0.1315988906412552
4.155866825872993e-2
5.204368035715736e-2
5.5069401073088595e-2
1.0947170405138573e-2
3.8319146410996444e-2
1.9262281295484053e-2
5.006793791897708e-2
0.1347295881393964
3.487344322314249e-2
5.0470513585439705e-2
5.9483787268461576e-2
2.0821640778311157e-2
5.964812436030764e-3
9.308068606415805e-2
2.9275958217024334e-3
6.483488699009968e-2
1.2372589124673794e-2
0.13425130130731894
8.140787163597915e-2
8.238832964022745e-2
1.4126093427559206e-2
2.651390546436779e-2
1.1870297865858725e-2
0.15310843112207326
0.1926843834965872
4.515189710833826e-2
6.376909520114388e-2
0.10041569487657709
2.4509866899967057e-2
5.715254358506291e-2
4.557189417266929e-2
1.783261635715112e-2
2.8398172016221846e-2
6.364830362416081e-2
4.129898714669905e-2
4.542817566735602e-3
3.0832441826236255e-2
7.135239182033577e-2
4.269776763630684e-3
9.560339287424421e-2
8.752385977073882e-2
9.176472016471907e-2
1.9168749441676923e-2
1.4454414209647659e-2
9.893558001143928e-2
9.036275350373902e-3
8.797673940942418e-3
4.715745558162211e-2
2.0576681941824937e-2
6.092920762622778e-2
4.559609071956327e-3
1.1047544914778518e-2
3.329313037583263e-2
0.13592381784343877
2.3149550769307782e-2
5.0416101985282125e-2
5.2108784725641774e-2
4.269337954839706e-2
9.788599005705601e-3
4.047348588691393e-2
2.015939567616377e-2
8.585840296080179e-2
4.7935928143602945e-2
1.0717055118794217e-2
2.152806597768501e-2
0.1519061351594783
3.6722942858339437e-3
2.431235124153396e-2
4.261464462618771e-2
1.235486088086567e-2
2.6631714493653657e-2
2.6736234628565513e-2
0.11244512256151942
2.7884283560747503e-2
4.380612022737666e-2
1.8772413373502318e-2
2.714858477122687e-2
1.70543445252065e-2
2.0609132359849215e-2
1.6973125498321272e-2
9.493419081567048e-2
3.7914686921735816e-2
0.1617109375343119
8.73859928167742e-2
3.0994731982298584e-2
6.624111549144984e-2
0.10185929795429274
3.427291846855364e-2
8.162098842505386e-2
0.21163877368748824
2.3163336824126322e-2
9.164933452301337e-2
2.4433356620936365e-2
2.6063717516265118e-2
3.1165175943936786e-2
8.790441750444127e-2
6.813759923005024e-2
4.849105519630621e-2
3.540218239970637e-2
1.7500891607642222e-2
1.4106743648645826e-2
3.433937225611616e-2
0.15819086724886708
0.14239691794590226
7.081078528374027e-2
0.10088080561971839
1.967513060559086e-2
4.346183963680916e-3
3.147318370251231e-2
0.12503429673030345
1.5941682663604607e-2
6.22679762923533e-2
5.548534727831299e-2
0.145473875528223
3.40107261565318e-2
3.673268796845045e-2
6.226109965357085e-3
9.641113796566587e-2
0.11440692570774694
1.0419458640960177e-2
4.646627403321247e-3
4.865567640637702e-3
4.88871716048784e-2
5.875149173187797e-2
1.9222037992875585e-2
3.481594938735015e-2
4.800207873855872e-2
0.10838769473050887
2.2455441814440914e-2
7.43156746341117e-2
6.435756983258747e-2
2.146446110199355e-2
1.9536870228584847e-2
9.128680434425807e-2
4.3549911970490116e-2
2.761474521014724e-2
0.1067210991355283
0.10777154614269331
1.167029265294942e-2
9.213481975628678e-2
5.714217375722297e-3
1.677249152754475e-2
4.2993524800446326e-2
3.8717046862876046e-2
0.13550521932707277
4.6911992913513154e-2
7.365291946194699e-2
0.1287127542671478
7.098923518273248e-3
8.540425207636257e-2
1.2449159684177757e-2
6.78886633662511e-3
0.14675043733546586
2.6364124972825122e-2
1.538728751191214e-2
1.972773697440052e-2
6.423068685019422e-2
2.799812888319053e-2
3.872290208512659e-2
1.4680722312919081e-2
8.227806462963086e-2
5.5774494098035664e-2
4.228999225971008e-3
0.15440286952789797
1.4983883911423445e-2
5.817480468930549e-2
4.033303963346735e-3
9.110365806273504e-2
3.962667458589627e-2
9.158097927420517e-2
4.259181698348481e-2
6.405117870455357e-3
0.1506879586589959
1.4377573270273513e-2
4.8542416410784515e-2
7.552044451507517e-2
2.1799808856673552e-2
5.488227924652187e-2
1.2291910495465953e-2
1.8011938413051133e-2
8.852034550567281e-2
1.5459506660929767e-2
3.9530698093087735e-2
3.9672815416876415e-2
7.192646677688463e-3
2.0386564342942835e-3
6.222664185566836e-2
0.10536725332693102
5.111492625765414e-2
4.522731301350665e-2
1.424977227708607e-2
3.163080448895158e-2
1.532340328457502e-2
0.1568624315851734
3.090689736573856e-2
1.5350755101825597e-2
0.11281867977684187
2.1533080515795167e-2
0.12596133719139657
3.2302558165253e-2
7.827115188912737e-3
8.243594501493537e-2
0.13048917084158057
2.864827335776653e-2
4.477728046174786e-2
7.652727299714479e-3
1.4687525357822518e-2
0.13757978825894474
4.175021082864683e-3
1.7947337402451247e-2
4.661665046128338e-3
1.4958405807833586e-2
3.8001365791985986e-2
2.1019425686861094e-2
1.5000660191271342e-2
2.288982539553528e-2
0.1248616860715607
1.907423286159817e-2
6.448246260736068e-3
0.1078699702658426
3.8892552533418535e-2
1.2464928865526203e-2
2.77997636287489e-2
1.8558171206464837e-2
9.971894248985627e-2
6.065596865530822e-2
5.236692441687161e-2
0.11654440151890295
1.7995809908862848e-2
2.9623230280232303e-2
2.1486999997398493e-2
1.7547584131006887e-2
1.72498461480479e-2
2.8577690165590773e-2
6.233528550074606e-2
4.714793094020282e-2
1.095161259828289e-2
4.208483311522755e-2
3.2662824667321566e-2
1.3168871936192705e-2
0.10171457649634733
3.2703038745107625e-2
4.315161555802793e-3
9.82203833176907e-2
1.1709543356922725e-2
0.23479267457905792
0.16374798639470464
5.054157720591845e-3
1.408742079376486e-2
2.5499696717653043e-2
7.602059845823406e-2
3.041125871639312e-2
9.840054942206436e-2
2.6729432140758225e-2
5.165581065442278e-2
3.2940520296107556e-2
3.5558007252225354e-2
4.308155308716881e-2
4.0524368501720386e-2
3.283703364657845e-2
0.1344621168009863
7.97340310165992e-2
2.4466126057741434e-2
0.10845162317359805
3.5374705342779686e-2
0.1015128380736829
3.144514842137756e-2
0.26602177463468124
1.2696733102964975e-2
6.95426608519578e-2
8.571086359340555e-2
5.659968277983365e-2
8.36673827506601e-3
4.3749450901548234e-2
4.2226188342099034e-2
2.155791963897733e-2
2.804401811433812e-2
2.2644955540549017e-2
7.802802493072378e-2
2.4035556143727897e-2
1.0856549947169624e-2
8.564233050124767e-2
7.498636115876256e-3
4.612867978353944e-2
1.3286480501693187e-2
0.12116158656555794
5.204390275808378e-2
3.4379651323459846e-2
1.5388829452507946e-2
2.2878491420219506e-2
0.1752930975477834
0.14921552521332512
2.513664092198039e-2
0.14887802438138004
9.693736380686458e-3
2.3452573926425524e-2
6.872531320087974e-2
0.10858282930579262
2.025520943643817e-2
2.9422777340912542e-2
0.27977979416795745
4.18314715439705e-2
6.814557040949124e-2
4.263245801162372e-2
2.2498201733749647e-2
7.7550853744439594e-3
0.12542172702718676
5.8042734287735556e-2
6.022370481477168e-3
4.7018339228731165e-2
6.514763543424876e-2
7.988901631256952e-2
3.079518048780556e-2
2.0513316145696358e-2
0.1021085861160846
4.706366450606767e-2
1.844131458186964e-2
0.12886183917644384
0.10046810132795611
1.0910907696461724e-2
1.708986277597646e-2
1.5069517974473179e-2
0.1050920937994412
4.933841381305154e-2
2.1490176090296742e-2
7.111813869559103e-2
7.148234760464021e-2
5.834781332656449e-2
9.802301770699669e-2
4.684737029178897e-2
2.3869444241027705e-2
7.597992804574437e-2
2.1000905922625168e-2
0.10264054135079892
6.726555403259878e-2
2.6765048738110475e-2
0.10387436358561535
3.6120596952944305e-2
1.850214141496732e-2
5.655215054694951e-3
8.087064200394325e-2
3.311877223940944e-2
3.236178911461385e-3
1.1508646513308528e-2
5.5874137307068625e-2
4.850118818788026e-2
0.1781805724866234
4.846141008211202e-2
0.11793920996318916
2.528693620942315e-2
4.911336003849435e-2
4.99457795033062e-2
0.10139160179746806
9.84918474516289e-2
8.854661991534744e-2
0.14098808362695597
5.041229176286469e-2
5.393498617183853e-2
8.039989018246504e-2
2.618032915610301e-2
0.20114509597839936
1.0658977009280302e-2
2.0155957184558572e-2
4.710506020840299e-2
4.761684207319482e-2
1.931711229706855e-2
2.9685860380363405e-2
9.46405410012569e-2
8.32838340602749e-2
3.4345323889994485e-2
6.40902410830726e-3
8.8264636956763e-2
1.071138187002042e-2
5.7569242667524244e-2
1.1061940119751057e-2
7.455746480254906e-2
6.835563360450166e-2
8.29945239581581e-3
2.541418037884565e-2
8.371777274803541e-2
1.702782464298358e-2
6.0987007941901726e-2
2.5094695911163357e-2
6.352541272943851e-2
8.95296809699968e-2
4.004431461934377e-3
0.1744381353510579
7.665361468600444e-2
9.708912707441683e-2
0.14171530073695363
4.115758887354426e-2
9.894098502604046e-2
5.8122542638358345e-2
1.4126134837139603e-2
2.6152990955483468e-2
1.572963730663072e-2
5.9302122798681724e-2
5.319332510641962e-2
2.141272255094743e-2
7.06101599074582e-2
7.703105707627825e-2
2.744822358033473e-2
2.130556154522346e-2
0.125353291255829
2.2550607814701397e-2
8.187117201763894e-3
4.598816266760519e-3
1.0153135110543443e-2
0.1027572006256066
2.4384348002097857e-2
4.8812113006002286e-2
4.680693535141263e-2
1.9657612001658775e-2
0.20131243950014768
2.4530209784809288e-2
2.9234058314555465e-2
3.989338345817388e-2
5.549438250054643e-2
6.33171082921489e-2
0.14288615625855788
3.2002783998424086e-2
7.229366205679078e-2
5.900082982114352e-3
4.732075613605202e-3
1.9297682650992364e-2
2.4689078236115193e-2
9.134704084278668e-2
0.15717657434515647
1.953862677110829e-3
5.0945527458392495e-2
6.384963326666923e-2
3.878602812896602e-2
2.2024981796465615e-2
1.6355902237387764e-2
5.0689455822614415e-2
6.0808306094265706e-2
3.476486367958048e-2
3.2480929240082224e-2
9.439328841521243e-2
1.5245420375902919e-2
3.965382480999269e-2
4.845867423707832e-2
6.83797733986961e-2
5.322802521272076e-2
0.2303503549719233
9.755630365483096e-2
1.3902170208148957e-2
0.11320472965618314
7.311590835889764e-2
7.257737283490716e-2
0.11008734152305126
9.997175732766554e-2
5.6305408952102586e-2
0.10752878008742317
1.5866597217838875e-2
6.341510027185818e-2
7.498318965684847e-2
1.2263040333113883e-2
1.371617479030932e-2
0.11198866472740107
7.320698185437356e-2
1.6221535278205145e-2
7.610739680072429e-2
0.10939366196571854
1.9939749320409993e-2
4.276066578991865e-2
1.5001565339535982e-2
2.7537500569691988e-2
5.421444575203917e-2
0.1272154790317416
1.3232845650345793e-2
3.995465864270462e-2
8.136898927575596e-2
4.116251881787292e-3
3.8313680654960415e-2
1.3245182832077085e-2
0.12116560105258559
4.302300255181234e-2
5.6144899872460855e-3
4.045301109018081e-2
6.172440963103809e-2
1.448781856718152e-2
1.681666230447345e-2
0.13226897177453809
1.4599756661170537e-2
3.2497403840610396e-3
2.364911816840386e-2
6.823051660634852e-2
2.6721031052386223e-2
2.956876770164496e-2
6.535105870184219e-2
0.14320581139301997
4.2185441742207785e-2
2.036750957743113e-2
0.14238063041483806
2.6615907848116672e-2
1.944106835085142e-2
7.530488126190635e-2
3.895218842278715e-2
2.8170817789769532e-2
7.375241958766751e-2
7.511559270967694e-3
2.676040877225727e-2
4.704174878034639e-3
6.557662142642538e-2
5.324102538930083e-2
7.212384705758403e-2
1.3689475644638438e-2
9.694399519659835e-3
2.7338946451820113e-3
1.0417470405110662e-2
0.11129114656083652
8.939507130756458e-2
0.13547483882857012
6.624655458218928e-2
7.366627929140113e-3
3.926502294327078e-2
2.1725840974287945e-2
6.568696839836541e-3
7.20967366974519e-2
0.14863185541974322
1.336664680577453e-2
1.6795934758050766e-2
5.662826105648259e-2
3.547997909853188e-2
7.927028482446671e-2
0.17097838981579727
8.935504664659853e-2
4.9687369757124865e-2
1.0852211221222697e-2
7.748892709500355e-3
1.0349144240408836e-2
4.0870825872265495e-2
1.5183594060820649e-2
3.187964094373498e-2
7.674499240873367e-3
6.002154662557564e-2
5.510147265109146e-2
6.869035232345921e-3
9.041829823457515e-2
1.4285431016362492e-2
2.2566475140359154e-2
1.3914781144502475e-2
3.480208179554604e-2
7.317876372347776e-3
5.152543369857874e-2
0.1519611850621609
1.6606098765439538e-2
4.818235588721076e-3
8.835426287414463e-2
1.442029488325618e-2
0.14377151450947712
8.720185998219541e-2
1.4955993335541252e-2
5.7108125463774416e-3
0.19837197098115528
0.1356477767313206
9.536518027478092e-3
8.146088068842225e-2
1.1420531279078005e-2
1.1598517525979268e-2
9.322274499688836e-2
0.13227204479802532
9.345043466588102e-2
1.939048585971447e-2
2.2711404867476526e-2
4.6284747246616756e-2
0.10819079856819527
0.19168468198444252
1.3896010894181987e-2
3.242139415102948e-2
3.102633580786076e-2
1.4912904668051452e-2
0.10877354964665278
1.2950836733784643e-2
7.343911052205032e-3
1.7380737523365906e-2
4.1515196725966805e-2
4.903346525962689e-2
3.703116314089886e-2
2.136197683482809e-2
2.8481112896187277e-2
5.200564091538196e-3
4.330346302971829e-2
3.7382505444681045e-2
2.4104089044739242e-2
4.9650658856825736e-2
2.301854789853982e-2
7.717957517635107e-2
1.45372460681352e-2
1.866380358296933e-2
1.9713351786110965e-2
1.606370993796933e-2
1.5416683720126789e-2
8.354852425882114e-2
2.1017601062759527e-2
3.767152474891407e-2
5.052595093619165e-2
2.4747806794770198e-2
0.12458609042134741
0.15895635343315084
1.9431446753891402e-2
3.8163609856394165e-2
5.28331349051917e-3
1.5311488593320021e-2
3.424424708772992e-2
0.11342976720437906
0.16123476423385114
2.9214042221783677e-2
5.460174714224083e-2
2.2129634664982134e-2
1.8364622832513035e-2
0.12058460241136652
2.025764405691819e-2
5.5746449903322184e-2
1.726606967872265e-2
7.21594865495814e-2
4.283295522807621e-2
3.394348167034707e-2
9.10865136350352e-2
3.672366229294277e-2
4.25037811591313e-2
0.1032340760686326
7.907391329876953e-2
5.135460770308916e-2
9.798942025453816e-3
4.0791613009934835e-2
5.5520209028812936e-3
1.3314473613125788e-2
4.8717043666735405e-2
5.1178104526092796e-2
0.11731272795906215
8.96450095725696e-3
2.9742243709618765e-2
1.630679984278336e-2
4.7849374107097296e-2
4.601901717181676e-2
6.847725566511623e-2
0.13193141726022625
1.939827461961442e-2
2.3664861913385148e-2
2.7900301537254868e-2
0.11755097801960361
3.502033180321638e-2
5.6667568323684695e-3
2.1001078899440383e-2
1.1604008690796397e-2
5.701965348553062e-3
5.4547512716964765e-2
2.8434340464067787e-2
0.10793223480999019
5.975237880114647e-3
7.796408802221521e-3
4.4149136787420815e-2
6.202311651969955e-2
6.072218199656909e-3
7.230513131394642e-2
4.484523992529203e-2
9.056245785105806e-2
1.5173748867881576e-2
7.531191600444e-2
2.818081617391417e-2
3.675047882416736e-2
1.0826167444245782e-2
0.14481458977509204
7.254161400910801e-2
2.8025949889155632e-2
5.891538873076414e-2
0.19625496129102554
3.232292084721563e-2
8.165877686600565e-3
6.593278883434087e-2
0.1357166303607827
2.029246184332003e-2
8.26285766104616e-2
2.317107530961643e-2
3.4699817235041897e-2
0.10236838512742219
1.5515284032414811e-2
7.629146531981867e-3
4.3192084225849414e-2
1.3740736269527232e-2
4.7769185404439194e-3
5.75100909072657e-2
8.137671700822668e-3
7.155691512838049e-2
4.405481090609013e-2
0.12359825915093921
0.10300977800809488
0.1276206277913437
1.7641979497322456e-2
9.053129903267094e-2
1.8047012720915034e-2
2.5874677358047306e-2
2.678914995617222e-2
2.481880623468794e-2
0.21795078838049653
2.1026386301065313e-2
6.124239799815303e-2
3.469618531176272e-2
4.1814516837786905e-2
4.9482538434355685e-3
9.2420001989942e-2
5.49110891214439e-2
1.008874506664521e-2
5.344492024295043e-2
8.496291423634857e-2
4.9726844110091005e-2
7.970796147156545e-2
7.182032013368002e-2
7.495005628291632e-2
2.310247187172413e-2
4.5057135798116175e-2
1.7303588595759856e-2
2.5214537328009158e-3
6.370720368634578e-2
0.12988636105968876
1.7725140671901674e-2
0.11879763032738215
0.17442492545726304
6.357520558518281e-3
3.3310365090327476e-2
9.11295594842939e-2
3.5045951088030214e-3
5.8354347092056925e-2
1.8488049342518086e-2
3.778770617774765e-2
8.259473843452352e-2
3.35203649252484e-2
8.95579429389016e-2
8.820321215513952e-2
9.928697922797096e-2
2.7877050974122974e-2
4.1679221109623465e-2
5.5199161702536303e-2
3.8351887411370413e-3
5.0730962613878126e-2
1.4090528704959615e-2
1.1333320242844303e-2
9.913739934402371e-2
7.73149263529567e-2
2.8281927498276647e-2
0.10037393272415822
9.864421200820131e-2
5.851845912298477e-2
3.6522654511873476e-2
7.031075583255948e-2
4.304735085852962e-3
5.2285868087405096e-2
7.5869301549924325e-3
0.195137251710352
6.079147056717656e-2
1.588288690861315e-2
0.11859669890546862
2.3932351263026053e-2
9.689369078026375e-2
9.693757581588091e-3
6.92231494688734e-2
1.1086927893295651e-2
6.764040475976005e-2
0.13917212348436234
4.232660602555712e-2
2.7043667706442863e-2
4.936901185555612e-2
6.969634320676576e-3
4.42326801670882e-2
4.121494539884851e-2
2.9941262112905376e-2
7.064362291615975e-2
2.1495828073233525e-2
7.168001434161386e-3
4.587869860212131e-2
1.3495933422969808e-2
0.1423974467244883
9.616745272484986e-2
8.215014550205192e-2
0.15017935217444361
9.062891446691258e-2
4.3416298419138535e-2
1.2420695619152456e-2
2.1883012403046187e-2
2.1890208644228405e-2
0.11661327775601829
6.619556130387186e-2
3.2790603438015375e-2
3.996831850783329e-2
0.17083900463518054
0.14831261636961585
6.598842125917855e-2
2.1928067095715275e-2
2.5580770224028927e-2
1.4371607006270316e-2
9.6796494246529e-2
0.1003500998582663
4.2783122421574525e-2
0.12612517552513744
5.516303852150626e-2
9.758245240596231e-3
3.147259340765966e-2
3.137404945559841e-3
4.631217642541659e-2
1.2973665940339408e-2
3.4916072863625967e-3
0.1421089520803076
2.4853839422732206e-2
8.602809244261321e-2
6.927948256853464e-2
6.992945232973302e-2
6.621353773314671e-2
4.310813863668067e-2
2.7446765066758826e-2
9.389725811130822e-2
4.578350282506013e-2
1.4302518893825167e-2
9.900646837459148e-3
1.6838628586498906e-2
6.961211741634542e-2
0.20082374138953077
1.6023366189473254e-2
2.5848360725909746e-2
4.5680987920774796e-2
9.469104401796612e-3
1.51974695360786e-2
1.0765199729886276e-2
8.29935458700649e-3
2.733664259309033e-2
7.566971978481346e-2
5.053164788236687e-2
3.941407988657512e-2
8.391234647522879e-2
5.455891081929237e-2
5.867090265385917e-2
2.049842220966087e-2
5.764098550926936e-2
4.6677487825481624e-2
6.2043640405322543e-2
0.21583385652306442
9.843016036444895e-3
9.483600684786078e-2
4.368440882220752e-2
3.045066779213762e-2
0.11758413887190022
3.495377705612215e-2
2.219398076634249e-2
0.13365421904615502
0.11957001128215472
2.469140663907261e-2
2.9798174186002592e-2
4.1024421295005206e-2
4.094597612543349e-2
8.821021274273663e-2
6.51061446638488e-2
5.1451366260633694e-2
4.1462816415657314e-2
3.570795427843175e-2
1.6672452712789165e-2
0.11330840389310415
0.21793483343390246
9.54503057078898e-2
9.975777826297946e-2
0.16467032182478242
0.17366882435559988
1.9954994387511103e-2
7.17653131244553e-2
0.2123998475159321
7.116546434934884e-2
1.5958037550730143e-2
9.052379713956807e-2
0.1665366557433936
0.11067687657789996
0.11540370099368949
6.558262709199661e-2
5.792514150232627e-2
7.49343145747968e-2
0.11688761953017898
7.893057609199171e-2
0.1346075994396212
5.3457726132905614e-2
0.17606078042378823
4.254118058787615e-2
0.20489566471669401
0.17805464997169823
9.050335779197866e-2
4.709168321360111e-2
0.15297247455204052
0.12192595173294593
2.8062764337050405e-2
4.3425217023548034e-2
6.392122081288891e-2
6.753398186803058e-2
0.10730556241483528
9.48327257011766e-2
8.82828726716079e-2
0.13207625322497707
9.742510926393777e-2
0.13131586766638387
6.856439359743025e-2
0.10891988636340541
4.394446427457045e-2
0.15830112080433903
0.12929352018796533
0.11604210606213328
1.9507102423352417e-2
4.628586460964991e-2
0.1535299944340321
1.55280796195446e-2
6.204679592655106e-2
8.08868409930111e-2
3.187273640229669e-2
3.7467801082226825e-2
7.864178061725408e-2
6.717691685304364e-2
9.015294771875051e-2
8.91792727388854e-2
2.168703690172371e-2
2.846354914432352e-2
5.367988196053838e-2
2.139796919054817e-2
7.740069433588534e-2
1.0587353796364097e-2
0.11377055173770803
3.2604515615022624e-2
7.52120064203665e-2
7.154349261709306e-2
8.277879765878525e-2
5.152607514772699e-2
4.513682239363507e-2
1.5605745685557415e-2
0.1273743031641089
4.32873883408033e-2
6.90776944073346e-2
7.720423932789024e-2
0.1273040511676265
3.136309685607843e-2
0.10538388988517822
9.139763722030547e-2
8.568123206625604e-2
4.811082557572588e-2
5.903274932899538e-2
6.915139684213563e-2
0.1669326420450789
0.11425002814391494
6.539648810929678e-2
1.632071715350103e-2
6.704817417992406e-2
6.770764477154716e-2
0.13104188198972944
0.17983439200734733
9.536545858759171e-2
9.297214594503471e-2
3.7612044569255224e-2
1.317820997320226e-2
8.767718834250822e-2
2.404924613682192e-2
1.7474757080730242e-2
4.520553024494787e-2
4.4383030477681995e-2
0.10844280736845838
7.71722153674117e-3
1.498977337836308e-2
3.138614598151644e-2
4.49011299315938e-2
6.54388932765054e-2
2.7926303304195255e-2
3.854925148550392e-2
0.12451551136132162
2.7880585782459655e-2
9.466656243488172e-2
2.764907769872934e-2
7.817285702417806e-2
9.308467318762598e-2
5.417257651560581e-2
2.1990199561513303e-2
3.70827989527132e-2
4.2898130255892175e-2
1.8481818061165823e-2
2.4188995931674652e-2
1.0882162486675385e-2
5.6270011783169635e-2
0.11259601257935721
5.405500550631661e-2
5.7817061853539874e-2
6.1575538563806376e-2
4.239494169728582e-2
3.401938661599182e-2
0.10896318054558543
6.0366854241827764e-2
0.10214135513508049
7.306573345005883e-2
8.133539782159721e-2
7.149965502924814e-2
5.154303081001582e-2
0.12419823471521985
6.3879649440732765e-3
0.13408222819977916
6.444479610367161e-2
8.096762711258973e-2
0.10725932625556922
8.254211667354439e-2
2.5606142487130612e-2
3.016368549701829e-2
0.12146215758594478
9.76874363280965e-2
2.0508507248459318e-2
0.10726852434905605
7.116913685372853e-2
0.10223425117624987
5.52089963380494e-2
0.11876759633153525
1.8567262437325326e-2
6.988891420344637e-2
9.12750943530782e-2
0.11004476822459108
8.322828709709193e-2
0.1488631605949701
8.892008878927564e-2
6.88186816222914e-2
7.27189032544365e-2
0.11711538757652198
8.820310818639701e-2
0.1724825148312616
1.9519943346961145e-2
8.323193633449064e-2
1.4450647297301833e-2
1.0523594678196491e-2
3.5712531534799904e-2
2.2404674921682445e-2
6.932640159876124e-2
2.3888426726159394e-2
2.780590498547105e-2
7.068761129070666e-2
4.713357260387256e-2
6.284470308848097e-2
0.20116100269018905
2.89761852589287e-2
3.836815183126302e-2
0.12896804456190797
6.530019886046588e-2
1.2936014017630138e-2
6.247228021701172e-2
0.10169322332206798
3.9694905338510486e-2
0.13765174620395013
2.2612860770739464e-2
0.19154923683570985
1.7438152806910377e-2
5.178549161020709e-2
7.41944811544474e-2
1.9675899870489077e-2
3.708793167379907e-2
2.904838245989757e-2
8.5754149202661e-2
3.7992683479924e-2
2.7136585945126513e-2
6.46860584681623e-2
0.10511319754720753
2.9497725370856487e-2
1.5785748634439257e-2
3.672348348809055e-2
0.17345218381998836
5.549999668333577e-2
0.16641243238468878
0.13683718888449783
1.2756612130166389e-2
1.0384469176037924e-2
0.12521566670874015
8.232950651143328e-2
9.206779753744893e-2
0.1495283112723198
1.3130724388021497e-2
9.316144136279589e-2
1.6993996729979068e-2
0.1102074505033063
8.845279054310937e-2
5.3048920470107355e-2
1.1684697574861591e-2
3.15618592348655e-2
0.10197951655659251
1.0748379755028348e-2
0.18387654185836863
5.7767388952527796e-2
2.2535858130082444e-2
0.13191426383903065
9.511385611180453e-2
0.12043586359109046
2.544157994775047e-2
9.821000228031432e-2
1.6110047941651207e-2
1.2390370328195843e-2
2.8098710840586662e-2
4.6040964356653e-2
9.218610891897261e-3
7.463874954918441e-2
3.0902218823317073e-2
2.8186911189657504e-2
2.3834394159213977e-2
0.1379840759910784
0.12958535158790618
1.2607302432522916e-2
0.16800297084421836
8.524733149645894e-2
5.029019143770193e-2
4.9727992086220765e-2
2.37663392417204e-2
8.67389004848838e-2
1.0696482041603849e-2
6.671589060300342e-2
9.827758242706697e-2
1.1935614631635071e-2
7.979494425454417e-2
2.6647209539052107e-2
8.078759724754643e-2
2.40055988813752e-2
1.8966264099971052e-2
2.0811976467011627e-2
9.238317696328133e-2
7.283630801093212e-2
4.4710302853533515e-2
1.8671550008310733e-2
5.472135454850122e-2
1.4757589980327635e-2
4.132527657069558e-2
9.312251217335862e-2
5.9900207671423546e-2
1.9202871199509818e-2
7.615455965316711e-2
0.11712351573673178
0.13734598542868226
0.12422635498683539
3.914908820929982e-2
8.452891069910737e-2
0.10246987816055768
9.64208775869183e-3
2.016922434425956e-2
0.11657685694898663
2.8018349012989774e-2
4.730197863476305e-3
3.734779822590902e-2
7.374041552828748e-3
2.2750517202728537e-2
4.405413718627289e-2
6.494334503757118e-2
5.749295549845103e-2
0.13931581493359935
5.891945393183111e-2
6.244463801128475e-2
1.4306341109593201e-2
0.12951983212308596
4.155266297218933e-2
2.800659872046026e-2
9.88253578144187e-3
1.3342049048361981e-2
1.1314229917071572e-2
5.037552208644034e-2
3.8535838500676864e-2
2.890953195776349e-2
0.17432084768678066
7.183118199531933e-2
6.1581155909687935e-3
2.642253137663859e-2
3.701371975299776e-2
8.354191464457883e-2
7.916752222725153e-2
1.3977025321846437e-2
4.8651162607629014e-2
5.8382916140290564e-2
4.585199216825876e-2
4.814890701876191e-2
2.199697905105119e-2
7.890589096026487e-2
4.182993208385207e-2
5.9469635693626156e-2
6.796550736378767e-2
4.733423168180985e-2
0.12225308153483497
1.4464937428316704e-2
4.41512148652229e-2
7.154734903372639e-2
6.104257075381053e-2
4.14708537063961e-2
1.2598959958692934e-2
2.8157350903072097e-2
1.570584161894708e-2
1.9487680073903724e-2
3.9176986566850716e-2
2.643141787136165e-2
1.797190290684183e-2
2.0516128532017574e-2
9.135119848435061e-2
6.621382456409956e-2
8.890309494348876e-2
0.15038845240502802
9.46895295036886e-3
8.087317746079611e-2
4.1929283770566386e-2
2.521465303354057e-2
4.275761082226544e-2
2.79371050171369e-2
9.739219211246043e-2
2.612905556624153e-2
2.5723619635524875e-2
4.490665746963951e-3
5.101687244734822e-2
7.63005485333891e-2
2.282933308867069e-2
4.7417149409190694e-2
9.71255296835885e-2
6.803353203124657e-2
2.513038430869724e-2
2.062536627670759e-2
0.10797358471239235
5.4172575578955204e-2
3.3000173409049316e-2
1.3483178883943226e-2
1.4943681672234943e-2
3.07433287089948e-2
5.682799941625831e-2
8.61634933834529e-2
6.406225504040593e-2
4.2640619454347294e-2
7.17755050661896e-2
1.812267007093684e-2
4.2168065256531696e-2
0.11296323376588151
2.708056039121054e-2
8.919012837259915e-2
1.374477268215617e-2
4.735857436602189e-2
6.478389668357443e-2
0.16464460553857505
3.010745960251271e-2
0.13673527227168494
0.12567143930068952
8.082709678787897e-2
2.502022774836483e-2
5.238037432200763e-2
4.872974364412593e-2
7.781570433699361e-2
6.663429530853557e-2
7.405861970995356e-2
3.962200112213542e-2
7.22725238459295e-2
1.709511848614459e-2
1.9887847508092193e-2
0.10066249764860817
2.379707784383813e-2
5.1205634264669675e-2
4.305606507138447e-2
1.076064206806433e-2
9.367149655749895e-3
1.3053412100204864e-2
8.151031175172107e-3
4.421665678777942e-2
0.1994030249921676
7.575026780161077e-2
2.70723199302206e-2
4.003014737631422e-2
0.12366619780317331
6.209950356139769e-2
3.599907665173706e-2
0.1700879814719946
3.883074425135015e-2
1.5715616155966596e-2
4.840055692468133e-2
2.459930048148572e-2
6.267330772405103e-2
1.61550667423625e-2
2.913364873070492e-2
0.1039107333185169
0.10746406110930037
6.70877503152516e-2
7.7146790339370774e-3
6.965591479869126e-3
5.80975355105686e-2
7.153905863748959e-2
7.414069289959326e-2
2.5876781864556175e-2
5.054095864530238e-2
1.7579979045273274e-2
0.2093104063129215
8.182789821316204e-2
1.4184149835111815e-2
5.6378313733170614e-2
6.2404979939636306e-2
2.7550323825892575e-2
8.952796604561797e-3
7.815627621811976e-2
4.139222675248912e-2
7.804997348543705e-2
0.11950021866518039
1.6897142285838374e-2
1.9657025043200237e-2
6.926605487288703e-2
4.645269030942706e-2
0.11935721206607235
5.8569963064222665e-2
1.3416804554376282e-2
7.441565990185658e-2
5.658526909799021e-2
3.3419354038996575e-2
1.394983315883066e-2
1.5721367867125958e-2
2.498468495804853e-2
1.3004689399937253e-2
3.806931802217611e-2
1.3753804181162376e-2
2.8575730512781748e-2
9.471712510563013e-2
0.13336070500157146
1.7449355495846954e-2
1.085768565247025e-2
0.10152318874350123
5.7689349265184306e-2
5.228866539281533e-2
8.536986557624443e-2
2.5007504442711215e-2
2.6501568074260094e-2
2.8392399110752097e-2
0.16209236389694393
4.291908994762578e-2
4.678468492049873e-2
5.4207547106144095e-2
6.856610744951105e-2
0.10523492265494157
9.501791283374316e-3
4.755155760637877e-2
5.7424632793833905e-2
0.12452721770465336
2.5805970319718884e-2
3.167461492904152e-2
4.858519329668877e-2
1.405388940171307e-2
1.2040445025284018e-2
4.213704711358533e-2
0.11158574019999457
6.497763138760092e-2
6.481382625309065e-2
3.5316273911621565e-2
1.6656655472442317e-2
2.0425036017753175e-2
2.229636513087383e-2
6.54852644323038e-2
4.756117189451207e-2
6.711278360774819e-3
1.5099230028831945e-2
0.1266818682359477
5.476667148270905e-2
4.2685636213489773e-2
2.214437303101837e-2
8.902092066872947e-3
1.3885938313934365e-2
4.134451903338562e-2
1.8836306258955916e-2
3.5172518360517734e-2
2.9262054330342437e-2
3.8953788153382463e-3
3.903881671807692e-2
2.0011276448013336e-2
1.694128620701495e-2
7.386866478606202e-2
0.120277835726078
5.574222888200462e-2
1.7731411763303773e-2
1.5154892036113931e-2
5.5590548473809634e-2
3.0765563294732158e-2
6.75342925598551e-2
3.260093960695837e-2
1.9863004294452168e-2
0.11796299494561242
5.360302021431368e-2
8.679375774095428e-2
1.7383519872648724e-2
0.18464156924653288
6.620461137438499e-2
5.011595544175407e-2
8.767053081364289e-2
3.0642026205985672e-2
0.11704804532941995
1.0048313238389927e-2
7.383659454702227e-2
8.178786806833378e-2
3.436884840282073e-2
2.1300253524363665e-2
4.1480497643762534e-2
3.203433491630091e-2
0.13662533511964964
5.447088401946003e-2
2.8154520224360137e-2
6.508590411708016e-2
1.1711107458737501e-2
9.178270779124965e-3
3.385040991816387e-2
0.11201050435335827
3.3604772928261514e-2
2.081936622215642e-2
2.3996953347549456e-2
2.8751775368581468e-2
9.545014889532728e-2
6.429088325357393e-2
1.0930670432712352e-2
1.169807081922226e-2
3.422228464938287e-2
6.608374371027527e-2
2.0993096291658287e-2
8.387575811442036e-2
3.444958342335273e-2
1.3214880076841452e-2
8.217123398195832e-2
4.157666743502042e-2
6.650204736732579e-3
8.677109182841675e-2
5.488494934532458e-2
2.1212524111359543e-2
7.956765480979487e-2
9.730835916250891e-3
6.333670909048994e-3
2.3416003631102265e-2
0.10274072738875098
3.0859020285301263e-2
4.7776372457319326e-2
3.628768602027077e-2
0.10273084368847156
3.468058320429538e-2
1.1318788574348426e-2
5.957123921039982e-2
4.902019692759907e-2
4.385554965678482e-2
1.299112776135627e-2
0.14876777261451282
2.7732377637449922e-2
9.553830437844744e-2
0.158589872648073
7.661126086182449e-2
3.015386328167303e-2
0.26630238829308983
5.345111563159126e-2
9.477254694148723e-2
2.6447556332307685e-2
3.733662834739725e-2
4.960201174844757e-2
5.405187179657633e-3
3.63208626104618e-2
1.3311172370199954e-2
4.77084408210133e-2
4.779484607959712e-2
0.113143826713444
2.194945806398002e-2
0.11484564517209225
1.2744962664090687e-2
7.59305412125431e-2
1.0095043076472864e-2
4.832234283375756e-2
1.1069050718133277e-2
5.5800180394059797e-2
1.5266128351706243e-2
1.3838304858279615e-2
3.3744825371665246e-2
4.02754744788536e-3
0.10422268109084636
4.608684379406649e-2
7.43103188645029e-2
8.976323661654374e-2
8.506865549085478e-2
6.990808989762178e-2
0.2421382773830289
8.806762387286527e-3
4.399050303090897e-2
1.618700695731192e-2
1.5197138611643712e-2
6.841559535302277e-2
1.9485459640199744e-2
7.632669331571705e-2
2.298102278677262e-2
2.2580393740280015e-2
1.7697339129246446e-2
1.2046218662108166e-2
3.266067768870323e-2
1.5746195123659257e-2
8.654810753958768e-2
4.5285224102164776e-2
7.181020112368211e-2
5.582477571138012e-3
0.12255853755276216
6.696735576051405e-3
8.422297561323533e-3
0.15348072094364285
1.5768926768108683e-2
0.10596144984790587
1.805148032056144e-2
9.0300669362117e-3
5.377163639443594e-3
0.1469685888831891
5.334464358862484e-2
0.11185691409394916
2.2803415977474407e-2
1.3040892059319109e-2
3.463911560320624e-2
3.859607939905957e-2
4.766616996495472e-2
8.034030042268213e-2
6.194651859614308e-3
5.249787971238706e-3
0.11451915886773319
2.070492104023879e-2
6.82286207848297e-2
0.22486373281398161
4.7909018860996244e-2
6.118182977171396e-2
7.344668483057373e-2
7.515860907704103e-2
5.7936138743860575e-2
1.3235908324756861e-2
2.57423195985641e-2
3.430898443764745e-2
0.11291066782471701
3.416858335538917e-2
6.365490646118264e-2
0.13862136039246348
3.304426515876578e-2
0.14586948227686994
1.2262737190783635e-2
2.2611852245611953e-2
0.17715170889214718
1.1148852819821609e-2
2.477928577628159e-2
3.122767223377516e-2
6.978833632759167e-2
1.528425388358604e-2
1.8108047774599935e-2
1.490005314247821e-2
0.12603336748525243
4.590339766844383e-2
0.10602242917166442
1.2972852659290346e-2
0.13592504356468962
5.401316630144638e-2
1.0517179455278813e-2
5.0207576778069904e-2
4.539758197477811e-2
6.909234518311073e-2
5.265864049730321e-2
0.13212264482325964
4.160497204512366e-2
0.11836935385216293
1.6372050745677567e-2
0.11231239217330566
7.038081839400509e-2
5.748464792664666e-2
2.0288586280154498e-2
0.11029856502698654
8.156861992798117e-2
4.848541764899765e-2
1.1048788625687178e-2
6.102193043120737e-2
1.786148476459921e-2
3.0158040374971218e-2
1.598448428745335e-2
1.9902220587782304e-2
6.1602153639654655e-2
2.8454952718578275e-2
2.374865812523843e-2
1.1331932199847872e-2
7.615351707723816e-3
3.049206413078668e-2
5.067270879818712e-2
0.13114263160112638
1.5784434767712983e-2
0.10061330432638774
6.077513577310183e-2
3.661882749654123e-2
3.5992611304057495e-2
5.1157819576702644e-2
0.1020605208914771
0.13757009043087823
7.266191288056716e-2
7.155497644400111e-3
2.875705600349544e-2
6.870924878450801e-3
2.0723853405982186e-2
0.10131663138565047
3.34452045839402e-2
3.375159984744793e-2
7.235182050264914e-2
1.856416349453398e-2
0.12026594197924534
9.340882626971024e-2
2.0576856434726155e-2
8.046484021541002e-2
3.3113953608114845e-2
1.0357286607475202e-2
7.079820473749931e-3
6.330004968201003e-2
3.292105092397603e-2
4.8109287319149985e-2
9.271532716558531e-2
3.709405274064627e-2
0.16391924892848975
8.031560391712022e-3
3.25325822864048e-2
0.240494782650011
5.635192461844417e-2
9.548409132262523e-2
2.6853588391151685e-2
9.454142126431667e-2
5.7813471865809915e-2
4.77045823098835e-3
4.0651607501138345e-2
3.978695516112128e-2
1.31916814433651e-2
2.2678638779367176e-2
4.924618511199995e-2
3.736750593013227e-3
0.14400424438773207
7.938130879141328e-2
7.674148782555823e-3
9.490989012597295e-3
3.499775792646691e-2
1.7648453113291905e-2
9.533130624106838e-2
0.11756092296541125
8.962012349638786e-2
4.934000708098396e-3
3.53074796380094e-2
8.801409462423892e-3
1.879096990279099e-2
1.7989183916775807e-2
2.3863835511020136e-2
6.608434670008134e-3
8.683914885905447e-2
2.425861629653934e-2
1.787402560943645e-2
7.4780400841866655e-3
2.6422449560994633e-2
4.010739295029697e-3
0.10171353820989397
4.301075743756335e-2
1.1749809543385947e-2
8.981849864472992e-2
3.720600139204746e-2
0.12645074365990938
3.0603929672442676e-2
0.11469949179644787
9.269439331104815e-2
1.8621247067790357e-2
9.284140576846836e-2
1.2494679424059362e-2
0.11579800640732603
8.130353740362664e-2
6.058629214033384e-3
3.2802613348685096e-2
2.556902032055055e-2
5.3921489024851235e-2
8.97258473683438e-2
7.538723914441091e-2
1.827539327323837e-2
0.10882663432821844
7.401380566510882e-2
2.7232049042514316e-2
0.11432971121445912
1.274872683023992e-2
6.1118527168559436e-2
1.067023313389508e-2
9.040997173963858e-2
8.010855840868361e-2
2.0641445108131606e-2
1.4463433263259596e-2
0.11451773946945054
4.087245333326404e-2
7.923689058606445e-2
8.245731256128642e-3
6.853953135188962e-3
9.662635444016965e-3
2.3281457507366387e-2
0.10060980072898977
5.25468988204183e-3
0.16897888215298146
3.459415840999254e-2
5.8283493204004874e-2
2.0757328073277282e-2
5.943120531221413e-3
2.3468884095639186e-2
1.1999225176753236e-2
1.7851351878798504e-2
2.3330469165815205e-2
1.0454149806501677e-2
0.1634199094664699
1.8443913820662662e-2
8.385214747874489e-2
2.7779093767858653e-2
2.7467707427297816e-2
7.434296751639212e-2
5.064056960128897e-2
6.695059082469527e-2
7.134390657270415e-2
7.337522524760405e-2
7.954136707787873e-2
1.0288017414175343e-2
6.974338502251355e-2
2.57003991228417e-2
2.127643630230458e-2
5.353007780501149e-2
4.639707423969397e-2
5.398264735210445e-3
0.13665611078100878
8.000231797924284e-3
1.5546387002910056e-2
0.10183738890709651
5.1002491117111304e-2
0.1908331659811712
3.255883688822937e-2
5.104634519749187e-2
3.5009101316242616e-2
2.1141126017481603e-2
4.289905441455775e-2
0.11036848525811553
0.10539599085529558
4.9190555683317226e-2
2.773080427252824e-2
4.361374194938883e-2
3.0919151234990373e-2
2.821402678970254e-2
2.196897743069187e-2
5.469961033423769e-2
4.565856107609702e-2
1.8046843612547527e-2
7.713037901242943e-2
6.210347002940225e-2
9.937849071916197e-2
5.545447837796432e-2
2.5502483507672556e-2
2.4230216967245234e-2
2.621580134103697e-2
8.436122457461845e-2
2.599066450255323e-2
5.138351748909518e-2
2.2666465520174872e-2
4.400427990731583e-2
8.355955827117614e-2
6.939870706537037e-2
0.1291615185213281
0.11454693897871118
0.1274415826285716
3.515792276863059e-2
5.437283926452889e-2
0.11230953222001538
9.490573708111694e-2
2.395233436025679e-2
0.10262988481797053
1.4617967418614774e-2
1.3802957956395735e-2
7.980510554721679e-2
6.206669558706102e-3
6.756298235942516e-2
4.324160719310743e-3
7.14199768172886e-2
3.3731361658793854e-2
1.89093926611818e-2
6.514063181913951e-2
0.13084424934291322
2.4407627970711332e-2
5.8564258092342766e-2
6.640939209805115e-2
4.380141715757607e-2
1.5556292494638746e-2
7.764886408635882e-2
4.4549191730469964e-2
5.7086978055734615e-2
8.136742173959773e-2
6.645306515382746e-2
8.797561391751459e-2
2.3100618044209553e-2
4.8837179226116224e-2
5.651953640475656e-2
4.068095991849582e-2
1.5440492182986132e-2
9.385619261415228e-2
4.285963190151806e-2
7.391272527932355e-2
2.6934474912045482e-3
2.4053845729520063e-2
0.1263629859583928
5.117461487973636e-2
7.88315447543777e-3
0.10508212829887127
9.91983578082711e-2
8.575920587178187e-3
0.12252731410615898
2.192488919638357e-2
2.5361880627951215e-2
4.3533209914671224e-2
2.8195079938534505e-2
2.8631771518109684e-2
1.3575769084241051e-2
3.62099038025271e-2
4.020266074461428e-2
6.010835124470235e-2
2.47861029992281e-2
3.921742235716639e-2
8.772164045806372e-2
0.14833820208175186
1.0308399560216296e-2
7.100675239237908e-3
7.301043469460167e-2
4.739258747879805e-3
0.13586964237207716
9.207015813942277e-3
3.249617400124107e-2
8.011415596393437e-2
1.046974580343898e-2
7.831911857412056e-2
2.311381780547782e-2
3.7915482252776967e-3
9.116935405388507e-2
1.8198896743529147e-2
0.1399921947932492
3.320974484282829e-2
8.777717854667189e-3
7.589388688951494e-2
4.462775993517511e-2
0.10332479013927798
1.7191699060517485e-2
3.326370452391044e-2
6.099415548417468e-2
9.13642470618607e-2
2.359118334168101e-2
9.399141502072654e-2
7.242810879095456e-2
0.11022187014850797
0.11895641318851191
9.340886737571063e-3
9.195005090629843e-2
1.1361470627881143e-2
8.975545989507501e-2
2.5871242286129192e-2
1.008696156445138e-2
6.597038626972418e-3
0.14524747549020436
0.12126993549410563
3.096021097470929e-2
6.652847144043814e-2
2.1812272293245207e-2
9.806675530979289e-2
8.538562225738955e-3
3.7416662285974177e-3
7.548248543771426e-2
7.836664085028455e-3
5.133192384974846e-2
3.901028675499389e-2
0.27244419497840405
6.631753072195583e-2
0.16369072328815956
2.345573542242275e-2
4.18544883044825e-2
2.1836725689437196e-2
1.7958063209134657e-2
0.14040997757742493
1.2387322755838792e-2
1.368559519527146e-2
2.9277982912386046e-2
5.85823655950094e-3
4.270538197878459e-3
0.10300941409752658
2.9878581721276564e-2
2.4501228662149543e-2
2.1101494473915728e-2
1.695453519834411e-2
3.644741785369726e-2
8.51180583315349e-2
2.416875916141975e-2
6.745816613889713e-2
0.14112181458482195
5.665129607670074e-2
8.257375168218206e-3
0.1672888062622445
8.244373251606645e-2
5.8317022911438324e-2
8.266673280544634e-2
9.225531631668893e-3
2.09024664114137e-2
2.844642678499887e-3
7.93191509103531e-2
4.705784052275841e-2
1.5148648911897045e-2
1.8878295183858605e-2
2.4562411302332166e-3
2.9999706619822198e-2
0.13489149107009468
2.960865876316513e-2
9.361294005697887e-2
0.10547869852593209
3.9267676446010556e-2
6.370404967982128e-2
5.2048489199416945e-2
2.4773303233825518e-2
5.056099186588416e-2
7.924520114165429e-2
4.300157452650976e-3
1.5719749968642192e-2
1.4581898848922293e-2
3.312790822146707e-2
6.398205404082731e-2
2.18398703762401e-2
1.0467823141414001e-2
2.2481246796569154e-2
4.950962928061897e-3
1.5211414203395812e-2
4.11184104500793e-2
1.5068735851056659e-2
8.970402024645819e-3
0.15652994905430528
1.6377672011367583e-2
4.6496070178660455e-2
1.780529757852286e-2
9.854436344749268e-2
2.916136035108996e-3
0.10431108263537178
1.530666666692898e-2
1.1455035759900057e-2
0.13208458603750786
1.715574003247029e-2
2.8576230342289045e-2
5.606202769313029e-3
6.873314804327887e-2
9.169567371960506e-2
1.9067450493921036e-2
6.359549397808008e-2
1.8240971003325647e-2
4.138502555392864e-3
2.11950050517583e-2
0.10603461776292629
4.755133283369591e-2
1.1213345543900933e-2
2.5021233026701884e-2
1.659254521707172e-2
4.464911611730763e-2
8.777515400411454e-2
5.9834064834667355e-2
8.10659591977625e-3
4.0218294183352446e-2
0.12832244095613174
6.66270019731472e-2
2.4943342013828262e-2
7.716301602993847e-2
2.8131949895391795e-2
1.8432213791718978e-2
1.1006742085796706e-2
5.9844547499817526e-2
5.1955111565833254e-2
0.10923598448433873
1.0819647732607962e-2
7.61856176198021e-2
0.1014624056148516
4.053103059454882e-2
3.4306945511944756e-2
4.636600212676871e-2
1.4167325290211929e-2
7.934758698526712e-3
3.3624841183152274e-2
3.1034843885627626e-2
0.12119227789354277
3.397446286363479e-2
9.216879979948932e-2
5.988134404440992e-2
6.53175065713274e-3
4.133809311262045e-2
6.953807429743442e-3
1.903018204802983e-2
4.1976562967971254e-2
2.3591492617577427e-3
1.877637737133634e-2
2.9976038489931467e-2
0.10665009291908234
7.32280410073771e-2
6.327963258183451e-2
3.941997290455239e-2
0.10925491934534062
1.5102973833848999e-2
5.551204090724427e-3
2.1593178575715265e-2
3.6005888857820925e-2
1.822589942702424e-2
6.134227477200689e-2
6.221406213727498e-3
4.348027451698687e-2
8.05662384730168e-3
1.9578388742684815e-2
1.3690884069531662e-2
3.611341404486017e-2
0.1076980665441953
4.137932530284646e-2
2.795749137857767e-2
1.0482978954877754e-2
9.898903218372246e-3
7.458086693771504e-3
2.2440976582683635e-2
8.814600512746674e-3
4.7904828556785906e-2
6.368196404301485e-3
1.5982258797711636e-2
2.7953482800943542e-2
1.088751144882184e-2
2.0190348089208988e-2
6.616824683730513e-2
7.732356467727866e-2
6.6896844396603814e-3
1.3586573417523062e-2
1.6721187589239617e-2
0.10272361932191094
2.6775130282758054e-2
5.514513914205321e-3
2.1848409943208247e-2
3.985674752294963e-2
1.679304131996978e-2
1.7599540815272475e-2
1.3202620251224772e-2
1.2379931857807992e-2
0.10428179578289978
1.5571797583483593e-2
0.16887339295977738
0.11496065089798976
1.1116449651376615e-2
2.6102801806942875e-2
2.3038799091928176e-2
1.8546718072772406e-2
0.14758107095095302
2.402703004622282e-2
2.487706255418163e-2
1.3144211359108926e-2
1.2799922129729923e-2
3.172253262337775e-2
3.376630319762969e-2
4.6519027740870465e-3
0.14277414798868
0.10008917943456544
6.029218618159528e-2
9.699378286500741e-2
1.678912575062349e-2
3.504365057938286e-3
0.1739406468998535
4.4785107343177054e-2
0.1187549047425226
3.211742197028755e-2
6.73809674888195e-3
1.0010945203552335e-2
0.22754520991077412
1.7948169919722444e-2
3.8035426230215276e-3
0.11827903048057078
0.16200145341278915
0.10491928690363395
4.000364140606819e-2
6.694161922800651e-2
4.414163992942568e-2
8.712234587141424e-2
6.0773459674898445e-2
1.581133958532348e-2
4.393871143133697e-2
2.6412182660267902e-2
1.1115996701532382e-2
0.12820415587268136
6.473137185639385e-2
5.014217294801027e-3
1.4973379466723159e-2
2.414764953512726e-2
5.839440396661603e-2
1.7236902049229265e-2
1.1507372187454424e-2
5.9168903953663476e-2
4.589409382359812e-2
4.677782381282641e-2
3.978085699328819e-2
0.1485867554699018
4.646501377373989e-2
6.217562208667794e-2
0.11337093906103113
2.602715049056812e-2
5.1623198689812425e-2
8.307259902606856e-2
4.664040804285707e-3
3.705865180985204e-2
4.533387394247623e-3
0.12122653621335389
4.969417627092254e-3
3.0259079080882434e-2
1.1774213348884422e-2
8.305210924038475e-2
0.11588898580482884
3.741429700763689e-2
4.39792122234741e-2
5.3792452999423056e-2
3.1019306715107886e-2
2.3874680317391907e-2
9.050808472788512e-2
0.10369896512803481
8.477729973879012e-3
6.867012992261212e-3
5.1624383184274994e-2
1.2272529573931702e-2
1.2833452938881551e-2
2.1875744742431404e-2
2.4010293249225413e-2
1.0925245416348905e-2
9.605719258645826e-2
5.768641850281238e-2
2.084438721108054e-2
4.8243298984632144e-2
5.285510813584465e-2
4.7009822652756925e-2
0.11644739146465248
0.14770436926795702
8.54721626127414e-2
1.3922429817769333e-2
2.865353272371266e-2
4.3416203027867896e-2
2.23372275232255e-2
6.2050062482800816e-2
4.975107684406566e-3
8.321868028593236e-2
1.0708450948933145e-2
4.786412070627506e-2
0.1225290463662704
9.42540837404664e-2
7.549937789837952e-2
7.647175008687533e-2
3.0804161780955e-2
5.1303885638790944e-2
6.090208090076112e-2
0.1748176499356743
9.488431425747937e-2
0.11376333783571828
3.6697446821368274e-2
1.1873298081339167e-2
1.1360005311902167e-2
4.569020187999118e-2
5.734396443642177e-2
8.577723107268653e-3
0.10963537191796133
1.1848286482463267e-2
1.447993107289125e-2
7.461317398444633e-2
6.156876913289677e-3
0.11293259371724443
1.7372013313727886e-2
0.14535156863880627
5.065558342612272e-2
9.898787270999934e-2
4.652681855194705e-2
5.664366605807956e-2
6.622639329980247e-2
8.843613279713381e-3
1.5313174795807849e-2
4.648366974191579e-2
3.097751355086087e-3
4.761866073251619e-3
1.962554356922096e-2
2.382024863484944e-2
4.748525478857279e-3
7.3780673796846165e-3
1.9887413368070282e-2
6.450182626218437e-3
1.3974197719692516e-2
7.880429340275519e-3
0.12100956924043711
1.580296988018639e-2
3.549501197713732e-2
6.625368313515112e-3
5.78867618972293e-3
7.958242082047563e-2
7.77936930740488e-2
7.720581095482064e-2
9.591887117559185e-2
2.3335477382543636e-2
2.827510797740266e-2
1.1707250953124615e-2
2.8450107611338572e-2
2.3207297163130546e-2
4.200206030607525e-2
3.4233141123447795e-2
1.3085278787190291e-2
1.2632796047364624e-2
5.036597677619614e-2
1.5663015955016114e-2
1.9185358416900535e-2
8.839744446997169e-2
5.254519860267435e-2
5.2006236034334276e-2
0.1258264857648304
1.2103080563074308e-2
3.980729289170298e-2
2.6222116950606e-2
1.3059489688570814e-2
3.248299747626693e-2
8.030535914180384e-2
2.1938447918455607e-2
0.11755573435908784
6.682202607704683e-2
1.3318858232167075e-2
9.265405539282204e-2
3.757174344713003e-2
1.0386664865061212e-2
3.4896349448995554e-3
2.339282394210821e-2
0.11489549881997255
9.399389438423833e-3
5.584891763852029e-3
1.588927131233635e-2
2.2828446588628724e-2
3.294368054991318e-2
9.090052613144073e-3
5.037199892507917e-2
0.12439487712681725
5.6385257484831586e-2
0.1766793141559404
2.681161862031022e-2
1.9021160780236645e-2
1.8036911630439745e-2
3.067372928642361e-2
3.917255087330621e-2
0.1340876377816377
1.1661020431462499e-2
1.2924627938996302e-2
1.982822342998547e-2
0.13007369402286165
4.3614817054340595e-2
0.180645310822883
9.734713090389435e-3
9.669508800654601e-2
2.0252138518046338e-2
6.119112706871059e-2
0.12168436374551625
9.374239322670211e-2
4.0905207155257486e-2
3.783364119142857e-2
4.637439339922448e-2
8.092022615869385e-2
1.857695895899982e-2
1.6501744179636756e-2
6.738521507203332e-3
1.2310826737557101e-2
9.952769295755066e-2
5.861651118543741e-2
6.070861718054212e-2
1.2920600885445532e-2
5.450046789561946e-3
1.0647365609327896e-2
4.755143361253701e-2
9.580878711543275e-2
8.121517664769076e-2
2.8922345929800697e-2
0.11091425883700681
4.84319312477256e-2
4.243647167910377e-2
4.6463033650427386e-2
3.020524503196964e-2
9.576194964000809e-2
5.172554993841294e-3
0.15620306174888082
0.1094188858250618
2.7311367732017023e-2
4.756986811430454e-2
7.460274891947938e-3
5.9829037488996165e-2
1.6960698189645983e-2
1.6402015783659952e-2
8.283476870793503e-2
3.0683115152223515e-2
1.4809437058695186e-2
2.15238996196744e-2
1.530793284529175e-2
8.59776058032978e-2
0.10660619488506633
3.7580950862536565e-2
0.10061066998569583
5.662420328305782e-2
5.6736615751402056e-2
1.3066684495895386e-2
3.4274640436318185e-2
9.871852216212809e-2
6.814357761694301e-2
5.024704904375203e-2
2.513197588491123e-2
5.957010619634407e-3
6.42719430097976e-2
2.9421269894659263e-2
3.870406492691747e-3
0.131068682535107
2.675673690867375e-2
3.783897492820557e-2
0.140419811010336
3.052575576350509e-2
1.7929052202967144e-2
3.4524630914394617e-3
1.0054293496811584e-2
6.608926322063131e-2
1.4698638948948795e-2
8.816820913973145e-3
1.7763303548366638e-2
6.134447301735183e-2
1.3720523318133015e-2
3.292342431477021e-2
2.246966554892438e-3
5.741704337329171e-2
4.0959592700711187e-2
7.026311528771628e-2
0.2114056468485713
2.3974534142193703e-2
0.1947736271625609
3.674138633933123e-2
2.312896618697661e-2
0.12335410817979411
2.5030888757010226e-2
0.11561634404722691
7.053173735650577e-2
3.728206153912724e-2
4.1048583934106e-2
2.9713544505719003e-2
1.2581179368490902e-2
0.14142142623512793
9.66527170049462e-2
0.17411576002395773
9.520906929849027e-3
3.0314246126119472e-2
6.320371778381974e-2
4.020745790460208e-2
0.18364800453713398
9.810848146217402e-2
8.090458419026846e-3
1.6278800584888953e-2
1.7494803059298604e-2
4.2040194895252306e-2
1.581869468800825e-2
6.836722804811529e-2
5.662706427135854e-2
0.10918390093741774
0.11013451462445331
1.0411791958910056e-2
7.888133145958376e-3
4.085610914692528e-2
4.7227334029054345e-2
4.9194635976462564e-2
1.4576801853379905e-2
7.447419675631727e-2
3.349018154349e-2
5.2102055455497356e-2
6.732402114409967e-2
4.839466211424955e-2
1.7823677848857068e-2
8.324300296501481e-2
8.856481183057596e-2
5.215396316227742e-2
0.11416393276297172
0.1536872736093613
5.795511718369106e-3
4.505773301491565e-2
1.1113565362957444e-2
6.8342554928715995e-3
1.0473823511955605e-2
2.735244519127832e-2
0.10294003806318833
4.680166031808215e-2
5.2435559474989554e-2
3.5959945108017546e-2
6.229409886737686e-2
2.302534948529822e-2
1.5875337287004576e-2
5.226450014281932e-2
4.601179930669208e-3
9.300487132172852e-3
0.10797638479056774
0.12066562934937126
7.872869920153801e-3
9.414173968554049e-2
1.6368926797880344e-2
1.421894673956311e-2
7.885242383375485e-2
6.5874762055621264e-3
3.0078631304470506e-2
1.3444730837392727e-2
2.5669666413892678e-2
2.4196894679982338e-2
3.8130174680971296e-2
5.1923317342926864e-2
6.755746315882064e-2
2.5129355988340596e-2
2.689097855092082e-3
0.1390588240343161
4.566702792552992e-2
2.168731645359978e-2
2.7082289583126383e-2
4.388508303660336e-2
0.10610280509830368
4.908412984303112e-3
6.414022162025786e-2
2.2668623116380127e-2
6.467011865332198e-2
0.11013652086378174
0.10697588335197458
4.089508753065735e-2
3.502301986447285e-2
2.8112544710830266e-2
1.027637273662666e-2
7.743180164276571e-2
5.7888932023685245e-2
0.10241745880373361
1.86613435889736e-2
0.12228378896520153
5.2764778359970024e-2
3.055891801490982e-2
2.1132804926255588e-2
0.13977002453511106
4.2194253134902895e-2
7.022349894866925e-2
5.1670915084829405e-2
2.897957706074996e-2
7.7311329548688575e-3
7.109278233032361e-2
2.8307486068670264e-2
3.00923198361319e-2
1.535967913184937e-2
1.1624826850085724e-2
9.293242049750873e-2
1.7569221045356197e-2
8.97888380744446e-3
9.640911011981768e-3
0.16838459708004608
3.839869520913697e-3
0.28925714940628333
4.4467576775117076e-2
0.14071249896663338
0.18880792768297955
3.9594127205318505e-2
0.10237682437029974
8.104532916227776e-2
3.874177807671293e-2
2.5652982055527053e-2
2.802784807373503e-2
6.601259067293164e-3
6.601616115987577e-2
0.10557088616295887
9.668243565459853e-2
1.2797148427840178e-2
1.011375832646495e-2
7.240891430986848e-2
5.316456663549276e-2
4.709531063768927e-2
0.19426019827082247
6.351631915605732e-2
0.26283767242097705
2.6290441143678723e-2
0.13209778935112096
6.472358351237983e-3
0.12362726533369542
8.074057465145135e-3
2.5489860956321785e-2
7.812510664720096e-2
0.1556724507657359
6.854476164410968e-2
9.682285245885999e-2
4.513705643581053e-2
1.7151682097380605e-2
2.8126279427640934e-2
7.242913052085874e-2
6.559908095543543e-3
5.7703323747435656e-2
0.10184899020034836
1.026755068632943e-2
7.570483495185208e-2
1.5263159565113016e-2
8.85413604867189e-3
8.55334099385934e-2
7.022031077543933e-3
2.2262940021347034e-2
0.1273904454495404
3.01525374513672e-2
5.947887395385806e-2
0.10800832509860676
1.3837160389650782e-2
1.785947422920302e-2
1.2286794466697882e-2
4.586515575391736e-3
4.121398084872322e-2
0.1187253768789343
6.239427402130363e-2
1.3316875227042469e-2
7.187068053592904e-3
3.8952883259858476e-2
3.799507137953614e-2
5.9218362016555505e-3
1.55450382427616e-2
2.590005145184382e-3
3.0666815846774366e-2
5.717707683869696e-2
6.855539497581833e-2
9.338154009991783e-3
1.1671794701140692e-2
1.5044927094180927e-2
2.0327609898579624e-2
4.0784674158596115e-2
6.050206149021459e-2
0.1258258748260054
6.585897051747924e-3
2.542987893030313e-2
2.469320700391594e-2
4.421951358286406e-2
0.11389463343098152
6.493855004207434e-2
2.541404991646867e-3
0.10942547462658254
2.7514770438265168e-2
1.8133557651449528e-2
3.642573255852899e-3
0.11124244448432888
6.829367729122315e-2
1.2956726194340063e-2
2.6747151514961154e-2
3.3496854843790135e-2
3.8984158772020036e-2
1.998886228366803e-2
7.24706517293821e-2
7.456030601889743e-2
9.523471248617013e-2
1.0300886837094281e-2
8.524918547666738e-3
2.0550570708853032e-2
7.483527363113854e-2
9.097524802451896e-3
7.742475798790409e-2
0.10120709817269913
2.2309162180380048e-2
7.939535988687732e-2
1.945875621734421e-2
3.1713456564026785e-2
4.8121435407448634e-2
1.710451689892615e-2
8.318160140584943e-2
3.61982560253168e-2
3.793232554794292e-2
0.12988540808866322
2.7514472493657384e-2
3.055320424783975e-2
5.8757019925828644e-2
4.80900754137954e-3
4.0550611958899606e-2
1.666691682177628e-2
2.6328138729809457e-2
7.109998921092851e-2
5.0096575678317226e-2
0.10064765818194665
0.10754712540194436
1.1431550165511839e-2
2.5071069483564513e-2
1.1971242785612513e-2
6.615805683831275e-2
4.987521397390145e-2
5.779623630784518e-2
1.0848581970797643e-2
4.457629688401128e-2
8.334103130115135e-2
7.324827999410818e-2
1.5409817940141757e-2
2.6117267258075404e-2
3.0979931810089244e-2
3.459236287971239e-2
6.98550525923951e-3
9.347305536092542e-3
9.532282201683553e-2
2.0061579105173043e-2
0.15008421170670977
2.643341606858717e-2
8.081060312718692e-2
1.5457513935270395e-2
1.3698231756342882e-3
1.7815124988936983e-2
0.11822495967243918
5.064132176720156e-2
2.445621293275816e-2
6.078734343958036e-3
0.13396493138370733
5.8106030204629996e-2
5.637349017228708e-2
1.0479588715509646e-2
3.123020514394086e-2
1.95833250715829e-2
3.17657327079609e-2
8.102519950681375e-3
1.434668121810564e-2
2.773959649691161e-2
0.1239614950104682
2.3792279347537103e-2
1.2570101511944886e-2
8.178061994050528e-2
0.11203606722298824
1.5913213273195326e-2
4.637477586101378e-2
0.11661967945275169
6.991129575525423e-3
4.004701304012557e-2
2.136019535859629e-2
9.211793917930641e-2
8.885034505922801e-2
3.569025380942159e-3
3.380895971210067e-2
2.5350130127746263e-2
1.748168302412343e-2
4.027851872653735e-2
4.846380658640327e-2
8.589567068598435e-3
5.704248580313668e-2
5.646380571423516e-2
4.662502749922285e-2
8.79763240966038e-2
8.515200977604064e-3
5.770665260767615e-3
1.679797443644514e-2
2.0681043065721726e-2
5.1563303496042656e-2
7.518060126359233e-2
4.527708443562848e-2
6.794322849817178e-2
6.965377212089977e-2
0.13264887592475866
5.239873956792762e-3
5.682423087250508e-2
6.446445100337905e-2
2.909193694517963e-2
2.5876102339597074e-2
1.7618536382466875e-2
6.477104472086236e-2
4.2672401209402876e-2
3.884592103060047e-3
7.345894393911337e-2
5.821569819080778e-2
6.335764233104207e-2
0.10513370589890884
1.5728274223321535e-2
6.581091083999743e-2
0.13611242241715654
1.3781663628151974e-2
7.524736239730742e-2
3.2678191177284946e-2
8.5842214073088e-3
4.905801701478937e-2
2.2269408287426996e-2
7.038297782342606e-2
1.7441356878316994e-2
3.809008447456402e-2
5.022838549846257e-2
5.042894700179479e-3
0.1346964368105473
1.2658973819005836e-2
4.1809378590352296e-2
5.373068717868605e-2
1.3177666561177992e-2
0.12031739460092561
2.7040460475507632e-2
4.489215185096159e-2
5.7345329411572624e-2
5.2980800436025835e-2
7.857298608396635e-2
8.099844441734579e-2
0.170613697366796
1.517830682685738e-2
2.679806959818738e-2
9.31929851850809e-3
7.85835365922629e-2
1.7770929075053198e-2
6.152571946594017e-2
3.079557275322774e-2
2.8546609759452012e-2
2.3342692512436e-2
0.17051478792714309
1.8770430104676373e-2
2.1481681518363317e-2
2.9339802523766022e-2
3.401243956928175e-2
5.777839878650032e-2
9.96038253080479e-3
1.0243488085304574e-2
1.7375819787692093e-2
9.134302295244948e-2
7.21126209536109e-2
3.218435443512867e-2
1.122022728426333e-2
9.546590656154758e-2
0.1440829585054883
6.266176798019331e-2
2.5073675811433903e-2
2.9931160188126325e-2
1.4649447223822854e-2
3.00079082732859e-2
2.2362770570156697e-2
8.800868414891838e-3
0.11164574321458609
2.5159727552178934e-2
8.3596027022626e-2
3.193857418345451e-2
0.10311102043208442
5.497287443556209e-2
7.212328581506891e-2
6.94449294139259e-2
4.39285083762511e-2
0.10774023772188619
5.316298381043585e-2
0.19227801932109898
6.140552481167862e-2
7.734329724220268e-3
3.0435970980554828e-2
7.186586505849757e-2
4.7877792728386125e-2
1.3989057641816816e-2
3.685980227218146e-2
0.1248129376358071
3.588530013765945e-2
5.4158412075370574e-2
1.1211128820665684e-2
8.830597259838946e-3
6.702924307744731e-2
2.9200309465337006e-2
2.3798973336740616e-2
3.1144280656091972e-2
1.462418818366309e-2
2.0553484943720557e-3
1.712698103026783e-2
2.3391290421177248e-2
3.5613340025387484e-2
5.802545329909525e-3
1.5616916581151597e-2
0.13171393774843354
3.4569063345426455e-2
2.863391684094708e-2
8.328607689152973e-2
5.3252806932911165e-2
3.363375118959783e-2
6.803573651656161e-2
3.6726615949675266e-2
0.1286387489036449
8.237227871088848e-3
1.0524402066659666e-2
2.3507307964218738e-2
3.249306646996747e-2
9.099623604779371e-2
2.7440717572486117e-3
5.1303726068528385e-2
5.462097719836268e-3
0.14609894179003824
3.4338897234019415e-2
8.478250030658643e-2
1.172601297918815e-2
1.145471925740792e-2
3.0584453955964108e-2
0.11505731679332776
0.10641038494004315
9.582230244881373e-2
7.285254292408522e-2
0.13561348776205145
1.3569699062454565e-2
1.0127764524764249e-2
9.887490530442052e-2
5.603098753273349e-2
9.445686168446987e-3
0.14068844755755877
0.10577082087008667
1.7502657862291125e-2
2.9404524324518123e-3
0.11418442511368321
3.950435663360387e-2
1.0209592690784563e-2
3.665930764923915e-2
2.6488780476668604e-2
4.420795395290587e-2
9.298258865081599e-3
0.11620407073636041
0.1802734258716372
6.558141385294548e-2
8.196552873670088e-2
7.217532579781606e-2
1.239205187213267e-2
8.235307587538868e-2
1.711085241025655e-2
6.174742746002759e-3
7.092125448119488e-2
0.10421664657167591
2.361181442645055e-3
4.366758405082612e-2
7.044595437725676e-3
7.959527666139916e-2
1.8497666344093677e-2
6.904161139975222e-2
0.11330048655994403
7.64075210722751e-2
4.908810533249123e-2
4.257881357831703e-2
7.804042815647193e-2
3.7414693273398233e-2
5.3580340754022186e-3
0.11902752021954081
0.11302863871521984
0.1886131350704691
1.1701476754008854e-2
2.7609828097253118e-2
2.0466672738325066e-2
0.11365846689221995
7.21561248308933e-2
0.20104383943084403
4.229738459333824e-2
5.564021517142703e-3
8.87666629888918e-2
0.11220094649109087
0.14186103636016528
4.400623992893874e-2
7.056479783040846e-2
2.8369949338335265e-2
3.5823811143942084e-2
3.483321139679094e-2
3.871067170415794e-2
5.0255154561768614e-2
2.937883300481934e-2
6.311942145007239e-2
6.696678587791483e-2
1.8916285680448085e-2
5.843868931096356e-2
0.21726103446554879
1.1243237022159448e-2
0.10833811024132682
9.39447013091659e-2
4.63660976859015e-3
5.825889588291122e-2
0.11141921961858421
0.13460120385431348
1.4190657625423143e-2
1.4345734334940496e-2
8.822257785955769e-2
3.833104953047186e-2
4.492361723491025e-2
8.936831451896145e-2
0.17024678882962657
1.3539305886470832e-2
0.17534238933266294
5.577033385948017e-2
0.14090511533779543
6.399613165187873e-2
6.702328084301346e-3
8.797658720755896e-3
4.485980323033834e-3
0.12784220187654843
2.378319473568914e-2
1.2544029800480616e-2
2.0292733561487707e-2
6.117413762403008e-2
4.1331083556513284e-2
1.0524077732568905e-2
7.006899592080322e-2
3.468006668228242e-2
3.1425376080869816e-2
0.10052750631592708
1.7282387015410496e-2
2.6205586233562828e-2
9.598245872959348e-2
4.550084237710174e-2
0.10150599285457448
9.734250070699446e-3
5.280485133356783e-3
3.1169475269397794e-2
1.2600081463326052e-2
4.9337860101754574e-2
0.1307911039204871
5.198181938848125e-2
9.193601987917793e-2
8.611907129577678e-2
9.92754164119785e-2
8.595626663906099e-2
0.12273420239163983
0.1325243437978966
7.406838629642606e-2
1.9058811100664687e-2
1.3698737641839254e-2
6.732622617883052e-2
9.71828977117103e-2
3.132682264517835e-2
6.81902919075311e-2
1.3470082043830411e-2
8.371574577514203e-2
5.2716176718171436e-2
7.20366203177881e-2
4.092666944881677e-2
4.0063279944636656e-3
4.969635033024699e-3
5.848747043116687e-3
1.3283955065909913e-2
8.889626921628657e-3
3.409926657748623e-2
0.14519899673076378
3.824396478950113e-2
6.904129964117325e-2
4.441198511474885e-2
1.87641429867495e-2
0.10752074989086098
9.597505223262626e-2
8.364854152490463e-2
1.4560581145365802e-2
4.2439004220639044e-2
1.223577740541303e-2
2.710263974065147e-2
2.0341826402274464e-2
4.940633493121954e-2
8.622929035132507e-2
1.358276305403916e-2
1.5932212624585108e-3
5.8772305026259165e-2
6.36386263044466e-2
1.001972862648639e-2
1.780177935838212e-2
2.499296157991058e-2
9.135968856435486e-2
0.10953100543130745
2.1977246212240686e-2
5.837524027162605e-2
0.10041480628915662
7.451910292655584e-3
4.193488164605254e-2
3.815441579621026e-2
6.701058464474596e-3
8.105545526922071e-2
8.159719025024832e-2
0.10174437376397898
9.239165532386628e-3
7.643207420412743e-2
4.885879173813568e-3
8.003301104534743e-3
0.2485948363097112
6.20865687629417e-2
6.049531618301557e-2
4.817170442426046e-2
4.679273005803214e-2
2.178010536609447e-2
5.64880255690576e-2
6.117404649032742e-3
3.159702917404732e-2
9.399452740505165e-3
7.067493189150482e-2
8.11291172926345e-2
0.13956030272466152
0.1502903352772476
3.2075786001583804e-2
6.954198116663493e-2
2.1838513923783043e-2
1.8808456495084204e-2
8.373998562517092e-3
0.12487007809984707
1.3742638895685754e-2
3.971726870635445e-2
1.0989983479127807e-2
8.926231841106777e-2
1.8146089034543067e-2
2.517805745907298e-3
8.166495433443859e-2
2.20246102082721e-2
8.388359215347835e-2
1.2270927348179505e-2
0.1443277806783318
8.468961912668847e-2
2.2711123869726135e-2
3.420329399506965e-2
4.5063856858596193e-2
9.5180258804775e-3
4.221959414118714e-3
2.9745977285888757e-2
0.11174222628240571
9.281040505506301e-2
7.153293909095343e-2
6.268379196558826e-2
0.12604061281176998
0.19263148170780564
4.213054944318112e-2
5.068961307175346e-3
1.3305992112515297e-2
8.80937855247559e-3
1.6106038966475687e-2
8.97251643238524e-2
1.4231405542599673e-2
1.681181133171091e-2
8.127222928930568e-2
7.5486235382689e-2
7.381415176552025e-2
2.4074396814151043e-2
4.169414796697981e-2
7.046580424074785e-2
2.504331400149229e-2
9.414221045963067e-3
4.395834092865956e-2
6.419899166052559e-2
8.797028975293452e-3
7.280389159615915e-2
1.5233999981164459e-2
5.801528314170214e-2
8.961976057909438e-3
8.056658330671628e-3
4.7159995498826476e-2
0.11716908667114745
2.145406691408258e-2
5.608336526771139e-2
3.9976954202340834e-2
6.2056931924052774e-2
5.491330870324433e-2
0.17660093546441477
4.463181732834433e-2
8.17832729852507e-2
0.1693054714795334
2.5782563529247883e-2
4.7176575953555365e-2
9.047465134344362e-2
1.6156415057824967e-2
0.164985774709315
3.6045452880937724e-2
3.9673598649864396e-2
0.12499341935975472
7.598227625675224e-3
6.89771559612377e-2
0.14219576279756146
1.5670465970312197e-2
0.15613455132813062
1.721014300316982e-2
8.360110683889765e-3
8.519562278256888e-3
2.8128985799956985e-2
2.0095732462189365e-2
6.798763110936219e-2
1.5281041596117461e-2
0.15961280946462497
4.072266229216691e-2
8.870765885587084e-3
8.158636545499251e-2
3.768838255156071e-3
1.1882698840359408e-2
1.0359856171762338e-2
1.1169166375236683e-2
3.0384453810621416e-2
8.422126284535193e-3
7.379865868278735e-3
4.674564384607072e-3
0.16929238439613906
3.0555786105232997e-2
1.6906225777044804e-2
6.049769167894923e-2
4.751887091679301e-2
1.761357001547671e-2
5.980092309971626e-2
8.788454031680008e-2
6.0860108875206945e-2
1.6580782781864433e-2
0.14075359544275384
2.5057349935356476e-2
0.13611225756824613
6.964640867053189e-2
0.127215128890062
0.12089472260792
1.5147014331367736e-2
2.4376372929884614e-2
2.1935331381325453e-2
0.11223332736389162
3.912401479766979e-2
2.474053449349616e-2
1.9033745338805575e-2
1.0538429088855373e-2
3.712789437588917e-2
2.1790312645597477e-2
5.774584295845964e-2
2.8701380217631113e-2
2.5669357140528613e-2
3.32802778005743e-2
1.8593886152072414e-2
2.33913467855422e-2
0.10238302978269749
7.725992388052877e-2
1.6879446858239656e-2
0.15294943803486358
5.766414304427647e-2
0.11753368482578241
0.10671712639874364
5.60006645498703e-3
0.13183598211950898
0.11078982743091377
9.820473629561047e-2
6.839178367938103e-3
4.9856415474249925e-2
2.759541620132201e-2
1.87983161921745e-2
0.10241991675499244
1.878821931331538e-2
9.557566176103195e-3
4.2514976863789e-2
7.991638110684984e-3
2.6271143748654337e-2
0.13686532423003026
8.684845641444458e-2
4.0274366142010506e-2
0.123536870653748
4.109316142345544e-2
1.0380337504253889e-2
5.177211290701117e-2
8.601858250912979e-2
1.119943358461466e-2
1.2455420044935583e-2
6.520259090869024e-2
1.3042715850924447e-2
5.7459658456768446e-2
0.12898798911870962
0.10351259570831543
2.7685538255724173e-3
6.659864766029533e-3
0.14624336688711462
8.2125666181257e-2
1.259719476085247e-2
0.11342714176326223
0.2029655994117002
2.435734634952742e-2
1.6521611029627736e-2
3.8544637282137716e-2
2.668310982656119e-2
8.503920698752152e-2
1.540874258919589e-3
5.8501087481643156e-2
1.21040241901057e-2
2.5161624969281517e-2
2.641537196019097e-2
1.2127315805263805e-2
8.489738073978821e-2
0.11275112232018147
5.855369365032449e-2
6.914029441147902e-2
2.4001766027497264e-3
8.24422513572304e-2
8.435848958427495e-3
6.1139957198335995e-2
7.050511679102264e-2
8.284995123497842e-2
2.4544256403162667e-2
1.925303722561079e-2
4.3788720338196474e-2
1.500842689999382e-2
5.397156902472311e-3
3.7580959695554194e-3
0.10969890479336955
1.1991502786186058e-2
0.1333069544954882
2.59852794873928e-2
4.0558548317986595e-2
7.936552087749672e-3
9.54840828817345e-2
4.186416054135389e-2
8.45075978175856e-2
1.015857315929789e-2
6.522840522286988e-3
0.10367864863119798
4.331349155037757e-2
2.204571469001415e-3
0.12013942770977178
2.412360883253305e-2
1.1320399047712027e-2
0.125911810123472
6.335989182947088e-3
1.3883720634720131e-2
4.979604478972165e-2
0.12584296155888489
6.560842426773339e-2
5.828015395095214e-2
3.1028912640762497e-2
6.664412050708193e-2
1.904476017974439e-2
0.1433376066665601
1.1355403563749611e-2
0.1197702716345193
1.2289775370461364e-2
3.465698999094178e-2
8.41461680792277e-3
0.10174052094523511
1.579491153502649e-2
7.941809571217498e-2
5.903705058141806e-3
3.988323855228596e-2
5.565305044985513e-3
0.21199815071853031
6.742915921001602e-3
1.12515599585583e-2
1.6005666460841905e-2
4.760379055165755e-2
2.3441373779511165e-2
5.5649350920320105e-2
8.663565135234777e-2
3.832320183287258e-2
8.19724841655135e-3
2.8496537271188414e-2
2.7719721764393655e-2
5.505840435751065e-2
7.326763704720743e-2
5.0540220095482126e-2
1.0692695129625751e-2
6.429584326682032e-2
0.11166873813051777
2.0531081253965223e-2
1.752630231419585e-2
1.4841243887853706e-2
8.095623700917133e-2
1.983875004704374e-2
2.435439124209311e-2
5.65713497335088e-2
3.1192743251648447e-2
6.807882720487379e-2
2.1764151756875415e-2
9.220711854877117e-3
7.135101284467825e-2
5.3923707075641425e-2
0.1603980056434824
6.361955600022962e-3
9.34900930797712e-2
2.73275523051131e-2
6.389669505367973e-2
7.184205061606438e-2
1.5650048294343143e-2
5.6433913441341674e-2
2.136783218660049e-2
2.3786883334926744e-2
6.995698171940996e-2
0.10764380992837533
1.0517548710524894e-2
9.764135287695268e-2
5.743330702775028e-2
2.8673260368992058e-2
7.128549577006874e-2
0.14127868415492817
7.007330068174586e-2
9.500485264035158e-2
3.184080127202995e-2
1.4395633965643006e-2
6.318568019178783e-3
5.6236904512736e-3
6.784990827795728e-2
2.241874489817891e-2
1.2692774618448532e-2
7.153886176088324e-2
4.251658059289405e-2
2.474050966952701e-2
8.755373043139381e-3
3.2210245491908374e-2
0.12894120211389817
4.737649950733702e-3
2.718033384601527e-2
4.310079868307232e-2
7.711964541425999e-2
6.410530533226544e-3
2.970459755212319e-2
7.508272078022774e-2
3.7642045118606096e-2
9.055726427682201e-2
3.286194775737866e-2
3.676547140697558e-2
0.17007747904862552
4.389890254516965e-2
1.7933336224930773e-2
1.3608987858719435e-2
2.717416887327283e-2
5.926216090631364e-3
4.564015321631245e-2
6.8687369925384935e-3
8.360268152110926e-2
9.999250588045454e-2
1.3271670300352301e-2
4.411130684784368e-2
3.7705862927788936e-2
3.699898054480805e-2
1.2243948313405018e-2
7.224345777928948e-2
1.2293068413450714e-2
5.891300695718073e-2
1.4683963094808827e-2
2.9388127132684128e-2
2.8356029192906508e-2
1.950069014346346e-2
9.699167116609919e-2
3.72366641315548e-3
5.6796125870854586e-2
8.325467338349209e-2
0.10407596425165093
5.915250758165802e-3
1.7245589191665543e-2
0.12466424039728614
2.195179860981803e-2
6.2005082993003445e-3
0.11936486088311801
2.2585691075399407e-2
0.11050107437909493
9.24277103166606e-2
7.436377730896578e-2
2.5137198242014946e-2
0.12304785831427163
2.4183507438281248e-2
4.3745269817674494e-2
6.715086653530969e-2
7.553704974781239e-2
1.5877359331997975e-2
8.066881776082302e-3
5.350419308393273e-3
6.834651341075693e-3
0.11665640076637933
1.944946220804402e-2
1.7438489887355878e-2
1.0786263050267331e-2
9.486092105872254e-2
9.285642641947697e-2
1.911083871250622e-2
1.988695450869583e-2
1.1486797479732812e-2
8.562877040067075e-3
2.097433322929406e-2
8.743979525079303e-2
3.9058547968297886e-3
0.18790010027864068
3.117585383956415e-2
3.0514305756485883e-2
1.451491391840658e-2
9.069157986831738e-2
7.979070118162182e-2
0.10677565141139649
0.13089826317524747
8.30891846905297e-2
5.642045747297553e-2
6.118120174640148e-2
5.328612035758318e-3
2.8087931979031346e-2
1.5451149762288096e-2
9.218589457831915e-2
3.6803027960993218e-3
3.134411671390147e-3
8.968752480742515e-3
7.897789447502773e-2
7.982972183701764e-3
3.143202776019988e-2
1.3477924074660086e-2
1.7596015094409112e-2
2.4899213631871576e-2
4.069907188049867e-2
2.585967921327199e-2
2.9152033753284623e-2
6.101562942400836e-2
1.7059263983951866e-2
6.825810354273469e-2
2.6405308569788833e-2
4.73356275443599e-2
4.0291543437304234e-2
7.28106347076491e-2
0.12315196710315343
8.090405049959586e-2
5.6990896373818954e-2
8.988745050992142e-3
7.638161574728243e-2
1.6523556411078565e-2
2.5553235546070883e-2
4.778883711643429e-2
1.2599918636674989e-2
7.866763868766737e-2
7.49023352657761e-2
2.918743252243914e-2
6.374593754224378e-3
3.947301307061155e-2
9.590498817800937e-2
1.0872415648642553e-2
8.675838412870396e-3
8.406371076335635e-2
5.942369537741023e-2
5.4115333338611835e-2
1.3629513831547013e-2
2.4837601771087636e-2
6.97383629280629e-2
9.980807963461283e-2
1.5952025175450545e-2
4.246683871343171e-3
6.340619412269163e-2
6.331955516555311e-2
9.365752641815467e-2
3.5182829225473944e-2
7.940037580887702e-2
1.4671404457085268e-2
3.801213504195501e-2
5.596823806987209e-2
5.350315855749066e-3
4.5837246559231645e-2
1.1064979478596226e-2
6.359768933914103e-2
4.0564227957980724e-2
3.089767261362274e-2
6.375436206898813e-2
0.11871458456720521
2.5028678678490013e-2
5.816650074122402e-2
7.264702891226908e-2
9.22396684030009e-3
1.9015476105581665e-2
1.826521553640349e-2
0.12958695638747172
0.11471667518860743
4.868800844698673e-3
1.0826568984298601e-2
2.400225511296238e-2
1.1593013626442461e-2
0.12087438518093747
2.6707816967439978e-2
5.27754830071937e-3
2.2119715839996012e-2
1.8397036267914592e-2
8.300160393467042e-2
5.648205886897428e-2
4.714554539264064e-2
3.6346669661351805e-3
3.871029656741058e-2
4.6150135020049055e-2
1.8111104457047632e-2
3.7206905306647275e-2
0.1605212647162923
3.3591879784137025e-3
9.462694870610946e-2
6.0724367868367844e-2
4.0961031091292274e-2
7.284821042064238e-3
1.780682415386925e-2
1.640243109718812e-2
1.5369610492943452e-2
1.1591765034662116e-2
4.261909917829485e-2
6.24747861554571e-3
5.5717583553420005e-2
4.211806380265577e-2
3.0192098323548123e-2
0.14544377667284988
0.11438339163918679
0.15137704503102484
7.581260205918555e-2
2.3401224563506497e-2
5.485042580155698e-2
2.6401200383459788e-2
2.0949182072323047e-2
7.159980679494848e-2
0.11194031061349712
8.905599111448802e-2
2.127947289725657e-2
4.8499830723390314e-2
0.10465469165053949
2.6403519268885532e-2
1.828979008864261e-2
9.046851440398304e-2
1.9406333408464448e-2
6.651266009956441e-2
2.8334768809404044e-2
0.11732771819575967
4.961287541756467e-2
0.10234348035662913
2.5634248819251916e-3
1.9846436745401097e-2
1.1960973218192505e-2
3.226748049120457e-2
8.822662168820905e-3
3.0502486755342516e-2
0.13413298182429292
3.2616605323266455e-2
4.04486357372118e-2
3.957796263537722e-2
3.7314318729846697e-3
7.7797611689973e-2
4.8688442198938545e-2
0.10179878102971973
1.8258087840923632e-2
8.106061113691321e-3
1.2689376483104564e-2
0.139034065372573
0.2318047249437492
1.3024872036900304e-2
5.9866198185355955e-2
9.696600341054255e-2
9.057889569897364e-2
2.044531462879411e-2
2.523874553375257e-2
0.14316771042629528
1.4097690825197596e-2
3.34560235857552e-2
2.6660026231698643e-2
5.531010000398247e-2
3.7611869826157497e-3
7.660069179409547e-2
4.4660028242064165e-2
1.0518921569355444e-2
3.042271173029132e-2
1.2521808851878691e-2
2.8515013920192435e-2
2.7475296356078906e-2
0.1733775118027306
9.612090721786555e-2
6.140512960777335e-2
2.909848088055026e-2
4.709829027599566e-2
6.684486873411036e-2
9.674747638849453e-2
7.247556238802888e-3
4.198356104974029e-2
5.161006615277414e-2
0.124837520661079
2.442615454530491e-2
9.015704669661645e-2
4.435198661213504e-2
6.020920133414977e-2
6.684792811180408e-2
3.500435879819076e-2
1.7174337023756148e-2
0.16675154211954285
4.371143794894823e-2
2.2533252347403755e-2
6.705141404212567e-3
8.500040089381618e-2
0.10783098492280188
0.10999484313777945
1.2571913457534467e-2
6.626512918348051e-2
1.5431417064761232e-2
1.7699118388483558e-2
2.7327365513272705e-2
2.5724566020492758e-2
1.692305876506258e-2
3.604595355286888e-3
5.5624425611218484e-2
9.851855390969774e-2
1.527293028230028e-2
3.5227203962124643e-3
2.4105174279224862e-2
1.7168577587625123e-2
0.15724578965853447
7.013905804917896e-2
2.6297429949160466e-2
1.5008312181536088e-2
2.075873294368419e-2
1.7944357527038123e-2
6.0468821020877486e-2
9.384693543760485e-2
2.0170741641604917e-2
3.351216096772225e-3
6.496143511922123e-2
9.309628509259193e-2
1.725446259194032e-2
8.501737700709533e-3
2.0286992829981643e-2
2.893187847256119e-2
1.8981593087219452e-2
1.3727450895677706e-2
1.6474780996269513e-2
4.181122665767576e-2
9.834686054379071e-3
5.682407298477255e-3
8.319186667779265e-3
0.13932025045821866
4.521973724576376e-2
9.73895977898918e-2
5.789250420810232e-3
2.048839056792525e-2
3.1124180721970086e-2
1.099046562755549e-2
1.5553591635334452e-2
1.9704776234135368e-2
5.535931322775902e-2
5.959553639064298e-2
2.849692987497444e-2
1.3143878075665971e-2
2.8512677951987076e-2
7.984158555993476e-2
2.9783103197712e-2
3.809653828448132e-2
0.12049373104931856
6.779243174566146e-2
1.3799810429609982e-2
6.117176996423335e-3
2.040399233939254e-2
1.2826451316973075e-2
0.11468215832212517
3.812409239022552e-3
9.002091804349843e-2
6.922479573940277e-3
0.1153351969227944
7.470011885845673e-3
3.863974189892916e-2
1.6421189335988507e-2
5.764719861114341e-2
1.9733274629998722e-2
0.12678064700023667
3.842096386931525e-2
9.484019876276239e-3
5.705413181265752e-2
1.867256774874364e-2
7.787909097026514e-2
2.312128455355831e-2
8.63072183457223e-3
5.960415647767516e-2
2.1780574386938888e-2
3.413196304848611e-2
7.793444091976878e-2
4.2325879300497506e-2
8.538238633859451e-3
2.9285593194030356e-2
4.7275630753262556e-2
4.7820405443327295e-2
7.92015112512773e-2
3.959557167968243e-2
8.966356191603295e-2
5.006829138285317e-2
9.305718924811414e-2
2.9482031764348448e-2
9.774954953700637e-2
1.623276128217983e-2
6.557751614129814e-2
1.6834789168649368e-2
5.727651184106575e-3
7.251823781244776e-2
0.16265854460309992
3.6969228417952694e-3
7.688875394656698e-2
9.794625772717579e-2
0.11190197746218948
9.610580979420048e-2
0.13246754803624486
5.5410477133088255e-2
7.909726931791988e-2
2.2183907490215104e-2
6.834225860674534e-2
4.483069183244968e-2
2.0953546124964095e-2
2.3751726637422522e-2
0.10143116158797003
2.5392911114907612e-2
4.215687541352731e-3
5.769909080272984e-3
1.537377009286094e-2
0.19799845062231652
4.0555235186743085e-3
0.17722166542931742
0.10547636170592276
1.5327631790603913e-2
2.703973825085073e-2
8.713052295796353e-3
2.8256899429486938e-2
0.10343002682327115
8.039817853182234e-2
0.11001133755080587
2.6601376980678392e-2
4.9782980499292175e-2
7.438849824920557e-3
1.38029705296012e-2
0.10230450284407144
4.7033612837019e-2
0.1418625236780827
1.3969049687887935e-2
0.10561505864470182
6.10544404751726e-2
1.7274350976216622e-2
7.413947569694207e-2
6.708193403246218e-2
0.10355221252748044
3.313055806226103e-2
2.508899849433821e-2
2.4669661338577908e-2
9.704520349575951e-3
2.3153989984160517e-2
5.4431168581135426e-2
2.4488064633244645e-2
3.842973925160287e-2
1.1758571048814082e-2
6.41898358981559e-2
6.249811309015234e-2
9.87744016456771e-2
6.794218142973694e-2
6.68646607663265e-2
1.7372600477206335e-2
1.4862281038926473e-2
1.1138057460589346e-2
3.267177857429256e-2
8.593069662576465e-2
5.954779971134999e-2
2.0929903737295696e-2
1.5937376931896962e-2
2.3916379939673736e-2
4.999440288135848e-3
5.0864694310854955e-2
0.15075336636635242
4.9673526599023334e-2
3.8658651051980984e-2
1.5105019369531614e-2
2.5946823819169417e-2
1.8922862623023128e-2
0.10604555645322492
8.633251561098956e-2
8.036594610827873e-2
0.10827209065876357
1.6666163045672755e-2
5.9420606268043866e-2
1.7094748807793735e-2
2.3625944742895345e-2
2.1396916611603024e-2
5.193421001178009e-2
0.144089212774151
2.6924314422145025e-2
4.801930744216097e-2
3.8072674880283318e-3
5.984205179978129e-2
1.4432941572934909e-2
4.678309633486838e-2
1.8604357155856045e-2
5.421423218702166e-2
0.136658138499758
2.2781128546806605e-2
7.511542114358294e-3
2.6641148156005733e-2
0.13573905175093365
0.1012611415002819
2.0619779914950974e-2
2.6234117239300823e-2
2.380814946017008e-2
2.0842955374643046e-2
0.10269581229506848
0.14970467471823096
3.2620732500362806e-2
2.8438780842105948e-2
4.2686867235066525e-2
3.67297669395638e-2
5.406226600873022e-2
5.159880314486165e-2
5.4307745160137144e-2
0.12990258278698336
7.521605004747581e-2
3.0992152726345656e-2
1.562980505695829e-2
0.10921089021696384
4.622303085594853e-2
0.12201053126261319
5.522055566292224e-2
0.1561076036193218
7.256879211276808e-2
7.377404438750537e-2
0.1115814611609965
5.646468873197552e-3
7.110341390809993e-2
9.986602064192446e-2
6.983990531665668e-2
6.477863751358467e-2
3.1002077505117742e-2
1.1010918689933591e-2
0.15286598951586416
7.748983274998764e-2
0.13828651592145574
2.118257150827333e-2
9.299742020477608e-2
2.255281345654663e-2
2.2094871301797193e-2
7.584357176709562e-2
7.652582715560455e-2
3.4874725757646275e-3
7.1238856634531335e-3
0.11137400572403974
4.422919608361679e-2
4.601670292860083e-2
9.45931170108415e-3
0.17389025806874614
9.883540241184452e-3
9.979331275354709e-3
2.6151701699067887e-3
0.21426930261771573
7.43629275588463e-2
7.009504572429917e-2
8.26468322315685e-2
3.562150716900534e-2
2.383005860352061e-2
3.5380591408878316e-2
5.654796752940031e-2
1.002008117042702e-2
5.132789672857977e-2
2.5316105221052942e-2
9.786228584655737e-2
7.345489017280085e-2
1.6080577687676e-2
6.424918747264516e-2
6.178720359355172e-3
0.11532807390910786
0.11111983793459443
5.746795504048841e-3
3.6560374946927696e-2
1.5672730746708673e-2
0.17391484600569723
2.3245818827765552e-2
4.386182033707212e-2
8.200863808100298e-2
6.134854960990116e-2
5.920370578467306e-2
6.120593731961899e-3
4.455592073969165e-2
1.91500760944315e-2
0.14854790006984597
9.026029954086245e-2
6.417314925115125e-2
3.624686732090436e-2
8.903533226177227e-2
7.763928088557605e-2
7.486253090532595e-2
6.741259155864776e-3
3.8670520737093116e-2
5.843537219846703e-2
1.0873106202379334e-2
2.9733576733606028e-2
1.5525233141693262e-2
3.51807616140263e-2
8.190287927803758e-2
5.267071255100779e-2
4.455103801605613e-2
3.519271099168577e-2
7.62944564745774e-2
4.070511228299987e-2
3.097808467000247e-2
2.8576640806327446e-2
3.671955352136687e-2
0.1217652868685564
4.467947184184619e-2
4.380274753917457e-3
0.2223201597351509
5.387207523805206e-2
4.242035384008075e-2
3.481355002869352e-2
1.0068412521052983e-2
0.17164100984777186
7.028939605755791e-3
4.812723226677621e-2
7.036552213133133e-2
7.695939387222239e-3
4.014979779954897e-3
3.383547932806754e-2
2.629410890429331e-2
2.2241682397775207e-2
8.552289949073708e-2
0.1143693841829562
8.195149560458637e-3
8.265807442510664e-3
0.10391632700270434
5.8530436323904964e-2
0.11232706381727522
4.6158166689413624e-2
6.148299478593342e-2
6.326248491857944e-2
9.93000229961637e-2
3.9957268145150715e-2
2.6225170625811312e-3
2.7210622059850365e-2
1.1395235330645192e-2
1.209549038387887e-2
9.754311252809009e-2
9.64656458193521e-2
3.761404154372629e-2
3.0096716007791603e-2
0.10859157477741185
1.1820124178463487e-2
1.8772365939175917e-2
1.530085891085794e-2
0.12644880679246437
7.535814578111011e-2
6.003937571076967e-3
6.168014974222592e-2
1.952694312697254e-2
0.16457269433561458
6.892301089991168e-2
1.0880124184276585e-2
8.339967679903551e-2
1.7301428431495736e-2
5.494409972751354e-2
3.0245433213303065e-2
6.758446088881309e-3
5.822690865341318e-3
4.540621903676045e-2
0.1445575988797044
1.7882145963455998e-2
2.52362999836477e-2
7.864829675730967e-2
1.3498696601749693e-2
0.14840870976539605
1.28952963088086e-2
1.860691147550274e-2
2.6553927202983618e-2
2.2777183911303445e-2
6.617659158304093e-2
6.0814713688213874e-2
1.8187275049830576e-2
4.43751526250461e-3
5.3515678604311556e-2
1.6682775670120664e-2
3.114038161416712e-2
5.244875685596455e-2
3.5519659205804445e-2
8.167012888644944e-2
7.420808604600248e-3
6.609238876088962e-2
2.421255617286534e-2
0.1938604086449959
1.0894995565121668e-2
3.052793097154294e-3
2.6512167918781648e-2
3.0803827443179645e-2
0.1291271263704811
0.13396627667417046
0.10150974073573167
2.0928918177790544e-2
7.803763088336772e-2
0.10558885850521693
4.640189915100778e-3
1.2563338788024004e-2
9.07632619689781e-3
6.169219246834301e-3
8.175599625142242e-2
2.245549549595639e-2
2.1607368865903698e-2
9.276392938115652e-3
1.1932987051790966e-2
0.1188398768106873
7.20610990246804e-2
1.1134791274215327e-2
5.981902008167914e-2
4.3904058663783e-3
1.1348289610042871e-2
8.521559933170974e-3
2.8728422586250745e-3
3.592498753468211e-2
3.582510607252185e-2
9.569186971110734e-2
0.11604637784467697
1.0175920273625872e-2
2.7574014334366827e-2
3.2932029121676046e-2
1.6911882460982332e-2
3.450836953736445e-2
3.4007200524493394e-2
2.4095396480548113e-2
0.11280818360257676
9.104141670594751e-2
6.1487965708220696e-2
7.890354142566405e-2
7.1545620545017e-2
3.9112405684660546e-2
5.4577714651661155e-2
4.386608165400322e-2
0.13412605563615157
3.476167055786176e-2
2.9579592761297736e-3
1.3237166276397061e-2
1.2979143429216678e-2
6.195025110619501e-3
0.10331029751111728
3.393975449466922e-2
1.8750204709953755e-2
4.699493366495233e-2
8.75600911277745e-2
3.232456966419458e-2
8.088079561377473e-2
2.4265821707153478e-2
2.133169311472688e-2
5.388164836101994e-3
0.23001288604103118
7.1062269539568625e-3
2.2245216379878842e-2
6.797181258153011e-2
8.503914809697033e-3
2.0849556243880553e-2
3.346791113690212e-2
6.055574587834014e-2
1.350333758279848e-2
3.985050812732913e-2
1.3436255619149762e-2
9.913334201990785e-2
6.409018406742561e-3
2.549428857260666e-2
2.6085775341247418e-2
9.75522170044671e-2
7.278471428841476e-2
0.10675322400977297
9.509437725951843e-2
1.0135178765538367e-2
7.919912493596018e-2
5.786231482673647e-2
9.020456802645195e-2
1.4441583083227993e-2
4.3387108474756866e-2
2.5744076426858508e-2
3.383190682694707e-2
8.658309746661309e-3
1.2248586839927578e-2
1.615534265214532e-2
4.8171100552286336e-2
4.775231497901844e-3
6.808894445769445e-2
0.1454793754283367
2.8182083046531227e-2
8.046479379246995e-3
8.16554173335354e-2
0.14325122029954981
7.628915305474328e-2
3.959719601230046e-2
7.517592226430258e-3
3.656567286955571e-2
7.881611748083663e-2
1.0309096040928046e-2
3.918911019337222e-2
7.18641937751815e-2
1.6544432127631504e-2
0.12552159474318061
9.30235138413198e-2
6.839074192510894e-2
2.4593935001282274e-2
4.3035709940572084e-2
4.170688850303862e-2
0.22596417550480297
3.00586159428315e-2
1.1600569098585301e-2
3.847167229044192e-2
9.195401833215789e-3
3.259390407243975e-2
9.207365547386079e-2
7.429893979724926e-2
3.0371128478415478e-2
6.1588829912358686e-2
4.282656952701983e-2
6.070580189363776e-2
3.0080697099237773e-3
7.195301878711992e-2
1.2883447318918028e-2
4.121562516116957e-2
7.443838528302665e-2
9.27369570596316e-2
0.10617584188146072
9.880275512766565e-2
3.4388749319308784e-2
1.6840430970287958e-2
4.854423012172948e-2
9.332778530544216e-3
5.270763016975556e-2
8.235173420986468e-2
0.175137828741387
9.207607889326286e-3
1.5917313058503024e-2
2.5625974221876135e-2
6.528832177862576e-2
4.9600197008522584e-2
1.8119618765951816e-2
4.029317730434419e-2
6.539778372084473e-2
3.780497790140256e-2
0.1578540053055005
8.017856162259633e-2
6.334508735344438e-2
4.016842136511463e-2
0.11076481086519796
0.14127444027946917
5.4477965165122856e-2
0.15274584294228571
3.14646059946305e-2
4.029083090473099e-2
6.562308580390531e-2
5.3717887221658524e-2
2.8458843710732575e-2
3.737735379787398e-2
0.10603378113719457
0.11745597812496497
0.14149677891795476
0.14306382215959113
8.473980419473138e-3
9.844483576774676e-3
3.293675717853302e-2
6.1981070282968787e-2
6.166684656401813e-2
5.388099598222849e-2
0.22119385063092323
0.1517856125359553
0.15204091627583205
6.776445082713478e-3
3.422699937413446e-2
3.0739776664697748e-2
0.11175935481976684
2.2877502771064172e-2
9.13098111981229e-2
6.400050929796908e-2
1.3547902644894838e-2
6.257500218742859e-2
0.14498581368874938
0.11559771403252173
0.10134357516770225
4.9733776164004116e-2
2.2643819506044438e-2
0.13478676387633196
0.12050993795587646
8.362369097108288e-2
4.830077685446303e-2
4.220468915321507e-2
6.896194238369166e-2
2.387015781368853e-2
0.12066262466978142
2.831450202759007e-2
0.11987114483452928
3.147376477158428e-2
0.11628106390041819
0.12263375145659317
0.1362007241341324
2.6522318678312173e-2
6.601281091321863e-2
3.3607139200005895e-2
2.141332595946538e-2
2.56808509038431e-2
3.453758751422973e-2
6.928535331460316e-2
3.917446198007647e-2
2.067679780719479e-2
0.12406050597202864
5.522768962252733e-2
6.684570863703801e-2
1.5816395755899958e-2
6.558074882597746e-2
6.19654327722845e-2
3.8457205058833065e-2
0.10670815032968131
0.19569297021063853
0.11384789401749314
6.398919529466134e-2
4.1168326988191214e-2
5.9323056690259515e-2
1.790300441869417e-2
5.602560443115049e-2
2.6205890815304576e-2
9.669515471422088e-2
8.664493060726149e-2
0.2229759675788534
0.13360073613877202
5.865854769380435e-2
0.18715406723168773
0.12138375367879459
4.425107013703131e-2
3.162606607023072e-2
0.19184117988949428
6.667755726729753e-2
2.287551654221618e-2
6.982009796931538e-2
1.4845751689118992e-2
7.275076999270756e-2
4.741735903770462e-2
2.780169883820701e-2
6.48067854806178e-2
9.275542696049517e-2
3.939063152898002e-2
9.984589018167525e-2
4.485426613282438e-2
5.374054336938139e-2
1.3822966151006932e-2
5.484857382454441e-2
3.484586419129436e-2
6.158080623109078e-2
8.370630708389155e-2
9.833235932079196e-2
3.137417874008482e-2
9.154051390011339e-2
4.1094350808774494e-2
5.812655791074904e-2
0.16071783415904214
6.449616766141965e-2
3.25481035851373e-2
9.942890391931082e-2
0.10124643639217923
6.450890475895536e-2
1.654398877480373e-2
2.143058255785336e-2
9.636544037630809e-2
0.13439612622712294
4.828550289371053e-2
4.335137663838793e-2
6.220798909669911e-2
4.7861629380210116e-2
0.13727534350735926
8.721661081396213e-2
7.192838503584223e-2
7.495620201132029e-2
6.768878048475467e-2
4.418156318327369e-2
3.905721468982246e-2
1.8480709949910624e-2
0.13103623433674733
6.370535639916931e-2
5.6753673535846524e-2
3.953020654764409e-2
2.978806705143111e-2
1.0876069841503888e-2
1.5877905246872027e-2
1.4055941853188102e-2
0.17751801414708854
1.22228790935768e-2
4.99086686036501e-2
1.457781032810047e-2
1.4024013437841288e-2
5.0732984978603554e-2
2.867999862864933e-2
8.249072786364958e-2
9.817203446243614e-2
7.7153847260094666e-3
1.0172000357885702e-2
1.8110459141890346e-2
7.259947183602458e-2
0.11317301796130615
0.10115266568124044
1.7390108166661422e-2
6.342752150968746e-2
1.6212014251375508e-2
2.8249023024104016e-2
5.699343934815583e-2
1.1537310426617198e-2
8.790783821017326e-2
0.153465142847234
2.1137943517046197e-2
5.0994228816836296e-2
6.708738061077066e-2
6.438291047570632e-3
1.810735371840123e-2
4.807327242227183e-2
4.191427256453004e-2
0.12151636761411595
1.429889567357523e-2
0.2452083576563076
1.4545432210528031e-2
1.943115012056853e-2
7.310551051794172e-2
8.918123069398035e-2
4.542154647581418e-2
8.808914911854449e-2
4.562400101062899e-2
1.412709637255224e-2
6.231710363214803e-2
3.47087458198326e-2
1.8397728997831632e-2
6.712505722601643e-2
2.1729233180888995e-2
4.898080672705763e-3
8.997905763396515e-2
0.1082746746444769
2.5117753666926635e-2
1.7357392954645535e-2
5.497595366691811e-2
7.119244731911313e-2
6.907792795905948e-2
2.2646305650920517e-2
9.23551604642637e-2
7.175454075077421e-2
0.11656938313692425
3.125110981087813e-2
3.6426077617485994e-2
5.719535127223409e-2
3.698329948548087e-2
0.1408784771113316
6.15938638698151e-2
8.299804634232553e-2
0.1438305297268373
0.12669242688442595
9.775779847501741e-2
2.3085766409715335e-2
2.9976306043155366e-2
1.0549514546630967e-2
3.7768485367499535e-2
0.10936242436305296
5.99938107317034e-2
4.35269415235518e-2
7.425132763674672e-2
4.1644434084909907e-2
7.90512143795462e-2
0.1202712055822966
5.2898019915075846e-2
0.1284913501153817
7.126566381470853e-2
1.390849323531922e-2
3.837786960949069e-2
1.7257045811939088e-2
1.652280877823855e-2
6.06141970929416e-2
1.3060469089628213e-2
3.8684481274600765e-2
1.1390271991572309e-2
0.12098941597182407
3.265428082610787e-2
2.236211564002505e-2
0.10290964955221962
1.7052905919854477e-2
4.680515165350389e-2
0.145478862552395
2.7091470422538712e-2
7.098645390288036e-2
0.17582058235679007
1.2952041281137383e-2
0.11031703998659462
6.957591224036573e-2
7.150523712718412e-2
6.919257573622069e-2
8.05848463840898e-2
9.457330547925893e-2
3.972736834983642e-2
9.561104743936167e-3
7.323517024289214e-2
6.900479855278573e-2
8.29905124207666e-3
9.274593264771448e-2
6.564053274682413e-3
0.256290425012064
2.1360132585401183e-2
0.10121196774576866
5.485927357769915e-3
0.11909776927285787
9.36603992881525e-3
3.5804164458343835e-2
5.53649388716417e-2
9.09054774920436e-3
5.3785357429664206e-2
4.702195697631773e-3
3.0773769663721605e-2
0.15090470842732437
9.137572880547243e-2
1.6579607746276436e-2
2.6673826320476934e-2
0.11720550013428532
5.3028103396729975e-2
5.963697084229971e-2
8.960029201800823e-2
2.41093975476394e-2
3.345304732754608e-2
8.950563578639681e-3
5.2331871640213155e-2
0.1548084859721009
4.3333482974306003e-2
4.381232655397669e-2
8.259526439042314e-2
1.6583807064555412e-2
2.9492199412500496e-2
0.1015494476807067
7.228385267835741e-2
7.153074833177961e-2
0.12234183791120208
7.201050413993375e-2
0.10526592270065863
4.1770804073564094e-2
3.242951371486212e-2
2.5602936273266198e-2
7.331338239254355e-2
4.6218724394621866e-2
3.0255579577587444e-2
5.784449662025466e-2
1.988807800943787e-2
6.510596600519805e-2
2.138639973362554e-2
1.5242206869181563e-2
2.1198655321544656e-2
3.82097895238197e-3
4.0757719493854525e-2
4.9063228170064185e-2
6.39937000818615e-2
3.193589979741087e-2
0.17111131685547
3.8169644887814894e-2
3.2099310454249484e-2
2.6472986814435284e-2
0.11381800353246319
1.4721316992341981e-2
1.9337573152310904e-2
8.206627735218042e-3
0.1438297273871206
0.12153089436338915
9.968363724343576e-2
2.4021498405288888e-2
6.437849935867203e-2
3.481465749036945e-2
1.3511891986059166e-2
5.73754304441334e-2
5.350382999537433e-2
4.527950565125605e-2
3.655582725072487e-2
3.879722096958486e-2
4.289531786581239e-2
1.0443628800720639e-2
3.2708413332929884e-2
9.883292852837022e-3
2.680642562036235e-2
5.1629494553452004e-2
4.7108758887019805e-2
0.13060504198221284
1.441274627247946e-2
4.282910333425673e-2
3.604260268048178e-2
4.455735371807361e-2
1.5449826241141263e-2
7.476687078593147e-3
5.850348202202815e-2
2.328170907448097e-2
2.4269128689199736e-2
9.807773468995584e-2
3.624774038526514e-2
0.12795996470163304
2.6727241680176327e-2
8.898427000834434e-2
1.7144438044143007e-2
0.145537906568241
5.092387611967458e-2
5.564022354571032e-2
2.0486278404159185e-2
5.826709259714671e-2
4.6217645134519855e-2
8.163332205198058e-2
0.10120776024043243
0.12191065509750691
4.4658882772061204e-2
0.1580690036651461
1.2256010569450537e-2
4.814068072376655e-2
9.767522604099665e-3
6.8344697201921266e-3
0.12302613897643636
9.311353799457793e-2
1.6179512617991255e-2
3.820192357806995e-3
9.154689606955068e-3
9.00202551981715e-2
3.9854328314246915e-2
3.722969368610991e-2
2.022206309681144e-2
5.781203979889506e-2
5.1918667739844736e-2
3.468642592098083e-2
4.865285739531333e-3
3.394585223452349e-2
0.12341144436733002
5.898166818169448e-2
2.725669244385248e-2
7.04446497871466e-2
8.07468502896851e-3
1.066700063815106e-2
3.0260620512194747e-2
8.478952849905824e-2
1.62238200874261e-2
8.540258348637231e-2
5.368812640392939e-3
1.1069162355602713e-2
5.146223056581438e-2
0.18299384224191811
0.162433856101258
0.208403465045982
1.855820329645571e-2
0.11578523996683796
5.6432205077563856e-3
3.59558238326116e-2
7.73286430674333e-2
6.767918188149309e-2
5.165054915270527e-2
5.876886884693126e-2
2.8078681096816695e-2
0.12491271208046692
8.50521688372627e-2
4.42260517071492e-2
2.8358100172797284e-2
2.5013026605558153e-2
4.31703569485679e-2
1.3263635426951881e-2
8.880417376985228e-2
2.761803506727638e-2
5.948827432115861e-2
4.586298861179986e-2
3.62678342808276e-2
9.866850884969792e-3
4.1694642623135894e-2
1.6455009241861617e-2
2.2102192752675033e-2
7.274442556201144e-3
5.3379920861496524e-2
5.203572022392807e-2
3.45311279622868e-2
3.5358493699932047e-3
2.162738659800877e-2
8.015310562685737e-2
2.6397643855063067e-2
1.96237816300761e-2
3.2524038880242e-2
3.2811190333818206e-2
9.35912848023159e-2
4.32986026525804e-2
4.8042720982166075e-2
8.702622145336007e-2
2.1705050959581917e-2
9.617301447208088e-2
1.3314143220536678e-2
2.293584892177968e-2
3.907787223597558e-3
3.196430180057843e-2
0.11424647883929066
4.5680402867831926e-2
6.930858078021077e-2
4.801810363701161e-2
6.435238666564334e-2
2.8640752935173854e-2
5.739925527572918e-2
2.3347219506905527e-2
4.07901093729226e-2
1.262314020864227e-2
7.583102084428897e-2
1.641988647563488e-2
7.213613723704271e-3
0.19905111308952056
9.37239999251673e-2
2.3923390958194048e-2
5.388954572850411e-2
8.5546834185399e-3
2.0421076948346984e-2
5.290784619579718e-2
3.30990320552332e-2
0.11629308626773138
9.70765855434692e-2
1.4675486513124636e-2
9.40227214312359e-2
5.106413734822457e-3
0.10181031364572161
4.382147922950695e-2
7.870835058053277e-2
8.309657591154526e-2
7.987055325817531e-2
6.468424836205547e-2
1.0015022048665268e-2
5.8293641146166385e-2
5.822659943370585e-2
1.3257203712071763e-2
5.102088081694291e-2
3.0129300870482358e-2
2.2946733457817513e-2
0.26814255393692604
0.14548985273872223
6.640354989958015e-2
2.860348634722598e-2
3.132272545142456e-2
3.304216112728355e-2
5.970404871901277e-2
3.819068109363973e-2
7.764199881582619e-2
9.539774809220183e-2
5.594984688968659e-2
8.00448249373992e-2
5.082675909207485e-2
4.348652623352543e-2
0.1955746541933767
5.84719832760416e-2
7.354700554659177e-3
3.356430803039141e-2
0.19166700932136513
6.844194886007524e-2
2.529472934380994e-2
8.205585530175964e-3
8.934917948740874e-2
9.913546444544763e-3
4.7285692420918166e-2
0.1476882242761685
0.12421488506337708
0.1407777063532512
5.772202862199906e-2
6.642238165882727e-2
7.193610615290724e-3
1.0896810116422118e-2
0.1333858881197169
0.10064941610493058
1.5529651298702618e-2
0.11531437747186608
8.377149808374293e-2
5.572451980617145e-2
1.3132909391777326e-2
6.415201818116398e-2
4.110500181493504e-2
2.2833691027337677e-2
4.8271786030408045e-3
5.950163330134881e-2
8.61326206220826e-3
4.487275317129509e-2
3.334108538644833e-2
3.916053989591735e-2
1.6433194211045908e-2
9.931748383589384e-2
2.4736089286892214e-2
6.89002817512302e-3
1.585134253435775e-2
3.949873055167118e-2
2.7457191231536983e-2
6.795158001137383e-2
4.195044189756243e-2
0.13015786674642946
1.1606948174134324e-2
0.10588659125129818
0.13785308009439928
2.0468423737735053e-2
7.783824639403862e-2
0.17271667720420306
8.46557395607822e-3
3.7624011578800395e-2
0.16242690046386093
7.797784959474978e-2
0.10254521795743447
7.906645897058574e-3
8.827472888166614e-2
6.727096856167533e-2
7.158997952984728e-2
1.6333970466943248e-2
3.483640010596282e-2
1.6446747598632117e-2
5.53508202593073e-2
6.0557966524120634e-2
6.277473772077738e-2
6.207507964723376e-2
4.168435453389198e-2
1.6188501085557118e-2
7.99362574801098e-3
1.4279058492841968e-2
7.493396411766806e-3
2.3491311256188342e-2
4.116984182727912e-2
6.40380454506176e-2
3.839637427276817e-2
5.692604904611467e-2
1.1639362665986409e-2
0.16974915646718056
7.555093757275225e-2
1.83087913852105e-2
1.4174825383452171e-2
2.022966728525647e-2
7.535150805633739e-3
5.012151812269293e-2
0.13567102935689818
3.814760436125538e-2
3.970433175277527e-2
1.3846772091636251e-2
6.900931490701727e-2
1.34042521984169e-2
0.13171759124548316
8.001371105592759e-3
7.06293127914254e-2
3.0201680853964564e-2
2.3763585037705724e-2
5.020931290174289e-2
6.598410275961111e-2
8.784847918476214e-3
2.371624156381934e-2
2.158737399123616e-2
3.770338893423416e-2
8.720111067273462e-3
2.8093963607641503e-2
7.493628172792056e-2
6.398654958488303e-2
6.849203828871875e-2
1.1902102360874777e-2
0.11314954727429602
1.6561454696613832e-2
7.215467622079368e-2
2.010770308224853e-2
5.85527707036508e-2
8.996667221069909e-3
3.6758658283563506e-2
5.1722240631838275e-3
3.9326091439812215e-2
0.12505825654665886
2.9549249009506708e-2
3.455277095287146e-3
2.680385058574617e-2
3.790464578886209e-2
3.4295458477488175e-2
6.29643102173125e-2
8.059051631527996e-2
2.5818705856795732e-2
8.391100936636975e-3
4.6255065219536054e-2
0.19496359354667198
2.1624350208737986e-2
1.4762403054144235e-2
7.301805426613418e-2
9.828541210923025e-3
3.935190923491956e-2
9.238985642708374e-3
9.813198159090342e-3
3.1226352946992055e-3
6.502486605102642e-3
1.539785155517116e-2
6.0049271253227954e-2
7.495290337960059e-3
4.65663405694885e-3
3.549638752916727e-2
1.2821210654160309e-2
3.318808192770566e-2
0.11236653624331483
2.5133586448783895e-2
8.264377127875376e-2
7.367926631098465e-3
1.6536257978906455e-2
1.2218721592158376e-2
4.2162055965299795e-2
5.436328269916946e-2
1.217509395080063e-2
1.6565873859359703e-2
2.554078745257987e-2
9.409900321714848e-3
1.4517045867684653e-2
2.7475298072725862e-2
6.961651381874723e-2
9.903690886190652e-3
0.10240990089557993
1.1875101759466e-2
0.16594936254220466
0.10991089852461042
2.9243326775624245e-3
0.19994168508927931
7.981531904274168e-2
3.1156676746980628e-2
7.965219069148524e-2
1.140768232641789e-2
3.43185558441084e-2
5.4287675390950516e-2
6.852524985467996e-2
2.132472069334764e-2
1.8044551406605734e-2
4.41867445890517e-3
3.383944738575417e-2
9.650540247812764e-2
9.080063353979224e-2
7.424319657861908e-2
9.208919076571431e-3
0.13500007385242424
5.781062503624919e-2
4.863738554822394e-3
2.5294297574799986e-2
0.12933253585949486
9.074246495405003e-3
1.5149860856887142e-2
8.571115879181015e-2
7.535380341166242e-3
0.15836270371097713
6.266991254505086e-2
2.04156946199995e-2
4.7449995871777825e-2
2.423104227929105e-2
9.897411858657001e-3
5.620232397679363e-2
5.179886027311388e-2
9.46604131545051e-2
3.715419256261162e-2
4.724928615036109e-2
7.663189264154072e-2
3.553643549980231e-2
0.12059004898204964
6.489329124951049e-2
3.480076306870489e-2
9.288852022658622e-3
7.968621556568478e-2
7.492026414587416e-3
4.120044102464482e-3
1.862480766675202e-2
2.8398633833002607e-2
9.167561200737374e-2
3.7919908287810375e-2
2.2403653633855193e-2
2.443115883041529e-2
2.9183729781873557e-2
9.488900616115739e-2
4.810873136906437e-2
4.9948975218041744e-2
2.9025246524297922e-2
9.104346215919144e-2
2.448258406617939e-2
5.712280066561716e-2
8.380336329184923e-3
6.910861772504986e-2
8.90076023973013e-2
3.38136312185184e-2
1.4998226527387947e-2
7.96181641727763e-2
0.11811451455127349
1.1593364898348491e-2
0.12880799189769537
0.1187726289092486
0.12330441956679147
3.3971900603711414e-2
0.10499925187192542
7.01820198651494e-2
5.5740219721843384e-2
6.441683496307131e-2
1.9706773291141844e-2
6.125629128795137e-2
1.1888523454840327e-2
1.816064738861135e-2
6.198926862496842e-2
4.366732357782747e-2
3.5737582262795976e-2
2.485094530466747e-2
5.0607976765310536e-2
6.84389741869019e-2
1.7409589394878654e-2
5.408804836947676e-2
5.390697063158334e-3
0.11259811853809447
8.071381540834603e-2
0.11311817069942968
1.081625058077813e-2
4.619864661686246e-3
2.98562416080717e-2
3.074599743889781e-2
0.10660148418512705
8.048684658552133e-2
3.9614473202391275e-2
2.014847916345618e-2
6.780116044753247e-2
4.396645060046609e-2
8.547896574285771e-2
0.20604815647783248
0.1404314788337647
0.16912105176114084
4.91795901045468e-2
7.17312516836051e-2
1.7505136900957376e-2
5.582737689880192e-2
3.8585033463349884e-2
8.601046362072848e-2
3.0726520921565924e-2
5.202309191883443e-2
2.6817049985210183e-2
1.78381853577533e-2
4.551031753246717e-2
6.370711913470562e-3
0.11104304642571616
7.744874424818969e-2
6.1707553122602746e-2
5.8111274226685806e-2
4.790118435137897e-2
0.19359508797640596
4.126201190831914e-2
2.4997983194298558e-2
0.14782545365500105
0.10208769224132874
7.69755671738497e-2
8.890324656979323e-2
1.224287558748841e-2
0.12147294940368139
4.281123517750328e-2
2.916988854723982e-2
1.3705929697801055e-2
1.229253792958659e-2
1.1332307664686625e-2
6.770213296069072e-3
5.259790891782264e-2
0.17518184057381833
9.35834397991565e-3
8.082831747383327e-2
9.715978517654338e-2
6.931343962216618e-3
2.501129020030911e-2
7.192511873812613e-3
4.1985197049424286e-2
2.0169799725500016e-2
4.335395117591266e-2
4.550818154923769e-2
8.900973134297742e-2
1.5856408733360295e-2
6.7320311373678336e-3
5.3538931086292416e-2
2.7479267734405576e-2
1.8876660917034205e-2
1.1846640291059507e-2
5.534842347666468e-3
1.5613621486956709e-2
1.898681299216003e-2
7.165645847913008e-2
6.543838845807012e-2
7.633635724366006e-2
8.243406885010606e-3
4.087959971752893e-2
6.041895524129136e-2
7.026616376767647e-2
1.5800963127079903e-2
2.300173746604809e-2
4.3258540714883234e-2
5.256297214813872e-2
5.175591459220264e-3
0.12020572701400178
3.385558922460162e-2
4.0897184765280835e-2
6.714440686470821e-2
1.3649113120804291e-2
6.1485221617276986e-2
1.191358486680616e-2
2.5836141984748482e-3
3.145653535445251e-2
3.535269476703871e-2
8.54650295682974e-2
4.5179235284475386e-2
5.578694099993597e-3
1.663615102785735e-2
1.06323255855578e-2
7.346996036234398e-2
1.6963938191199634e-2
4.275900359177513e-2
8.764803210027718e-2
7.533401058686695e-2
2.627816011074251e-2
8.014279619370976e-2
1.974816691682706e-2
1.0108604356572858e-2
6.084842034243876e-3
2.628338166973515e-2
6.927191761411337e-2
1.259010258415989e-2
3.710541368710003e-2
8.724620663464475e-2
1.7113085718168063e-2
8.85877726736756e-2
7.146789013630613e-2
9.114664073474989e-2
0.18437001094027067
1.0415831165807365e-2
2.1471146127484096e-2
3.884342689878832e-2
8.555092204522095e-2
0.12961693592251405
1.2483478401925763e-2
0.10562187374406551
9.680647591155504e-2
2.297743724139767e-2
1.3116155098451909e-2
1.6986012498111335e-2
2.6397932562769667e-2
4.2601117110438944e-2
5.5888962270315104e-2
0.12111351216052779
2.610544227518232e-2
3.597748592708311e-2
0.1670011180948531
4.385509115236506e-2
5.500281019804432e-3
5.159928465908496e-2
6.750759663651905e-2
1.3542127189753195e-2
3.180218310130402e-2
9.296974025081396e-2
3.833808621773427e-2
2.2142252832906474e-2
7.012751260719952e-3
0.1990307794063583
2.5949630665844547e-2
0.1138173704828854
5.1910410154499466e-2
4.575093838630486e-2
1.097363507138408e-2
1.794012096661336e-2
5.928545797727932e-2
3.814579869277631e-2
0.18353163662803035
2.1577158325899137e-2
1.5892767607494807e-2
2.194621818029354e-2
2.7636187181520312e-2
9.961452331763298e-3
7.4337707400418e-2
1.6022929858585166e-2
1.0301726201549889e-2
1.4371636101431672e-2
2.812192164649461e-2
5.5655560034628924e-2
2.16440110741297e-2
1.3966054980796939e-2
7.171086210457159e-2
8.325880073613931e-2
4.406258940553289e-2
0.11142407753206562
9.458162844065514e-2
5.941306863309216e-2
9.130234261104808e-2
0.102690941712513
1.953299067163077e-2
1.6701884467076322e-3
7.617892893658226e-2
9.91750115967929e-2
2.3124694237968767e-2
8.018116223537953e-3
3.961580079467077e-2
0.1085584671642924
6.440802000439988e-2
8.496304651289525e-2
3.0495536698530123e-2
2.7932821151878718e-2
5.48566513225911e-3
9.806786736866857e-2
3.149472781310554e-2
7.262345117524932e-2
5.438270146067118e-2
1.2921132198843565e-2
3.6760598952075064e-3
4.0096215116041556e-2
9.205043823888292e-3
4.328976834637255e-3
7.662485934242435e-3
3.2938175407211834e-2
1.1240564393131425e-2
0.19188395697550606
0.11639440598999706
4.927828337212335e-2
3.2420309830579086e-2
0.11094000598382339
2.784868711305738e-2
2.1418040005847273e-2
6.5830875239836105e-3
0.1484283746642538
6.338252632448614e-2
4.9140240521471215e-2
1.1506611762178565e-2
5.028349393591203e-3
6.18071656058129e-3
2.2930690502977292e-2
8.951591927254046e-2
1.0380305356536824e-2
2.355766508851568e-2
5.357194062430677e-2
0.16335280561707813
3.3568127713930286e-2
2.6636404991346906e-2
1.4416153382307562e-2
0.1541915322556283
7.890036453784166e-3
6.120001685501586e-3
1.7455103057026057e-2
4.503686933205163e-2
9.527331135494888e-3
6.911373577255253e-3
3.5077606576840156e-2
1.4694062899502059e-2
8.425445313365046e-2
5.517633950214053e-2
4.8120569192259086e-2
1.3769095490056338e-2
3.421526127739181e-2
0.11986766380807971
8.03080177984879e-2
3.2230535100295096e-2
2.401284268541316e-2
3.4058382596467415e-2
9.258799160517515e-2
2.4207435247717714e-2
4.118923136051783e-2
9.5749681235201e-3
0.15393176605611672
6.473844110641414e-3
9.95645633185869e-2
1.3644792690441176e-2
6.1687820299107424e-2
3.1645818150587444e-2
1.1116562711055633e-2
2.5212132026157297e-2
8.582568553869316e-2
6.724680774427842e-2
3.429033780785566e-2
1.2613540411917801e-2
8.04582782794544e-3
2.0200940628995922e-2
1.3872792723125494e-2
8.123399050701474e-3
5.215425658858898e-2
1.6284574905161664e-3
6.784073090985007e-2
0.1143070932079123
2.73012434088718e-2
1.801345305400136e-2
2.589646666480928e-2
8.411896103127503e-3
2.250372363854546e-2
3.795413302472671e-2
9.868260847665383e-2
4.49782334193225e-2
3.767015762747972e-3
7.75463560094252e-2
2.9093863759086812e-2
8.44488388663224e-2
1.4260838948580745e-2
8.363615211124243e-3
5.638842829673986e-2
4.8799364420357386e-2
7.4627523636232596e-3
1.8203914135191623e-2
7.698700103279824e-2
2.8339577612611643e-2
6.269606940720529e-3
5.447552751177607e-2
1.2494210242699578e-2
7.846237346762569e-2
0.12289537691160828
1.5224812400626998e-2
5.552025507444378e-2
2.302225035970564e-2
0.1476723933924014
1.582683532644873e-2
0.10493255378521038
0.14114578021829177
1.0342240402959257e-2
0.14084228395399698
5.188675873458344e-2
5.293927421994231e-2
3.460523880708109e-2
7.173166899619046e-2
3.177387092038501e-2
9.043857984872185e-2
6.46673875827778e-2
4.761537292647818e-2
6.220231357192863e-3
1.3524628544901352e-2
5.726486388702901e-3
1.2079736708850175e-2
1.7091477136125556e-2
0.20172926850114775
2.6859250118298005e-2
2.1463145403109063e-2
1.0044371311181488e-2
2.1888995778375775e-3
6.786481734894399e-2
1.0270977952178928e-2
2.525302785332899e-2
2.8797602883234297e-3
1.960478829337744e-2
0.12690317134644627
8.144031047794477e-2
9.171263259192716e-2
3.603660954387594e-2
8.64939760733489e-2
8.959519585638483e-2
4.846058503149796e-2
9.362151572561605e-3
3.3527154020830175e-3
0.1002198897840878
2.1772335863733106e-2
5.343831744871274e-3
2.3234292062441143e-2
0.1282287188066617
1.7581951758834848e-2
3.2451676889337186e-2
2.17739403277026e-2
4.502435268532458e-2
7.504779753098512e-3
1.592155109893061e-2
0.17127451182568648
0.1998444244412473
3.165418015785654e-2
0.10376524484658298
3.0804780316959567e-2
4.726050206277262e-2
8.585113784422373e-2
2.835674310238262e-2
1.1434800016625035e-2
0.10599349228786485
1.6552002941149436e-2
6.651003887509313e-2
2.6097172095331357e-3
5.355470145425848e-2
1.4038677880058992e-2
2.443182422615172e-2
8.586668336998292e-2
5.0606305852310074e-2
1.3837292273867652e-2
1.3947348512790492e-2
1.9327590612797384e-2
0.10708616387050145
4.504780827767183e-2
5.029525966507124e-2
2.7577401925878597e-2
1.8128050917134875e-3
9.205345396659961e-2
0.13492485861702774
6.441308883704858e-2
4.008131778357194e-3
0.10265693172235837
2.4563967095264472e-2
1.9011154589421743e-2
5.061657116377587e-2
4.629871604090223e-2
0.10159903838990555
3.926173830700571e-2
7.425367039038433e-3
1.2588034042604857e-2
1.1481334470054439e-2
9.494013256000473e-2
2.7111846781825412e-2
2.730703220398676e-2
6.717927212781305e-3
6.028231803513806e-3
0.10432990040637838
0.1488045060104596
1.6503086898122143e-2
8.381416826046529e-3
0.10603789567361352
1.0029719126634928e-2
8.021520815218418e-2
3.356829035069473e-2
8.435406817860512e-2
4.269383595836373e-3
2.241540349637642e-2
1.9330446462824225e-2
7.018800507187126e-2
7.556817356635509e-2
0.10695194408362227
3.5310959082542115e-2
2.9355766603791567e-2
1.632837608852252e-2
7.435233374564969e-2
2.155609644419476e-2
2.907353048059319e-2
5.423951051063196e-2
4.948369777462909e-2
5.147685671932112e-2
5.063365067293609e-2
5.390309801627835e-3
1.2012944789167035e-2
4.4307071735345684e-2
5.6765790419092375e-2
5.3304448677618285e-2
3.2876888268461467e-3
1.643566672718374e-2
5.578896494976363e-2
1.2893486618276995e-2
1.2754365577344684e-2
6.580471808321675e-3
7.4881083477917e-3
9.421601715858938e-2
2.663010371664217e-2
8.934381419723703e-2
0.11734038012570039
2.3242060605409055e-2
8.228894676146315e-3
2.402469469204599e-2
3.146720602875008e-2
8.292890954745391e-3
3.004209502841284e-2
1.6056085931792363e-2
6.408986458820627e-2
1.384836967873727e-2
5.884102932440793e-3
5.348709967384596e-2
2.3431715385971563e-2
2.9590117434174112e-2
9.97415781918164e-3
3.87844500492958e-2
4.81839776469238e-2
1.217189344522429e-3
6.8021739517651e-2
0.18050119400226533
0.12079516024410175
7.952425841312784e-2
5.01288948811849e-2
1.6847523880993375e-2
1.331141418674473e-2
1.0917273182360798e-2
8.253556293939619e-2
1.0057583861064312e-2
1.758277049661411e-2
0.15051666323792887
1.2847424983242229e-2
2.6450038167508093e-2
6.8909749369408e-2
3.470191226324859e-3
3.487225908640269e-2
5.528140960492896e-2
1.3380711665018152e-2
5.766136653814994e-2
1.4125843366283041e-2
1.0475896489324621e-2
0.16299738544237655
1.384120180657079e-2
9.050503909245315e-2
2.4022977238150268e-2
0.15305896921089204
9.204215627399563e-2
1.791327171536583e-3
4.472427531332938e-2
0.12320081186657057
6.752485300249878e-3
3.32837291561083e-2
3.2815942911679774e-2
1.095857691792198e-2
1.7283829570134034e-2
6.055249305344179e-3
2.9639371060896303e-2
3.606861204365983e-2
8.507021097587952e-3
9.592315119540751e-3
1.5057955045366622e-2
0.17598880744646792
2.2841684076376535e-2
2.909461471110737e-2
8.107764394155674e-2
2.1706973460099165e-2
4.514664603399073e-2
4.5894024552776504e-2
1.4757092696660512e-2
0.1056668937597874
3.225508361310312e-2
6.403147799633735e-3
3.583459379546956e-2
2.131923778377619e-2
7.4328517590295014e-3
3.237473995953134e-2
2.6462733309499397e-2
7.297016450049251e-2
9.383419348687482e-3
6.507261580442583e-2
2.9494561963494915e-2
2.3408343558856994e-2
1.7749723321625575e-2
5.37415126597018e-2
1.3712253519877404e-2
7.145265363690959e-2
1.7334088700249495e-2
8.85918045056672e-2
2.1572940970551735e-2
7.224359850222156e-2
1.246519454732925e-2
0.22184193028094312
1.6527952817349766e-2
0.1054910598922495
3.761869813146087e-2
5.8651816395302966e-2
6.054097260713083e-2
1.8782815937899655e-2
2.923566565684038e-2
6.169603278820394e-2
7.883124427872033e-2
7.516841896895476e-3
6.1548924385306805e-2
3.78491592753882e-2
1.153084328986409e-2
1.4637837254186648e-2
0.13240103146920723
0.12658743615824558
9.543249376052188e-3
9.642979244185315e-2
2.8915637192958234e-2
9.22616461196935e-2
4.223765541798785e-2
6.259493059209185e-2
4.038273519230158e-2
4.698478929061256e-3
5.9488019790190264e-2
6.883105112787097e-2
1.5055140867757921e-2
0.1081210942420858
4.662897034083201e-2
5.810320867402042e-3
6.678158715521821e-3
4.930244292905517e-3
3.433840720828416e-2
8.282732404003146e-2
9.503749825671841e-2
5.604881865426127e-2
2.5337360418297115e-2
9.188880276204082e-2
3.3901212910375844e-2
9.948690241806207e-2
1.5139783379364391e-2
3.906258073845472e-2
6.1268383324571726e-2
2.353528710650842e-2
4.6463795121069275e-2
5.454379106194922e-2
1.5852906797427558e-2
1.7644087558040467e-2
0.11411482473091379
3.2923849679320716e-2
1.3366154525446872e-2
1.938695173304513e-2
0.13562442157838833
8.340061076620839e-2
0.11575111038610866
9.902058061884746e-2
4.412876657098017e-2
9.400674495564801e-2
3.17775167088052e-2
1.4391984905128774e-2
4.383631223230724e-2
4.812025073276134e-2
9.68459464167749e-3
1.1985504683714555e-2
0.13388503969742188
1.853627749449125e-2
6.135560425559862e-2
6.299778885273366e-3
2.0158255467155405e-2
4.300113775540104e-3
7.719244310350062e-2
4.955499527203502e-2
6.341911742898845e-2
2.7052955984426873e-2
9.914857558773751e-2
0.12470889956266591
8.934818279671453e-3
1.3078763198791121e-2
1.5833459805090988e-2
8.295788413068961e-2
7.893697434335527e-2
6.641948404542648e-2
6.55614078385937e-2
2.4742971989573436e-2
7.266689979444174e-3
5.9025999378101365e-2
0.12647654275535775
1.106637650430765e-2
3.337629918608507e-2
7.919440181812458e-2
0.1166036795934915
9.154859178729768e-3
5.517681301684783e-2
4.449575434649319e-2
1.1903142107001562e-2
4.088970625692641e-2
9.741517203701072e-2
0.12106293218496252
4.783050586045762e-2
3.626841039842148e-2
4.5925318524355066e-2
3.279050422733778e-2
6.362764794918702e-2
5.519742320113864e-2
3.990600755994448e-2
3.693771100074309e-2
3.841841798644241e-3
2.205491306486764e-2
0.10894145189085414
6.079738955366596e-2
4.359931626699578e-2
5.735894467705505e-3
0.10583126894643025
4.88096294192422e-2
1.9412848570927354e-2
3.5642234585351554e-2
3.299051706778651e-2
4.6717267730887566e-2
4.093643023657052e-2
6.97216273006448e-2
5.902309125378602e-3
8.612253212535592e-2
1.9340038640253222e-2
7.729198960234088e-2
0.11122001632222574
2.2688697711715645e-2
7.505830149184753e-2
3.216559610457215e-2
7.902701404356778e-2
3.083284416003599e-2
4.8513096877243936e-2
1.62779443556349e-2
1.8213371206087025e-2
2.3640998472740794e-2
0.16760099890525346
1.1471164404584044e-2
5.587330854484148e-2
2.5322448281979125e-2
3.909252258304432e-2
4.660058236805399e-2
0.10447825949204888
2.964305868173982e-2
0.11891453289611427
1.737715755079213e-2
0.12978120060445617
3.790640004030495e-2
8.133680802576687e-2
2.1852605168352336e-2
1.4314772505107987e-2
2.4874420651212627e-2
4.0480190500408575e-2
2.4359752850044714e-2
6.790619035451964e-2
4.193389484575529e-2
8.166148623805855e-2
2.8227196387424425e-2
3.531221212122341e-2
5.00098029990093e-2
2.7427505317950483e-2
5.3080087094334635e-2
1.9413354279815654e-2
1.7854587944398682e-2
0.11602633720090424
1.0582978162549628e-2
1.8278796245217797e-2
5.113546721209328e-2
2.1499314062800524e-2
2.0736977931493226e-2
1.301996248635633e-2
1.9490674635409055e-2
8.864186390394098e-2
9.269454960209134e-3
4.3961002625529745e-2
5.399835283349284e-2
5.715594005797709e-3
4.611082535966815e-2
2.2132041724345308e-2
2.7324378017838193e-2
3.344474010174805e-2
7.184142627153885e-2
1.695286865670137e-2
7.527643205624887e-2
6.900534552556677e-2
4.255515166785839e-3
2.045574606823882e-2
4.688567352352258e-3
5.5800861837745575e-2
1.8472559831370982e-2
2.517979245813856e-2
2.1051214266122296e-2
2.190835320548562e-2
1.7100039182975767e-2
3.0645192227152764e-2
3.4184844851661775e-2
4.448314201587465e-2
7.435548887412468e-3
2.2718122236468085e-2
0.10048064887800474
8.788295058856152e-2
1.7876063953304756e-2
4.288792988011597e-2
7.871778949880068e-2
0.1383823580315398
0.12000254738911106
5.232709296108262e-2
2.5700091221819866e-2
8.066797031920017e-2
0.11481923802643892
1.3012266973697973e-2
2.45210146091106e-3
5.004256709819312e-2
1.8082230069391535e-2
1.8297616567407925e-2
3.43601992851917e-2
1.334795282989798e-2
7.358371455343267e-2
2.35747707503003e-2
5.302694481248616e-3
3.869855013844774e-2
0.10520588597190983
4.930939822434936e-2
8.218971651434148e-2
7.935762227074719e-2
2.25420867528216e-2
1.2167500555327216e-2
0.10495043466239144
6.013862422689964e-3
2.433988157520317e-3
1.2891342766901692e-2
4.253036256390101e-2
0.10278741487188167
7.724774797508316e-3
8.066109280320917e-2
3.556548016331873e-3
5.753522572797827e-2
1.5118303805808786e-2
9.001139720020616e-2
1.0559406113495628e-2
1.0039606284618752e-2
2.400585474137219e-2
1.0274800070191714e-2
1.4394755418933569e-2
5.204484052943102e-2
1.4131869419070842e-2
2.314979509290933e-2
0.13210275083931108
6.391303553207406e-2
0.11854378137657715
0.13342582497072367
1.0954966357239793e-2
6.192889233790222e-3
0.10164085966566005
3.5542639502874965e-2
3.9046962216782985e-2
0.16472221363840128
2.825193826811212e-3
4.570006729733088e-2
6.200115039994268e-2
2.6442983196293145e-2
3.2569647169024205e-2
1.2032505218754975e-2
2.0433788306633414e-2
3.4306149963587384e-3
4.3821901140688665e-2
7.396726393089902e-2
2.505440689184516e-2
1.1934632807542145e-2
8.904297360366462e-2
5.917732984921065e-3
0.2019513227669846
1.3868696298950522e-2
2.2045583140484014e-2
5.4570556157389925e-3
0.10211115496935055
8.70500662217295e-3
0.12041681783285733
7.852303234117364e-3
3.5169190161226084e-2
3.495076908493611e-3
7.693480757610715e-3
5.9822567406000046e-2
1.2192915826819462e-2
1.453403160584138e-2
3.0090703123622033e-2
7.767034586209123e-2
9.511119497244791e-2
0.12306410984586605
7.5796057532716895e-3
1.1885790428799526e-2
7.153937439844335e-2
3.0514905257448564e-2
6.250964093010791e-3
1.1533075903383405e-2
3.8361991068103986e-2
0.10193619291536918
0.2121192002974533
0.16241796885639787
1.2409619615491441e-2
3.997777528660059e-2
6.0495483091489374e-2
4.66691083942673e-3
2.5151820520196544e-2
1.7215498790861795e-2
5.9944163805433916e-2
8.222559867070722e-3
1.1031297034177167e-2
5.15625584238294e-3
3.2105059807016424e-2
4.14436796858445e-3
3.939935172671566e-2
0.1054873576772006
1.907406503872857e-2
4.118219081090929e-2
7.37095325359306e-3
8.499863526740902e-3
1.2299998390278743e-2
5.28867831391107e-2
1.7428116881615396e-2
2.834504692156927e-2
9.956255427144756e-3
1.5603425648968694e-2
6.562385506703719e-2
4.850242406664416e-2
4.527869767332617e-2
7.855929793057966e-2
1.377814063706866e-2
2.0075484420486168e-2
5.87663286869976e-3
8.375023878309374e-3
3.0300414121710993e-2
1.498677888135429e-2
7.818187744249507e-2
2.875538855533588e-3
3.968219360492832e-2
1.1967376954009734e-2
2.964180505691223e-2
1.69697981950681e-2
1.369488194856212e-2
9.298283709721464e-2
2.8840949402693827e-2
0.12384006271194145
9.321206177090341e-2
8.858428524267879e-2
0.11461129889708284
8.47437076938239e-3
3.8857959292638244e-3
8.730793296495402e-2
3.670429775094304e-2
1.1512364443401734e-2
1.656610781231793e-2
1.3753609083833851e-2
0.13439431740261973
4.1618851585291515e-2
5.753731930316674e-3
9.18860992643355e-2
5.5498079535352976e-2
6.929642480476618e-2
2.9561689502330058e-2
6.626720594877604e-2
0.10169183115557956
5.8915540990914115e-3
3.498498378207678e-2
4.123365586301655e-2
4.837296586481029e-2
4.8020057767610945e-2
1.610069254800609e-2
4.246897622843956e-2
1.1931652047465213e-2
1.1029481761181414e-2
9.440272491614077e-3
9.55352059534276e-2
4.729239249640697e-2
3.301556980013716e-2
5.827421256065658e-2
2.5261315911431437e-2
4.268637683100951e-2
4.206951453470622e-2
5.612028004426806e-3
5.694553847245343e-3
1.603746196707556e-2
8.4727009274924e-2
2.489263616574644e-3
8.017434514555297e-2
2.3805274982636403e-3
1.4426387288984077e-2
5.3305343070199854e-3
9.747095943407394e-2
3.507645805027536e-2
1.8711745130856085e-2
5.4824812251922164e-2
9.328817808723974e-2
1.0543751226468789e-2
8.640162200751967e-3
1.1508882145584865e-2
0.1722315205962368
1.1358503007195186e-2
1.2631575039883968e-2
0.10421902979619427
3.672058349839983e-2
4.4862951917755155e-2
7.970255581104105e-2
5.14794358722429e-3
9.71093681547137e-3
1.2780100495488089e-2
2.593219892187788e-2
1.5418527613324639e-2
1.24542666655597e-2
0.14626911890052435
1.480557742748152e-2
0.1423127550415098
8.846403553646892e-2
4.557545506813896e-2
2.148371221190607e-2
3.347147753567866e-2
7.695551050643313e-3
7.030796651249269e-2
7.922919747181983e-2
3.489802930339488e-2
7.951531982536654e-2
3.193198657106233e-3
5.709687580280454e-3
8.833716673439704e-2
9.017187759622806e-2
5.6338406615508776e-2
3.6286840978634695e-2
3.161598569673709e-2
5.590453355506447e-2
2.3686501440926986e-3
4.805949093915477e-2
3.356645475871496e-2
1.6828419542605465e-2
1.6834638655681723e-2
3.2802554542298635e-3
1.168118135780194e-2
3.419942877389368e-2
1.5341732340574777e-2
1.2955235113138563e-2
8.37559354123516e-3
3.5139633018816618e-3
6.166038923516561e-2
1.143092106039062e-2
8.583919487717247e-2
1.1194499174161987e-2
2.370894342077068e-2
6.806278137766475e-2
2.300554105828011e-2
2.2146818227903577e-2
0.14115870370414496
2.19962879199068e-2
3.6258307906744e-2
2.654907288160564e-2
0.11156165716386787
1.2778918993854216e-2
1.0798469265842848e-2
9.725240118903775e-2
2.3706705808485374e-2
7.481982482069993e-3
8.52185224197485e-2
5.889914013804041e-2
0.13391296742412145
6.10850024263206e-2
0.10405705429862322
7.947902960290378e-2
3.3147486425363124e-2
5.261685383601089e-3
6.2117005978255865e-3
1.3291796004067592e-2
6.810227600369745e-3
2.4147662428020335e-2
5.750307930291447e-2
8.561294334073385e-2
4.604321075689265e-2
4.747574339421069e-2
7.369423300701752e-2
1.5960592720653498e-2
2.0367589646096695e-2
1.8804695475066868e-2
0.12719529224244278
1.6742553310414566e-2
6.331209531204507e-2
8.523701984726805e-3
0.11989310988657809
0.1433260272929467
0.11093466050145122
3.215884263644503e-2
3.230646795369544e-2
7.5861113389901645e-3
3.304387995427014e-2
3.0463426968893637e-2
1.9730119502188725e-2
2.0013028754869943e-2
2.6520039239642357e-2
1.2424301908316882e-2
1.3729324072793314e-2
2.291422452662927e-2
4.1251674330346766e-2
1.4809098258941656e-2
3.8943550105843494e-2
9.905410823118277e-3
2.0376816153358523e-2
1.885860933161605e-2
4.739567162775804e-2
2.3418791205874968e-2
9.158164967334197e-2
5.503401165723898e-3
2.11553276801267e-2
6.482404566639721e-3
1.0583191225834131e-2
2.2953723475332276e-2
1.049609938187671e-2
1.9872235965956886e-2
0.11213890003345846
2.0144672707151014e-2
3.053957284296389e-2
4.048704314576079e-2
8.392014310971647e-2
8.500817621905797e-2
2.0017508573158205e-2
3.388640124995137e-2
3.8315066693704915e-2
6.866738849524867e-3
1.7032055224229948e-2
5.942806144839674e-2
1.645739884356686e-2
3.0585685622905777e-2
2.149002201143101e-2
2.5725370830753658e-2
3.855046540399285e-2
0.1199505668500219
1.9719835745100067e-2
3.863100927155462e-2
5.940582474722618e-2
4.1827529075961135e-2
2.565257562782035e-2
2.148572047087862e-2
4.218582648776479e-2
1.62105074236256e-2
2.3942071396496532e-2
1.6617665416806203e-3
7.995065382136128e-2
1.6274436298168381e-3
9.20466048100565e-2
9.057517987453712e-3
5.901315995254077e-2
1.1242614728603561e-2
1.345381874170969e-2
1.3406493723452118e-2
0.13453301708010726
0.18312603754656123
6.318927300261591e-2
1.410957476038226e-2
8.7259025955985e-2
3.3581656369207846e-2
8.72393289720481e-2
3.233530692831743e-2
6.385344376772517e-3
0.20063869931003592
7.780634052021172e-2
4.383014540891287e-2
2.0968952135792317e-2
4.849504984754199e-2
2.363996383762168e-2
5.831013369106347e-2
3.738503812704937e-2
4.697817633729625e-2
9.228578189013327e-2
7.001491218899432e-2
1.9498352044142332e-2
0.10296403646105445
4.013430762470405e-3
6.492901789479111e-2
2.682502918533891e-2
1.748572155815222e-2
8.844880212050989e-2
8.683214327314212e-2
1.9032588800937566e-2
1.8877315903240342e-2
0.10418149078413788
5.04844944282642e-3
2.6050521116845794e-2
7.115138948778507e-2
0.10691334946380011
3.414997914186134e-2
5.511564398613833e-3
7.602263435327983e-3
1.9829536940810133e-2
5.7129371147996546e-3
1.71611033023528e-2
4.026231891326332e-2
0.10552522116756027
4.515812664069361e-2
7.073365645319396e-3
5.6831273081280456e-2
1.0891116957341162e-2
2.782303921649031e-2
6.184865121380145e-3
1.5277054789198451e-2
2.5178129199444944e-2
7.369483280082717e-2
1.687539260065468e-2
1.4634312148465046e-2
9.721886595599152e-2
5.008376597859821e-3
8.649307669396412e-2
2.211670329356393e-2
5.111831049450529e-2
2.7219743868368108e-2
5.324528149540967e-2
5.391894161787014e-3
0.13284356992838467
7.15716907013594e-2
1.4246169067022463e-2
1.6309118679343405e-2
1.7282435058597622e-2
0.10728646658883759
0.14440796203352974
5.175363364309861e-2
1.9764174546173973e-2
7.3528979560659735e-3
6.292915991525238e-3
0.10323693958343079
0.1065536279273116
2.252987034674664e-2
6.351493719554539e-2
1.2705395278496522e-2
1.501681254216548e-2
2.2396716720722777e-2
3.008525341113182e-2
2.468076599435205e-2
4.1711154700103795e-2
4.154895796491265e-3
7.907376625076674e-2
2.3093820447524484e-2
0.10568231522806379
1.685861175902904e-2
6.0153560854983565e-2
4.192905818760119e-2
2.9665242854941775e-2
6.891335629875453e-2
0.1450777317534469
3.3191903280305614e-2
3.825464465380637e-2
0.18743533928563422
2.0585570393769525e-2
6.944770118050851e-2
6.0504306296134694e-2
5.911978552968267e-3
9.20725780527709e-2
7.800771473071388e-2
0.10380507044652591
8.65648806534497e-3
1.679954703322891e-2
4.414688481294814e-2
7.915975979937285e-3
7.339148355510482e-2
0.13295051039299075
6.393661149309177e-2
3.240228545667825e-2
0.165310594120126
6.373045597185725e-2
5.725882087814271e-2
9.012282151079597e-2
1.12090641474479e-2
1.525598818612255e-2
5.979389839665006e-2
6.551790197525253e-3
1.7684583509086436e-2
9.829442358295826e-3
1.9328587682205533e-2
3.987257642318315e-2
4.145897863809337e-2
7.94537878367555e-3
3.7179713517455616e-2
7.660156822783808e-2
8.325564231862449e-2
4.17672521230521e-3
1.1472731944818315e-2
2.081681239761457e-3
8.123847131167306e-3
1.0687431670571979e-2
4.691015940614116e-2
9.6782136753237e-3
0.13333410390469702
6.883634578778028e-2
2.017894522085666e-2
5.871142026062726e-3
6.474988318119382e-2
6.43922258387824e-2
6.012310717958613e-2
5.205342772700287e-2
1.5558319761864836e-3
2.2871175933245013e-2
4.008075826263301e-2
1.1681237002935042e-2
2.3014544119549674e-2
1.1246398314684292e-2
3.8256086649872123e-3
4.595799992239631e-2
2.3685895661173618e-2
1.4516712396916964e-2
8.232942914177989e-2
3.0478142322568524e-2
6.272587791223981e-2
2.2910130365936033e-3
3.6261737044061805e-2
4.19709914850097e-2
4.9880879872545095e-2
8.711019458735675e-2
1.9874777693539514e-2
1.6005353338619088e-2
1.8177328360898925e-2
5.807534957442212e-2
9.69545768836585e-3
3.2896784186856834e-2
3.355370805566253e-2
2.6422666959184403e-2
1.2374037201195055e-2
3.540822602681426e-3
2.4190316052794102e-2
1.2982778141541607e-2
3.914018545547756e-2
1.95108165654606e-2
0.1468634241019015
6.407957163415498e-2
9.896150324158725e-3
4.414017037160204e-2
4.0494343647509125e-2
4.534997767303095e-3
3.399531115598063e-2
3.890205142856901e-2
8.686075379009195e-3
5.0933513536014e-2
5.088953061242485e-3
9.820930484201731e-2
9.197732351885723e-2
7.104710494024169e-3
7.833570917104951e-2
0.10728171254418443
1.475302900865364e-2
0.10149579312019705
5.503183478692456e-2
4.223778684785876e-2
7.233065552726925e-2
0.20120716508291014
3.7426685478088697e-3
6.96644081641199e-2
9.063275427234392e-2
1.8147246709837438e-2
0.12313806433005844
4.8166268796992e-2
2.739392192775956e-2
0.10856228717069145
1.1719401471537539e-2
1.6467340945860897e-2
8.374598224897668e-2
8.189151980067381e-2
4.771857003469152e-2
2.4314066609340767e-3
4.9264920306801886e-2
0.1590660431493744
7.545448347842809e-3
4.88012116281884e-2
9.054291334569586e-3
1.7649314537326165e-2
3.236376659828648e-2
3.419345312981199e-2
7.583005736860782e-2
3.771658732061238e-2
1.615707962995514e-2
4.0572388691408466e-2
1.3801691048859376e-2
0.12590896820381184
1.8347276891283125e-3
7.010819734650975e-3
5.6807583462388046e-2
5.278129314814255e-2
5.6721028140615734e-2
3.204317946932937e-2
5.495566717217826e-2
7.701904071936999e-2
5.0023694559528334e-2
6.277291190756454e-2
5.376057504600634e-2
1.180634216161014e-2
2.0151476189891528e-2
0.1221487770938074
1.7521002099907167e-2
3.0067417775877993e-2
4.056176994634958e-2
3.5382702253263655e-2
3.204227253925618e-3
0.11082523374497102
9.5344021752089e-3
1.664986702060356e-2
0.15738424890505157
1.3406479484590084e-2
0.1326661047078479
0.16544473270710114
1.7116709214664793e-3
2.3502720789619347e-3
4.208084974486781e-3
1.4965272134681972e-2
1.9518555398862512e-2
1.0640389763547309e-2
1.116643125214969e-2
3.340471572954713e-2
8.806662311231292e-2
7.36574113367858e-2
7.342463578421055e-2
8.768283624336068e-2
2.6955986056403446e-2
6.61338777484207e-2
0.10345839686162614
1.6557719821767868e-2
7.87924269534343e-2
1.5042991651894655e-2
3.810572582842555e-2
4.8732032947158256e-2
5.2299026796506755e-2
2.915340333673444e-3
1.313126988577371e-2
4.2188349830691904e-2
5.332928399178227e-2
3.2845270873354517e-2
0.11738295537864676
3.595943877416319e-2
9.26282565544981e-2
1.959347532663025e-3
4.4740148044870295e-2
2.1822146206779757e-2
0.11502018228399646
2.8903679177952114e-3
7.113941618372266e-3
4.470363242683772e-3
6.453967220151879e-3
7.234555505508425e-2
1.2133064117594183e-2
9.071826634890988e-2
0.13682640427649298
9.178124134046417e-3
1.1991717779884902e-2
2.4871559948111223e-2
1.2627748447162513e-2
3.933977101390489e-2
6.1729032496768754e-2
2.6359027569634617e-2
3.2380219133935725e-2
4.1769695805201824e-2
1.510702293154521e-2
0.24866921104803347
9.387992603689988e-3
1.733375843444033e-2
7.08042591418175e-2
2.9887541163311993e-2
1.5542170887264329e-2
0.11615087648223103
5.2981123745217226e-2
6.613163666526249e-2
4.322607950314496e-2
1.19111880459572e-2
6.559948312205399e-3
7.65351654141133e-2
1.945740197293274e-2
8.451338312997093e-3
2.7597206013605668e-2
7.116544547122861e-3
7.971119394141027e-2
1.408725655551163e-2
2.0609794101643496e-2
6.641840382369071e-2
0.13884815624119667
2.7466574270127185e-2
1.1284603865361464e-2
1.2339810106134885e-2
3.643372036726644e-3
7.792293556721208e-3
9.507320970597232e-3
2.0172421945733366e-2
1.2973071656962987e-2
1.1531264049968803e-2
4.545377889336348e-2
4.174239983096687e-2
3.649580321536039e-3
9.653880885445509e-3
8.674870981720675e-2
0.11793349372110747
0.15802818170961297
1.5079219179426572e-2
0.15471801518631736
3.6919560929076514e-2
0.12308228931741087
8.519772066919504e-2
9.482292433973305e-3
1.4684732225629826e-2
2.530348231715348e-2
3.62883189093135e-2
3.68782291309568e-2
2.3094495608246647e-2
7.59521759166888e-2
3.434039019705454e-2
3.0837163600137642e-2
3.480368806632402e-2
8.019220113523454e-2
4.2640042176085954e-2
2.6100452173114397e-2
6.4415059938934035e-3
0.14815918338136708
1.1956968487765118e-2
2.955927231705683e-2
8.663870317827438e-2
8.29123367998511e-2
0.11381794941898297
7.786924542381986e-2
0.12721959802825616
9.971542238850159e-2
8.347921855080676e-3
5.9348163153239205e-3
7.315417811428568e-2
3.628029139924083e-2
5.1427591441648365e-2
7.927942452422931e-3
2.4313797093273814e-2
2.817244114758736e-2
5.865545506527674e-2
1.980939946260152e-3
0.1602229555786693
7.6489454754922305e-3
0.12626731958139698
3.286500734388574e-2
1.5848466401038964e-2
0.11678580628080733
7.004701551272275e-3
3.316967741892081e-2
3.060817840319685e-3
4.033793280474779e-2
5.985753744355382e-3
7.856094868866504e-3
5.095547739345948e-2
9.927686405680498e-2
1.925662279825875e-2
2.73551761560873e-2
3.171795981780654e-2
0.10465448798308552
1.0780946828408466e-2
6.032943340354724e-2
2.122902583522973e-2
8.472133180100528e-3
4.4018572780683086e-2
4.602875692685415e-3
7.53693590964518e-2
5.888282843129466e-3
7.234133484902194e-3
4.551371214728785e-2
6.67214778392011e-2
1.0663897915615395e-2
8.926496618913345e-2
0.10064486333000859
3.747364950849754e-2
6.862407622241337e-2
2.782446979584957e-2
9.686601755595908e-2
6.295914696648008e-3
0.13708921452497164
9.138500087642683e-2
8.25674675694934e-3
6.06879528743407e-3
6.0842495400267496e-2
2.627304545031922e-2
3.8348797007623545e-2
0.10356011430954677
0.2731909686013353
9.035972814631177e-3
0.11121340365955161
9.615939996915058e-3
2.6926409469599333e-2
9.255313501903409e-2
2.2397029370736623e-3
2.173210374990514e-2
2.2020342873361843e-2
0.11468413047156674
7.040782102451637e-2
8.901676382149501e-2
6.292952066828085e-2
3.87963285809223e-3
0.15070518644986822
1.33640036873793e-2
2.3026060950641858e-2
6.650664935671402e-3
5.735005913554754e-2
2.7559252570583236e-2
8.521160660347736e-2
5.492617273971563e-2
3.6545939145910124e-2
4.7182458329267554e-2
3.7318294828973184e-2
7.347724417097726e-2
2.200123880854593e-2
8.688946028436348e-2
1.3651927147913302e-3
2.9632504988309494e-2
8.5458482758213e-3
7.81883713453904e-2
9.491963222291162e-2
5.877695639497349e-3
0.1388747976598088
8.629084994063629e-3
1.6155129565004266e-2
2.824389935889149e-2
3.001272205828428e-2
7.60842905286746e-3
3.657606759213071e-2
1.335424923718429e-2
8.074726082835472e-2
7.70207526959398e-2
8.04898301704562e-3
2.2744701420910996e-2
4.6334036324287564e-2
2.401642846276675e-3
0.10644021741209393
0.12099966916050757
7.534208966580232e-2
4.256036812298456e-2
1.1076025476952012e-2
2.1517920250230294e-2
1.2489122420031685e-2
1.5345722282396335e-2
1.5399136286762682e-2
3.264842578444262e-2
3.719277194078323e-2
8.195202870360185e-3
2.7457393883971237e-2
0.16662841109055643
7.773038821092715e-3
2.0269773561965798e-2
2.9005176702463477e-2
0.11358711461602881
0.11346922822255653
7.524712060783918e-2
9.92932399187246e-2
4.381189635431548e-3
4.248725047370637e-2
0.10066143557198681
3.6623898218607655e-2
9.936606134035386e-3
7.577188463935369e-2
0.11136825274606629
2.8172670655425315e-2
0.1128923686592906
2.746514123806416e-2
7.018969879122675e-2
1.8823619064471386e-2
2.09274744298385e-2
0.1791609923514676
0.18634967416974904
3.724970010726185e-2
4.749640785692046e-2
5.986581319977202e-2
5.279758780145617e-2
4.604045019213143e-3
9.448396371517427e-2
5.17036584406644e-2
2.826513050077556e-2
3.551517190249245e-2
3.1660719545686444e-2
1.613289185180513e-2
6.61711409157548e-2
7.151809201697844e-2
0.10992964706296504
6.868363220263779e-2
5.6578029048949706e-3
5.7614936684792e-3
2.2982364437943582e-2
7.687118357865688e-2
1.4122900564304874e-2
1.3940896418330184e-2
2.1410085045546944e-2
2.655208413097635e-2
2.0712819220601898e-2
4.533315289884967e-2
7.625059458154863e-2
0.1303998958483506
1.7850008469087332e-2
2.7278289445875504e-2
2.55808944764625e-2
0.16689543139215132
4.848507891055488e-2
5.222674694894488e-2
2.466335643164145e-2
2.5593434107364865e-2
3.6035570914105954e-2
8.885182049216264e-2
2.410746566092866e-2
3.193927789735238e-2
6.967203477720689e-2
2.0063794388448332e-2
2.732318723259274e-2
1.571873745926078e-2
3.239527513531302e-2
1.4989873781350716e-2
4.6436614211546226e-2
8.68786952130437e-3
1.807642043744474e-2
7.907087906677523e-3
8.325448859836895e-2
4.21399035172369e-2
5.8834903400254226e-2
6.973632553230733e-2
0.14483748100805535
0.1025577060603835
0.1062913991760059
2.198931530885302e-2
3.6840865090278375e-2
0.1235098575323655
4.0610045194714076e-2
1.643948039063211e-2
6.2119072365416285e-2
1.703399476964893e-2
5.87476965338055e-2
3.767088355836332e-2
2.369622230680605e-2
2.521625462341006e-2
3.1922829295646424e-2
1.7223586712320316e-2
4.117667122210179e-2
8.077495955603332e-2
1.6530745264494707e-2
6.447068051519336e-2
8.104946078733573e-2
6.222331300246853e-2
5.276258260130872e-3
2.9188324134190823e-2
2.659249710455903e-2
6.298785134753765e-2
7.416130869668402e-3
1.823873068064107e-2
6.8633558664327075e-3
0.22650705079639372
4.493927469494217e-2
9.749148139832463e-2
5.1960530414907335e-2
7.748501808844311e-3
5.642207505178476e-3
3.036057378533934e-2
9.097805138427016e-2
4.2877650287019954e-3
2.6520988141840805e-2
2.8086946560338034e-2
2.9542658575007076e-2
9.268303360196661e-3
2.351432121974284e-3
8.679527529342312e-3
9.689347276336276e-2
8.936034203906075e-2
3.319586663711591e-2
9.16411294116436e-2
3.707118183057508e-2
1.7920126479067534e-2
1.6142087945558613e-2
0.146845700682919
9.89272872040613e-3
1.708988261123453e-2
9.847710722851859e-2
1.137083183645029e-2
3.5737509839744976e-2
1.8763811145673194e-2
0.1076978060805354
1.532171574487885e-2
3.868227050164491e-2
8.302529449044315e-3
6.322742453375697e-2
0.14599646753022624
7.106908150418383e-2
6.008672313222505e-2
7.682127072038383e-2
3.3773528944846386e-2
4.5744678686053565e-2
6.547575436689614e-2
6.008476727871513e-2
1.695344159135831e-2
7.37252551834792e-2
0.11704619818216941
1.8830323503135273e-2
3.532958979237584e-2
4.614205052417344e-2
7.028277407737897e-2
6.447187822418465e-3
1.692446734061036e-2
2.966215474489403e-2
1.7446458396111676e-2
5.100470904110952e-2
4.830312745845111e-3
0.11954398679885059
3.4704355103754324e-2
3.8679283786432116e-2
0.15587589127155937
3.615441602805427e-2
2.2390187177895825e-2
2.704058473995412e-2
0.21809493529703006
5.320987869442473e-3
0.10813337566756816
4.7093784024792994e-2
0.13013162837617562
2.133208803548938e-2
9.612068401997315e-2
2.5600484348547427e-2
7.324893016541933e-2
6.1925265288786634e-2
0.17825317981057612
9.367546855282158e-2
0.14686013177683552
2.9557496492480594e-2
5.537627470505405e-2
2.1383968444809907e-2
7.202902789780515e-2
5.9119287339355175e-2
1.5599095341527525e-2
3.00026278708335e-2
1.1937084403027442e-2
3.0381854897001237e-2
7.7312068826423715e-3
3.5566101385858515e-2
4.47381799687051e-3
7.499849569985369e-2
1.0440661660338768e-2
3.4936357137269947e-3
1.9034821894757737e-2
8.053903421316676e-2
4.7953433236438504e-2
1.0836283904853028e-2
2.4453864313682315e-2
5.7941305125260065e-2
0.10523396884794045
5.3992000922390225e-2
1.1766259130865663e-2
4.243723902488664e-2
7.079944737906033e-2
6.66656457438104e-3
7.305794317801961e-2
4.275375473095288e-3
9.524253864027683e-2
1.498236160774119e-2
7.590364001908767e-2
4.008903231811526e-2
4.5983406794569984e-2
3.871289777775912e-2
2.1923819862450556e-2
8.753618710183398e-3
4.1036777320332875e-2
2.2873324362738846e-2
2.379997337499413e-2
7.591035241198451e-3
2.0117174052056274e-2
1.0210894151116512e-2
4.8088401312426886e-2
2.2117275258936142e-2
6.446810552024526e-2
9.075171539670367e-3
1.94915218685362e-2
1.0239205548106001e-2
7.858518939596186e-2
2.4361104393345424e-2
2.667878342949792e-3
7.21695617287368e-2
0.10144212051458212
6.281898962539789e-3
2.802933946010878e-2
1.4060448765936573e-2
4.989384815723631e-2
2.3739859404536025e-2
1.9104382645745932e-2
1.984438417492147e-2
5.255279392470324e-3
5.639571325592933e-2
6.3490596695347954e-3
0.10627011117490259
4.9794548387271396e-2
6.164132630227672e-2
4.861902269355015e-2
6.354773487665491e-2
7.937627156007515e-2
7.826325502461984e-3
2.2790054226809818e-2
0.14382264533871644
1.581443565038566e-2
8.874627647936822e-2
8.027243072376556e-3
2.5284641596626967e-2
2.2616323318088292e-2
8.088996709871442e-2
0.1747481189768202
5.812122531553009e-2
4.353750504477875e-2
1.3853295382693254e-2
0.10198940734315283
1.4503381164319262e-2
0.1322663109240016
4.1808899001442815e-2
4.206396565618011e-2
2.6273760912674395e-2
6.270366777635512e-2
4.730695057904588e-3
8.750266717926268e-2
3.271109130752624e-2
0.10267188064078299
8.225708599714355e-3
1.571961480288785e-2
7.540521819683288e-3
2.2018792085198725e-2
4.369750896239566e-3
4.611931428357341e-3
9.99269789545748e-3
8.465250762779705e-2
1.0090503236364446e-2
5.83787858229875e-3
9.49782302216525e-2
0.10521532109909555
6.606314919393329e-2
6.529181610547098e-2
5.029888729039961e-2
4.670404713502631e-2
1.0029014341433218e-2
1.9548408875541635e-2
1.7183562645456663e-2
2.721879066432009e-2
6.540381143257942e-2
1.1631436925154105e-2
7.074053146349299e-2
1.869433915528752e-2
1.1573230290673253e-2
3.4815017781675506e-2
1.2612090461272384e-2
2.152699491976299e-2
7.219494722237148e-2
8.32340866165657e-2
8.825429446950094e-3
2.1860040783769498e-2
2.6112520743825342e-2
1.1023358912228786e-2
8.933871851198738e-2
0.11753328861320292
1.1752301817081423e-2
2.834699292366295e-2
2.9244435379528776e-2
2.3616569215247407e-2
0.18664333249750303
8.828344147652434e-3
1.861582769367458e-2
1.3580048174696957e-2
8.605609063430149e-2
8.345691493569676e-2
8.986639769603834e-2
7.964809438622104e-2
1.0634035163990085e-2
5.530032194137824e-3
6.532786689100087e-2
1.3372125467906549e-2
4.67905401060014e-2
5.934842762520176e-2
5.626604747261014e-2
1.4260308915274144e-2
3.2216911949864424e-3
9.491249605439159e-2
1.7809066828701436e-2
2.0858619295359003e-2
1.718534808501334e-2
0.11739962163487394
5.2608670882574e-2
1.8981663209014545e-2
3.0338485044839824e-3
2.3303321314102364e-2
1.9260965129852668e-2
2.0122165273161585e-2
4.217860847920115e-2
5.8084567630723546e-2
9.278293605231555e-2
9.05903841030129e-3
3.9217399120212715e-3
7.714324326011611e-2
4.420159228266259e-2
1.5616540018911029e-2
1.4325648832257731e-2
6.558295208141582e-2
4.425095393843792e-3
6.773852886257133e-2
4.042907215144298e-3
0.16563995817582838
1.4086720763580673e-2
8.758862983469496e-3
0.10555203605624061
1.432863923859833e-2
3.190025854631438e-2
2.0705208704317725e-2
1.2858972529097923e-2
4.356155014462245e-2
5.037119934355825e-2
1.2581568681008237e-2
4.281112434930401e-3
4.4584109894060406e-2
9.083360778066086e-3
0.1075216714363619
4.226954296424905e-2
1.563473803730625e-2
1.032174925550573e-2
5.5692392160961e-3
1.1243957487344003e-2
6.77513067896166e-3
7.134790764892507e-3
5.074508783333557e-2
8.28135048734087e-2
3.662577490364346e-2
4.8103755274232274e-2
9.248321432877838e-3
8.93194572946663e-2
1.0611204905187632e-2
9.25496815683582e-3
2.230393666763495e-2
4.81982990092461e-3
6.062321769243216e-2
5.7245961438020646e-2
0.17953077497729644
6.725242402480029e-2
1.2163946301370299e-2
5.998297477614134e-2
7.784989561902478e-3
2.1938015971402457e-2
3.839678813508488e-2
5.753447989145492e-2
3.0428075556504862e-2
3.231614627079955e-2
9.42894975274976e-3
1.4586228495022679e-2
2.935893959940431e-2
3.436307953242905e-2
2.761928966785299e-3
8.897244342337722e-2
2.7933382053826016e-2
5.3921176461116785e-2
1.6746951029802493e-2
1.4971152818808819e-2
9.26729618002311e-3
1.5685567637133135e-3
0.15035713194617234
6.11341219765418e-2
0.1395706499871247
4.450799855883193e-2
8.150806223219998e-3
1.4666454739215639e-2
5.41985918400788e-3
2.3706216931715308e-2
9.73010816123637e-2
7.724683252995053e-2
5.2319302038316674e-2
1.8312964886082705e-2
0.1114499951439174
1.6774539664836285e-2
8.305053811270394e-2
1.831296156348521e-2
3.829324105025726e-2
4.289377552099227e-2
2.073238708536137e-2
1.0364836220709684e-2
1.8820651052313675e-2
5.214280616448186e-2
4.705125615195902e-2
4.282497359285498e-3
0.10102117506584465
8.51547497909314e-3
5.102754432185308e-2
3.374174691484546e-2
3.387378826073326e-2
3.140203854728505e-2
2.913365233026044e-3
2.0583200688713797e-2
1.2515924385963384e-3
1.7678503368448728e-2
1.1979617529601528e-3
5.205368651263276e-3
9.703977414532328e-3
9.723933657816842e-3
3.338458418784732e-2
4.29529610639031e-2
1.1070012720649091e-2
4.23251076299052e-2
7.200111105443764e-2
0.10418450762144867
2.0536114934998528e-2
4.0571306071235894e-2
1.0643427961654916e-2
8.61622286500261e-3
7.142153768152629e-2
1.0464952427497976e-2
0.10575736922738121
8.237330569305347e-2
5.524630991962232e-3
3.334787030981627e-2
1.9839975100545748e-2
3.812195119086772e-2
2.9616309186947964e-2
5.163292681659919e-2
1.6866380373715583e-2
5.1606096574606096e-2
1.8425115015337855e-2
4.201024253707357e-2
4.760512735886665e-2
1.813246225984182e-2
8.254333034935876e-2
3.9036057228940824e-2
1.1736465351814307e-2
0.10054319215155616
0.13697021140575708
5.5964214543253454e-2
6.086404539056711e-3
2.7966990018976734e-2
0.16705141916552968
8.887339087761388e-2
4.1482119325770804e-2
2.5677034873993775e-2
4.488738026807519e-2
3.50271262249778e-2
0.1285186659109369
3.262118223214781e-2
7.292896678874142e-2
0.132502833911802
0.1150490121611187
1.4810887967051578e-2
7.179147691659638e-2
0.11193575810614856
1.5917780040287578e-2
3.704815479348371e-2
3.229615495957359e-2
3.71204698395158e-2
0.1496209577660663
4.5755669225882735e-2
1.8022734274987795e-2
2.4423780401772e-2
0.2370389265281731
5.6721663660253774e-2
0.10930945938318848
6.749209869382808e-2
5.1841500080966774e-2
0.10564243238803668
3.2470531467854835e-2
2.036699909709021e-2
9.602862169343503e-2
9.601639258057346e-2
7.822818981218174e-2
1.968647433499634e-2
6.190124949202345e-2
2.3521052370776573e-2
8.895299735740603e-3
4.640638753576024e-2
3.002759578594022e-2
0.11803050794839746
0.138098756759696
3.979967203643402e-2
1.9377080652474066e-2
3.16266786146551e-2
4.7009955274254965e-2
1.959922863277519e-2
7.402659839147548e-2
0.12532282929039992
2.035928670644229e-2
5.8593925204729294e-2
0.11970681061206352
0.15238411606931956
9.702984959003202e-2
0.10802118074101474
3.758120323423453e-2
4.168115930962074e-2
5.609234324323355e-2
4.862422744802654e-2
1.7614476175765927e-2
0.12445046549769542
5.21598397492513e-2
1.7463341090365847e-2
8.2291306867226e-2
1.783781110950856e-2
6.186211926822921e-2
0.12137759528348668
9.471322984724279e-2
0.17095828610838795
0.1115331317584655
2.2239408683991213e-2
3.838536379490352e-2
9.315849771543212e-2
0.12048674768632303
0.13133542763844383
9.089520680659766e-2
1.4827421528181561e-2
9.841851621074468e-2
0.1379104793495872
7.973871953698242e-2
2.897036114787179e-2
2.0278537471717383e-2
8.39848661159834e-2
9.729087227656114e-2
4.627929905812941e-2
0.1343803690524819
0.15035232729291464
3.282520403265147e-2
0.15036319353176103
3.4900606563098936e-2
6.417781680977944e-2
0.18262125108398353
9.173802672807738e-2
4.330158579618332e-2
0.11732797543446169
0.11331486769069717
8.562789050041605e-2
0.1989223760424185
3.4427111498574546e-2
9.693857759148085e-2
4.298642751039803e-2
2.3999701051397915e-2
3.575382335462882e-2
1.2517040080594243e-2
0.18659438978322246
3.223183207618892e-2
9.294724251693195e-2
8.403324089611101e-2
9.438255992633462e-2
6.523126605918524e-2
4.109935625252472e-2
1.74335855730283e-2
4.484260883561062e-2
4.561549169175623e-2
5.17981155204497e-2
2.8393752804507056e-2
3.484432260444912e-2
2.647259403591227e-2
0.1617381403997032
3.773693234804909e-2
0.11633596683228646
0.12620000337761555
2.2257678045841212e-2
3.7645020108821606e-2
9.555090825410329e-3
4.7762183803536265e-2
0.146929685557141
3.29839701761888e-2
2.3549138426203754e-2
2.772892902323295e-2
3.643934906001065e-2
3.400007769086953e-2
4.161786604226081e-2
0.1680671614414003
3.866030111612011e-2
9.88608906469921e-3
4.499005663290743e-2
2.1585769316469373e-2
5.382598068605153e-2
2.2874148538542395e-2
3.1059459501965335e-2
3.937869289128911e-2
9.465941768226588e-2
0.1582811873880225
2.736670295309631e-2
5.9336894319571044e-2
2.7368138083739002e-2
1.9995754609166073e-2
4.4527782508351224e-2
2.317563043409755e-2
6.548586568704776e-2
2.6151294350259157e-2
1.0857913003948528e-2
1.2275467839905662e-2
9.870315960824153e-2
5.3537572985399795e-2
1.253342859986607e-2
8.73493460337484e-2
5.2688265506560986e-2
4.522158626109355e-2
8.552094174259029e-3
4.0601826174999946e-2
2.1402648121973167e-2
1.9340260769518502e-2
3.6298709373626725e-2
1.8349066092805212e-2
7.206365231811088e-2
4.6426839323423175e-2
5.870039925124633e-2
0.11437022988074608
1.0494439998407112e-2
0.1128455177586873
9.519695232018997e-2
0.1188582275987542
0.13873407666992896
0.10196516892221259
4.203357258018499e-2
8.878475794986339e-2
1.2565686667474795e-2
0.12608315373421952
2.2577389223610432e-2
5.277177596691146e-2
2.9509341205077866e-2
5.3327254232469166e-2
9.472659142230544e-2
1.7134855374775916e-2
3.610417391032966e-2
5.9647891665458915e-3
5.30414414883824e-2
6.019876960621327e-2
3.20060859000217e-2
1.037754387769374e-2
9.64817412922685e-3
5.2640581594967914e-2
3.8535780231295336e-2
8.575672471213378e-2
3.604452518368454e-2
4.011137602939321e-2
0.14927206259447554
1.82665220692362e-2
1.4376330816691162e-2
6.437284369904708e-2
4.050921380350505e-2
8.983010688113416e-2
8.276184634525212e-2
7.124599090680384e-3
6.367547313228276e-2
3.0535649580558398e-2
3.556553355945148e-2
5.179033251009307e-2
6.549186879354553e-2
2.3334749273696533e-2
2.5689523033059648e-2
5.092807128252008e-2
9.712839635461391e-2
1.5355153646839027e-2
2.0188988693747932e-2
7.744235423593898e-2
0.15076560518009635
0.11907686756511308
3.5048763149924424e-2
3.874347984138373e-2
9.44012380757049e-2
3.0078418832201092e-2
0.11319310743609971
0.11621087209876753
1.629979764084679e-2
0.17644950526980613
4.511862259576205e-2
2.6513695748813505e-2
1.5511503558486683e-2
3.424766842930756e-2
1.3121187556736979e-2
8.655845995152465e-2
5.828558299851129e-2
4.418233375784708e-2
7.342252061680518e-2
0.24683044999404052
8.290739188929862e-2
0.23664762004479406
4.3774227613303095e-2
4.4012643370077154e-2
0.11393345443061706
0.14858039101576728
3.853957682465651e-2
5.960626806393787e-3
3.5107768896928e-2
4.03975555139048e-2
0.11753865149654708
3.4390029969118475e-2
8.311212559475281e-2
2.9354974226669828e-2
1.2596722359240576e-2
0.10006974936853275
1.0458580070890889e-2
8.097604385170756e-2
8.717403105304689e-3
5.3931473159146516e-2
9.567083279358385e-2
3.454597558758007e-2
9.986831214489358e-2
6.985984544156207e-2
6.904541329627177e-2
0.10482707237102104
0.12473495801204555
2.9582157441658753e-2
8.935359547420238e-2
0.1734233414496457
8.625185124451416e-2
9.974649915240633e-2
3.315810218106221e-2
0.12040635103228574
0.19906596023599704
6.733944968520947e-2
6.373440144723197e-3
0.16190204990845913
8.614841629397381e-2
6.990950203628005e-2
4.74577504737609e-2
2.140310193833931e-2
4.5839418919289054e-2
0.12559678951105419
5.0496866739077904e-2
9.081442698188477e-2
0.12667083059924328
7.692088557854784e-2
9.019328941297201e-2
4.2926667558585655e-3
5.2047336667638854e-2
0.1022266193122415
0.1795079889524136
2.9258463643953682e-3
2.4023794159189104e-2
7.988666294226378e-2
1.8151595644757414e-2
4.5236913274074995e-2
8.46465903600797e-2
3.1619539521534755e-2
1.782964595892763e-2
0.17369489656225978
5.31447710924343e-2
4.662335941071204e-2
2.7001051984639358e-2
2.5455797774158774e-2
1.615145434060583e-2
6.955403404342761e-2
3.610841916619817e-2
5.855733291405858e-2
0.1362151992916463
6.1664164969704546e-2
6.0555879456956105e-2
0.11917720628625865
1.961199626509086e-2
0.13188814673755606
6.1417694669954594e-2
2.8608675764747304e-2
2.2528157690894956e-2
6.042278052633321e-3
2.9452718918327923e-2
3.0859796179654432e-2
0.10340320593205807
2.722602390707347e-2
3.4320723030955846e-2
4.000934703341208e-2
1.0854358294711219e-2
4.021494023066454e-2
4.5275058874178306e-2
4.31065959519779e-2
4.0580028497549304e-2
9.936109068618397e-2
5.2213051476631835e-2
2.2009470471654146e-2
0.112044182789275
0.13326319902549882
7.9282777346819e-2
5.995453433228128e-2
6.60434956706061e-2
9.111443409436734e-2
5.7323629482768e-2
0.10658573557274224
8.760404125547915e-3
1.0084659653821982e-2
8.961768321246412e-2
3.485296364752212e-2
8.19303802563932e-2
7.2924254454861e-2
6.575244718380426e-2
4.115251928165575e-2
9.88805380939313e-2
2.6856201863096528e-2
0.16451294459526453
8.791218677487793e-2
5.7182848137474596e-2
0.15027036625780613
1.7642906523387136e-2
1.5655369060991096e-2
7.083921332853235e-2
2.834337236216198e-2
6.828458162342052e-2
7.109515039850352e-2
2.3053936147217412e-2
1.037810057782278e-2
1.6685108745665356e-2
9.30596703625647e-2
2.1405578773499377e-2
1.01251602455792e-2
6.625063527390207e-3
1.7577241469049265e-2
3.4572955973196116e-2
2.0520226008620124e-2
1.3052316927229501e-2
1.960449298245518e-2
7.093823187541663e-2
4.4257725680714864e-2
1.4708498093791622e-2
1.4416270430968225e-2
0.1072667490697488
8.60081842579929e-2
6.318014819045367e-2
1.6271910315734394e-2
0.10154435790673651
4.377314449959931e-2
8.973348340011218e-2
0.11803563778700607
9.295911785418573e-2
6.262113194850552e-2
1.7851716412394348e-2
0.12073120824152266
0.10540040788789481
5.9209353293393996e-2
2.0296194240368392e-2
7.532974072955345e-3
4.081156118361261e-2
8.119874344995429e-2
9.705106689582932e-2
5.6226004812189846e-2
0.10943196439322367
3.573605706221862e-2
8.827924806922402e-2
0.13561070822265223
1.1402712329706632e-2
8.867303479581748e-2
3.789441653990268e-2
8.424370643445433e-3
2.982279034125652e-2
6.559866253205324e-2
8.265310887221224e-2
0.10110992532840198
7.79262886214862e-2
0.1172631076590668
4.171135980349104e-2
3.5474116907930134e-2
7.348318540794223e-2
1.7977495704447878e-2
3.414267546313364e-2
5.752627189463518e-2
2.9704717111842027e-2
7.609865085764523e-3
1.8106299590358067e-2
1.2214238270433131e-2
3.978386507162901e-2
0.17508290578584393
1.7510546086856083e-2
2.384434829204183e-2
6.208487024201146e-2
5.210884346128235e-2
2.4689212370285585e-2
0.18783532928177774
7.936102744175898e-3
0.12978802490196595
5.453440836212907e-2
0.11129374137463688
3.907437590800045e-3
0.1354849800906906
4.419432660606334e-2
8.165527895940235e-2
8.868702536318263e-2
2.6325939116181194e-3
7.89601304571447e-2
5.923351171841208e-2
7.0250880494648e-2
1.0265254840989724e-2
5.505735981492906e-2
1.7441467150578725e-2
3.351929074455682e-2
4.604461898667045e-2
7.54289011030727e-2
6.257946388211762e-2
3.193699238084204e-2
0.14686017746218152
1.7205645168448434e-2
0.10233793879389715
0.11644989923913515
6.3603915951631e-2
0.12783469570235656
4.242944623823969e-2
0.15758426424070762
0.1263775319138213
5.1013981277514976e-2
3.3693436015332937e-2
0.12624007741413837
9.182216638831685e-3
2.510397714118543e-2
4.260118846139577e-2
9.699136435886169e-2
0.15616210852551532
2.031802990607081e-2
4.815063782080266e-2
1.2015057937269124e-2
8.893553488928423e-2
2.585587525606161e-2
5.342096843520723e-2
1.2452904155190047e-2
9.475623674669431e-2
3.6817121225410586e-3
2.2743745645506998e-2
4.2470862932442455e-2
2.4354424613431635e-2
3.46456911782406e-2
2.3377241610747614e-3
4.598758585321128e-2
2.367733693943942e-2
2.017873643900221e-2
8.237242092623528e-2
9.19152835365907e-2
0.11231044782166255
0.13746303767712625
9.558855476709793e-3
3.1189550968402556e-2
9.899297364888983e-2
9.323474904312434e-2
3.907982861655418e-2
2.6760129203730564e-2
2.5639764619772066e-2
0.13438756728102796
8.81710967183992e-2
0.10069896857775854
8.786155589227289e-2
3.5872014317124404e-2
9.292664574167218e-2
1.1021935052459342e-2
7.752590416033678e-3
2.764948017003632e-3
0.12417890770294951
1.8766258148381575e-2
8.138112622572524e-3
2.8426199462001988e-2
0.28848362988080267
7.371810241007234e-2
8.339109275184194e-2
1.5500644112142359e-2
0.10129414224374034
7.801724062430992e-3
1.3336873608276123e-2
3.0667621839513327e-3
7.105619112079464e-3
8.47413215061531e-3
3.752350379066789e-2
4.146142290158115e-2
8.9339138423947e-2
5.842498205261913e-2
2.2379452360858608e-2
0.137245895883767
9.733215261409511e-2
1.2243336360287693e-2
1.7590821902594766e-2
1.9106789634985057e-2
3.673980580542293e-2
8.09353030416802e-2
9.313841897153497e-3
9.658671387249654e-2
9.632578267319803e-3
0.10006993240517606
4.069099165538219e-2
8.806243150173422e-2
4.5283858927702425e-2
1.1003173949195233e-2
4.910201535538333e-2
0.10972815533246398
4.4856104804343856e-2
7.911825367204056e-2
2.0607293458287212e-2
4.788771879579098e-2
0.1403537776230002
9.608041724751037e-2
0.10469770055925184
2.434196542647753e-2
6.270655868371217e-2
7.028406924466518e-2
3.5106809424121886e-2
0.16322185471112477
1.4374761880563091e-2
6.693198941731637e-3
6.251067886375183e-3
6.226887979735562e-3
1.880028232685088e-2
0.12249702993533054
8.742276086493568e-2
4.36189163913441e-2
9.110032969169654e-2
1.4155635616666985e-2
7.588245648272873e-3
3.3701314976715045e-2
3.1808586248965334e-2
3.414405784065565e-2
2.3600537313014203e-2
2.5520225651532523e-2
6.440654903258311e-2
5.561320481230013e-2
1.6739242800138256e-2
1.3971885781995064e-2
8.55360764838067e-2
6.0811372204846934e-2
4.938710059184176e-2
2.5750493194001634e-2
7.189712292307064e-2
5.596024582933636e-2
2.679351686819147e-2
0.10079937110266561
1.497364655762864e-2
1.571934650738991e-2
1.2834089570301865e-2
7.221714673311572e-2
4.641108802164003e-2
1.8775599299661737e-2
5.475265892065456e-2
0.17022556583497062
1.3043546331976819e-2
3.194266805761916e-2
7.951137270760908e-2
0.13066421676213674
2.810750839451054e-2
0.10656699948794197
7.143963384413155e-3
8.013231913001452e-2
9.254109486835383e-3
1.4072646386951071e-2
3.3154182865883675e-2
8.548232572751002e-2
7.921132306594522e-2
5.362506775062877e-2
1.845360275376561e-2
1.565469923889843e-2
1.989238655476273e-2
1.258105787469046e-2
6.849793464260445e-3
0.12827003043753313
7.144395254436489e-2
1.8068558023664572e-2
7.16451788473795e-2
0.11435939188857627
1.584056132817304e-2
9.692075321595843e-2
4.330423309413661e-2
4.492932429857196e-2
3.415566153090667e-2
8.35601587096105e-2
8.785776861027117e-2
8.591873738068256e-2
1.870818004794954e-2
6.86054716989277e-2
7.76128446471657e-2
5.4271714583297236e-2
2.9006797268626084e-2
5.2085691357800355e-2
6.37075356706169e-2
3.3972493778820646e-2
1.0376335280428006e-2
4.145136973776693e-2
1.0878609515960447e-2
0.12740156978458575
1.1083221588735837e-2
1.6857017832065745e-2
4.516717260427459e-2
7.502688818763106e-2
4.54650902879503e-2
0.14098028413197533
1.7377539974708554e-2
4.5674519124621185e-2
0.11217962365857184
1.63431571607891e-2
1.3925291867393264e-2
1.8163563918593594e-2
2.5866957980843507e-2
7.695734138602453e-2
5.998061375307841e-2
7.326757683210189e-2
0.15829314780805787
0.13953161032544867
8.062759644478959e-2
2.5501305742118684e-2
3.548435069188084e-2
0.13258677626469267
2.93465205946294e-2
1.652743203710084e-2
5.766637078497664e-2
5.452615707581636e-2
1.1450801758156815e-2
8.95551592594166e-2
7.021452121047264e-2
3.1174190562232317e-2
0.13434676568629597
1.383647598239256e-2
3.1844959615534074e-2
7.243460421926684e-3
4.61772460057752e-2
7.488676190209287e-3
0.11878217469398296
9.424412506617907e-3
2.0081834690523038e-2
5.693584962588494e-3
0.12897092212669034
6.49388060425502e-3
4.5235073466243926e-2
0.11847466718668423
1.844837778002665e-2
6.148142512020218e-2
4.819475477262828e-2
0.15743293087066795
0.17377777473870187
7.482115685187754e-2
3.4861050424587536e-2
7.131918813280125e-3
1.1507211634118941e-2
8.798433135487445e-2
3.337638081573883e-2
0.12861718893052781
2.133059355626099e-2
6.260755059190629e-2
3.279678133119309e-2
6.242507569359914e-2
3.528232766495244e-2
6.950824010623913e-3
8.071095798026771e-2
2.880936434192115e-2
1.606207665138366e-2
2.9638037036102006e-2
5.544714494526579e-2
3.761908992861983e-2
2.7422799061847934e-2
1.3070636927230317e-2
6.785188744197619e-2
1.5592792808987399e-2
2.306075684858342e-2
4.5969182540918876e-2
2.875125275847481e-2
0.10127831454286267
0.12357890292000273
2.6404393996614983e-2
0.10364655438057968
7.273471976914976e-2
4.0989859667324435e-2
2.798626726183373e-2
1.5806577024152314e-2
0.10330773190767903
2.160886465583097e-2
3.29597191510036e-2
0.10758256288037031
2.303419212298611e-2
2.5192801664269883e-2
1.5665969623105912e-2
2.65123364930278e-2
9.648021500151244e-2
2.0315072370856578e-2
7.1086602051230185e-3
7.752100478480553e-2
3.0863579899896153e-2
6.303063239233606e-2
2.4027422726650573e-2
6.156592029374852e-2
5.625538147034918e-2
0.11243299319335545
8.667116044145476e-2
0.16170057829899945
2.9810508081640995e-2
7.817796622252382e-3
7.645163285920098e-2
3.51484764798541e-2
8.19463373096846e-3
3.890364613908237e-3
9.054933786775662e-2
8.774416077271949e-2
1.0355174666918076e-2
0.12906175901689848
0.1421784672721108
0.20508950480742208
1.649624124772776e-2
2.6005750499942783e-2
0.11039276082134127
4.77179510086696e-2
6.658949789671467e-2
3.8729230061427075e-2
7.353657110274593e-2
9.208954966578985e-3
4.893155901135945e-2
7.042880964126063e-3
7.215201430992266e-2
6.3388591461588486e-3
9.61568191734142e-2
0.10027132088448303
3.964797104419332e-2
8.420769512008335e-2
2.2791338064181398e-2
9.570792879387346e-3
3.0023223661161336e-2
5.736857567260506e-2
7.303815366045641e-3
2.3438588902103864e-2
8.740994879067921e-3
3.2361473833692866e-2
0.14554628342060066
1.010523430280753e-2
4.0064563122706974e-2
5.263498227587452e-2
2.106152389500996e-2
5.428350784611907e-2
2.8436929534003775e-2
0.10810891298256746
2.5610039107675918e-2
8.43134678940356e-3
0.11593268995333617
4.890704650981988e-2
9.003064278014106e-3
5.0874495133366934e-2
2.491140724952299e-2
4.0902782846666916e-2
1.1630201157818909e-2
8.842944982926958e-2
7.144015097715839e-3
1.728542851133822e-2
5.513680729667536e-2
1.5531583463866006e-2
2.748629301601784e-2
2.2830374758855666e-2
2.5107668954884532e-2
4.143417662846394e-2
2.864792610953367e-2
1.5350404988658316e-2
3.0982681164828794e-2
0.18501669407550564
4.715648306298474e-2
3.384614404293947e-2
8.317020634096989e-2
6.098667542181322e-2
4.815641276116005e-2
0.12739938890314517
9.128980831147447e-2
7.37283827220669e-2
0.11671368640765234
0.17694685111014072
1.1023948250922433e-2
2.568754048362597e-2
0.137192378884543
2.7023692454358917e-2
0.10751816194608159
4.318723249434464e-2
1.4916322256604341e-2
1.2448437240687327e-2
0.12869028644498964
6.816240860186396e-2
0.13773030496676336
8.627986326236028e-2
2.0176204466546787e-2
1.3134806648965358e-2
4.0365346091905806e-2
1.1059772089098686e-2
5.109295258090226e-2
2.8485276322915844e-2
3.3837172002130433e-3
3.240247053150497e-2
3.26358005328134e-2
1.693355445210428e-2
5.5380264011323975e-2
8.798826045869551e-2
3.65785274516555e-2
3.4262291308912396e-2
6.294235530247039e-3
4.670524098269913e-3
3.74318733185527e-2
3.078745847046126e-2
3.1872600348384184e-2
9.758109203773561e-2
1.1968030553939645e-2
0.1029483605692437
1.634951653806105e-2
9.764016444444255e-2
5.7658935552695675e-2
0.12198682570701144
4.605680462249394e-2
5.724401430539583e-3
9.326150644266791e-2
9.454256130289829e-4
1.0587099195109573e-2
7.169840673064724e-2
1.1713323084130377e-2
2.856184306015087e-2
3.794952250663962e-2
9.199742324372162e-2
4.484058589371853e-3
3.882142539515637e-2
1.6914603020283913e-3
2.065682585918145e-2
2.4141532917466825e-2
6.278985193913467e-2
2.9624776644558915e-2
2.7849195359755254e-2
6.6846306511149645e-3
3.0845052828394438e-2
2.0230034876608516e-2
4.436768822894311e-3
4.999384352365051e-2
1.6551629452427718e-3
5.443420331553761e-3
6.60179178552227e-2
4.538624109386062e-2
6.308149539565397e-2
4.271584981087093e-2
4.094869849447227e-2
9.34044597158318e-2
4.2210659273887584e-2
9.71955864059441e-2
2.097176194147392e-2
2.86990144996495e-2
6.974889592808425e-2
6.903217894357649e-3
7.106189578257371e-3
5.28651292520287e-2
6.589979826576826e-2
7.594026822191748e-2
7.714409312802173e-3
3.24603824715904e-2
3.672119757311262e-2
0.1030678528154771
1.717360401872019e-2
2.5146802984504203e-2
2.0666452204779785e-2
6.0274400706982124e-2
2.4591694500621885e-2
7.179106247566822e-2
7.323788788975241e-2
4.4255663564753155e-2
8.357826515940794e-2
3.0727050029876357e-2
2.8749706102427185e-2
3.2768582452235163e-2
3.7492186952060524e-2
1.3559126927086041e-2
0.10056122797571584
0.12105600993346308
1.0889987602574147e-2
0.1018215885277753
2.170782044171571e-2
4.7760298476273666e-2
9.969042869611866e-3
9.26095742773931e-2
0.10054288443578216
6.043988912467291e-3
7.76589400320692e-2
1.5421013676968742e-2
2.6999556360896237e-3
0.10418523661169013
0.10107847875727702
3.2104141390395954e-2
0.23240490474838574
1.5267111689821311e-2
4.793108811735123e-2
1.1313101919477653e-2
8.40223274286429e-3
1.1213648218007365e-2
1.323393517440714e-2
9.3039853192609e-3
2.4834663401914526e-2
8.287344799659847e-2
1.0155829490932567e-2
5.239354304787549e-2
0.15379893822710428
5.6881194122392785e-3
0.10960390246728353
0.11065298642928156
9.705195505039971e-2
1.4160708393413912e-2
5.69937669210817e-2
2.058971630802019e-2
0.24564556567921478
6.188917820749339e-2
9.35610378688836e-3
7.262019177312329e-3
2.450525318715412e-2
6.115807630467906e-3
5.330381461886857e-3
4.257985480848372e-2
4.570896638438843e-2
1.4372324796923675e-2
7.666393630308998e-3
1.9201952304922876e-2
1.2703150945278963e-2
7.010126545187292e-2
0.12404934179858729
4.932495856717882e-2
2.37185211272126e-2
7.549238400573308e-2
1.3894394794463217e-2
3.360431760315681e-2
1.6158543740546004e-2
3.9543751229782265e-2
7.25009762244293e-3
3.451018066451157e-2
8.262002359962459e-2
7.130501938628675e-3
2.6364692324184535e-2
8.24286979537336e-2
7.365392957693181e-2
1.6978643264966665e-2
4.364437954059282e-2
0.15359360696059723
2.4484609425656e-2
3.606006226593008e-2
3.4807904264809286e-2
0.13125791216313717
1.4342420511063481e-2
4.135968386179796e-2
1.4510352543805316e-2
2.727720241116416e-2
1.5016297732928296e-2
1.755700547101039e-2
8.990632859347258e-3
1.95626320917772e-2
1.5247659024808425e-2
9.704824046742597e-2
4.68163801839121e-3
0.15349968400648245
1.2513848177683418e-2
0.11780053130486763
7.406669054586487e-2
3.8210537766741194e-2
9.330428753656482e-2
8.679266114800388e-3
0.10860591932535328
8.185867456313253e-2
3.624015789645178e-2
2.2303580220768872e-2
4.91921402532597e-2
1.6714392681760858e-2
1.1334220357170677e-2
3.970636923809399e-2
3.0762980280558582e-2
4.115360418983605e-3
3.154051209797369e-2
2.1323172041507688e-2
7.695556707561804e-2
3.575760798464224e-2
7.965559221141782e-3
3.920559336854791e-2
6.34714449381065e-2
9.82956838925192e-2
1.4667158833833049e-2
2.289951253448408e-2
1.046506526807266e-2
3.077681168656492e-2
3.816899005814273e-2
1.4908755703887843e-2
8.571432607638538e-2
0.10320614638993468
9.444507299398575e-3
0.10092212833074554
5.515064282150499e-2
4.590563482643913e-2
1.4187447387609187e-2
6.089942050383222e-2
5.3823747222838746e-2
9.760477461293886e-2
1.2242725717925507e-2
6.976233124991649e-2
4.319853413585033e-2
0.1547133494336122
4.015128012603637e-2
3.685118167398723e-2
0.1023358825935444
5.95441421795565e-3
7.859437226388152e-2
4.578148745875532e-3
9.14152580555472e-2
0.19093023145075447
6.116345813462409e-3
2.8295019189079083e-2
1.2923491581182556e-2
1.0982604432365383e-2
1.2434856666412508e-2
6.486672062678919e-2
3.730625638897282e-2
0.22911007623584356
1.221407171406368e-2
2.9933211177684348e-2
4.5852092166296134e-2
0.11928939086571529
5.69806649252655e-2
9.303380018650996e-2
9.579590607840457e-2
7.203544480871205e-3
1.2309151519482553e-2
7.507496345207558e-2
3.4348824737649594e-2
5.308234533606203e-2
6.188720766931255e-3
2.0120486647813362e-2
9.579128598904033e-2
3.2240408134203404e-2
5.354064468517805e-2
8.09394903631544e-3
1.4373452339130389e-2
6.400282131556798e-2
6.198390101048651e-2
0.18608239442810365
2.90974308673995e-2
1.7218407047591245e-2
2.785118145685649e-2
6.85249300058513e-2
0.10526270873471613
4.2236354844578126e-2
7.89356881936304e-3
5.375446089505982e-2
2.2921671864139802e-2
4.2339861222215947e-2
9.850443875001197e-2
0.16472272348062583
1.732689930134005e-2
9.363932602972896e-2
4.706004345466648e-2
1.5112396038557453e-2
1.5235986629151288e-2
4.113053269788487e-2
4.60459345906643e-3
3.118210042596804e-2
1.885693501113065e-2
2.2028140937170572e-2
2.298853220584287e-2
1.9772719649127656e-2
4.6032722262619674e-2
1.987429213927342e-2
6.998965546500809e-2
3.583016892481555e-2
0.10648020319032907
0.13710873296034895
4.656196646819477e-2
0.12012164537178135
6.772629871570113e-3
7.474263413953797e-3
3.224115089839628e-2
8.162478708586238e-2
9.726906057529327e-3
6.796892169528518e-2
4.403141297910507e-2
4.06397033177268e-2
7.51564797404853e-2
7.752926669470248e-2
7.70982323063467e-2
4.111678250250193e-2
3.562237022807235e-2
3.398176976254225e-2
3.985648885509733e-2
9.500561753749293e-3
9.202235734199626e-3
6.841990396197817e-3
8.275586239000945e-2
3.636422790006377e-2
1.9196754451670305e-2
3.8273871748766106e-2
5.044951904876525e-2
2.137034483969432e-2
0.12506924638567796
4.782737154394021e-2
8.79419808806955e-3
8.61212975988662e-2
6.424066226493923e-2
0.13336781116014115
9.170670396855974e-3
1.6668413428209638e-2
1.9475031783941353e-2
8.27119202962809e-2
3.738710991420223e-2
2.643302742485293e-2
0.15266512497170398
8.394873299421835e-3
4.3917942736694325e-2
4.028595478518025e-2
0.15592905524724668
2.5332961030308687e-2
6.3377625337356e-2
0.1560690382796689
9.924663644455879e-2
3.8984681198084216e-2
5.817816298806911e-3
5.038361277474285e-2
7.676644837875291e-3
3.688203857098191e-2
5.0102137981782924e-2
0.15778343672002082
1.1594929039257785e-2
7.707933062442143e-2
3.6406280384313996e-2
7.742267376444041e-2
3.369224878720447e-2
6.0579089622189865e-2
0.10140849760240248
7.149092362685716e-3
0.10695648631726544
3.2707909632122445e-2
8.483973045401175e-2
0.10598984339145497
0.20483798073619858
2.915802699755058e-2
1.5096289438001554e-2
1.139012142960033e-2
0.1362374959719493
1.953101157907161e-2
1.7408301514914525e-2
0.10594053294172845
9.035778123839833e-2
0.1100672371865995
2.183373928577954e-2
0.13491375930585794
2.617609229472221e-2
6.944285174617437e-3
1.6950500581237093e-2
5.159290925064216e-2
1.776350427086989e-2
1.0860910074844288e-2
5.773110209716291e-2
3.7993975024258074e-2
6.845719304224948e-2
7.269760634490027e-2
9.03921728808039e-2
7.558281706636702e-2
1.6971881572413583e-3
5.3005031293812385e-2
9.439130355998604e-3
0.12443119692060194
1.831658585325884e-2
5.863603015281151e-2
2.550948511061214e-2
0.10386270457603959
1.7080153871508262e-2
5.783317178658751e-2
6.039139166652037e-2
4.9163192788660326e-2
6.098241110555517e-2
2.103731376163609e-2
4.180073823810845e-2
1.7798616327994853e-2
8.626704139284416e-2
2.8849512044935542e-2
8.290893497420182e-3
2.6168800846443286e-2
5.688131298599242e-3
5.6197805961353875e-2
1.1003247151798234e-2
2.8778333719363013e-2
1.773142761746561e-2
1.0503952594938448e-2
5.194579577381804e-2
3.172899556506008e-2
7.66216557489362e-2
1.9057451248614198e-2
1.4239006460028458e-2
3.60583255609791e-2
0.1304346147566931
4.36808409015196e-2
9.65191783573217e-3
8.9102887683836e-2
6.036275266851369e-2
2.6630254230740814e-2
9.213774936199937e-2
4.1800798614155824e-2
1.7789772044311935e-2
7.880407416044614e-2
0.10033863214852698
2.154010579632587e-2
4.1089861412970344e-2
8.637410915195787e-3
3.507611381727775e-2
3.153482487798065e-2
1.9421849112706245e-2
5.4419562681407e-2
1.9309463996757183e-2
3.452244379229276e-2
1.8525399628497596e-2
8.631552091005655e-2
4.1633689526011555e-2
2.908739222712905e-2
8.291684850904925e-2
1.0239211778426283e-2
1.672516626045222e-2
8.2919580578196e-2
2.8380234730049293e-2
0.10827688888355888
1.486770351612099e-2
1.3017884567699367e-2
1.6361233604670143e-2
6.216476189807076e-2
8.39067723427234e-2
8.496428770213237e-3
0.11606792404975466
3.5814519017662846e-2
1.4141399727018156e-2
0.10905545684611646
7.226008416360075e-2
7.983159332744237e-2
7.570417767417445e-2
9.254189256265258e-2
2.4813997272008337e-2
3.774091711945783e-2
2.7853947692431123e-2
3.241585498834045e-2
5.600808895007292e-3
1.1323727972760655e-2
5.7055525730487874e-2
3.208264781565321e-2
3.312025870781239e-2
0.1263080820846414
5.429739895642016e-2
1.280359228265011e-2
2.1894221225428334e-2
6.155180345289191e-2
1.0074269029811067e-2
9.517389101770024e-3
1.6287011588952304e-2
2.8993262739548154e-2
1.8881425212118642e-2
0.13278541579192543
2.7891451302445736e-2
1.232234557529347e-2
0.15222578680101828
2.2348206615846224e-2
6.0235200974718364e-2
3.7380748114938e-2
4.0102815377565035e-2
1.1544210083008988e-2
1.15498313924832e-2
4.658988088153536e-2
8.463672699033174e-2
8.426294189007578e-2
0.1139786218922187
4.232862956591417e-2
1.5777831309547775e-2
4.4185296395682604e-2
9.515544767662595e-2
0.10547510485169345
0.1556323853614267
2.0590302246710334e-2
0.13240713374675486
3.7176777402706786e-2
3.5670625213308736e-2
0.1861569275391494
2.464922596210941e-2
0.10128406488854817
7.411583535132985e-2
3.424470194736384e-2
4.038610781140839e-3
6.987946823366237e-2
7.663193589509947e-2
8.086725372973472e-2
0.1284517356383917
1.9677263425299196e-2
8.904498736263221e-2
1.4985854428084412e-2
5.538360002181077e-2
0.13947270689843586
1.2060047022729337e-2
3.9006451995642163e-2
1.1234114316543498e-2
6.493718004374799e-2
8.220799877132283e-2
1.25408225662877e-2
0.1489840718814364
4.2657364604585954e-2
0.12498683828870913
1.4825413348331883e-2
6.263872220478835e-2
1.6163547684651235e-2
9.705027538614028e-2
4.4615180916584576e-2
1.63553466470464e-2
1.0073914233873039e-2
9.085345614044346e-2
2.65966657926064e-2
1.2791972754134674e-2
2.519984675531506e-3
2.7901157208527472e-2
0.14789342502943786
9.114829432058856e-2
6.485073839696964e-2
1.609185028066008e-2
3.7355471755983236e-2
3.903003152448218e-2
0.10058653419782941
5.0053651838741e-2
7.580957253809716e-2
4.99850976168818e-2
9.784308384681084e-3
0.10823335892197854
8.55020953968258e-2
4.3286773987047014e-2
3.747526365743252e-2
4.16510784599986e-3
9.664533574691703e-3
0.11215287617635876
3.9241397919329455e-3
8.878656761661163e-3
2.363728429661901e-2
7.569678660116652e-2
8.861802105128323e-2
6.605595440656231e-3
1.1211295033877022e-2
1.51135808546905e-2
0.10408212113136228
0.1329273366880229
7.505941455059362e-3
7.663111774433667e-2
1.1457011440690845e-2
0.1068593832092902
1.33643492364657e-2
3.807884912410246e-2
5.46922115375163e-2
9.313760035081498e-3
3.6616279131939246e-2
2.504306039666345e-2
0.1558372414403441
6.215081243905788e-2
2.49752068690115e-2
6.380558740353403e-3
9.568799381465948e-2
8.58381887014476e-2
0.12531841768058527
8.472609406122478e-3
2.0216281969150773e-2
6.6909517821493346e-3
6.864962687611202e-2
4.1686282109900816e-2
1.7066170440460948e-2
4.0294898666906345e-2
2.728888858242131e-2
7.767859854695558e-3
8.742822304624864e-3
1.2576652548559709e-2
4.4088048950791546e-3
1.9248010836648854e-2
3.7681006887131954e-2
5.3094781792760525e-2
1.041951306224439e-2
4.2822068915247535e-3
5.560221641114699e-2
2.4435795020403807e-2
6.976658382754938e-2
9.455913385120546e-2
4.0763738936802366e-2
2.113615158158245e-2
9.67417681507853e-2
2.72507356529067e-3
6.267725947107772e-3
9.776675252821834e-2
7.813923651517649e-2
0.1511136979861919
1.5585215846624979e-3
7.328190669339041e-3
1.8494494461774293e-2
4.027439808921386e-2
9.632285613083258e-2
0.12093009364071339
6.148865644341199e-2
1.979106913319998e-2
3.583395709518635e-2
1.2105468406226139e-2
9.106344178388208e-2
0.12405809939624908
1.1936444639740062e-2
5.0469883903678917e-2
1.243542724772847e-2
9.813996069469363e-2
9.175866682840536e-2
8.825612461698862e-2
5.356032468710735e-2
9.136110466978908e-3
6.2065971833297005e-2
2.4845296804742123e-2
2.4496961664118678e-2
5.324169401615353e-3
3.637048432595301e-2
5.743176279201354e-2
6.0079767603427515e-2
4.933476601632458e-2
1.2642033278968757e-2
1.9641602364338463e-2
1.0721345504153467e-2
1.8512250740190396e-2
3.173270667290662e-2
4.031385365785178e-3
4.102709090536094e-3
4.521445708540672e-3
1.4974984439525552e-2
4.864357093485502e-2
2.61642910253301e-2
1.459717175036096e-2
3.745179907375286e-2
7.351021921659134e-2
2.2751895351269768e-2
2.5608217005656873e-2
3.9049736799263324e-2
5.0453710126294106e-2
0.13437565378802024
4.199899445309423e-2
3.919943177233641e-2
1.3925619779616894e-2
1.16858403466653e-2
1.8799923867750555e-2
1.3419706112383644e-2
3.0927935554821862e-2
8.714509225723671e-2
1.922658995594585e-2
3.920969438123375e-2
8.715462743051364e-2
6.694811432437897e-3
8.333165076164797e-2
1.1827253649677938e-2
8.223958479959928e-2
1.948443299148922e-2
6.2437229214525804e-2
9.865949210554392e-2
7.263854952380791e-2
2.305789789810835e-2
0.10820137129297773
1.2096698141523986e-2
5.216302035093397e-2
3.2279990235471914e-2
2.7696599830011947e-2
7.776626211383383e-2
8.873988985815418e-3
4.65704200845693e-2
3.0387545905356462e-2
5.984733498811272e-2
6.984761854835997e-3
1.1950546743864787e-2
1.8401506017080804e-2
7.141390450058893e-3
8.741734758335558e-2
8.752740863421005e-2
2.1980541615757576e-2
2.6453692332325807e-2
0.10989413267356704
2.8001289544287745e-2
1.2164520705733295e-2
3.5783913288470234e-2
3.308403513222917e-2
3.3782526307803463e-2
4.029963256795547e-2
2.0240865557154465e-2
5.004360805354694e-2
4.8423343572434495e-3
3.068297797249695e-2
8.181813756010761e-2
0.18417338742985745
4.7583774607621865e-2
8.380167132020767e-3
5.296146034508582e-2
8.652870565224396e-2
2.6792043694799706e-3
9.958081012557185e-3
1.8883914863596953e-2
4.5346004921174854e-2
0.12265314101597555
7.032662236252964e-2
4.753810181881936e-2
5.434067744448756e-3
3.8218599599231975e-2
1.2821738687099737e-2
2.723661039739387e-2
3.5425652996559545e-2
6.707887441436529e-2
1.1199323565113916e-2
3.4225735936973e-2
9.334116096006916e-2
8.634919434682854e-3
9.173556633534678e-2
4.777344926925381e-2
2.6191096670244995e-2
6.81981764422711e-2
8.929463091934552e-3
9.572784478256983e-2
3.861251947187753e-2
6.349199662576433e-3
1.1193725751233608e-2
5.33716732267979e-2
1.704893377885718e-2
5.685342943842068e-2
3.5802343117605773e-3
0.1428427781579308
2.2560773207625007e-2
7.815994321166165e-3
0.10878049016797772
1.8476631588746406e-2
2.8747283987895878e-2
3.938982463489612e-2
1.6946114243599587e-2
4.387492218023488e-2
7.903153206579683e-3
0.15237336092850878
9.098222311469273e-2
0.11825921430583478
1.9046504159187915e-2
2.8755759195611286e-2
0.14930169208620478
3.079304508056906e-2
6.451033691573978e-2
8.785518569689654e-3
1.487521522260712e-2
0.22017313488779208
3.497308146212029e-2
9.689575199696202e-2
1.0166987238876157e-2
2.9693284151026567e-2
4.796600513945637e-3
1.0631934468102022e-2
0.12034240930381093
9.334017711520448e-3
4.727780395119337e-2
0.10561195800056711
0.11561780304340075
0.10934861724918828
3.5145332616503225e-2
1.8642440580075005e-2
7.310700905051459e-3
0.10701238392617196
3.392464811451703e-2
0.13394068523161576
2.8382027417146884e-2
0.13802318859264
4.6802429963238176e-2
5.708368883366755e-3
4.536671617306047e-2
6.811220409544375e-2
3.9116995999585645e-2
6.444740006122932e-2
0.10511213746929515
9.089362247429984e-2
4.2160360832014944e-2
1.4248983848042384e-2
3.2134684821395476e-3
4.038038167473834e-3
0.1060469496562293
1.994935689400874e-2
7.538035676464191e-2
5.316752362612759e-2
4.825837851260778e-2
1.3765731387944447e-2
8.952344010665438e-2
1.717495252436877e-2
5.514277090915722e-2
1.3560643739445277e-2
5.19183971571293e-2
8.484377297365389e-2
3.421956728812392e-2
2.825989719360288e-2
4.237638250458825e-2
1.763930770323331e-2
1.828086599043125e-2
1.1834616758378547e-2
4.8113123600924346e-2
5.3144342301532296e-2
3.951621096564759e-2
4.381671161934409e-3
1.435218997893939e-3
6.863031100984384e-3
0.11998467735905813
0.10339992544243023
3.7923285154527885e-2
1.7466078905552983e-2
4.932424815862525e-2
3.544228487454405e-2
3.8995575325630846e-2
3.215761178263617e-2
4.002878181982304e-2
4.530345623007326e-2
4.045841330124743e-2
2.1569870147376324e-2
9.687698029937566e-2
4.122404209419515e-2
7.543417452326795e-2
8.234757706294521e-2
0.16116306845558945
5.36974168239932e-3
1.3873123921534258e-2
3.791293311499947e-2
1.3344053483919028e-2
7.857549039053255e-2
3.258390420068578e-2
8.878258674279606e-2
5.033064201107457e-2
0.2004551042824298
3.4671320517478364e-2
1.605421557860054e-2
4.403346958426134e-2
7.898409110844914e-2
1.6079299581343686e-3
8.039420817649879e-3
0.11741459537264132
1.4380979206950018e-2
1.464732614371016e-2
5.546523113790295e-2
8.864620801164147e-3
8.71181068513347e-3
4.494603457192077e-2
1.854083268363075e-2
1.6562099205536716e-2
2.1246477671366927e-2
1.3549356363829933e-2
5.318042621610408e-3
7.480037498706171e-3
1.3781823417565875e-2
5.6609565819979776e-3
5.9395078215530875e-2
9.690588847439185e-3
4.1974790546223564e-2
1.63083800459497e-3
0.1292395187496794
6.3524606001896e-2
2.0836474761401092e-2
6.403798562789305e-2
0.10045208234383614
8.070656242217033e-4
4.283330295401462e-2
3.954581189796354e-2
1.2347789664500609e-2
3.918418014184424e-2
5.8825362414134386e-2
3.8174272512444776e-2
6.415309707525588e-2
1.6670059247483115e-2
7.427034060760974e-2
4.347678054769094e-2
5.273861634325011e-2
6.033963920057358e-2
6.680540870551814e-2
2.134149946993985e-2
4.622667104334422e-3
1.0354889058623862e-2
6.339236361603337e-2
3.8677798279726915e-2
6.169778820864056e-2
8.4928387289718e-2
1.8238534507052838e-2
4.935603618297579e-3
2.9189906757724104e-2
2.172399838926592e-2
3.336309753882816e-2
4.54161404168969e-3
6.032329177284358e-2
9.879719206769928e-2
5.7488276036512506e-2
4.4902695086393406e-2
0.1331444132210664
7.636224387846473e-2
1.3988168528430189e-2
9.860975546510474e-2
0.10870189830355048
4.544268581536592e-3
4.741088418695598e-2
7.965805996663168e-2
7.672771485454244e-3
5.619509065948515e-2
6.700110558196515e-3
1.0882602252630547e-2
9.50233205347594e-2
7.166471566162324e-3
3.862454637988686e-2
2.6347207912046654e-2
2.3567234499956048e-2
4.845505535294028e-2
1.2536566936615857e-2
1.9810755062935403e-2
2.2147066334868404e-2
1.123038144391253e-2
1.232981218082988e-2
1.0077362683911618e-2
6.055136491092698e-2
5.049255546164977e-2
7.423398118297796e-2
4.211985897469302e-2
5.518495703950136e-2
2.7292507511040155e-2
4.502981993625134e-2
5.5327961581300246e-2
5.41098312080428e-3
1.1339015823554155e-2
2.123247141571527e-2
2.745113042205204e-2
1.0450936153299107e-2
6.889719330123596e-2
1.6579532330041835e-2
9.771969364115696e-3
0.10693050248069084
5.3966680731769856e-2
9.092031965393077e-3
1.4124869110888427e-2
1.3062170384644222e-2
7.850682530361117e-2
0.10692183522443584
2.0424705887593663e-2
8.194621934886525e-3
3.222876256580849e-2
8.197535749371921e-3
9.727379758903632e-3
9.518866248753043e-3
1.642252825046512e-2
0.16456124660183594
0.1674326932053983
4.003899021554104e-2
0.10405813366859425
6.302532482386018e-2
5.050482444274155e-2
9.507893201727092e-3
8.303450397889156e-3
8.277173764651853e-2
6.930688492509785e-3
0.10419635111203532
1.8678168231130998e-3
7.102845575127698e-2
4.1258787216079805e-2
6.85472035372694e-3
5.7790366234848674e-3
0.11211930585467664
2.4668651352483528e-2
0.24034819922344278
3.6488488338206636e-2
1.767409070768018e-2
0.12671740692978578
1.1043746149752998e-2
6.85774350508681e-3
2.063273243572662e-2
2.33760660706146e-2
7.317435866470713e-2
8.421304401394958e-3
3.350489383273132e-2
4.700773298794664e-2
7.157394611547074e-2
2.2443559842908366e-2
6.651804202962183e-2
6.096207689886157e-3
1.654268700557924e-2
0.1834238291117317
2.6422201665070776e-2
5.311835275197844e-2
1.904305144104097e-2
9.77003350097476e-2
9.814849777630628e-2
7.508284723242267e-2
8.231599468727777e-2
5.105655187610828e-2
9.484169511162016e-2
2.3705387346723193e-2
0.14155487059574487
5.954751419304072e-3
8.156965106129051e-2
5.296307084356024e-2
7.655893176771886e-2
6.826464811021993e-2
1.4459775680055253e-2
0.10940003461557471
9.130048568463056e-3
3.062090590146164e-2
0.11078764785895297
8.82236148333961e-2
1.4688098375385705e-2
1.8808037395578504e-2
4.2978906577480804e-2
1.4626920929935183e-2
1.2869618928412452e-2
3.844792082629761e-2
9.916179234908591e-2
1.917720013009657e-2
9.431322200106311e-2
1.6644291717047222e-2
7.022202140855782e-3
5.866687335993581e-3
4.739500175211765e-2
0.11213892547671275
6.438877440184353e-2
5.613838094741284e-2
2.0829414262010792e-2
1.4572844118953977e-2
5.773550500847333e-2
2.9700668644329863e-2
2.9028743974207193e-2
1.5044775692602541e-2
1.0724812345390234e-2
4.938976089425327e-2
5.096729695228912e-2
6.887715899769939e-2
5.995321528107487e-2
3.968415895515605e-2
2.4022707474367033e-2
2.652420212206148e-2
1.7933300632208625e-2
1.822434066126799e-2
0.10259642012094208
0.12009050948200573
6.805036665252331e-2
1.6403377222481287e-2
5.171177325668662e-2
5.052816330684817e-2
2.683155412362671e-2
4.884000976814695e-2
0.1062021524456092
8.1773069798182e-3
3.97649443158483e-2
5.5513018658863114e-2
9.148547562700886e-2
1.0418997015090492e-2
8.398731052924425e-3
1.1870706134779297e-2
4.035294047060785e-2
1.5742444780409093e-2
5.027292805847879e-2
6.547316982488147e-2
4.784985236733082e-2
1.2660016436323996e-2
8.960290745481336e-3
7.493369805602878e-3
0.11967513864407216
8.575228303840858e-2
1.596065783717878e-2
0.16843413344559743
0.11487393821477936
4.22433203180846e-2
8.798278511334112e-3
5.1872884368626805e-3
8.509713336291874e-2
2.520717382147748e-2
1.6906213659333324e-2
2.6400389688940228e-2
2.2661306765734003e-2
1.7618152101969552e-2
6.398957796785379e-2
5.0341219669250425e-2
1.0318889922782671e-2
3.8937035522881455e-2
1.9621104015243297e-2
2.28035133714955e-2
9.610572973679166e-3
4.896363297231373e-2
3.490916239112307e-2
2.1673425238002853e-2
9.988524573104626e-2
4.9567453450373e-2
1.4356596382546782e-2
1.2966719330399034e-2
5.186757911563001e-3
9.5877886904157e-3
7.617324346182948e-2
8.827987682704519e-3
5.7853713897366744e-2
9.211192165463601e-2
0.10081889833343297
6.302546404355573e-2
7.678541704280853e-2
2.9450104067264282e-2
5.60044174363412e-2
8.7913390273851e-2
5.607053318406807e-3
3.050716440850578e-2
1.602763185540553e-2
6.622366984790784e-3
1.621974769868777e-2
2.9902130178049956e-2
4.065840754268945e-3
9.705652900329606e-2
5.5371172593551956e-3
7.257147260795649e-2
5.754089330710795e-2
0.15725237186602622
1.4668894788257392e-2
8.368713012990095e-2
6.734084868832009e-2
3.932119994243188e-3
5.180994065804445e-3
7.464131017511515e-2
2.328550156637581e-2
5.035147376267988e-2
4.621543339443919e-2
3.889264644547822e-2
2.5657898756917586e-2
5.594285190935956e-2
7.388369966096597e-3
2.8213584606543617e-2
0.21088892168429912
4.981686992211043e-2
3.1625223818508505e-2
3.4191537982490916e-2
1.8144797694519654e-2
4.337654569946126e-3
8.251939384667624e-2
0.11165758459417827
2.088396238510497e-2
1.7331843320971076e-2
9.61544270018766e-4
3.064098012665961e-2
0.10337785839621291
1.962307213270751e-2
4.8448440334678024e-2
9.32809953144068e-3
6.505712133812903e-2
0.10541685438962327
3.693431842948534e-2
2.3532368091316536e-2
5.179933158082894e-3
6.108679677352791e-3
0.12091049971462489
3.2527334890275705e-2
0.1268722221566199
7.59281411250016e-2
3.309476934838559e-2
3.0516927889386657e-2
4.5032107387323e-3
1.8946622750205245e-2
2.5258828039963023e-2
7.910729903679817e-2
7.25640699058478e-2
4.540534166706972e-2
2.58012369949265e-2
4.810270541344264e-3
3.1645906597769745e-2
0.12024346932534588
1.0499442930706782e-2
0.14212881489673052
2.528847022326538e-2
0.11206457818095597
4.013421186058412e-2
7.156989840414335e-2
3.3199593193160196e-2
7.418756064667897e-3
1.5318741485968956e-2
2.553451610119769e-2
5.970163778519476e-2
6.62537964439176e-3
3.0904015516862282e-2
1.3540181100909566e-2
3.892847820477859e-2
5.5715008581978365e-2
7.989270208601873e-2
5.122731275709569e-2
6.0916459179399626e-2
1.2352989587561803e-2
5.878525206317738e-2
9.199430116446838e-3
9.856346169488642e-2
0.13501691591509282
1.3295688966018515e-2
0.11287445792095366
3.0607145666965985e-3
1.70207024574331e-2
1.1059837101469605e-2
5.7122495533885355e-2
9.561743067639128e-2
4.112153627669868e-2
3.3759945650528825e-2
1.9936695014405093e-3
6.294730535266202e-2
3.1608387541759965e-2
6.205071551954784e-2
9.623248266427886e-3
7.557064421275296e-2
9.520967859853222e-2
2.811114236618195e-2
9.596353127037135e-2
3.2436075223217634e-2
1.3733621013170915e-2
4.4518431941786764e-2
5.704841888865338e-2
3.6104339257612916e-2
0.11086254675174737
5.723450452814307e-2
8.144550694531213e-2
1.6313986072886543e-2
3.4374365300412955e-2
6.100761349693541e-2
1.888448424309619e-3
8.159708374585638e-3
1.2313829528604959e-2
1.512213277899901e-2
1.1323921308917262e-2
1.9212278795563188e-2
3.434845056411736e-2
3.304524304144232e-2
2.8745890388795605e-3
5.711875304134551e-3
4.087894925299995e-3
6.208603819424365e-2
5.092759673658831e-2
6.777630308135633e-2
4.397249240445561e-2
1.3114312195327871e-2
2.6294331844183595e-2
4.63257560397079e-3
7.152722545925463e-2
7.146678575571108e-3
2.838613132994209e-2
3.3929267055920697e-3
9.980339426148888e-3
2.754383678760245e-2
0.12622501825535104
0.2021485808091374
1.218724448589883e-2
5.1562535831904975e-2
1.0784784506091516e-2
1.2549880974110894e-2
1.8419177556737054e-2
5.23406828421095e-2
9.835499290417615e-2
0.129470703041549
2.5711890344838905e-2
3.1618494063850366e-2
0.15692194227058837
5.087621445221e-2
4.522966454976046e-2
4.980558398455302e-2
8.966573098192962e-2
1.6536351286781513e-2
4.877094897324876e-2
9.287080705064568e-2
2.6098870483777716e-2
5.565026804409958e-2
1.2755732656068997e-2
2.047932589640372e-2
7.901259763008173e-3
2.365830651219982e-2
8.00852163781347e-3
2.1857859919327382e-2
6.006358963429662e-2
9.026451874736013e-2
9.625582389874977e-3
9.47024489615037e-3
0.10913358896203221
4.1670983140775206e-2
9.327685776051198e-2
2.59678878053644e-2
1.249048776056877e-2
3.1082339890783274e-2
1.675044211432617e-2
1.9089074648207593e-2
2.2497498583196683e-2
5.063588747946326e-2
1.1990365247294844e-2
3.8460171107927432e-3
6.634642892764886e-3
2.5639074184811837e-2
3.5473107386975844e-2
1.7974949546146424e-2
3.097879519178879e-2
3.38822944417577e-2
0.10799890563177823
8.224016843465584e-2
5.078469002847491e-2
0.10859824550725998
2.6828863859624564e-2
1.5005923436893564e-2
1.7619008701877624e-2
3.1497607658805604e-2
8.031688899326934e-2
5.638794606090247e-3
2.2906403525144992e-2
7.142298859719627e-2
7.095813203471635e-3
5.5177721801463464e-2
4.258996649319433e-2
2.9904166793600483e-2
2.2344160279302992e-2
0.17902127205897647
8.671963245319964e-2
4.13322842322571e-3
4.120321892258677e-2
5.3169111351106337e-2
1.0251251620239366e-2
1.1005022386451712e-2
9.161045030112505e-2
4.663528036052607e-2
0.13376734380717947
5.022484205825274e-2
1.197548139020258e-2
3.0070919876736602e-3
3.0877369029894474e-2
1.816710746155571e-2
8.96813800299872e-2
2.7875453916444748e-2
4.6491079560363316e-2
3.9079389251014725e-3
5.089368058920796e-3
2.1210376024240273e-2
4.875017560987649e-3
7.46252800228512e-2
6.71100407678889e-2
2.6277990448096655e-2
7.112561242850169e-3
6.494954270157183e-3
2.3389686679145316e-2
6.052161233595961e-2
3.053440676550734e-3
3.098904137783032e-3
4.276214437968192e-2
2.45669712416251e-3
3.824570053013432e-2
2.4901039147551964e-2
1.5240691165047327e-2
0.12078801951725766
7.412035449777832e-2
6.734263021705857e-2
6.691512508689239e-2
3.845894636949698e-2
3.6441946187011964e-2
0.10895934785585326
0.251346597056126
2.4935220618156097e-2
5.497240371922674e-3
2.9631097957616516e-2
1.9477617879500954e-2
4.2132436099750335e-2
1.9009296998287517e-2
7.125816162236884e-2
1.9804773856453482e-2
9.955127406306951e-3
0.16318009370900274
3.517001908086248e-2
6.88994041969575e-3
6.677074128876898e-2
1.041482765426206e-2
1.192740881622254e-2
9.39565658974158e-2
5.6180995462280205e-2
8.734295225816414e-2
3.892847646081371e-2
1.686007351231904e-2
6.548896631003866e-2
1.42232088532662e-2
4.704182931259783e-2
2.4520925854687948e-2
3.726436111785888e-2
7.491062925186001e-2
1.6151388249293953e-2
1.3456179667167034e-2
4.286407177069203e-2
2.3783272926846198e-2
1.2579608803554632e-2
1.1777051667056115e-2
1.736365469259027e-2
9.924201790766296e-2
3.286923655178546e-2
6.2972004506423925e-3
6.395696733359564e-2
0.10366171046243164
4.428544104946395e-2
6.285679811499502e-2
2.28436766432064e-2
2.9805146406565074e-2
2.815151926495337e-2
0.10593963352778597
3.9951633778920505e-2
7.594863816173318e-2
3.098040806512814e-3
2.983837793972476e-2
3.472355489066892e-3
0.16134057450316314
6.223568049037651e-2
6.439518014947599e-3
2.2192876726166367e-2
1.3142738895636396e-2
1.8353392035537052e-2
2.693913880654871e-2
6.118638051349414e-2
8.873844163695155e-3
7.01644744994e-2
2.008794703131922e-3
7.065366015196373e-3
9.487673677133147e-3
1.4902780545758743e-2
4.848546242269558e-3
3.7811186986869416e-2
0.1700742276566273
2.017345700326053e-2
0.11718001720850964
0.14174288102313154
0.13105140907842938
4.9693755189225974e-2
6.109234345266633e-2
3.138019814002544e-2
5.687141563980699e-2
4.253123033881796e-2
1.6726140430971103e-2
2.089036234524707e-2
0.11581469045510673
2.2192517686317248e-2
1.779621958150407e-2
2.729748539342518e-2
2.368485633082018e-2
0.1539776781931448
1.1242840093216988e-2
8.2800252238638e-2
6.796185041800495e-3
2.2430934247199198e-2
9.594579818450566e-2
0.10284403262106356
0.11238859201734708
0.11708494103170963
1.0409639561581563e-2
2.1695605017325436e-2
0.11891289744534231
5.324930855190537e-2
0.15482842242535835
5.851335120082524e-3
2.1572263938569713e-2
0.1157863673456359
2.3081430303699014e-2
6.926415296610006e-2
7.938104783491474e-2
2.367024824906311e-2
8.676121217026544e-2
5.914030186844682e-2
4.2278541853361974e-2
4.8414365706322814e-2
5.306817381769835e-3
5.033871049087757e-3
2.159842521714438e-2
0.11856136216643601
7.681315304519927e-2
5.813283683864133e-2
1.80511343459124e-2
3.305609675084129e-2
8.335348529975324e-2
5.0464560504704034e-2
4.342104679459123e-2
0.20990547882234817
2.017734534577541e-2
0.23546885496659636
4.740427008266416e-2
2.261462174404988e-2
4.60284644340897e-3
4.164303335585551e-3
3.0589225743318092e-2
9.87369764458084e-2
2.3976804576889853e-2
4.789750987947074e-2
9.822788180270992e-3
2.3589535904854308e-2
8.822345629577056e-3
5.5522709202561804e-2
0.12512601549815927
3.079288769812346e-2
7.267814773060532e-3
1.8869794311773224e-2
8.476831406932705e-3
8.441708387029306e-2
4.525362872893968e-3
7.22779172343014e-2
3.3643523205942535e-2
4.9912299693931836e-2
8.082153139468373e-3
0.1600820381421663
1.063153492947283e-2
8.929871856285379e-2
3.37623190283711e-2
4.281185043275474e-2
4.094340066175052e-2
9.738492561248015e-2
0.12995673936653557
5.349676549436385e-2
3.802125412042738e-2
1.4175692186359611e-3
4.057951831665884e-3
0.1352772017417066
5.932969714818648e-3
6.256861478875345e-2
3.379451723618415e-2
0.12235933404197655
1.1366515260447163e-2
8.089242226095153e-2
4.366576290313562e-3
4.783911048793593e-2
8.108827859241158e-2
4.282355316437432e-2
6.30338026862951e-2
5.5771720441727055e-2
2.56444893810275e-2
3.315818436774352e-2
0.10473887984573191
3.370884152048629e-2
0.20359420631878514
7.545790558541318e-2
7.851524551645807e-2
1.5858995379045428e-2
2.183357467546576e-3
4.43373515539045e-3
1.1501388623312759e-2
6.426436628495966e-2
1.2267738313804299e-2
5.952778230163125e-3
5.386523993068238e-3
4.2565738418704833e-2
3.1434960914541045e-2
3.067194106996137e-2
2.1864662033103978e-2
9.120104864475708e-3
7.595310643119361e-2
9.514687432454344e-2
8.861001669433907e-2
8.224909094839217e-3
5.0395540454274856e-2
0.14745975629007346
9.539435755291222e-2
5.6187796619279196e-3
5.713549681952579e-3
0.10117542619595561
1.1778822729615357e-2
5.385452890696674e-2
5.917943339097143e-3
0.15317467450355332
7.411639433612882e-3
5.146522675658636e-2
8.2369020964001e-3
1.828541857049353e-2
9.895046840654456e-2
1.2080171183523813e-2
0.15560759467497873
0.10118507198358662
3.960808430048637e-2
0.17251750038399943
1.3340991209140774e-2
0.19576355185872957
2.7262710035154725e-2
3.407868082506227e-2
3.901341138281487e-2
4.345100692834122e-2
0.10434067879375472
2.9304807992521663e-3
1.0347766317217288e-2
2.099918816696462e-2
2.4053952030465175e-2
6.994479671433239e-2
5.9476768575817615e-2
8.016610583190979e-2
2.1484532851411718e-3
8.61429935699376e-3
0.21297927080533835
4.481024724769467e-3
0.1049770757509404
0.11888549505119447
7.650162384976555e-2
9.944529953086211e-3
7.198942092308012e-2
2.315383957997519e-3
7.228857187996612e-2
0.14675552189344312
6.8554111003280346e-3
9.229570441915763e-2
4.8197342771913086e-2
3.8120593166103035e-2
1.8173077449245678e-3
9.138058466412627e-2
6.0629091524842596e-2
2.0223348345568805e-2
6.89648742893878e-3
2.8233967701749286e-2
9.214429325427276e-2
5.432639328014295e-2
1.0792117788940814e-2
1.3797618512282983e-2
2.983267533918488e-3
1.9364707194415333e-2
6.124617388775555e-3
1.6957657006304784e-2
2.0191432906496908e-2
5.502415779850918e-2
1.1993884202658256e-2
7.632498436840518e-3
0.11189658360498407
2.4801938445695403e-2
1.694013425445693e-2
3.0516637910590117e-3
7.01955585836007e-2
2.355092299404944e-2
4.59012749250021e-2
0.11780634397503827
0.12015018494082383
5.523030146644958e-3
1.907141529426698e-2
4.922175753611235e-3
1.4361445599370092e-2
4.388722369772009e-2
1.4844898356060731e-3
4.039296827230436e-2
8.166417440179641e-3
5.684973129548493e-2
6.9298033374384895e-3
2.3120120655307396e-2
5.561103970591598e-2
7.054430664449507e-3
8.950235971379561e-3
3.583230659875365e-2
2.621363710247453e-2
8.148398473355492e-2
0.14938322788542105
6.949772086237348e-2
1.0206026862818462e-2
5.301761746640342e-2
6.586853432853389e-2
6.229667967477237e-3
2.8730542316868023e-2
4.4016403308380615e-2
5.6343909038833906e-2
1.888662614704608e-2
0.10004685722751863
7.915029087526204e-3
1.3536799689349422e-2
5.3125491766389255e-3
3.503983941046107e-2
5.268796479638227e-3
3.677728577806668e-2
1.370325887621653e-2
1.3658046568231363e-2
9.039026590271287e-2
1.2901726576821693e-2
6.264260035900546e-2
0.14636615442020126
5.062643572667874e-2
9.16974577168114e-2
5.101894685004684e-2
6.122660478346671e-2
3.429877474346078e-2
1.8956417813175364e-2
1.0411339322705947e-2
8.666189298963277e-2
2.2899270757078406e-2
8.863316226028087e-2
0.13394125447609193
9.668813405925383e-2
0.1142940934740652
8.242008159279977e-2
7.9763586229612e-3
9.764456867626972e-2
8.045076640645354e-2
8.641367042405734e-3
5.095543112311573e-3
5.7274271988983105e-2
4.32055389114544e-3
2.9542546413170622e-2
1.779081275099681e-3
2.9272865622382717e-2
4.562295444598763e-2
6.361256635656965e-3
2.6122200053992385e-2
2.7025752492761866e-2
7.529684563575725e-2
2.755298066091898e-2
3.2159605623249675e-2
3.3307500525431967e-3
6.66265465096787e-2
2.000922627142613e-2
0.21741789619016627
3.663259018633417e-2
6.488625110862761e-2
7.910610649580407e-2
7.620684078901858e-2
3.3271262606323626e-3
2.9637788655322496e-2
4.108902972962758e-3
1.9238429660171242e-2
7.143350583419417e-3
0.10816271883287135
1.3739274794062672e-2
3.262620838502013e-2
8.201710014627707e-2
9.286552849348523e-2
9.479408320152533e-2
5.248001502338388e-2
2.073737769936579e-2
6.809565940974677e-2
2.662291714884457e-2
1.8490410516799227e-2
1.5745694995530392e-2
5.5745322018782115e-2
0.1348950648150073
7.946611591487508e-3
0.13781901019126236
9.60802245116531e-3
8.83949957005547e-2
2.059868396758081e-2
3.154516729919998e-3
0.12469415988153021
9.5375317985107e-3
5.678893322764852e-2
2.0531008980755883e-2
6.669523577496117e-3
8.13376832396988e-2
2.9635008904120554e-2
5.3614009882688315e-2
0.1572769241754636
8.929753384235984e-3
2.177991212702012e-2
9.269210758707595e-2
5.40087507800745e-3
1.0066264503447386e-2
8.671239786839753e-2
2.411859477057652e-2
1.4730668921605905e-3
4.91927736976834e-2
1.854042219671411e-2
0.10154254521415199
4.9821914852203456e-2
2.802307752679567e-2
3.0877546638341257e-2
2.653859576057771e-3
4.1502072910624924e-2
2.3319902853854214e-3
2.731131018876065e-3
3.6616680616145036e-2
7.942284874159408e-2
3.673964976292675e-2
1.3091935586572844e-3
3.166194081618986e-2
0.19342751808287398
2.533092966383792e-2
1.0243436404966555e-2
4.955143046404674e-2
9.184691944266354e-2
7.532629650130977e-2
2.1414509302418627e-2
1.4698906326951955e-2
9.990828758049072e-2
7.291987845645931e-3
0.12425861145470778
5.345057763313772e-2
4.5815528130347324e-2
2.6099590798747397e-2
2.820103503505813e-2
2.397024754713235e-2
2.525517913050469e-2
1.9705513019632748e-3
3.1201876215751757e-2
2.2986323765635263e-2
8.431152727370262e-3
6.056732266856523e-3
1.4897090282021108e-2
6.527410472637196e-3
8.334510218221059e-3
9.066609060469234e-3
5.742378575069287e-2
1.4397984961022226e-2
3.1899752479531494e-2
7.87472008987925e-3
2.4915029506591968e-2
5.2765246730820505e-3
5.502289621999943e-2
9.479844129165692e-2
9.313379425067395e-2
3.8753830274009583e-3
7.387535001620958e-2
5.188719223118028e-2
2.036960380490215e-2
1.987088933019715e-2
3.0149334315806308e-2
4.769367462892996e-2
0.11637509307451513
2.0385755415971575e-2
8.927474056561005e-2
5.5340618813388975e-2
6.122128036744299e-2
7.908045800225909e-2
6.50780775612043e-2
2.4951426977969295e-2
9.59797685219905e-2
1.839858186103367e-2
6.668262880325797e-2
0.14455477954699095
1.344976461252435e-2
7.857946581961872e-3
1.3069432490085343e-2
6.357159143749967e-2
7.858713799374107e-3
4.754988588260477e-2
7.408181433365285e-2
0.24148264220269428
3.68174505687686e-2
4.124166894893627e-2
8.235243016808714e-3
2.9593417444451976e-2
3.383191249960912e-2
7.13974155854029e-2
1.4784883862084963e-2
0.1456606318648305
0.11649323430577696
2.0610040763706084e-2
6.262619969761221e-2
6.571181326973267e-2
9.318863672568095e-2
6.1207596860091265e-2
5.7652689229848605e-2
5.986081929293576e-2
7.943022525529181e-2
6.156719081728516e-2
5.238529781432225e-2
4.251920402750203e-2
2.0004941731109217e-2
5.2689380007825005e-2
2.699765712153379e-2
5.351397200672359e-3
6.197494773122214e-3
9.503951780989575e-2
3.77417960081333e-2
1.1230550895496471e-2
6.8062065035706994e-3
4.572279420348513e-3
2.719479499323201e-2
6.1398911333429354e-2
4.941651147154028e-2
2.7237931691375672e-2
8.932265546394803e-3
1.058982536247094e-2
5.4679618303511e-2
2.3677010959040335e-2
2.9622485614908102e-3
7.902658282145868e-2
0.1983848604609123
1.9886340771673137e-2
2.815275493665803e-3
8.110701376739096e-2
7.259762104682926e-2
4.1974515383524594e-3
2.134268213117424e-2
2.638877418556699e-2
1.481063795874199e-2
0.17877686689527597
6.388374836251431e-3
4.0290963154594496e-2
2.7963274703126872e-2
2.86188929321225e-3
1.1979062438157639e-2
1.810291771448399e-2
5.646222684071689e-2
2.598936264179963e-3
7.035731755131292e-3
2.7486537645601362e-2
1.4642957868741568e-2
6.141421622979704e-3
6.566137162235995e-2
3.216869053991256e-2
4.1350732246391075e-2
4.80582190621916e-2
8.514757150584804e-2
3.686203686504822e-2
0.11192671585340781
3.616187357662426e-2
4.738238380630157e-2
6.1087502377992056e-2
2.2811151397045516e-2
8.441084241627095e-3
4.250514086506498e-2
0.12178474008707059
6.312630376171779e-3
2.671012754272286e-2
1.6502032272681422e-2
0.11571439206768601
2.6815644204106537e-2
3.5480666876616426e-2
3.493841514215538e-2
5.806306325092425e-3
2.6100930777323674e-3
1.4127271392368934e-2
2.537086049101823e-2
0.1060352717348283
1.5788321019052955e-2
0.13378340474740522
2.5378003732387678e-2
3.950084392718508e-2
1.994399910640663e-2
4.7273299664688795e-2
3.683242151692371e-2
5.783304367669839e-3
1.807098219273311e-2
8.325381626602069e-3
3.442131807152375e-2
6.9575903963928435e-3
7.079404430522372e-2
5.439050361778047e-2
2.9642106349988217e-2
1.875033126935144e-3
4.3906993059822166e-2
0.10004640982719137
7.939781257565101e-2
7.4847718236723424e-3
3.290318442486604e-2
5.770801577668472e-3
8.656369444704172e-2
3.829352365340224e-2
3.71970585103588e-2
1.0577078724385302e-2
9.921357638445154e-2
7.127054707050795e-3
7.810147589949641e-2
9.117613178492254e-2
8.260314433290693e-2
2.2661263682905497e-2
5.251233190263051e-2
0.11054485886783386
3.231458145330861e-2
3.502476272169186e-3
6.957446985907978e-2
1.9730163073974537e-2
4.73197847591843e-2
4.252165800974321e-2
2.833826914960167e-2
2.7466924507738966e-2
1.4147976898749016e-2
0.1266140671712145
7.661741451699762e-2
2.912479514638374e-2
1.1187852040258683e-2
1.618884184772512e-2
6.479518517708738e-3
3.766230271298354e-3
2.5941216316885275e-2
2.226050298765453e-2
2.0324257541070367e-2
3.2315657701199506e-2
2.685819584928806e-3
0.1298349730551971
4.4154909667263056e-2
3.4415706654955746e-3
0.11918095987385394
6.443524427790615e-2
3.210340900499807e-2
3.1636831767536344e-2
4.598804067765938e-3
3.020195573279245e-2
0.1284454587632844
5.448856437764493e-3
6.579479806957633e-2
9.939453015416136e-2
1.857133226195009e-2
1.7799620627328504e-2
2.188291829717438e-2
2.8945771736422755e-2
0.11255591337032148
0.1364043670243826
9.10305529524751e-3
1.042057749940275e-2
5.10047881223471e-3
6.993894415493132e-2
0.12670316999822545
2.5776938417040097e-3
1.5190346446511849e-2
3.798705767321375e-3
3.276949872216426e-2
6.6310130209604416e-3
1.4124202938436503e-2
5.507386084149413e-3
4.9944311340513005e-2
3.0355068057556202e-2
3.633772396796521e-2
6.091024782522425e-3
1.1925022476854009e-3
2.1009187463948864e-2
2.9890864149561193e-2
3.542697948507145e-2
9.542801765088808e-2
6.131757411734756e-2
2.6455586984227685e-2
6.458737479145463e-2
7.145444745647633e-3
1.3442876072199905e-2
0.10129671482997413
0.20414476945881796
8.20441755049246e-3
9.151870064557411e-3
2.2658212655497778e-2
3.336165936509089e-2
2.2580163603301374e-2
0.11403810436604393
1.905579572642625e-2
1.2517708166356768e-2
8.670382541652231e-2
1.0462081979479333e-2
1.3063046244461118e-2
5.606622392204537e-2
2.5612834290268373e-2
1.9777163421217527e-2
5.918585692729938e-3
2.385891937745559e-2
4.445030894721227e-2
4.813927035477028e-3
0.1107813848582067
5.671744341978078e-2
1.901998822715819e-2
6.06586571614023e-2
0.10249013567948335
0.24228253273276357
2.2308098962799405e-2
8.287492631035046e-2
1.7037718687479518e-2
1.6382709563566765e-2
1.3504598253913602e-2
0.1543080949752925
7.61301640800657e-2
0.10470257695250396
7.575853168448803e-2
9.157141465160815e-2
0.1438688960016424
0.12360244983671098
0.17946265237961734
4.511388119745152e-3
0.18151240137796804
0.1172074869068274
0.15181429088096335
9.682666698432475e-3
0.12416822455352157
0.11131808359997755
0.19386886720380878
6.544243653668805e-2
0.11608882406105078
8.840809248616881e-2
0.13297164187899604
4.5124239349783976e-2
7.683022144335712e-2
8.066188759327984e-2
8.932947304624778e-2
3.061081259629885e-2
2.8078973174610045e-2
4.4211194549552725e-2
6.949239487374576e-2
7.913867112588756e-2
5.8055285284464374e-2
5.5940350608606124e-2
0.1263342628588996
8.246078052684833e-2
7.829985547058235e-2
1.3722395022708455e-2
5.901545785904148e-2
0.1334831292224293
9.006154979250952e-2
0.19507324344416827
0.1665546063185143
0.15748442695817205
7.72449984966356e-2
8.904423044380594e-2
3.0779890717281176e-2
4.1593512977066906e-2
0.16008638466382427
3.611759021314638e-2
0.21522580414506662
2.5145822453979293e-2
4.4957383274902084e-2
8.369184218285361e-2
0.1729595227059067
0.15624234109023005
1.0811997331836886e-2
0.27633388857391766
0.1752224436063719
0.13684659852568584
0.12379615006747251
2.1917798978514712e-2
0.26633728303082893
0.1815639783005018
4.2087161756113545e-2
0.10159933501510307
0.10452438217666242
0.11217405631861181
7.393879763382989e-2
0.22684823511811975
0.182677660191689
0.2525346072656859
0.11542440647539394
0.12270929610879269
0.2551109493737841
0.15126703639877226
0.12774933178405093
6.792467047970183e-2
6.640682015674906e-2
9.719713609332468e-2
0.3711053883321707
6.060693466189049e-2
0.2997736215427542
0.14493088382998037
0.11432942555182835
0.1745390257941548
0.2338656203965986
0.12896057381324955
0.2023728919638761
2.8354941667741884e-2
0.20814723263954535
1.3413319336301199e-2
0.12314119345848958
0.12316645709254237
0.12448139907546887
0.11548306685755164
0.15954680642550767
0.11190083889192595
0.2788575694754431
6.227588328050933e-2
8.878225735198361e-2
9.85296743938059e-2
6.469748726657103e-2
0.23786138022541267
0.13685576677728553
0.16397289594854697
7.169774727617963e-2
0.32976317832984703
0.12116466475772651
5.124508480635546e-2
8.141333073192356e-2
0.16458427322337565
0.1181301572705992
0.14629202073978037
0.15914548561487274
5.876703913150434e-2
4.451658338980875e-2
0.10648053550195909
4.1999631209164626e-2
6.68152911725092e-2
8.172705933674404e-2
7.53889136192276e-2
3.617150148131567e-2
0.10715257853020614
0.10364802453048139
0.12101510047956125
0.19544354712467546
0.151799137804161
0.14814272280220347
0.2343680701672604
9.539936319234879e-2
0.1469501451366827
8.534717637535516e-3
9.915367972208439e-2
2.916469673152481e-2
4.288104376757299e-2
0.15014460394369905
6.937385745396703e-2
3.700167069557544e-2
4.229881910987138e-2
7.796272824604836e-2
0.13315620438804193
0.11623827937416598
8.402523436380527e-2
9.431583967999667e-2
0.2738496561484827
6.175091535729278e-2
3.5675205878916635e-2
8.049012748465358e-2
0.11861615500721823
0.14152811721093803
0.14310611224804545
7.22772423797545e-2
0.16345023268600825
3.520434815572673e-2
6.275324620942116e-2
0.11625548931755011
4.843586074729113e-2
3.3097176937919984e-2
0.20405310004164545
2.3024998367505146e-2
5.7110077245241676e-2
0.2020422277594855
0.1213095885430103
7.958713414927028e-2
0.10683625136295805
0.1453734159567686
1.6839197877558144e-2
8.478646431664053e-2
0.14748635229944324
8.63088463996031e-2
5.9340148610914835e-2
0.2763002594930822
0.10070068586527352
4.2293656313934905e-2
5.9567748027266665e-2
9.243170937246188e-2
1.793870642365535e-2
1.1544753121135709e-2
4.087834074228843e-2
9.639210158070122e-2
6.682378723131571e-2
0.11935002794781953
3.68635634510228e-2
0.20983837871241368
0.12704689732299101
0.14079191968140595
5.9763594721983074e-2
6.03335943522824e-2
3.340821535276918e-2
2.2343082236222545e-2
2.9019357842266325e-2
6.645590119041973e-2
7.555938733801074e-2
1.727104784649063e-2
1.2085745162310257e-2
0.12481836624136336
7.801642222285449e-2
0.1495954871415079
5.013891076459653e-3
0.10230682180894717
0.15767552622436104
4.5112139096302406e-2
8.518218078748577e-2
9.004469230176786e-2
0.10847507677798167
0.12862627711378055
9.741843570428031e-2
0.126954769435845
8.477293706524847e-2
0.12158151272169244
0.12056386915629076
0.16718927292248092
0.20459898394440446
9.326296467061175e-2
0.11963376807340875
0.12572969925987346
7.339222226345107e-2
0.10097940419807387
0.14420252238600156
9.25502762823986e-2
0.125495828031406
0.14152064854274812
0.17921529583966955
0.30000000000096494
0.3
0.0
0.2
0.10000000000105116
0.2
0.1
0.1
0.10043762689319795
0.1
0.19316745118130604
9.999999999999903e-2
0.3
0.4000000000014451
0.1
0.29999999999997584
0.2999946186443362
0.199999999997245
0.13128578422777598
0.3
0.2000000000960786
0.0
0.4
0.6999999999999996
0.2
0.1
0.2
0.2
7.164433209028154e-6
9.85409531787343e-2
0.2
7.600755760230892e-5
0.5
0.12376974655167874
0.1
0.3
0.3
0.10000000000001072
0.2
0.2999999999999983
0.19999999999999846
0.3
0.0
0.0
0.13518339866340082
0.4340421417513479
0.2
0.5
0.10000000322918083
0.3
0.2
9.999999999999981e-2
0.20001704615471536
0.0
1.8843291660353145e-8
0.1
0.3
7.615164716501419e-2
0.1
0.1
0.1
0.1
0.4
9.999999999999726e-2
0.0
0.1999996916624039
0.1
0.2
0.2999999998600077
0.3
0.0
3.1330493754921916e-14
0.19998769149596984
0.0
0.1
0.20000000001797752
0.2
9.999999999999691e-2
0.0
0.3000000000849098
0.1
0.3
0.30000000290462986
0.2
0.3
1.6764367671839864e-14
0.1
0.1
0.2
0.49904494159130275
0.49999999990041255
0.2017163904034299
0.4
0.19999999999998483
0.11359656965597595
0.11327897953793556
0.20000000000000004
0.3
0.1
0.1999999999923276
0.10000000000000009
0.20000007643554474
8.437694987151189e-16
0.4000000000000033
0.0
0.3000026611691625
0.1
0.11390076220535703
1.149089971124173e-5
0.10001732631038154
0.10000000000040406
0.19999999999985701
0.19999999999870993
0.49999999999993516
0.19838081754818893
0.1
0.29999999768757746
6.180127861121765e-6
0.1
0.10000399728426912
0.2
0.1999999999999999
0.39998982091517243
0.0
0.2
0.30000011931397597
0.1
0.0
9.999999999999973e-2
0.1
0.10000000000000002
0.30000002932044595
2.7219277942691634e-10
0.1
0.1
0.1
0.1
0.1
0.19999999924555742
0.0
0.10000000019361388
0.0
0.3
0.0
9.811676804361014e-9
0.1
0.10001298844211644
0.2
2.7769290696092463e-3
0.5
0.399999999999912
9.880984919163893e-14
0.0
0.1
0.2
0.19999915291975787
0.0
0.2
0.2999930381833922
0.19999999985765698
0.2999954460672791
0.30000000009428074
0.10000000000001061
8.375611315614151e-12
0.0
1.202038468761657e-12
0.20001053104266736
0.20000000000040963
0.3
0.1
0.3
0.3999999999999999
0.0
0.2
0.2
0.3
5.4090065759737625e-14
0.3
0.10025687319087492
0.20000110919072672
0.1
0.0
0.1
0.0
0.0
0.0
0.0
0.0
0.0
0.2
0.0
0.0
0.0
0.1
0.0
0.0
0.0
3.805456231745663e-4
0.0
0.0
0.0
0.1
0.0
0.0
0.1
0.1
0.0
0.0
0.1
0.1
0.0
0.0
0.0
0.0
0.1
0.10000004088538217
0.0
0.0
0.0
0.0
0.0
0.0
0.0
0.0
0.0
0.0
0.0
0.0
0.0
0.0
0.0
0.0
0.1
0.0
0.0
0.0
0.0
0.0
0.0
0.0
0.0
0.0
0.0
0.0
0.0
0.0
0.0
0.0
0.1
0.0
9.907408227149971e-13
0.0
0.0
0.0
0.0
0.0
0.0
0.1
0.1
0.1
0.1
0.1
0.0
9.750450759795047e-2
0.0
0.0
0.0
0.0
0.0
0.0
0.0
0.0
0.1
0.1
0.0
0.1
0.0
0.1
1.8975931936893176e-13
0.0
0.0
0.0
0.0
0.0
0.0
0.1
0.0
0.0
0.0
0.0
3.051752971439114e-8
0.0
3.584450270355255e-6
0.0
0.0
0.0
0.0
0.0
1.191530448775957e-4
0.0
0.0
0.0
0.0
0.0
0.0
0.0
0.0
0.0
0.0
0.0
0.0
0.1
0.0
0.1
0.0
0.0
0.0
0.0
0.0
0.0
0.0
0.0
0.0
0.19999978149106218
0.0
0.1
0.0
0.0
0.0
0.0
0.0
0.0
0.1
0.1
0.1
0.1
0.0
0.1
0.0
0.1
0.0
0.0
0.0
0.0
0.1
0.0
0.0
5.3262913493212774e-5
0.0
0.0
9.999999978356192e-2
0.0
0.0
0.0
0.0
0.0
0.0
0.0
0.0
0.1
0.0
0.0
0.0
0.0
0.19999999999999596
0.0
0.1
2.012489822134089e-6
0.1
0.0
0.0
0.0
0.0
0.0
0.0
0.0
0.0
0.0
0.0
0.1
0.0
0.0
0.0
0.0
0.0
0.0
0.0
0.1
0.0
0.0
0.0
0.0
0.0
0.0
0.0
0.0
0.0
0.1
0.0
3.3661962106634745e-14
0.1
0.0
0.0
0.1
0.0
0.0
0.0
0.0
0.0
0.0
0.0
0.0
0.0
0.1
0.0
0.0
0.1
0.0
0.0
0.0
0.0
0.0
0.0
0.0
0.0
9.807595799937729e-8
0.0
0.0
0.0
0.0
0.0
0.0
0.0
0.0
0.1
0.0
0.0
0.0
0.0
0.0
0.0
0.0
0.1
0.0
0.0
0.0
0.0
0.1
0.0
3.210211135806773e-7
0.0
0.0
0.1999999999999999
0.0
0.0
0.0
0.0
0.0
0.0
0.1
0.0
0.0
0.1
0.0
0.0
0.0
0.0
0.0
0.0
0.0
0.13322976571519132
0.0
0.0
0.1
5.887587650743598e-9
0.0
9.999996843847078e-2
0.10000007861044635
0.0
0.0
7.491784970170556e-14
5.159704296453515e-6
0.0
0.0
0.0
0.0
0.0
0.0
0.0
0.0
0.0
0.0
0.0
0.0
0.0
0.0
0.1
0.0
0.0
0.0
0.10000002583113465
0.0
0.0
0.0
0.0
0.0
0.0
0.0
0.0
0.0
0.0
0.0
0.0
0.0
0.0
0.1
0.1
0.0
0.1
0.0
0.0
0.0
0.0
9.999999976802312e-2
0.0
0.0
0.0
0.2
0.0
0.1
0.0
0.1
0.1
0.0
0.0
0.0
0.0
0.1
0.1
0.0
0.0
0.0
9.999999999996025e-2
0.0
0.0
0.0
0.0
0.1
0.0
0.0
0.2
0.0
0.0
0.1
0.0
0.0
0.0
0.0
0.0
0.1
0.0
0.0
0.0
0.0
0.0
0.1
0.0
0.0
0.0
0.0
0.0
0.1
0.0
0.0
0.0
0.0
0.0
0.0
0.0
0.0
0.0
0.0
0.0
0.0
1.346255995571255e-10
0.0
9.999999972133891e-2
0.0
5.5406445493266786e-5
0.1
0.0
0.0
0.0
0.0
0.0
0.0
1.2328671417094484e-11
0.0
0.0
0.0
0.0
0.1
9.999884972120257e-2
0.0
1.5698553568199714e-14
0.0
0.0
0.0
0.0
0.0
0.0
0.0
0.0
0.1
0.0
0.0
0.0
0.0
0.0
0.0
0.1
0.0
0.1
0.0
0.0
0.0
0.1
0.0
0.1
0.0
3.3134880239593656e-7
0.0
0.0
0.0
5.505301325925415e-10
0.0
4.0838142241829135e-4
0.0
0.0
0.0
0.0
0.0
0.0
0.10000000000038725
0.0
0.0
0.0
0.1
0.0
0.0
0.0
0.1
0.0
0.0
0.0
0.0
0.0
2.2188988868521163e-9
0.1
0.0
0.1
0.0
0.0
0.0
0.0
9.999999999694778e-2
0.0
0.0
0.1
0.1
0.1
0.1
0.0
0.0
0.10000000000357283
0.0
0.0
0.1
0.0
9.999999999972338e-2
0.19999999999999996
0.0
0.0
0.0
0.0
0.0
0.0
0.0
0.0
0.0
0.0
0.0
0.1
0.0
0.0
0.0
0.0
0.0
0.0
0.0
0.0
0.0
0.0
0.0
0.0
0.1
0.0
0.0
0.0
0.1
0.0
5.622613485911642e-13
0.0
0.0
0.0
0.0
0.1
0.0
0.0
0.0
0.0
0.2
0.0
0.0
0.0
0.1
2.886579864025407e-16
0.0
0.0
0.0
0.0
0.0
0.0
5.9207607705502596e-8
0.0
0.0
0.0
0.0
0.1
0.0
0.2
0.0
0.0
9.999999999999952e-2
0.0
0.0
0.0
0.0
0.0
0.0
0.0
2.2204460492503132e-17
0.0
0.0
0.0
0.0
0.0
0.0
0.0
0.0
0.0
0.1
0.1
0.0
0.0
0.1
0.0
0.0
0.0
0.0
0.0
0.0
0.0
0.0
0.0
0.0
0.0
0.0
0.0
0.0
0.0
0.0
0.0
0.0
0.0
0.0
0.0
0.0
3.691785543935566e-10
0.1
0.0
0.1000000000000127
0.0
0.0
0.0
0.0
0.0
0.0
0.0
0.0
9.99999999448533e-2
0.0
0.1
0.0
0.1
0.0
0.0
0.0
0.0
0.0
0.1
0.0
0.1
0.0
0.1
0.1
2.3895761174489217e-3
0.0
3.0757063562703024e-11
0.0
0.0
0.1
0.0
0.0
0.0
0.0
0.0
0.0
0.0
0.0
0.0
0.0
0.0
8.881784197001252e-15
0.0
0.0
0.0
0.0
0.0
0.0
0.0
0.0
0.0
0.0
0.0
9.999999999999983e-2
0.0
0.0
0.0
0.0
0.0
0.0
0.0
0.1
0.0
0.1
0.0
4.471145675921662e-11
0.1
0.0
0.0
0.0
0.1
0.0
0.0
0.0
0.1
0.0
0.0
0.0
0.0
0.1
0.0
0.0
0.2
0.0
0.0
0.0
0.0
0.1
0.0
0.0
0.0
0.0
0.0
0.0
1.4183373871134997e-5
0.0
0.1
0.0
2.3514523661560817e-14
0.0
0.0
0.0
0.0
2.1712842634968865e-10
9.999999999970903e-2
0.0
0.0
0.0
0.0
0.0
0.0
0.1
0.0
0.0
0.0
0.0
0.0
0.0
0.1
0.0
0.0
0.0
0.0
0.0
0.0
0.0
0.1
0.0
0.1
0.0
0.0
0.0
0.0
0.0
0.0
0.0
0.2
0.0
0.0
0.0
0.0
0.1
0.2
0.0
2.810440768996614e-12
0.1
0.1
4.4408920985006264e-17
0.0
0.0
0.0
0.0
0.0
0.1
0.0
0.1
0.0
0.0
0.0
0.0
0.0
0.0
0.1
0.0
0.0
0.0
0.1
0.0
0.0
9.999999999498736e-2
0.0
0.0
0.0
0.0
0.0
0.1
0.0
0.0
0.0
0.0
0.0
0.0
0.0
0.0
0.0
0.0
0.0
8.558229680488694e-11
0.0
0.1
0.0
0.0
0.0
0.0
0.0
0.0
0.0
0.0
0.2
0.0
0.0
0.1
0.0
0.0
0.0
0.0
0.0
2.433608869978343e-14
0.0
0.0
0.0
0.0
0.1
0.1
0.0
0.0
4.440892098500626e-15
0.0
0.0
0.0
0.0
0.1
0.0
0.0
0.0
0.0
0.0
0.0
0.1
0.0
0.0
0.0
0.0
0.0
0.0
0.1
0.0
0.0
0.1
0.0
0.1
1.0296067224385697e-4
0.0
0.0
0.2
0.0
0.1
0.0
0.0
0.0
0.0
0.0
0.0
0.0
0.0
0.0
0.0
0.1
0.0
0.2
0.0
0.0
0.0
0.0
4.440892098500626e-16
0.0
0.1
9.994652431343505e-2
0.0
0.0
0.0
0.0
0.0
0.0
0.1
0.0
0.0
0.0
0.0
0.0
0.0
0.0
0.0
0.1
0.0
0.0
0.0
0.0
0.0
0.0
0.0
0.0
0.0
0.1
0.0
0.1
0.0
0.1
0.0
0.1
0.0
0.2
0.0
0.0
0.0
0.1
0.1
0.0
0.0
0.1
0.0
0.0
0.0
0.0
0.1
0.0
0.1
0.0
0.0
0.0
0.0
0.0
0.1
0.0
0.1
0.0
0.0
0.0
0.0
0.2
0.2
0.0
0.0
0.0
0.0
0.0
0.0
0.1
2.9183431897327562e-2
0.1
0.1
0.0
0.0
0.0
0.0
0.0
0.0
0.0
0.0
0.0
0.0
0.0
0.0
0.0
0.0
0.0
0.0
0.0
0.1
0.0
0.1
0.0
0.0
0.0
0.0
0.0
0.0
0.2000032035293257
0.0
0.1
0.0
0.0
0.0
0.0
0.0
1.2145839889399213e-14
0.2
1.9226953362760923e-11
0.0
1.396976651771853e-5
0.0
0.0
0.0
2.5068267461847425e-10
0.0
0.1
0.1
0.0
0.0
0.10000000461768561
0.0
0.0
0.0
0.0
0.0
0.0
0.0
0.0
0.0
0.0
0.0
0.0
0.0
0.0
0.0
0.0
0.1
1.917109881954815e-9
0.0
0.199999977003921
0.0
0.0
9.999999999988576e-2
0.1
9.999999976405113e-2
0.0
0.0
0.0
0.0
1.9984014443252818e-16
0.0
0.0
0.0
0.0
2.220446049250313e-16
0.0
0.1
0.0
0.0
0.0
4.91776129917576e-5
0.0
0.0
0.0
0.0
0.1
0.1
0.0
0.1
0.0
0.3
0.0
0.0
0.0
0.0
0.0
0.0
0.0
0.0
0.0
0.0
0.0
3.776290391499515e-12
0.0
0.0
0.1
0.0
0.0
0.1
0.0
0.0
0.0
0.0
0.0
0.0
0.0
0.0
0.0
0.0
0.0
0.0
0.0
0.0
0.0
0.0
0.1
0.0
0.0
0.0
0.30000000001151067
0.0
0.0
0.1
0.0
0.0
2.4601745825969525e-6
0.1
0.0
0.0
0.0
0.0
0.10000247593694364
0.0
0.0
0.0
0.0
0.0
0.0
0.0
0.0
0.0
0.0
0.0
0.0
0.0
0.1
0.0
0.0
0.0
2.391420395042587e-13
0.1
0.0
0.0
0.1
0.0
0.0
0.0
0.0
0.0
0.0
0.1
0.0
0.0
0.0
0.10000331747264182
0.0
0.0
0.0
0.0
0.0
0.0
0.0
0.0
0.0
0.1
0.0
0.0
0.0
9.999999999999996e-2
0.0
0.1
0.1
0.0
0.1
0.0
0.0
0.0
0.0
0.0
0.0
0.0
0.0
0.0
0.0
0.0
0.0
0.1
0.0
0.0
0.0
0.0
1.2531506864421616e-7
0.0
0.1
0.0
0.0
0.0
0.0
0.0
0.0
0.0
0.0
0.0
0.0
0.0
0.0
0.1
0.0
0.0
0.0
0.0
7.241420796333386e-11
0.1
0.0
0.0
0.0
0.0
0.1
0.1
0.1
0.0
0.0
0.0
0.0
0.0
0.0
0.0
0.0
0.0
0.1
0.0
0.0
0.1
0.0
0.0
0.0
9.993142721748356e-2
0.0
0.0
0.1999999993808015
0.0
0.0
0.0
0.0
0.1
0.0
0.0
0.0
0.0
0.0
0.0
0.0
0.0
0.0
0.0
0.0
0.1
0.1
0.0
0.0
0.0
0.0
0.0
0.0
0.1
0.0
0.0
0.0
9.999965003513274e-2
0.0
0.1
0.0
0.0
0.0
2.0784054599598533e-8
0.0
1.6875389974302379e-15
0.0
0.0
0.0
0.0
0.0
0.0
0.0
0.1
0.0
0.0
0.0
0.0
0.0
0.2
0.1
0.0
0.0
0.0
0.0
0.0
0.0
0.0
0.0
4.4408920985006264e-17
0.0
9.999999999999996e-2
0.0
0.0
0.0
0.0
0.0
0.0
2.095124684375893e-5
0.1
0.0
0.0
0.0
0.1
0.0
0.1
0.0
0.0
0.1
0.0
0.0
0.0
0.0
0.0
0.0
0.0
0.0
9.288057377314521e-2
0.1
0.0
9.999999999999999e-2
0.0
0.0
0.0
0.0
0.0
0.0
0.0
0.0
0.0
0.1
3.1896263408270896e-12
0.0
1.1102230246251565e-15
3.64592578350198e-10
0.0
0.0
0.0
0.0
0.0
0.0
0.0
0.1
0.0
0.0
0.0
0.1
0.0
0.0
0.0
0.1
0.0
0.0
0.1
0.0
0.0
0.1
0.0
1.7448709810352625e-8
0.1
0.1
0.0
0.0
0.0
0.0
0.0
0.0
0.0
3.573691247371613e-8
0.0
0.0
0.0
3.7933601709729814e-3
0.1
0.0
0.0
0.1
0.0
0.0
0.0
0.0
0.1
0.0
0.0
0.0
0.1
0.1
0.0
0.0
0.0
1.8134302948169534e-10
0.0
0.0
0.0
0.0
0.1
0.0
0.0
0.0
0.10000000000026092
0.0
0.0
0.0
0.0
0.1
0.0
0.0
0.0
0.0
0.0
0.0
0.0
0.0
0.0
0.0
0.0
0.0
0.0
0.0
0.1
0.0
0.0
0.1
0.0
0.0
0.0
0.0
0.0
0.1
0.1
0.0
0.0
0.0
0.1
0.0
0.0
0.0
0.0
0.1
0.0
0.0
0.0
0.0
0.0
7.366169896272367e-11
0.0
0.0
0.0
0.0
0.0
0.0
0.1
0.0
0.1999073999509936
0.1
0.0
0.0
0.0
0.1
2.55351295663786e-15
0.0
0.0
0.0
0.1
0.0
0.0
0.0
0.0
0.0
0.0
0.0
0.0
0.0
0.0
0.0
0.0
0.0
0.0
0.1
0.0
0.0
0.0
0.0
0.1
0.0
0.1
0.0
0.0
0.0
0.0
0.0
0.0
9.999999838936836e-2
0.0
0.0
0.0
0.0
0.0
0.1
0.0
0.0
0.0
0.0
0.0
0.0
0.0
0.2
0.1
0.0
0.0
0.0
0.0
0.1
0.0
0.0
0.19999999999999984
0.1
0.0
0.0
0.0
0.0
0.0
0.0
0.0
0.0
0.0
0.0
0.0
0.0
0.0
0.0
0.0
0.0
0.0
0.0
0.0
0.0
0.0
0.0
0.0
0.0
0.0
0.0
7.439748817006375e-11
0.0
0.1
4.4115332760957804e-4
0.0
0.0
0.1
0.0
0.0
0.0
0.0
0.1
0.0
0.0
0.0
0.0
0.0
0.0
0.10000000000355484
0.0
0.0
0.1
0.0
0.0
0.0
0.0
0.1
0.0
0.0
0.0
0.0
0.0
0.0
0.1
0.0
0.2
0.0
0.0
1.2139978022851494e-9
0.0
0.0
0.0
0.0
0.0
0.0
0.0
0.19998152116894027
0.0
0.0
0.0
0.0
0.10000000000789507
0.0
0.0
1.015671418413966e-6
0.0
0.0
0.1
0.0
0.0
0.0
0.0
0.0
0.0
4.452036693747274e-8
0.0
0.0
0.0
0.0
0.1
0.0
0.0
9.908373807031642e-2
0.10000000000144986
0.0
0.0
0.0
0.0
0.0
0.1
0.1
0.1
0.1
0.0
0.0
0.0
0.0
0.0
0.0
0.0
0.1
0.1
0.1
0.0
0.1
0.0
0.0
0.0
0.0
0.0
0.0
0.0
0.2
0.0
0.0
0.0
6.217248937900876e-16
0.0
2.6086922305250337e-3
0.0
0.0
0.0
0.0
6.582320208337045e-7
0.0
0.0
0.0
0.0
0.1
0.1
0.0
0.0
0.0
0.1
0.19999999999994517
0.1
0.0
0.0
0.1
0.1
0.1
0.0
0.0
0.1
0.0
0.1
0.0
0.0
0.1
0.0
0.0
0.10000000004424145
0.0
0.1
2.571182444732756e-9
0.0
0.0
0.0
0.0
0.0
0.0
0.1
0.0
0.1
0.0
0.0
0.0
0.1
2.2956530196883708e-4
0.0
0.0
8.14903700074865e-15
0.0
0.0
0.0
0.0
0.2
0.0
0.0
0.0
0.0
0.0
0.1
0.0
0.1
0.0
3.983298804552393e-4
0.0
0.0
0.1
0.0
0.0
3.108624468950438e-16
0.0
1.2031142398449823e-6
1.1785359355087622e-10
0.0
0.0
0.0
0.0
0.0
0.0
0.0
0.0
0.0
0.0
0.2
0.0
0.0
0.0
0.0
0.2
0.0
0.1
0.0
0.0
0.0
0.0
0.0
0.0
0.0
0.0
0.0
0.0
0.0
0.1
0.0
0.0
0.1
0.0
0.0
0.0
0.1
0.0
0.0
0.0
0.0
0.0
0.1
0.0
0.0
0.1
0.0
0.0
0.0
0.0
0.0
0.0
0.1
0.0
0.0
0.0
0.0
0.0
0.0
0.1
0.0
0.1
0.0
1.1944180100864621e-4
0.0
0.0
0.0
2.686153310116346e-7
0.1
0.0
0.0
0.1
0.0
0.0
0.1
0.0
0.1
0.0
0.0
0.1
0.0
0.1
9.996838558998265e-2
0.0
0.1
0.0
0.0
0.2
0.0
0.0
0.0
4.405181812772163e-7
0.0
0.0
0.0
0.0
0.0
0.1
0.1
0.1
0.1
0.0
0.0
0.0
0.0
0.0
0.0
0.0
0.0
0.1
0.0
0.0
0.0
0.0
0.0
0.0
8.568288811794388e-9
0.0
0.0
0.0
0.0
0.0
0.1
0.1
0.0
0.0
0.0
0.0
0.0
0.1
5.375304777821555e-6
0.0
0.0
2.590957068943094e-2
9.188072015237081e-5
0.0
9.742298282248822e-2
0.0
2.4452463576373206e-4
0.1
0.19999998944573116
0.0
0.0
0.0
0.1
0.0
9.999999999917508e-2
0.0
0.0
0.0
0.0
0.0
0.0
0.0
0.0
0.1
0.0
0.1
0.0
0.0
9.999999999999819e-2
0.1
0.2
0.0
0.0
0.0
0.0
0.0
0.0
0.0
0.0
0.1
0.0
0.0
0.0
9.681144774731365e-15
8.142717559278534e-6
0.0
0.0
0.0
0.0
0.10000000001227058
0.0
0.2
0.0
0.0
0.0
0.2
0.1
0.1
0.1
0.1
0.0
0.0
0.1000000000000004
0.0
0.0
0.0
0.0
0.1
0.0
6.661338147750939e-17
0.0
0.0
0.0
0.0
9.982573640530217e-2
0.0
0.0
0.1
0.0
0.0
0.0
0.1
0.1
0.0
0.0
0.0
0.1
0.1
0.0
0.0
0.0
0.0
0.0
0.0
0.0
0.1
0.0
0.0
0.1
0.0
0.0
0.0
0.0
0.0
0.0
0.0
0.0
0.0
0.1
0.0
0.0
0.0
0.0
1.554312234475219e-16
0.0
0.0
0.1
0.0
0.0
0.0
0.0
0.0
0.0
0.0
0.0
0.0
0.0
0.0
0.0
0.0
0.0
0.0
0.0
0.0
0.0
0.0
0.0
0.0
0.0
0.0
0.0
0.0
0.0
0.0
0.0
0.0
0.0
0.0
0.2
0.0
2.5097486127489965e-5
0.0
0.0
0.0
2.053357484044227e-12
0.0
0.0
0.0
0.0
0.0
0.0
0.0
0.0
0.0
0.1
0.0
0.0
0.0
0.0
0.0
0.0
0.0
0.0
0.0
0.0
0.0
0.0
0.0
0.0
0.0
0.2
0.0
0.0
0.1
0.0
0.0
0.0
0.0
0.0
0.0
0.0
0.0
0.0
0.0
0.0
0.0
0.0
0.0
0.0
0.0
0.0
0.0
0.0
0.0
0.0
0.0
0.0
0.0
0.0
0.0
0.0
0.0
0.1
4.8024627726233095e-2
5.152757135817722e-2
1.3345903111090119e-2
7.386170637910947e-2
5.4245289886372075e-2
0.1346605899701554
5.084523516326215e-2
2.812808482610014e-2
5.111917587956538e-3
3.6105965018415785e-3
1.985465064216929e-3
0.14843736717854686
0.8893624584142797
0.9011669880428631
0.8748071498335117
0.9009135387832619
0.9053937783811277
0.8554829011386303
0.8540694287684616
0.8899638285706487
0.9141949082673111
0.9099423469728842
0.8457697354730411
0.905258513610072
0.8615743294822273
0.8549732325620194
0.8441799262310303
0.8851961484615114
0.856986172713262
0.8731284874309786
0.8961182320678163
0.8961286109514951
0.8959155003122754
0.9130427575974054
0.8740152460652378
0.888854648379645
0.8902656516982244
0.8095707108952832
0.9065880377956672
0.8744739016744877
0.8650827556922414
0.8584810721743601
0.8512725658168085
0.8518832737708901
0.9064296977009276
0.8821485217242083
0.8618981790686489
0.8996111247021492
0.8773618192339665
0.8802132589896626
0.8766930700213365
0.9127490648799098
0.9049823212234864
0.9006658004261846
0.8812987494334685
0.8755348973021719
0.8801993828490151
0.8387987547555028
0.8863299533987614
0.8903496514901562
0.8766715403333032
0.8703161022838047
0.8313623649762304
0.8931333634684762
0.8335940763546485
0.8735842714087413
0.8810344835503633
0.8958946485496553
0.8428474561106114
0.8807944912156931
0.8307861844363277
0.9094063847372874
0.8851958151388658
0.8726204289162085
0.9141383323955917
0.8678157221891525
0.8699773781844767
0.8517747691035288
0.8856530474984299
0.9045145879392346
0.8768239593658359
0.8997709554220306
0.9209847844183953
0.91408334017389
0.8919058688739427
0.9033032021702653
0.8848702252451733
0.9101573589645771
0.9156089457467396
0.8915938898853843
0.8792225556115476
0.9113633429691271
0.8374973985976712
0.8903424869620432
0.8906951997824153
0.8833555635355257
0.8727191005387496
0.89516342967146
0.860103168442927
0.8532787515879263
0.8404332123830944
0.8257552974956599
0.8745888386591373
0.812858471907453
0.8745717780740329
0.8817878551206816
0.8351442528378683
0.8198692777363528
0.8410611977222606
0.8720572855856277
0.8674574199213645
0.8321750291619452
0.8287881817653382
0.8393512150407411
0.853164437747167
0.8457204345532329
0.8241276989095386
0.8902871673421385
0.7975185502931035
0.8146816036053448
0.8407551770751773
0.8233933983970096
0.8388657327551524
0.8466392459014435
0.817558703499115
0.8163322845944874
0.8292103065311656
0.8336794393574584
0.8038876238310101
0.8434246492812694
0.7862089491151523
0.8051522845065842
0.808007469583243
0.8188743499668067
0.8578256888699203
0.7862378381614007
0.7839346334639405
0.8431226024506643
0.8622531679284571
0.8146539775250977
0.8300515219441719
0.8033476516197883
0.7789344029129964
0.809928533772157
0.8120263657618573
0.7425819978148926
0.8220377184093017
0.7518967804641432
0.8151347799786264
0.7657334350926894
0.8007356370586447
0.8221381347206071
0.8222827360523921
0.8168487829197681
0.7649722857267531
0.7984605404303575
0.8257295696916559
0.7561489173116428
0.8535998831513423
0.8028375694743684
0.7828783393063705
0.7672365960174987
0.8072879519548911
0.8060651681959335
0.7883372559764148
0.7838256279451081
0.7687768592479516
0.7664118732012886
0.8118605218764575
0.7420571448154842
0.8504537990162581
0.7814280525679387
0.7690309363765472
0.7888045017208108
0.7922066073929622
0.7940252883766148
0.7521708997727995
0.7832892734892243
0.7948909407043029
0.7141119354895414
0.7513927637320448
0.7801568810334121
0.7567192085728256
0.7976149468036622
0.7947291683143125
0.7835924449463972
0.7860774045122583
0.7618416199372822
0.8173012014632579
0.7811884718223637
0.8161885956683965
0.7967049122478683
0.7823568327951227
0.7229712453085939
0.8256448963550147
0.8194424226115651
0.7859936407526169
0.7295456291593532
0.7801910603838667
0.7447067987054321
0.7947344193009649
0.7624694367764754
0.7407021573975101
0.7756934402121372
0.7534449077037164
0.8134591002987082
0.772944682457184
0.7272253557353376
0.7626819390046876
0.7791444988507534
0.7651575433404223
0.7912588647411093
0.709424509573665
0.7215154278055531
0.7729431593067896
0.784393182945521
0.7827758601552255
0.8787553601390783
0.7692586642530801
0.7179275882821448
0.7980531886984561
0.7946276386787232
0.7767725789619464
0.7244796034860814
0.7833813048549008
0.7016660840105426
0.7672169946480546
0.7910292558756707
0.8018827676780015
0.7581397842199731
0.7960810315105503
0.7409443143632958
0.7358585304222639
0.8078441973757065
0.7589308605548414
0.7886640748914852
0.7018151386799023
0.7479077143300924
0.7305595073616028
0.685130959956897
0.7649725366274935
0.7963055513021143
0.7803814688761601
0.7730722718259264
0.7496343869626345
0.8906482108929771
0.9133585184819133
0.8781539516008234
0.9040672793688209
0.8894654498028285
0.8493965556294434
0.916216963570452
0.9059058116409812
0.8885485366685367
0.8841438881153534
0.8823400241110642
0.84885590355701
0.856265793587978
0.8657337411599253
0.9080148874583884
0.8483432755849492
0.8438537819683024
0.865259799021676
0.8734356310454509
0.8954140718033979
0.8842086059738936
0.8554610226512137
0.8514464185508654
0.8428662314308577
0.8266761278218911
0.8437092976516624
0.8506753435874994
0.8889116513716173
0.8519677613234229
0.8629705677304272
0.8276981695427981
0.8675068665641369
0.8862534742439443
0.8541395750225746
0.8339264406763638
0.8321809386435717
0.8532488359968886
0.8630209922357948
0.8441373889822044
0.863122648199845
0.8621204165786439
0.8205031415164987
0.8501929019239386
0.8152079500286863
0.8399267019824512
0.8410696018727478
0.8563203788853713
0.8543644950328861
0.8501585931740715
0.7430452534925738
0.8096109295087448
0.8116624518804267
0.8303824716605064
0.8406498098571868
0.8253993917777496
0.8279716057875577
0.8081734000606844
0.8025790775674487
0.8144099433568973
0.8786576119924397
0.8413486167576559
0.8062044792038898
0.8232207830094351
0.7813884727043996
0.8131442316049791
0.8219754681965276
0.8150300920060441
0.8035467318753036
0.8537941843149189
0.8173644118479169
0.8167011671703159
0.8197082750945622
0.8499011996066106
0.8196087056099686
0.8181735866745619
0.8272443239578328
0.8073375197531527
0.8264526655137738
0.7987077495285934
0.8325847367124373
0.8316200371156992
0.7070018991117653
0.8192770888763732
0.8260417475164961
0.8159144573499002
0.8395692423330559
0.8149633725496113
0.7952267717159998
0.8013186624194976
0.8246870102662
0.821848110936972
0.7678730295315562
0.8231486173927255
0.8452698950422649
0.7626987189355618
0.7662552640029368
0.7921056123235037
0.826529351916121
0.8406643035084395
0.804575775455367
0.793569566730653
0.8528291394440567
0.8542164719601415
0.8444979243895565
0.8065347263866954
0.7933341624597585
0.760787319451062
0.8196448107675522
0.7906044740405226
0.7808625841131993
0.8385041783686333
0.8329151245232591
0.8057230134496948
0.7893679474579228
0.7877486650928385
0.834589533651271
0.7704119325384415
0.7648155014166279
0.7986537699888063
0.794792517849757
0.7637947423375823
0.7069372623969092
0.8028889390923977
0.7501771778338765
0.7552082982902351
0.7988430128802111
0.7820648958238146
0.8317729125781638
0.7982326514397557
0.7728976787109605
0.8117141782847488
0.8045209220084774
0.7418393071310624
0.8072782134213934
0.7568883505100941
0.8084946073442791
0.8038978431819904
0.7863173063736604
0.824738097802023
0.8045863602001793
0.831303838972582
0.8080002739167774
0.7798262313506281
0.7981841577002877
0.7924702060246569
0.7730401113200974
0.830414402675086
0.7571948695124221
0.7610452983023124
0.7642016581746833
0.7806003670389419
0.7701202197663882
0.8058800585386316
0.7726060556813632
0.8013135846202056
0.7980689677229882
0.7785988900755002
0.7688068598517175
0.7592547212638467
0.8061533103377467
0.8054532473238553
0.7662320310633961
0.7788056593221702
0.7711813204309823
0.7861625435066439
0.7312208715919443
0.7569309640087847
0.7394725561298466
0.8066745605617107
0.8043585415083291
0.7640324901015404
0.7526236150842596
0.7576450073787205
7.861876247435715e-2
5.297264991587155e-2
6.719396497001961e-3
4.7004724236222914e-2
9.498522241982433e-3
6.540826347990861e-2
3.309996147953457e-2
3.495527031056385e-2
2.141984689775167e-3
0.13508584222367684
1.8707513683878463e-2
6.856140376840872e-2
9.419671572133826e-3
0.12920229607646574
0.1095876911323288
1.9882365748514708e-2
9.316529294637967e-2
1.714124231591485e-2
2.4547698937496663e-2
2.2442902431121146e-2
1.1021181182177186e-2
6.164065589448194e-2
9.096562947867714e-3
3.1053093515486185e-2
0.1421512145804095
0.10780403097945834
2.0844425286822067e-3
6.164835044892773e-2
3.2762228873102093e-3
0.1514091388237045
1.8985150465300738e-2
8.800581352528602e-3
1.2266245772354311e-2
8.87202824262161e-3
0.12270318071699315
4.736197571662785e-2
0.11373427965192243
4.0027505296800533e-2
7.137686375629883e-2
1.2704584073444592e-2
0.11534967447103403
4.475199855766619e-2
5.3597913630217056e-2
4.8885342410764074e-2
0.13722490541208252
1.1805103500392022e-2
5.4621528074337886e-2
4.713938161946083e-2
0.10466594175701464
0.11204300407831655
1.4841895662003658e-2
8.53870664453345e-2
2.358994901791407e-2
7.520504665213174e-2
3.5660332359355895e-2
9.820668330202525e-2
3.998190442932603e-3
1.4860145118418721e-2
1.3368776707007968e-2
5.153529118883426e-3
5.927701842000499e-3
1.0187170686628545e-2
5.082962992674622e-3
3.145866381324225e-2
1.571567781000316e-2
