0.5770018239836197
0.7139454686621333
0.5668286719432596
0.6480095152240616
0.7259544577450804
0.5896644412213254
0.49937925347799955
0.5004771016613605
0.5072301417978788
0.3849196670108319
0.5512429780563262
0.5113915829335764
0.5717663914582707
0.41082077428362107
0.26666602572898107
0.31202749669724056
0.48724695385971983
0.5030314062976644
0.5134261228937409
0.382509922251399
0.5378812505878898
0.524047405698455
0.5649359449680078
0.3748844303550566
0.2509870629356096
0.2954710993691373
0.47134599695758406
0.3924277162617485
0.43917344428512584
0.46797144881276564
0.21600541958961378
0.3984615357159195
0.23144177867851362
0.26205807436934153
0.19516454651296536
0.28965812541283553
0.34120047371479023
0.3932562876898336
0.43702050545353605
0.4673560816328548
0.21538102373370743
0.39859292363896487
0.2315362728129938
0.26236678384749784
0.19658479494405978
0.28929897909788416
0.3412084093400045
0.20718184751476118
0.12125964389170969
0.16768437451559032
0.19159628022670433
0.2977183041858454
0.13365906011223788
0.24470712133000191
0.25363832796436414
0.304803580063962
0.3855808780843747
0.20793062064103793
0.12145893416611915
0.16650385836391618
0.19190123082952856
0.29881321338245687
0.135796355278451
0.24225928220079457
0.27618586655795424
0.31394205168666467
0.38539925268257613
0.25045958533405893
0.21939452035593648
0.19755180067903125
0.2357205836240998
0.18406926541411317
0.1918783528969242
0.20209252610905062
0.13203475096566236
0.1215585480391965
0.23491727085228525
0.250421539407989
0.21861146331791623
0.19727209727989706
0.23719349799388662
0.18402409122022667
0.1920705275476116
0.2020232342408265
0.13179729049978764
0.12282427803135461
0.23420884900611494
0.13709166832802291
6.56505099499677e-2
0.23965748565643158
0.1088923997573932
0.18950772450252296
0.22680958322228043
0.2257889426768614
0.11220196372095201
0.13210818991722278
9.057964745153715e-2
0.1370916138508153
6.538510274700775e-2
0.23965711491490732
0.10889313811871495
0.18967649470838022
0.22682296913140298
0.2262373230861634
0.11221652962536799
0.1321222512780024
9.060874418174346e-2
0.21404966423091953
0.14998628300378436
0.1888105975834912
0.13028676550409038
0.1854553257088813
9.397438784162529e-2
0.12721655901857395
0.5205144428473437
0.3084166492043928
0.653531676186483
0.3556548129724993
0.39438474282969826
0.4614559063294633
0.2893479994482329
0.524009134129145
0.26598652828655517
0.41956730848702845
0.5203957425068677
0.3086529456969115
0.6539261779994954
0.3558706175431488
0.3943797140479469
0.4613408067086523
0.2904059510465705
0.5232006884865699
0.2663431891910929
0.4198893658795912
0.38377463797939004
0.3836077828520898
0.4056528780447592
0.21666193488874086
0.23578451735813716
0.25930664952590526
0.35080565787988915
0.2860829088022288
0.16911056614609432
0.2111645004587615
0.3843855033844318
0.3842852503159514
0.40515543395122977
0.21630274836628643
0.23591923231402348
0.2614169078424636
0.3513569706254761
0.2869252484812771
0.16919215186437397
0.21146571270181935
0.22905281121956228
0.15722749067542677
0.34982480625487555
0.26798943923602037
0.2677282525817818
0.23622509404214628
0.26271318361716833
0.10378605255599335
8.974291135647494e-2
6.88545404720546e-2
0.22931122199339032
0.15719604784975286
0.349724708579346
0.26779445942458596
0.26793319080078326
0.23624912223250494
0.26265904393569073
0.1039597684514432
8.969914729017121e-2
6.887649974389988e-2
0.350105876882271
0.38330136969453515
0.649419609217429
0.4848896792581501
0.41704826824113644
0.35005372643491944
0.3978081497535028
0.6515466272403139
0.48611647883337056
0.4186336146700157
0.26941404855178563
0.30647825549981456
0.2565356069374002
0.4142681814943951
0.3270423336739013
0.26941437998755025
0.3064809942510297
0.25653628186925176
0.41431239729838953
0.3270369369188453
0.36053080917409197
0.35637501572017694
0.3664428763538022
0.22545461909564812
0.19537161224148206
0.35901586603582347
0.3562379347460557
0.3722265716255348
0.22645467378675108
0.19719877182114537
0.314245657320816
0.1741004981936615
0.1902726974717305
0.23496899478509176
0.3143626322183494
0.3141846991016428
0.1741972536619389
0.19062883667802258
0.23481617059714344
0.3143747378775496
0.31283454821140655
0.3178302075018634
0.3082628913668976
0.2120074671981637
0.22681210433610563
0.31283454821140655
0.3178302075018634
0.3082629016899507
0.21200746204279985
0.22681210650924263
0.6442486405385768
0.5808402599647569
0.7380291814907075
0.6185944488277844
0.5184811125187101
0.47346468214382204
0.6939199827839195
0.40277992182353417
0.4291776477776449
0.6221355780955039
0.6446521872304988
0.5835127257101819
0.738110858565613
0.6190220979679415
0.5161233661765381
0.46533626797980665
0.7019012018652678
0.40893695289467724
0.4448089430779899
0.620852075635107
0.5747979902630839
0.46903527046976184
0.5420683428097628
0.4372110150990678
0.4107146563377263
0.5163500125687045
0.36197901582944886
0.23178636416582502
0.26928929910988847
0.3137998896412716
0.5747336865720123
0.4688229571401319
0.5422473184892552
0.43602648267300664
0.4103782295967159
0.5136526114698179
0.3631602758435783
0.2320643935292444
0.2626406460998925
0.31369711090387703
0.2265337041507675
0.22336134580368422
0.29633685294485107
0.40225888453898406
0.3985319522704457
0.18543537292633377
0.22455424477037028
0.32840237866972155
0.5628522854155762
0.4081730541722745
0.22652642497588743
0.22338634661423903
0.29651193686348204
0.40232307831950676
0.397069288046006
0.1856785023067975
0.22355694555604644
0.3288372054296527
0.5561195170338492
0.40878629424115287
0.36382357005186955
0.3673044846788497
0.324138150238372
0.2268852754004033
0.303883051154928
0.31020070885096734
0.26245005325483917
0.27328972419806785
0.23346810192145168
0.31946539493877435
0.36380629126961656
0.3670421548034627
0.3235870175096114
0.22689333167878978
0.3091156922160272
0.3102787033460904
0.26339451979728995
0.2716973702560921
0.22882728742573613
0.31628576871505254
0.2205917891151473
0.3080676371887451
0.28979224480866383
0.2747792282693112
0.14835794046882236
0.2765137774711789
0.22305135929756043
0.2019011359027913
0.17718777279836823
0.18463611898758145
0.22062946292729002
0.3079999976766472
0.28977669556789387
0.2745260874829036
0.148294420949175
0.2761498572896084
0.22213799034912377
0.2026232993332703
0.17666107377826923
0.18444212286112677
6.649871192902473e-2
0.24686492954295708
0.2290716667676853
0.2879442498536313
6.490953231813984e-2
0.13812135795136166
0.19893848721741864
0.18159818712788514
0.3025204200373962
9.342193599311541e-2
6.617667080471917e-2
0.24718170972243209
0.22941343763309927
0.2867385602330577
6.2214486731587984e-2
0.1406832403713097
0.19782211171641312
0.17596591602332556
0.30227670557906144
0.10343070743147371
0.26586342294318377
0.3041974231240164
0.2598210198340317
0.35371868078281654
0.24219903898680145
0.1674904424479947
8.779531942346153e-2
0.13687189437427644
0.28716715880302945
0.24045713575479888
0.2665619120738702
0.3026449780814287
0.2598712643697751
0.35477066483719444
0.24106668912084342
0.1675329022104151
8.598622380994528e-2
0.13522338841056433
0.29322469250946454
0.2513806146220931
0.15022423451353495
0.18302351970797182
0.20542426163649527
0.19665805186601829
0.1308277928006871
0.31166084787863546
0.31325728136452774
0.10571978637505874
0.2518605656722487
0.24117890725224927
0.14985067589995626
0.18262114850947617
0.20439686484418046
0.19673268900548674
0.13089607083079507
0.3116524106920647
0.3140567303983648
0.10603935752785724
0.251532961170993
0.24054154076370932
0.24987174428409023
9.755903960147264e-2
0.15716820437317675
6.955130771295046e-2
0.2334321719408127
0.14726834902662417
0.2279603783584106
0.19779201793748707
0.16596667828817618
0.1331759310044296
0.2495598414185986
9.709530120492688e-2
0.15711480601172406
6.841640425673469e-2
0.23595861048780414
0.14564476064886173
0.22657296013727307
0.1987335049467966
0.1666458879278249
0.13358969136874638
8.918396473477441e-2
0.18641878923357585
0.1002866905187425
0.17035841843659072
0.14290205059708455
0.1693698742467118
0.1854392573564323
2.8010626207137467e-2
0.30143756336506955
0.13852018710115196
8.921866153251597e-2
0.1862534589387811
9.070935789740647e-2
0.1692047292411452
0.14283787533955997
0.16981872672594606
0.1857696493725915
2.7772845500374455e-2
0.3006449962506717
0.13897101045132443
0.39310771266645494
0.4590727431443917
0.27488891078603367
0.43366825133826115
0.44985838210706425
0.22821718927100698
0.2109401893395677
0.29851058552121235
0.3329063557465391
0.24552856782866894
0.3914540394745377
0.4595222688467787
0.27527030254131646
0.43328275437325975
0.45048457779494094
0.22847305537859347
0.21186381862686562
0.2985753284067857
0.3338314338531626
0.2463751370069219
0.3265746635529957
0.22992412897133035
0.27208076611718895
0.1876531141327354
0.48780812802830614
0.21760238928855932
0.38841431867533155
0.48467064490401796
0.34262739950598775
0.20915546770124052
0.32603278718493056
0.22106052730239883
0.2747596122090231
0.19010277360206387
0.48416289900206494
0.22211201064659666
0.3880908153725783
0.48036097156341634
0.3490986070377793
0.20932207740517628
0.33005810935977503
0.358304607902635
0.47367909818025106
0.39604351788976777
0.24900583290398376
0.31768060266758136
0.3584096227882169
0.40938975840762115
0.3823504590950383
0.129338217284942
0.3308180484729396
0.3583352676867481
0.47557365007476216
0.3960347569043624
0.24904432240691549
0.31761176585158635
0.3582860475326809
0.4075730917314407
0.38238779114756277
0.12954402823291583
0.30282745001962597
0.3596807596980427
0.12223588375087176
0.2714089907088112
0.2650922820499729
0.39026559067313144
0.3010676949062595
0.514421068507732
0.3313188657284805
0.41680998288371374
0.30628665273951017
0.35983962675374803
0.1224594356656338
0.2720854518849593
0.26476986752625076
0.39154523368691674
0.3010391907724369
0.5142987289054572
0.3314681215217685
0.4174899801844495
0.2835933346572747
0.25073905492635634
0.22982188251097754
0.2594955188825118
0.35941749649390903
0.27200132492816265
0.17791026372737911
0.2484224602519148
0.2771427529712983
0.4142960756483654
0.28388585666259425
0.2508178916727203
0.22984395913813685
0.25932724821905373
0.3589990402865267
0.2729330793813283
0.17788293618371956
0.24844986555816426
0.2771805966840054
0.4147981328846434
0.13710929081336892
0.40152702867776113
0.46958070251986983
0.24028965531991625
0.1906592360847707
0.5198122938977222
0.31115249706927234
0.18119546480648796
0.2493544481576991
0.24239558951116424
0.1373848709869789
0.40147116795135906
0.46946883519524796
0.24046377972485722
0.1908337088394407
0.5194181860291506
0.3114778794807652
0.18119639129495038
0.24949221719090975
0.24267662405982646
0.46038835134317313
0.4326772971783133
0.35287073953456183
0.362281786951621
0.334590474359333
0.33212119114314104
0.2474478344680846
0.18903680334061895
0.2879595437481067
0.43914668612793156
0.4605264726522865
0.4327700839015732
0.35290825571470247
0.3622316476723886
0.3346232418907846
0.3323147103234934
0.24726489400462176
0.18895248154384214
0.2879619766840371
0.43908641313042474
0.335557870989655
0.40398284013501906
0.4611810168644026
0.4927021449097137
0.34462684464372806
0.4029210396536113
0.27930847441521056
0.2783722395612108
0.3800773853537593
0.46580395829264143
0.33541851159510233
0.40426351381216596
0.4618439559222618
0.4928126538221732
0.3449333454244866
0.40229316277924393
0.27926600941490676
0.2784704428854619
0.3800083957779356
0.466452930131668
0.2652550389974113
0.3607838221533569
0.29120667864664573
0.2740208247029912
0.37745579949488417
0.372466370475884
0.23755760626676609
0.276494022087724
0.18335241549081394
0.37732000330641025
0.2666627326243024
0.36087371512969063
0.29238755257528676
0.27347214035469375
0.3777015179252702
0.37256091383961804
0.2373925431503741
0.2765666091280556
0.18343279098754353
0.3798211159743093
0.26187122480663705
0.2747441448323496
0.12448570253633251
0.24117513881921832
0.36274674975642046
0.12946238062866672
0.2760603979359634
0.1702452134611392
0.1640511173401276
0.1362396250206891
0.2616279197712503
0.27474783164973704
0.12441425896932883
0.2408306562560094
0.3624068597259428
0.12952768912063195
0.2761984712995863
0.17026215623417845
0.16407799383852434
0.13647208618546722
0.33040802416456155
0.16888912143402962
0.32164350478335074
0.3952816841460538
0.1611380681904196
0.13906624317938934
0.3757137879409915
0.38350110402396825
0.23546792411101025
0.3949245041263526
0.3300888372949424
0.1692372677332894
0.32153728790376734
0.39536287931407077
0.16131020376464614
0.1391995892803698
0.3756968077723915
0.38304129890153316
0.23555338526395125
0.3956299700580822
0.36443681609393386
0.4167715399863545
0.22522309768647095
0.3853326219346204
0.20871095063772654
0.28652465757638307
7.445475370264566e-2
0.22232243264957194
0.314196319805158
0.3341765945363858
0.3644134392819981
0.41671597530093163
0.22530087173450877
0.38539810494704013
0.20869157111505818
0.2864004395863236
7.453033453852963e-2
0.22224109128468497
0.3142003984252544
0.3338400248860484
0.3293331566791546
0.26297272067167066
0.3339651851223899
0.21505938229994634
0.22148797336353523
0.1769585996163347
0.2710560500228651
0.3364197890344146
0.2693213982173209
0.18906780276828683
0.31899008288946734
0.2603320908589192
0.33215808725541096
0.21724158810652822
0.22689263267137227
0.17636713925753908
0.27268118291967064
0.34147247028638816
0.2705947619967208
0.19767303694253552
0.2988062764619598
0.10027100509315323
0.1703645012163679
0.2714746242185171
0.14721434169795958
0.29670398660175684
0.25236727570576656
0.11102232822977035
0.3170639358585807
0.1879691819169745
0.29873451124317985
0.10075120281907327
0.1701634506360622
0.2718860751587431
0.14706217054992887
0.29678932907669575
0.2527741409699088
0.11120180680160444
0.3168147912808351
0.1879197386173367
0.4079664937635584
0.2910208157625952
0.3628768739058895
0.19409520894006244
0.2671484377534009
0.25169177081923894
0.21615897280005664
5.732289683232085e-2
0.1926837337668943
0.13806098871203112
0.4114194853651628
0.29703796880301725
0.2967381691649389
0.12466643597027367
2.369071816969227e-2
0.1978137925781295
0.2897246524782083
0.2563830293753069
0.17727474354523734
0.3025399006528237
0.35865238931668375
0.22759336278444042
0.2922719298684799
0.1320784765736474
2.3970717418949662e-2
0.19874757753752006
0.2901016887313205
0.2582533295787054
0.18199958155573492
0.3059085816827574
0.37925922973324133
0.23349224573938554
0.2714180192655449
6.895553818584663e-2
0.19329058573668817
0.20597583434566263
0.2982928149896815
0.16812342969426783
0.22188731842031592
0.12853541719278555
0.18767589053795258
0.36118927480851887
0.2746227210277997
7.422019690572425e-2
0.20431167746733986
0.21836444771355995
0.30256277818419164
0.1651861447177873
0.2277451934653229
0.129045713981741
0.19143073440484304
0.364853174257407
0.21882275935673173
0.3694758059890596
0.29540549022610935
0.1397810146224135
0.2752366450449499
0.22510522020404808
0.36432877549219755
0.27047032353099865
9.756153874591719e-2
0.28659110367436813
0.22552033956857662
0.3807405152443738
0.3015965587513462
0.14633417827615203
0.2857228496443508
0.2239945618849572
0.3680367323425983
0.2715446241061562
0.1019547498119242
0.29452858750673283
0.2999193029826535
0.22147882096860022
0.21618685712982472
0.21015211179038448
0.23764676203202217
0.12574843366493402
0.2642162261292047
7.488078919447885e-2
9.237648609529514e-2
0.23018848814310164
0.3020266200036751
0.227826474910853
0.23085246049227495
0.21820052333011802
0.24786531154288
0.13113545505062563
0.27252272356318585
0.10432714978471846
0.11036665685911906
0.23130849420733238
0.46025290686000336
0.308889570831322
0.22857317232619154
0.2691237840144365
0.1859147643114219
0.1199416249477335
0.3289935891798023
0.16926488544556786
0.324063959688638
0.19887086402799697
0.48118247254709495
0.32883650111775276
0.23241049500671593
0.27604145007266406
0.18868204421879192
0.1296592875410683
0.33658453414069156
0.17194212946493445
0.3127795571040063
0.21444182588623897
0.21580201420098324
0.4340154459691047
0.2518772594259601
0.2792727610497735
0.21950103553809103
0.33255379581598743
0.19762638707243602
0.262276841752889
3.92547504141884e-2
0.23996344554552834
0.21162430243597713
0.44924688803991863
0.25530693671048527
0.28936422940472256
0.2224472792608405
0.3426758886488951
0.2021967801246986
0.26655034586449716
4.339830742892141e-2
0.25507576970087337
0.19679464693580395
0.2299951850760958
0.30233505779873465
0.1493505975220141
0.16586050731465293
0.3257712383661483
0.28039745209787675
0.18086513084530276
0.1738227174974179
0.2449406064806409
0.2031806311592622
0.2433742215773254
0.31253669593659733
0.16134750193231295
0.16640737998878505
0.31916168921652915
0.30143082610932026
0.1820090261002754
0.1889858940701135
0.25632395517066364
0.19597513338710945
0.17287906357823307
0.28058950023265067
0.10591608138836159
0.16779537571671357
0.1888866124342914
0.24101907768303824
0.3546848337293482
0.23721998717804102
0.14348852500927736
0.2091279744410683
0.1785243042989849
0.29111840818789575
0.11196717734049848
0.17760221576506025
0.19547231235053306
0.2492036419401277
0.3654886527761395
0.22491318105423322
0.1352565156740157
0.3041912555824629
0.126296989939424
0.1721131911226872
0.29289287346695814
0.1256281945774093
0.19224093799796282
0.2843712564543939
0.3101323366571461
0.16544750886369625
0.12766731339872378
0.309789501608009
0.12515843765925927
0.1854159384530832
0.3004789037503627
0.12980004542045448
0.22365644441471436
0.29666800470002513
0.30930736572989453
0.16695937476179537
0.13706084478678232
0.2080710555155783
0.26189505184572937
0.23937019758439967
0.22646372464714357
0.21537667185161213
0.2737621875912358
0.24496399813579997
0.22657132963680202
0.4157673671291633
0.14929971118556015
0.17492652785703453
0.25928935705310446
0.24071876571347936
0.22232068034838703
0.22585150895051154
0.27946900312762324
0.2530400082356172
0.22625113624231644
0.4282955856871373
0.15759756848732237
0.28771330160582426
7.149628456554105e-2
0.12824047594059595
0.1331745236436785
0.18855671313124
0.38964298936346814
0.3177370049491565
0.35435305293596825
0.18959287827546611
0.2125860277810065
0.30104780257178926
7.765810161721982e-2
0.13023125564826254
0.13031801771740123
0.19345728357924274
0.3953063928560464
0.32588302959508453
0.35626643232928096
0.19288190995921606
0.21581229725593393
0.21328818377548303
0.21127936247156062
0.3125769232218897
0.20613377329718396
0.33417576434954854
0.11107747699966093
0.155906665731324
7.165631451206249e-2
0.2484704371854955
9.274601647201235e-2
0.22057592834186526
0.2122819807321247
0.31728842841479177
0.19844011344318807
0.33394828272834104
0.11184216499401053
0.1516646210699292
7.146790525458188e-2
0.25638838127248487
9.322517588157483e-2
0.33627510922661036
0.2645631197424606
0.26640286979667643
0.135739808705121
0.21177175200456158
8.813928989763635e-2
0.17211407066775883
0.3030385043266213
0.1734111601162955
0.1349381930699142
0.34519873053357564
0.2639824254931319
0.27403221341467304
0.1452227637606409
0.21421893805393216
9.595346318055194e-2
0.17651138556882687
0.30846849381548835
0.17362539364797583
0.14363724869054748
0.21628851675694047
0.3615377760466538
0.27263764530780954
0.19750957984467915
0.12001624299501475
0.26140309926009647
0.2362140091901383
0.2180637077631995
0.22437099456042028
0.22540699496858146
0.22247450703232668
0.35965845854898426
0.27012323201757693
0.20330919708118178
0.14227846186034526
0.262074648516501
0.2452718749059101
0.22393540076791885
0.22971047083412258
0.22519779783801278
0.23587426054234584
0.11674773110469631
0.3138504881328218
0.14109529191902145
0.103080776486135
0.17347781440821003
0.12953255783060477
0.21475959317956167
0.22419698959369763
0.12514588697096873
0.2685082481382586
0.1378354795385394
0.33557799152406054
0.17739891109412076
9.100756067080237e-2
0.18988887887873235
0.14219717903710954
0.2143199209766514
0.2366714741591557
0.14311504002313602
0.1641186512358622
0.1759423571893145
0.13268086368579163
0.3164690497363313
0.1453667423215106
0.15792516426188324
0.206938345394516
0.19896367123689968
0.15886713031908117
0.13620153749505814
0.16900629370514603
0.1795614157644422
0.14570684206959092
0.31803157184838543
0.15046045375310194
0.17266600881336322
0.2235895008561414
0.21720687898036567
0.16051037471392307
0.1387887425182408
0.25103919754900833
9.83912864021606e-2
0.17680356018331617
0.19135620009945334
0.1284741235676902
0.1742055296856015
0.2140706491425966
0.23058311533549397
0.10316801304608829
0.2950258158737774
0.2655888405876444
0.11098324411679017
0.18130979708055472
0.18964121909571707
0.13916309646843428
0.17270527571634625
0.21794268743057135
0.23253423626702435
0.10694076527746102
0.29315477638487425
0.23686389413332032
6.027876581588103e-2
0.20043859059767533
0.14413701699351816
0.13128581122740968
0.1601320881644027
0.244208456388479
0.10351448154427301
0.12486345820118298
0.16715174707731192
0.24579988631845243
6.2116319283060314e-2
0.21431529524194945
0.14498408472737875
0.1453942652962293
0.17629448389138683
0.24998744755772137
0.11450157885100176
0.15041935198941775
0.17350406951940783
9.800258839784431e-2
0.27143419797985624
0.10093062564222147
0.23740509572429808
0.12824100602092386
0.161171823791239
0.28045824384586465
0.25227968509294996
0.2805180341136223
0.1986870582672966
9.228577111593064e-2
0.26944179569070836
0.10770576846132421
0.2381987986327591
0.14190970955814244
0.17233609565440067
0.28703226787718894
0.23696600976856538
0.2807792040527333
0.2019807042019827
0.12801942050803755
0.15465661819118076
0.2092810457479244
0.20576864570240977
0.23233383346488598
9.958218921414493e-2
0.26548186173230415
0.15605502174446698
0.11696057787306464
0.10416764846441932
0.1257190425601286
0.1683299197253192
0.2262811930859038
0.2096713718344078
0.24240839372630144
0.10989371350155633
0.26684948905356354
0.15857581716820182
0.12167725868434882
0.10920132893236514
0.20576886141204867
0.21409937403346246
0.1156295393405761
0.16043106824716527
0.20619768877721262
0.17828646345558932
0.21190233010124881
0.3697580969341892
0.2581423882848904
9.86833299705037e-2
0.2064956821243617
0.21428415013328989
0.11629294080702497
0.15840073880594355
0.21198978772239824
0.17791393253157978
0.20375016011127217
0.3697169249542525
0.26076340325256264
9.588998874392216e-2
0.15954294405340333
0.13155464433492994
9.518544153446343e-2
0.22815246427133462
0.20055250170081046
0.20631556312130123
0.13744609165121416
0.2916936028314294
0.29794359681306953
0.16886762643945818
0.16824406198953534
0.14747212185522715
0.11780725550686441
0.21564655249712456
0.23220211691131715
0.19400913884965862
0.16822813620669214
0.30210854929548414
0.32301584398259997
0.19288814644859786
0.24629164981382648
0.14961243012331885
0.17329762576793772
0.20228536594418306
0.2336395126132734
9.68424182759413e-2
8.793050634033457e-2
9.226806116091962e-2
0.1290447082395709
0.3675605759290309
0.24438795282953932
0.14875711269984393
0.18466987857550982
0.20147014068646243
0.23235463155164843
9.829665354453206e-2
8.381701746532563e-2
9.122340351558167e-2
0.13776647298538303
0.3648503452789226
0.17757571634534614
0.1553386579386445
0.15424908992520972
0.15815154109169452
0.2849227637128052
0.17696817052610428
0.10229940408062008
0.18957555375800714
7.690251969849693e-2
0.21482157318490908
0.17421133294790447
0.14865174935212191
0.1558695910650041
0.15192717927326416
0.30113265685011176
0.20103904136189882
0.10425075471852585
0.1865960097996408
8.35787590427915e-2
0.22606355926578306
0.12873692231027226
0.17107068229452332
0.1801447229691418
0.11505212223402983
0.13120523587216032
0.20671913661606317
0.24214331368771128
0.17158908088879182
0.10891970281047687
0.2776828643805378
0.13917684128764615
0.15886076543223077
0.17904389648489405
0.12445017844691941
0.13312375151827804
0.22755478599985618
0.25343238088140946
0.18448298320489415
0.12111588626752483
0.2785679935314117
0.27415344585100937
0.21298500823010924
0.20970816953237748
0.13785595877166168
0.178491171046537
0.3000627485774464
0.10511132379653669
0.30327714971292463
0.19376593770895728
9.113719512445878e-2
0.2760979364325783
0.2236883303635881
0.2041825540285699
0.14208083756158013
0.19066775485176124
0.29948889298213255
0.10653189075818965
0.344137171674619
0.2022120275352624
8.626462502820664e-2
0.12818099677202857
0.1505001315965643
0.18750609769133886
0.1809184641277543
0.28052380012721334
0.11273479555984034
0.13552814775211997
8.820542619692126e-2
0.21289852480720536
0.29894724966486363
0.12353519777206161
0.15722998402021782
0.20462367232345793
0.1661849737568092
0.3145861629805625
0.12472163560499538
0.15848748077126248
0.11243613469221594
0.22409844617829844
0.3027044127144972
0.13913132910560524
0.18851382385817278
0.13250844705424622
0.12049651149386753
0.330422542166174
8.861162108983606e-2
5.54294635924651e-2
0.13882613888256387
0.1614424933915152
5.4623352693974905e-2
0.1490807914672719
0.187595732605699
0.1442715987912861
0.11190945029343839
0.3245872994248347
8.770530972052808e-2
6.404247112337524e-2
0.1303546098236305
0.18337120975188753
5.0750781673678205e-2
0.10015762637354371
0.16710954016693275
0.12444607719350387
0.23520876264285465
9.621304393477123e-2
0.22025962133812005
0.23855522638198287
0.11453353277679726
0.25356262100035953
0.17082913319591445
0.11080595887856788
0.1642350642720011
0.13683373819871947
0.24068058189934088
0.10452247085010327
0.22129656584806123
0.2381926825580296
0.12696685970802554
0.2563371789797393
0.17676089294242409
0.22616661543257627
0.12607969756068557
0.13722277885248596
0.27645477213488007
0.10254901387022664
0.3069865052162258
0.24384290448625118
9.305475327113134e-2
0.21584973543054647
0.2075365893009949
0.23057865422080276
0.1327294892243994
0.14076103015904665
0.2812184697785517
0.10600597644178386
0.30996179662210344
0.23474060039058423
0.10050913687618228
0.23393157690740624
0.21502690724252477
0.12884596080329075
0.12965704115411505
0.13520747943046638
0.18017352985588125
0.17178966128811674
0.23418445500314117
0.12901111790417247
0.20735398826913487
0.23367223687019595
0.1289488765645337
0.14641297158351335
0.14674064313253724
0.15804922069457952
0.18246621172453922
0.19237333106756577
0.2667399764056889
0.1596821852603816
0.23975282549400007
0.2542787902075092
0.1460713322077517
0.19532261783859153
0.2539068121273421
0.20688508723403193
0.17808011856964026
7.627505932687648e-2
0.12370160097693779
0.3649345150889389
0.25939911376764246
0.22399188502187015
0.12634958720452188
0.19630307614285747
0.26145165680267324
0.22598224180155543
0.1783424134673301
7.617055077428081e-2
0.12635966019969172
0.36657949775925625
0.25289893956759235
0.21473316444457682
0.11825424750783972
9.837205434943747e-2
0.10698940294680419
0.43735398341679754
0.18451722818802269
4.2143073883725166e-2
0.20664925922288252
0.14633349727640366
4.428429556979717e-2
3.7922937714692094e-2
0.28443619886248317
0.10238394926797043
0.12231106302621894
0.441249552348897
0.1971004628618524
4.0604413826340904e-2
0.198062714629527
0.15132291265825332
4.6677178072221534e-2
3.616005916405725e-2
0.2732334747141577
0.12105890284319845
0.1469339356604336
0.1704623375962112
0.2586169730396524
0.3077787890079589
8.761765056571108e-2
0.2833265657971176
0.1401906303568377
5.023928207405988e-2
0.18873209354672998
0.12554936197985528
0.14691945031308756
0.16924263688132238
0.25853973302233424
0.3091932319751671
9.724114383674505e-2
0.2833511713842488
0.1428341974920752
5.652679268778986e-2
0.18988524316521416
0.14152532974555276
0.12885006824551476
0.26488532009352755
0.15534525188068876
0.1949429103938195
0.21722803703101526
0.2461941242930868
0.13984195290090923
0.12181486541552497
0.15966737955537957
0.1298626442242158
0.13617249947850313
0.2717557650098476
0.16012774980789748
0.2091062422972687
0.2209645317258074
0.25988547849151755
0.13923496720548328
0.12985718753647432
0.16839113746089945
8.988460309441203e-2
0.15101227609979637
0.16513088393953743
7.037006707387247e-2
0.24163246430055807
0.1591502281357195
0.10671477668013303
0.18972938117067914
0.1733610013448112
0.17544074510996296
0.10450834114075484
0.15871041357937157
0.15262642691461825
7.340902890916069e-2
0.22635179219762436
0.1671170152371923
0.11804421173953142
0.20384232963959067
0.1783705721891125
0.17521168993850805
0.18424304352515794
8.142307632347229e-2
0.2676351131809517
0.21924792874598958
0.22905608904303523
0.3466261740883641
0.2203520433458604
0.23688407444368348
0.3508694837873777
0.1983685878275371
0.18354710382980027
9.59268551117506e-2
0.26323139892449215
0.24331386056393484
0.23498832267370187
0.3519721386122268
0.20989468147609647
0.24107644441938575
0.3791714052207436
0.2011725453103367
0.15745813472721812
0.13970153909540667
0.22972660182415017
0.10110422543737434
6.894971574842487e-2
0.20023061316016633
0.2228037610618983
0.2184371557356633
0.19447529164925448
0.12012467075644029
0.177802518470427
0.1391569956462689
0.24542910229568884
0.10270184502195674
7.815170086698867e-2
0.20605207389479813
0.22711782079147497
0.22328874039027893
0.198648475055765
0.11298167621828958
0.13294219813724348
0.3382142409922536
0.19268875351572984
0.12482491793822366
0.23293074339832023
0.15002817534517188
0.14482835639099575
0.27635867462149977
0.2868371911617502
0.19719790740488224
0.15940555124778727
0.3508734259988584
0.21050837562154273
0.13469455966890048
0.2386451498253887
0.15123504327143483
0.16156818373555978
0.265790158669397
0.28125083203065604
0.20274784720769215
0.20902381285149735
0.22098813436237358
0.1824580439094839
9.311374905357445e-2
0.2219331732943747
0.1566129962523764
0.12610636998741528
0.1583608221375992
0.23951427990607083
0.11815919837294311
0.20927170227272435
0.22484647148028936
0.18189491223621565
0.10248661941769237
0.21023492375181707
0.15771048591667552
0.12985162363961464
0.15255423670940446
0.2468479290448217
0.12060947468518117
0.16847800457242834
7.146794855289293e-2
8.877627549480202e-2
3.890124222851343e-2
0.19299833638740688
0.18776009184517067
0.19255896607885287
9.852538221152096e-2
0.12886713150834056
5.945842158555405e-2
0.17182869015252336
7.172530176170418e-2
0.11562370755275084
3.9394818527022146e-2
0.18391178598394636
0.1850039972233041
0.1934194415946558
0.10440926848493529
0.138290081056206
6.194568523119848e-2
0.18976129933078473
0.21947493976336324
0.12727112908535135
9.731237294019014e-2
0.13369274468391584
0.1566262008549945
0.25481752687460035
6.223483167184091e-2
0.20459742065884892
0.12861425792897693
0.2005972376455985
0.21961032108157164
0.13928645460932204
0.10817242407684172
0.1370500109106303
0.17043199644843676
0.2765347635381945
7.516006990208188e-2
0.2016572389571854
0.14568364195654349
0.12627905910248954
0.10341041350247564
0.20757639770745148
0.12048445090168218
0.1715171319772653
0.28908642236023335
7.156995026768512e-2
0.15393181219551794
0.14911899035964593
7.911561351471161e-2
0.1237457674822184
0.13007717990860485
0.21463313252083385
0.13114609221865298
0.181658127952193
0.3034636785738243
7.922775166617377e-2
0.16559394287832419
0.15689418803803495
9.351112414514592e-2
0.3265710788259356
0.11585651603425437
0.15461122870766486
0.15955903333873384
0.19584679961530177
0.180895863453316
0.20301620977903906
0.4147920505172246
0.10717989788834652
0.31514648420879493
0.32191149055501933
0.1357349712997718
0.15496531806659827
0.1634025794692506
0.20620097922804073
0.1793776831078429
0.18819703676773428
0.46044962712163995
0.12755554865885985
0.344245893544291
0.14576255773569494
0.19462438919943761
0.141974263359235
0.12991921161323927
9.021110855138717e-2
0.12034795834457271
0.11445130658045688
9.645184327411063e-2
0.11685478329402081
6.740842066208716e-2
0.14668718638235725
0.19464100446757562
0.14515534431891366
0.1274640752043678
9.005552235022324e-2
0.13172475455964222
0.11379297201163871
9.923117967527835e-2
0.1270586882839964
6.311776996677727e-2
6.537468230209162e-2
0.24063133868167288
6.697566631094756e-2
0.15447793584821767
8.259805062585003e-2
0.11980960848620725
0.13700141263914362
0.21969339759570436
0.20369902132022127
0.31238187761781006
6.929590805891582e-2
0.25486273674460114
6.733687985812085e-2
0.157817448392591
8.574318707118403e-2
0.1121257277447599
0.1410660564147537
0.23186958502721589
0.2000756618944745
0.3081397286604835
9.740050975742305e-2
8.981142251567059e-2
0.13364386737037606
0.1754162485317114
0.1439985269048226
0.20169760793550787
0.1145886516478831
9.213540303630792e-2
7.947992112568183e-2
0.12789346454510908
9.003063635406697e-2
8.88572808316243e-2
0.14345424936426548
0.18139432420363252
0.1601906642653374
0.20447068059401965
0.11199388929555058
8.807402645361889e-2
8.489284967931454e-2
0.1311538741783796
0.15579063574727448
0.12103096936738733
0.31299414799919884
0.10338417282536208
0.11674189930108718
0.2692993051524017
0.14892401639781783
0.18002955295280704
7.916440771246572e-2
0.15210995062732446
0.14823481290392096
0.12444786730153332
0.3191248623602436
0.10885912937035729
0.12630862099155632
0.27927491340552296
0.14487562788656333
0.17931213762027176
8.334587757075824e-2
0.15579332689031541
9.194602334167182e-2
0.1480369078087168
6.717675822564176e-2
0.2691482693810235
0.17383841354941457
0.16201884738116018
0.19388883033731857
0.14352011739622533
0.30188650939290956
0.3511270159478762
8.757850482292308e-2
0.1484801868520667
7.237982641647658e-2
0.27646268581463157
0.17746505205291396
0.16485268692049895
0.20110572891355272
0.14404412912396986
0.2984457599842659
0.34669979732502526
0.20630780643346763
5.694535682334918e-2
0.19060242360934584
0.25128830097324545
0.11127922886147519
0.19756163984028546
0.25052092172198026
0.12716118378823507
0.15223317711715664
0.11940879044541033
0.20699051707055735
6.0579028267253796e-2
0.19484112476795595
0.2576297050480782
0.11095002067250788
0.22088811100481812
0.257539113285246
0.12822299588691116
0.15578165285842008
0.12360618606421925
0.21947289246521923
0.1430186553737681
8.663136634467693e-2
9.406357714549321e-2
0.18026372185481127
0.1421952669898717
9.630716256921427e-2
7.773050630052841e-2
0.13285821008910484
0.19845220786528422
0.21484892960072272
0.154932822578444
9.004080786304738e-2
9.76945150510465e-2
0.17695999825459338
0.14787881826506083
9.18803299730728e-2
7.574340234367036e-2
0.13314064494375605
0.19922268888002534
9.428612909243492e-2
0.14108458871099944
0.1920774967873467
4.6131231961494844e-2
8.625854089627766e-2
7.764427644664823e-2
7.30582674594384e-2
0.21556588068626992
8.505804750437582e-2
0.18224491035142348
9.531367639060767e-2
0.11967091414988248
0.2000971057048903
7.404706289961024e-2
0.11361863918190243
0.12262100396578127
8.689163890506006e-2
0.2172503677474956
9.071266290224701e-2
0.20544757267903183
0.2147369954936961
0.20400010523643472
0.16125707935260922
0.11620707118294238
0.14871061889218748
0.13464658544650526
0.21011964117847529
0.20131243126387216
0.2972571142566749
0.21721568511282702
0.19865508521208852
0.206088747400598
0.17464255467669149
0.10545090300583371
0.15721441775988937
0.12360189612168151
0.21185715716391976
0.19336998204673517
0.3026136798979465
0.21363183336502534
0.23485221798645814
0.17752123102042675
0.12910154806575677
0.15697074687855564
7.732571299151164e-2
0.10098722567558918
0.23591100886438293
0.1303652482903343
0.17506374224687624
0.1962144143153
0.23116388976065766
0.18816641897814984
0.13230250431009166
0.1656828001461402
9.759060505448974e-2
0.10446004067993664
0.232116077940462
0.13914927686234735
0.17572729312681287
0.20552368030874218
0.15439549027895774
0.20132339743397756
0.11125075719502617
0.1559948266420009
7.95914356110891e-2
0.1699060559905627
7.864991573000467e-2
9.726837444002523e-2
0.16063627560996135
0.35533819463573313
0.15788193614924467
0.1998649388920924
0.11274009237653462
0.15661307734270766
8.091290450844657e-2
0.16732732443744042
8.384608164988966e-2
9.551700298732724e-2
0.16063521421702148
0.35315664423833454
0.23452588974217708
0.2361563826090431
0.21697727171506204
0.30855095863263027
0.11566882580576865
0.12620502185817872
0.1015921607347134
0.11377262769880554
0.11183668349756185
6.772496465805423e-2
0.25169858710028814
0.23759835454066836
0.22634634200334927
0.27818832318450937
0.11868417057145886
0.12536107529878768
0.10500037507866118
0.12334910995860873
0.11854989661067986
6.268428309441637e-2
4.39828581375896e-2
0.18135423317454308
0.28618974512641415
0.22878854761896067
0.15112852513871136
0.14733922061880927
0.1521236598711079
6.872446901981662e-2
4.713942452532214e-2
0.23395868104685932
5.103952398747515e-2
0.17831094323990426
0.3014982666217565
0.23201689657722202
0.17481951373827237
0.14460043809210754
0.159496729446713
7.510203910229543e-2
4.9624680423406974e-2
0.23956834055713
0.3423663375567663
5.183538952697912e-2
0.4053943311658082
0.16511082346545097
7.03091824483607e-2
0.13135050276778606
7.900151283427705e-2
0.14382932255931255
0.216936036606673
9.12203081362982e-2
0.36962881381895907
5.73874272015939e-2
0.3976919426666231
0.17582630750686196
8.689836075971573e-2
0.13679819180822855
8.076220643161863e-2
0.14675585663965612
0.22866077737210255
9.528254435877506e-2
0.1758562269443642
5.471286083148351e-2
0.14722684124288135
9.702599179434665e-2
0.18505864288476576
5.719913729949934e-2
0.1350805531356125
0.33990699603687713
0.2966327717826728
4.4007032282403234e-2
0.17633983815903354
5.923331069108846e-2
0.14204097138385569
0.10104884157063436
0.18511925190795114
5.0118578199192555e-2
0.13122742514097196
0.3342733275597895
0.32173378306968303
4.215381812411373e-2
0.23793510972976506
0.23951221659084038
9.928416256008507e-2
0.1624057597426964
0.12594694152747513
7.299647258146846e-2
0.17468456378472635
0.23237625367619502
0.16609523027513434
0.13916586746157322
0.22583296023646673
0.23780567068289993
0.10359967953289062
0.17633937167988073
0.12542994495060106
7.506836920122698e-2
0.16944931104096791
0.23523680876313713
0.17194973847433173
0.1454393797288463
0.19119063352830462
0.21514323734208193
0.20390126004739528
0.10111561349222561
0.16027201184113163
0.1923001729550114
0.201987846887495
0.14420925803652862
7.574445277373298e-2
0.10654711983389382
0.1849281499243752
0.22272213819851822
0.21093529469762862
0.10166799960308288
0.1634774938300028
0.19228771402720393
0.20159375272902955
0.14752883891032065
7.653873928430746e-2
0.1090917460012614
0.17425943342687875
0.15036760800482626
7.073763199412823e-2
2.385732416792765e-2
0.1145703739029201
0.1338390598505023
0.2738333136818647
8.307976527644535e-2
0.14819046917133355
0.2033932370697266
0.18282788413800014
0.15796186878930607
7.882397784989935e-2
2.6287634480284282e-2
0.11842645189148522
0.1364252474433382
0.2798258325026673
9.605786731882866e-2
0.15102991773918964
0.2289815861816062
3.409519181565218e-2
0.26511979846071726
6.141790933103325e-2
0.14642957819441055
5.765480179866058e-2
0.14958385913877362
0.18500741506684074
0.3236638556380739
0.16379455050652103
0.17094769842031593
3.1248712615641862e-2
0.2695730345140011
6.0168226175278214e-2
0.14327689511129602
5.368797124664025e-2
0.1498986297442652
0.1853278932479823
0.3309798860716868
0.16404312143866112
0.1607602031382504
0.1306911931714292
0.24668463000122207
0.1719768766452458
0.16720317182211292
0.10272034947453161
0.11800400912336632
0.1201833761323908
0.24161075169295448
0.1766084545928531
0.10719880662306762
0.12873535382099335
0.24945789832052317
0.1743796176539932
0.1761985565734569
0.10561040384429621
0.11988609059648118
0.1281618145901048
0.23770734460970067
0.1793044483469725
0.10370569323093792
0.16721620563379408
6.475047656591353e-2
0.171018709283969
9.20419804145727e-2
0.1291202308247692
4.848094565935542e-2
7.782686227394041e-2
7.947239842946628e-2
0.19634157150744752
0.10073973967522361
0.17804096387343168
7.846322472099096e-2
0.19024022731636664
8.488926091731498e-2
0.1467740457395756
5.525970210652198e-2
7.919868543224781e-2
8.297451670609504e-2
0.2091398228555561
0.11445771260128054
0.2538599730921831
0.2130773420074022
0.12219691949992144
0.15331919890088647
0.16174142646290995
8.433783823760067e-2
0.188815645445039
8.109198048598844e-2
8.210419934181043e-2
0.17308673835764177
0.25448635041030737
0.22166471173523808
0.125177744273333
0.16245449650367524
0.16020772201085925
9.993414106538963e-2
0.1890979109371173
7.801795845216722e-2
9.389026860144876e-2
0.17785641156098594
6.42896240142253e-2
0.32688128368998415
0.14826924082700374
0.11518497074036271
0.12377066105383887
9.850574288668706e-2
0.16736476622170615
7.25656660754587e-2
0.14697106825424083
0.14398222049449633
6.785376185421696e-2
0.3407740214382819
0.14703757271666332
0.11986037849465611
0.12381490680176499
9.121457560357087e-2
0.16699698320752374
7.355723659038935e-2
0.14951898502272568
0.14580166797159064
0.17452451609683056
9.101306869858819e-2
8.191962906364723e-2
3.7690888153520195e-2
0.17601771033077662
0.12765982712294915
0.12672052557118496
0.10781978053263645
3.3333455407484426e-2
4.637900451320385e-2
0.18111979624310204
9.219766785847024e-2
8.739798687337495e-2
3.7569134526225324e-2
0.1882390530493586
0.12792498358566826
0.12968898398462803
0.10441705488771617
3.414438895364054e-2
4.7191877577635676e-2
0.1901834260377559
0.224840861633851
0.13763890168386853
0.11345855102041683
0.1752432070204367
8.214611930389762e-2
0.15678221831542333
0.17982292206935205
0.19579778217437033
0.14650522874850908
0.19595481738495688
0.24156329643614552
0.14328584871000274
0.11958695312007035
0.17710132463509506
8.673157340628118e-2
0.15731207915759512
0.19160931819497926
0.20127163251807093
0.15929729232716666
0.13320408756928206
8.597843474525578e-2
5.341084482351174e-2
0.12605834757505902
0.19044329131645482
7.749391097628118e-2
4.993282301351117e-2
9.293745781323122e-2
0.19764443337329882
5.355039198076221e-2
0.14177933551797556
9.576856532151792e-2
5.605095698776084e-2
0.12944625424321776
0.19634022619728791
8.92807096859787e-2
5.03209095344296e-2
0.10760208362909203
0.21063563706619043
5.38049024654174e-2
1.8730472581815726e-2
0.1549706498597361
7.447803280785387e-2
0.11198480343032076
8.777393764588351e-2
0.17250382720624055
0.292338541670914
0.17639037903373964
6.427771094954884e-2
0.11404839311011401
3.5213452098349626e-2
0.12743652746737527
9.617128478696663e-2
0.12260107584164112
0.10193139683950356
0.17663537516866162
0.31638904039884036
0.20851063286020408
5.9533781526084316e-2
9.4445108933813e-2
7.742954368460112e-2
0.13964092737367012
0.16548150013622193
8.972853207699624e-2
0.11410831750784944
8.132403692023979e-2
0.12154649440936831
9.26964399619967e-2
9.920754528460347e-2
7.45123414165482e-2
8.01940410877841e-2
0.13876834194555937
0.16700492490694438
9.243433720662184e-2
0.11461139121689681
8.173847264735391e-2
0.14012255081369568
9.650295387197727e-2
9.613818226908456e-2
7.964685820079404e-2
6.876069875844694e-2
0.10318041485127512
0.13351631765114463
4.207696771355266e-2
0.19089977639435415
8.409922589161946e-2
0.15974042381863232
0.12206388313740116
6.733756080391316e-2
0.11769309864938667
7.992101455613729e-2
0.10419796841285014
0.13414303404537148
4.270685945377791e-2
0.1917739947174021
8.615568276782395e-2
0.14901434824699628
0.12939151474581495
6.579298409172205e-2
0.12957772998162725
8.445047640872093e-2
0.1541423634256104
8.757921210888014e-2
0.12618945696686187
9.82036871453791e-2
0.16886967189671412
8.448311123444258e-2
0.10922927725398916
0.15276375346082022
7.451548099654094e-2
0.10077025480530269
0.17211695559576964
0.10561749854622175
0.1337740163851205
0.10538510059952784
0.17390403458219456
0.10066796304288635
0.11070892083611365
0.15732774637936098
8.682524762669522e-2
0.17452677188715596
3.1637236720429264e-2
5.622817839371508e-2
0.15150069724002274
8.822969528939734e-2
6.0550247609774635e-2
9.827679656730892e-2
0.1621607660907968
8.97185403613914e-2
0.11747364309642787
0.1773057267715553
3.029288479306188e-2
6.972890235126206e-2
0.1634959099458951
8.865458294175109e-2
6.53551820541872e-2
9.83156753029108e-2
0.16229996793032714
9.151017623103555e-2
0.131590366103486
0.10087920968853079
9.591833607106438e-2
0.16373090192868603
0.1849669188249417
8.397063114770939e-2
6.354810082727987e-2
0.1244684513365714
3.362956027593169e-2
7.408886278712289e-2
0.14198527828682397
0.1075398421517976
9.41718861213868e-2
0.16187765799954615
0.18361428598797933
8.392124990593648e-2
6.021337066441518e-2
0.12242902078988141
3.859810873675697e-2
7.440620055175858e-2
0.143345721802035
0.21540688342876865
4.492216323333811e-2
0.12614086605406843
0.1568020822879627
4.4084922256473646e-2
0.1866196517311597
0.20587272902994186
0.102583412646986
0.18011402497662915
0.23716680538434814
0.23553300438718247
4.000381197759053e-2
0.1227271909900132
0.16714551360850716
4.5393020051669376e-2
0.1818216909524427
0.20835375072767529
0.10461835312601768
0.18927405119326884
0.2368118428114418
0.17341312285949478
7.35644174710452e-2
4.35463782806614e-2
0.22037630422022306
5.2223052271117176e-2
0.12831014254601145
0.1225575128648115
9.435276268548465e-2
0.10892982793635755
5.072984762519207e-2
0.19493512729572954
7.964071743224918e-2
4.983715018040559e-2
0.21993533344015165
6.381785091298267e-2
0.13733362729738602
0.12951227881757904
9.995853601614355e-2
0.11001755950896748
6.077361279430023e-2
7.128278244805071e-2
0.1507384315820482
0.17411032045318434
0.12756554232750603
6.799105752860557e-2
0.15787543232140303
0.12183474482256791
9.619380421423819e-2
0.14061389582216144
7.38139266004613e-2
8.076306666370706e-2
0.14765738820789237
0.17621870363061104
0.12686235307713298
8.298536621357254e-2
0.1598450630646206
0.12128628665936744
0.10418438342718934
0.13832250074524882
8.287107426060103e-2
0.15022266471543616
0.1018198679714877
0.13138299481345544
9.68017335781308e-2
0.12815045592921148
0.10392913458661354
0.3109675408575086
0.10167054116703192
9.842648959745462e-2
8.787480183991286e-2
0.16185054071141605
0.11308998765306444
0.13430972108332678
0.1121449343024838
0.1269940821725861
0.12760114868511088
0.2935960359041646
0.11543887692067863
0.11428669797730091
7.3135050154911e-2
0.12557019518785645
0.1530475975189652
0.11831251204453971
8.961575964643978e-2
9.431635911858367e-2
0.28603953645328184
3.894601200010892e-2
8.931718699357687e-2
0.11856105166009026
7.770221178116773e-2
0.14647846206102672
0.1587487705513649
0.11229405932278089
8.93617867315928e-2
0.11332191980797675
0.2900175349210711
4.4121299710325204e-2
9.969468703723475e-2
0.12087886933755684
8.097999542884518e-2
8.853384969667734e-2
4.7503312380013485e-2
0.14488538765465392
0.10964792123432984
5.568486830114207e-2
0.13924061598048182
0.14276674761213046
4.910195822156784e-2
0.11652118920752205
7.225415252769998e-2
8.73986744167907e-2
4.850302005478572e-2
0.15104652352914769
0.11316046686639303
6.1175984574674616e-2
0.1422336345872469
0.15324235218200494
5.095273532090226e-2
0.13608759343742843
7.586585521546133e-2
0.2849439663662207
0.20070183975460804
0.17582109423260114
8.143394087255718e-2
0.13465949974439598
0.12059318643527579
0.19624470272926725
0.28392650071337516
0.21624499696814414
0.20129676029012286
0.2863117023284803
0.20968458168844095
0.18848143072780515
9.332622861868715e-2
0.13079851787763
0.1314488088437434
0.20168828255430196
0.2613304362795833
0.22866834361908595
0.20704792784463963
0.14945550115287354
0.1891155022992878
0.13667183011469045
0.40688689357818725
0.32892029017568075
0.17953199140270892
0.2129979754511418
0.11146645729183255
0.2220316294173435
0.11650390485371234
0.16346353380432938
0.19404311062936536
0.16229200462886392
0.41439899069301367
0.3164399710822897
0.18867728098689368
0.2201373623062986
0.12644658975171175
0.21454458645315003
0.11990002014676918
0.15535522455813155
0.15871214680622586
0.14416698666555197
0.17250806723956308
0.2827244992304253
0.13044913285225052
0.2220534220766916
0.2778510240003115
0.21800147439619905
0.26507515613976895
0.2200286950380871
1.904677284434112e-2
0.14972649387737055
3.7760443409409e-2
0.1431538721400759
7.695442977723611e-2
8.676547703593127e-2
0.40734626377948474
0.14652973399364702
0.19278658344504446
0.100221301993256
0.267465673013601
0.13820579104601244
0.17228016765200221
0.17478986873258384
0.1835152935425915
0.27324299041109146
0.2226069326930593
2.551676230046519e-2
0.15603047576519022
0.4066338402065789
0.10736232925126452
0.17345617319994688
7.42924012371282e-2
0.221387989262594
5.269352261854462e-2
0.11935254517392258
0.26122225594194093
0.26734382128881384
0.28876401135097135
5.6856060421202156e-2
0.16281299487852538
0.11083261951593111
9.733260452334966e-2
0.25709866420106875
0.20725683797289882
0.21026129728800794
0.21506322362789435
0.10895532966919655
0.10925802170761893
0.14358960837628568
0.2333198384730258
5.9629691012351146e-2
0.2681502027225398
0.12617430209411565
0.22050605338592302
0.29186935404434944
0.1884673758584441
0.20288534905584185
7.384653930986988e-2
0.15665128772849954
0.23599614601918556
0.1174611084603229
0.18991688019314443
7.766950253136658e-2
0.2284501299227432
0.2951662815234905
0.19386697373758993
0.15536577373267169
0.14368383500693543
0.23063786469002262
0.14286523373951612
0.25487217860150796
0.1245001198307231
0.32433054263956357
0.2660307056579299
0.10229099565920907
0.18709517988019803
0.13253555184746343
0.28070459791802327
0.21589460076722727
0.23469606663474446
0.15715783948538561
0.15008898948320187
0.2383666153029221
0.2279593003214689
0.13216076655110137
0.21756691500869868
0.1502800449219372
0.1869263546338586
0.14904349241772932
0.30860632144804656
0.11155931088580191
0.2888686815535605
0.20982298281340275
0.27111076528977096
0.11543745132510892
0.2275983310723919
8.758087740463831e-2
0.14731890342736476
0.21051079711627968
0.15570330828062814
0.1318206338695136
0.24745019178090305
0.21889416269085094
0.1406697628022106
0.12525396087854418
0.2053232791380763
8.477231661591206e-2
8.501410655007882e-2
0.2030913261539376
0.194501685300741
5.754009255382738e-2
8.320224394094065e-2
0.2957400133032481
0.2724179709525437
0.3535836588344612
0.2720438996714184
0.14072280408819854
0.24296593707513553
9.151489636490376e-2
0.1146707960433074
0.16395306586417605
0.21607412107348728
0.359384272908463
0.1315426072275748
0.3548252724070443
0.20452538493900413
0.13361356727907991
0.10624998795820928
0.10886191698890228
0.173512068464514
0.2283980618417679
0.3333780763630037
0.3412701578441301
0.10552030820087058
5.525822364556478e-2
0.14584780443577827
0.12014898849954547
2.889134983928583e-2
0.11356349375161505
3.1644060334998704e-2
0.2525328375735989
0.1569142370277528
0.1759304617304612
0.12149044620908893
0.17168730852013098
0.19336727686497487
8.934363898156839e-2
0.10562803899858668
7.519527704807918e-2
3.133291520412542e-2
4.143822726340914e-2
0.21390802604132989
0.15377098311648413
0.2579766306754442
0.2876125645546062
9.144484760596447e-2
0.2310042079214365
0.16025179596287648
0.19018829392653228
0.17447772510968446
0.16662850307500948
0.1288752149971754
0.17270415793045552
0.1696115333327914
6.856667825521501e-2
0.3488463543103504
0.22167050916666914
0.31648386371762705
0.12121061270052849
6.421636550882313e-2
0.10883685024933043
8.391005476921778e-2
0.1235399551181831
0.2886501438483459
0.2563228827684532
0.3039055383825692
9.512756076330685e-2
0.20465095004469394
0.1780676042008639
0.1897739858661351
0.15379961984023935
0.39689169389098367
0.1748579960231023
0.20972949579866346
0.18518843774779
9.68273587247701e-2
0.1021687188955001
7.493124669122414e-2
7.82891846333946e-2
0.12390606990604631
0.1959329192766744
0.1364028585573552
9.956721753276185e-2
8.533948065468051e-2
0.19736684028388335
0.12706696847275634
0.16842656101945436
0.1325672949597469
0.13768165437515595
0.19708250287240964
0.18616278188546445
8.482709319258157e-2
0.12206863769927438
0.19005163073944642
0.21601089451223054
4.901760209046435e-2
0.11885947223447706
0.21168592649657608
0.16070522856384434
0.13831517999453125
0.290901447726546
0.1379341843058343
0.18089642588477062
0.13325649905835624
0.16052062888352228
0.19886358121316347
0.1626491434742921
0.2291095901550595
8.943345088800006e-2
0.22186296435566008
4.853329706113961e-2
0.19801572822237454
0.21978858178288369
0.18419662429793612
8.551804085653078e-2
0.36537524311061786
0.2534500957896279
8.594966855480544e-2
0.2531432695545548
0.15906102703425481
8.366258522303441e-2
0.17508876987478467
9.278508338837702e-2
8.486932657695771e-2
0.12873675156955544
0.1983415501799157
0.13322460993282728
0.2553965101768617
0.13096607816423134
0.1608968428123146
0.12490223383050739
0.3878568685543026
0.1399454876551584
0.12429808288437103
0.25031882556568397
3.0292414057680562e-2
0.13107395583474482
2.7768082784127124e-2
0.11207795490303987
0.12255714597239431
0.16715341358810193
0.11388347289217826
0.17844746525520933
0.11175353694761422
9.046785284060452e-2
0.12488982087948308
8.920070999430307e-2
0.10195487435185183
0.19376682521644112
0.17260605654170194
0.1307267027968242
0.13347950803766717
0.2082364305547193
0.11068089166588528
9.48825606188149e-2
0.10518075391055492
0.17193826625307682
0.2560826306878692
4.6222737000333594e-2
0.10441773482173156
0.1308438966133909
0.30073681219471593
4.8133515113292835e-2
0.12623133466249814
0.15490557291247975
0.17954449895576818
0.234238081781348
0.17707702667027334
0.1501622352435271
0.19803724896753466
0.19630271396751597
0.2384108629231739
0.1893313327815716
4.728438959476242e-2
0.13456497258581646
7.973227189273348e-2
0.1428070296843277
0.19971051512914606
0.15256701073704876
5.4554132393729235e-2
0.16971749462844152
0.17003517152345446
0.2852171692139128
0.18460836578662804
0.15493560068298223
0.1568182496849347
0.167821837684965
7.338475787697198e-2
0.17508130124216514
9.249828256423019e-2
0.10379858047378032
0.25103771565445704
0.22643678248475468
0.1600042308150237
0.20138741827460221
2.1958760442831616e-2
0.33272865171004257
0.1965496901462048
0.22272202156198623
7.404674114441354e-2
0.12120416492566263
0.22578886831562545
0.10214764834885408
0.1290106978390328
0.21955895443543416
0.2915056354877618
0.3093153781625116
0.15651401815218408
0.14480641291324564
3.991747251330835e-2
0.169716650992622
0.2570407558625522
0.11705920204434131
0.20630760820696245
0.32896590877712056
0.1469921031219656
7.157155161735936e-2
0.2088965709483855
0.30051932101523954
0.10606959859292431
0.17264139290192732
0.22119177201423262
7.671638136205562e-2
0.14105863771450713
0.15654026581125127
0.15023574330808603
8.995984169052258e-2
0.131896907499728
0.12978276760899354
6.831210557208504e-2
0.29381745251828195
0.26922821161851074
0.14600960648092184
0.23874324498452132
0.21666181234474902
0.13334532767348292
0.3651630878643411
0.3189779930569873
0.1523335695627662
5.166783525147332e-2
0.14440305819294297
0.12439228398787541
0.22970943923749115
0.16283871959593305
8.991611505826394e-2
0.1677145048895856
0.10409128591977757
0.16395773917984255
8.269719289293817e-2
0.1000414396186661
0.15719346428670133
4.9797214012628634e-2
0.11429770008811033
3.504313227450575e-2
0.15389598898808354
0.1545399534443165
3.602557383774805e-2
5.103544600907258e-2
0.15101697256680285
0.2551074833851175
0.17747170507935026
0.2471337056144554
0.15129924592073773
0.11222983145518498
0.12004287995436184
0.22008629696802923
0.2695785893558108
0.227102455651442
0.3203795497774941
0.12413976102209548
0.39607646298646054
0.2106850900791435
0.17922243743579286
7.655175989715665e-2
0.16046530118387747
0.20963094471576574
9.328613900560731e-2
0.19291126705697498
0.1878859943605892
0.11138485828448277
0.12186672614528427
0.25244898603802063
9.313587891656984e-2
0.19525676866147518
0.10025590109294083
0.24819369388917512
0.1350919488364674
0.16506924791775424
0.34990384687827303
4.6541602885720124e-2
5.364078546501523e-2
0.16914850355767452
0.1397926016577527
0.11959810109538235
8.700424059467358e-2
0.3135660217077764
9.581173197909529e-2
0.20940614700297652
6.902217184278445e-2
0.19045446574284725
0.21464060043837074
0.10426823454861323
0.10511665813958534
0.14184607937129867
0.1554451536556
0.1328883170102309
0.14947534842243718
0.14109732847906967
0.17470956800750814
9.042802568912585e-2
0.12907241383143714
0.17587862292689332
7.595189537238634e-2
6.586705783174272e-2
0.15063942754211435
8.297454583144512e-2
0.15208932706084732
0.10877573533537035
7.558767255376789e-2
6.546128098377087e-2
0.20280275640781853
0.30722627200855374
0.17538959390629622
0.10633317924049797
0.2474253273616031
0.2604840689953951
0.1719975361586758
0.24283911887226278
7.647909888736333e-2
0.1612807197557507
7.09064593009194e-2
0.14538287688045778
0.10850630788797336
0.18180047200228755
0.1494274339878392
0.19013618118505174
0.10839933006641363
7.944899775639533e-2
0.23751064313450013
0.10333532217536127
0.17036792951778473
0.2629056483998837
0.301908527370761
0.16657246348119678
9.066253273423575e-2
9.273181279489037e-2
0.1944442628590509
0.2970830046938433
0.19734622760648923
0.12195169726398616
0.17919986689554496
6.845084653769379e-2
0.16582980700162625
3.577716442381701e-2
9.41276561598809e-2
0.22513018171376356
5.719839461835045e-2
0.11989642532175533
0.2060559268718387
9.183215835472083e-2
0.16501565401246804
0.1787205230718844
0.1851237349504975
0.2829620690804997
0.1838787358145568
0.2811682713903159
0.13130868567118875
0.11394562201235074
0.1548975916416659
0.13411814672560207
0.14787257478260352
0.18740139493175106
7.840704176361016e-2
2.6872184308389856e-2
8.45450102667281e-2
0.2578511708494281
0.1764122270497809
0.22043788447953286
0.1834029723713963
0.20644501257596687
0.15023509852838504
0.18622796329710906
0.20314450738257034
0.33875055530693354
0.2786347332144824
0.1333836403440409
6.843432025926001e-2
0.11948291612575294
8.779480080911883e-2
2.0748604648042113e-2
0.14889797216145798
8.503340754094887e-2
0.365286966815932
0.23225532281449585
0.10038741836489322
0.3561864771070844
0.2509415226098669
0.10306309326949895
0.15272692871827265
0.2195623568520781
9.394107855152453e-2
8.188411945977356e-2
0.10115807800580656
0.15980911810689316
9.86420327365416e-2
4.820507668385872e-2
0.16001573949969977
0.20570157535212902
0.17013900192544323
0.20978434748596558
0.10545621147184245
4.555337836821616e-2
4.3177105503840255e-2
0.22322858019549532
0.17390687085647172
0.16690596775573302
0.13567312036506043
0.24268607131518868
5.4555279606483396e-2
0.27459937373685783
0.14085820287533202
8.512091201587915e-2
0.2047702215940205
0.10999342852008662
8.731992804041469e-2
0.19838013968852958
0.14663336115408035
0.16346615568725775
0.1627095649922638
0.14693079747430393
9.462034870611483e-2
5.24338311721115e-2
7.366860755350116e-2
0.13426777053696487
0.16496747558892494
0.12890049818696278
2.7149383186061204e-2
9.024934793678899e-2
0.20197345856454718
8.487510011728842e-2
8.782243216569866e-2
5.194316245668564e-2
0.18253549695140914
0.2038388595387593
0.2104388985402692
0.12912741490582763
0.18851680976979832
0.155663585603019
0.19772002712504516
8.409123253100849e-2
0.1848792743956779
0.150585294693995
7.083296823661331e-2
5.123081166591602e-2
0.15555269371806854
0.20375001508258692
4.6886260154976635e-2
0.24969482437345647
5.059849402277315e-2
0.10522026385654008
4.636379014722455e-2
5.614668818110837e-2
0.13003256854989811
0.1653014445490674
0.30947161177687493
0.10219441484179037
8.652298273659391e-2
0.1298981832595888
0.26816951333202044
0.1154898822221762
5.259484741860252e-2
0.27697187575542814
0.280022923321203
0.40904731550421036
0.23306348771356183
0.19555204230628437
5.234171041906901e-2
0.16640083661492114
0.14820787562575907
8.705713734038752e-2
0.11962743498542908
0.11298598659951076
0.16384660947712532
0.10344878382272885
0.21455991090369236
6.315160544713314e-2
0.17149109201781906
0.12611544305874206
0.11410512983379306
0.10607798865258385
9.316642927147059e-2
0.2682776684142608
0.12307385988320947
0.23891091433678358
0.15421862242668313
7.441751947689604e-2
0.13654370161488938
0.11901587414947694
0.15611465459423304
0.1593743304762453
0.20458747171539682
9.361988636822134e-2
0.2064324537747911
0.18898271462702956
5.2154268641282496e-2
0.10705845001098495
0.1200440537949314
0.10073527762658734
0.16929878446452054
4.666635760377481e-2
0.172341205192966
0.23180376307298486
0.13446071686991812
0.22143704058761005
0.1361640779430741
0.23484092744259058
0.16467316530209625
0.28536545580098444
0.10636736294990101
6.369722355045118e-2
4.358133921886561e-2
2.5769408834520603e-2
0.18690236081390094
0.12248542054228868
0.207055420387139
0.10638276229339727
0.17026348001091526
4.755088195579534e-2
0.16085008258439862
0.24525250931680556
0.109367664100773
0.2050091119452108
0.1248018240163137
0.12242899717373948
0.1355053562510183
7.75767892294899e-2
0.12964860060083344
0.17985555640314332
0.2742181546041459
0.14461580916093236
0.22607015437043448
0.1207260819457148
0.21129933333030007
0.11781374624953908
0.1835067955420157
0.13556974937949592
0.14879269215296453
5.738752468739392e-2
2.814150631929847e-2
0.16585417295954427
0.11926425458339127
9.482655542244275e-2
0.16609553345791447
0.28690585765254284
0.27675467411746724
0.10525574326569498
0.11193490681788269
0.2276217729901347
0.12957177017478178
0.22825525656884355
9.687429258143751e-2
0.17175369165375381
0.21149290681140034
9.76427048513003e-2
0.15913444009276576
8.389968167851539e-2
0.150503780275353
7.035834984697809e-2
0.1297317158934284
0.16073093408251576
0.20785611057377412
9.70864184313948e-2
0.22731813393446276
0.3712337916758723
0.2041627879553034
0.16699533978401732
0.11483567766791092
0.1329047859131394
0.1396086574704812
0.2576902556605361
0.25970454374083846
0.28868982303734225
0.18128861486921538
0.11067253446144587
0.16245260564349362
4.824553925364404e-2
0.36025661152658345
0.14887854648964707
7.616925565884133e-2
0.10053556629102367
0.23385847041114852
0.10841097544912529
0.33427268128269433
0.12714316117686628
0.16532369421492082
8.210666560897031e-2
0.18015573469195562
0.17654202841377722
0.20273358053480434
0.2849493140331182
6.714958209283703e-2
8.56395372907179e-2
0.3152422967439346
7.736384862160164e-2
3.8936261319344134e-2
0.13281925892251079
0.17937981936336772
8.063694874025883e-2
0.2516618545511826
8.590566170013497e-2
0.16706872148628463
0.2281325742828752
0.1706919233030031
0.1499964081004433
0.2641849768064752
0.12534210283573638
0.13445596735502424
0.22285428135944346
0.13846928077600795
7.760184217532659e-2
5.047263539328104e-2
0.13364440665982877
0.13430516934474182
0.13967673492603083
4.883756803266672e-2
0.1431280700129045
0.12182775778845154
0.195355300357588
0.251190221491543
0.2035365986620369
4.380894377297815e-2
0.28262360137604314
6.701205317129873e-2
0.11033821649729947
0.1989830438574955
0.2272735873163149
0.209479340352165
0.26329985014065227
0.10425791348418008
0.3094692816005938
0.1265080506451151
0.2202659771763516
3.033360049990439e-2
0.1462768273924791
6.651320507727912e-2
0.15569921482211307
0.10164387051980346
7.504511189917211e-2
0.1335372296377146
1.665070996287139e-2
0.13039128611797488
0.17698739620691212
9.971649894478676e-2
0.13070991415696853
6.417302432454577e-2
9.541159020591831e-2
0.11921944287006933
0.20648223156389678
0.2137942045914217
0.10679686601649352
0.21282733760196573
0.14797789539908954
9.955132249791712e-2
0.26903383548095156
0.12238466921373096
0.17195342207271563
2.7173862098773226e-2
0.1354664685279289
0.18420907781085336
0.19208545721201342
0.12130455533038313
0.13373849723662748
0.10825766919323047
0.17791993396885153
0.12621412502965978
5.298022008640457e-2
0.10173061367501787
0.1694358668213185
0.16310945626731943
0.14782029365192276
7.997170178113402e-2
0.1257820352993288
0.15039968671258358
0.20684623101324728
0.13052640635228335
0.157040906334422
0.1950916042652104
4.0440964784042674e-2
0.2479091874353046
0.2799800568013153
0.2652080334701091
7.588702226284122e-2
0.37353546878954064
9.877146367753108e-2
0.1897619458505583
0.2621885933089231
0.26308961824005844
4.8295774152298646e-2
9.380506412464804e-2
0.17877097723481516
4.2441034419372234e-2
9.959905985891417e-2
0.39523383032993414
6.20508027077518e-2
0.24003548647755438
0.226590152883294
0.1307524485117236
0.11552991487683065
2.360090364794387e-2
0.22740950257040687
0.2510525936178669
0.1598940507259795
0.23506168704212457
2.807382776041476e-2
9.85557287257353e-2
0.2134774320489649
0.18252469992567003
0.1171336130392409
0.17130488855147435
0.1232086908217224
0.18286286586617934
0.3196017605805791
0.15973443365182133
0.19520465091375364
0.16603095948242996
0.26521265455673804
0.15560755740030388
0.1407133133500161
0.2620117566385114
0.10952536080276691
0.2662304644071566
0.11363967022693222
0.10457605307929337
0.12338699274408946
0.1594183168903558
0.19207304262875935
6.565982428056566e-2
9.871465642447037e-2
0.32897660718794863
8.553389995563991e-2
0.12673825286845422
9.259647942196832e-2
8.094003795563318e-2
2.4984185509594727e-2
0.18938013083374136
0.12492050163416502
8.899426053816419e-2
0.26687231365113756
7.596571575282123e-2
0.15865144188214272
0.19927366642860403
0.1737675024735175
0.12513732425482277
3.5029354359152574e-2
9.839254290749924e-2
0.18031984944722132
0.13170154381434246
3.472626224413916e-2
1.7637836358436222e-2
0.1954977678041459
0.1804130759852629
7.863740107850857e-2
0.12074559915790628
0.16109241923134507
0.3358057725376129
9.826677884511889e-2
6.018098274142288e-2
0.1527668887844166
1.9564761487666737e-2
0.11975472376269222
0.11410908199388511
4.321070174723026e-2
0.1494014287509419
0.13453604648783607
0.13912458886782883
0.21902556778087967
0.13916416984766272
0.16741793444171066
0.1061783562986621
1.5187444973676623e-2
0.10460985921584758
0.19886972925748939
0.15896788322281805
0.30908396830982465
0.11044369181776889
0.30380338707906385
0.20977982740941944
0.2051160421601371
0.19891728484526366
0.14751638022888333
1.3680696822869987e-2
0.20882094746527574
0.14574704976169708
0.23267247695979662
0.14792766827591391
0.21415333780268667
0.23276731937247092
0.18046641010272577
8.23406864068387e-2
0.11384188051135484
0.2965664310167097
0.22358578862232456
5.117724353139046e-2
0.18650959477457904
0.26488972573857117
0.1420983955406229
6.346316718566071e-2
0.30568752368556706
9.234899390512455e-2
5.483450049280151e-2
7.418669383832746e-2
0.21355121570216062
0.13091921738453619
0.13140839444512073
0.1994796575911942
5.505412571792288e-2
0.1114256072371734
0.33609865555582424
0.2941696891537185
4.086775218748497e-2
9.942092066038867e-2
0.3227777339304176
0.13172989017561804
0.21463718803385
0.10992877558703959
7.229863728483485e-2
0.21546566663244837
0.18009804881080277
0.14187244720718756
0.15944026858710966
0.20502377964023505
8.582237605435208e-2
0.29081931733912914
0.12499196917177006
0.22377532148738286
8.84443817047825e-2
6.863289505868342e-2
0.10265536696930733
0.23948552959212793
0.2214222829066666
0.1723300551240833
7.79006700321809e-2
1.7239967960220537e-2
9.082275917503159e-2
0.1888308200892168
0.13679630708331686
0.16796456968090973
0.14273690122404498
5.231990368908825e-2
0.10156889512431273
0.10646379344390924
8.168298679790015e-2
7.656831416445219e-2
9.441243295504534e-2
0.12381799269380518
6.645472797974604e-2
0.22286687539438277
0.12982361608716256
0.21508789591050212
0.13383083080915412
0.1630643591537123
0.2487106225068268
0.28879380636809354
9.59832249363147e-2
0.32298073577358233
0.1448952042812349
0.1201104378926768
4.815621969990559e-2
0.13214141674483643
5.356197389274934e-2
0.23514497462939093
0.17595449426292947
0.16282213574458107
0.18717930826085832
7.107668705871996e-2
0.149221983919502
0.1144790606453967
0.146915127413691
0.2150237995749157
4.574575001732113e-2
0.16347205519448477
0.3796586654350748
0.16102289545643864
0.3207371202131647
2.2139017237060743e-2
0.17380683239128655
7.880397122991183e-2
9.784358840214243e-2
9.835407512640668e-2
0.2782691335002849
0.10502964403615596
0.11992035611105363
0.11844309622819785
8.724061357069848e-2
0.1312145709362925
0.1181355916168223
4.555054804414889e-2
0.23848871157552357
0.13119953086726346
0.2356451211610473
0.26427502732082087
0.4751551232294012
0.12254309503697196
4.565919325462879e-2
2.4715186772367247e-2
0.2350825501338504
0.31247128535856944
0.10793127989214595
9.439387932672723e-2
0.2642431284551906
0.2518308571036922
7.880657398114828e-2
0.1414822734112579
0.21480169699034496
0.1936923677503191
9.988864707179038e-2
5.210606111096823e-2
0.1639364746186652
0.10746468106001746
0.2202734833926399
9.787442464644172e-2
0.2049360215945633
0.15957275563644546
0.1795763426446497
0.11230766300678677
9.995426319801622e-2
0.14194943849637331
0.1824230577724955
0.19456269098287682
0.22918406407987701
0.35082627809241185
0.17577005422413325
0.24752902738501975
0.14904775650707797
9.042386990811153e-2
0.1292052121090385
0.11660290723658102
0.21997785412527399
0.21187585357253097
0.26659535104923626
0.15169402892651754
0.1413724297224242
0.1445488139566769
0.16386675078304258
0.3150129769193385
0.11043518732751201
0.15497333331444652
4.184846355580598e-2
0.12998329990634797
0.1496695632185093
0.10852919652841861
0.2520060525635442
0.10201949976935679
0.12529991281467895
4.440442278936861e-2
0.19019594327409176
0.21061835221475417
0.19979681041363034
0.13267958749569284
9.614164024116974e-2
0.10582989308840358
0.12318653008489082
0.12174083876283111
0.10514089768155244
0.13817240371838077
0.18172721299088787
0.1679221562962433
0.16380794259422796
0.18819382095398446
0.18880620696273284
0.21962587514801318
0.23866207041534077
4.697503155011475e-2
0.25591237890234303
0.14311724476978394
0.2169858059035726
0.17603791777999744
9.362912911665772e-2
0.12273643278977384
2.6151254809097878e-2
0.3062626465054735
0.22730909640040506
5.1000839594484856e-2
0.16981611337584615
0.1633042737003385
0.26580006172382753
0.23071187798300952
5.917842162772986e-2
2.704530808900877e-2
0.3090974422072555
0.15372760224430218
0.18056955518664247
0.26056630189097885
0.2999476694683644
8.433383443159284e-2
0.2480391520541239
0.1470788910711654
0.2500188316223989
0.2276183436181038
0.1771132036261475
0.12174951139976091
9.592093032568753e-2
0.15650899534787804
8.912961115974438e-2
5.580202616866846e-2
0.10253048100580328
0.16355538530785757
0.19070501447889876
0.12091226239200029
0.2591274735978085
0.2698212624630375
4.5757245959492966e-2
0.14931016000107164
0.4067588143170343
8.35236133050313e-2
0.2062419279211531
0.18695171139214223
0.18845541180494277
0.1396134433161273
0.1024351607214639
0.2694963063454213
0.14722754645453207
0.17348935866277743
0.29476775132231553
0.21501233628007405
5.495960825701786e-2
2.9104692261969e-2
0.15570406043942359
1.967130887604853e-2
0.16490181568451842
0.17756081704966564
9.520126906940736e-2
5.138656382788272e-2
3.189555546822685e-2
0.22787911570355318
0.16856433702494353
0.1502170682371598
0.18575726734795128
8.441026574836274e-2
8.758568241691543e-2
0.2667059252292624
4.2308834058854564e-2
6.312162676146356e-2
0.1848521977790653
0.1670233961441276
9.439038115632419e-2
7.830939508586979e-2
0.18728684368874396
0.14155937592631002
0.1578598769406799
6.060027689649862e-2
9.175397261989332e-2
0.2891312291175442
0.19427768596089715
8.144044576218286e-2
5.138848360660349e-2
0.11670653950601231
0.17576627709309
0.15307743025985263
0.16469595393631137
0.293728068031644
5.570485492192553e-2
0.16504171173333484
0.14114324300689182
0.2406007425681235
8.361541737410408e-2
9.545091047424217e-2
0.14843792084966478
0.18399398301285247
0.1559654598335182
7.64722495974687e-2
0.14406636339461515
0.18815739901093895
1.9980281828097145e-2
0.18397225017127875
0.2417194824062144
0.18630492162370146
0.13467778764158472
0.3778880881833939
0.24305256849392035
0.30861055013156247
4.395469033770386e-2
0.14403282288381863
0.10976064330999499
4.634122564747191e-2
0.18186871539615299
7.483580988183215e-2
0.14249833845591486
4.265234351461968e-2
0.26893105524572497
0.21580187422161662
0.18102587176531174
0.28116137171503564
0.3423006761268418
0.16031276598451155
2.1372482415992555e-2
0.20352636895072512
0.16083101173523967
4.455881002759686e-2
0.11630510273084269
4.380614524711305e-2
0.16131250131555216
6.841523372608752e-2
0.1261290190995976
0.11961189131681493
3.1165713755498092e-2
3.62225930653313e-2
2.0886205834129534e-2
0.1171778180692415
0.23422922491307818
0.14039422483530317
0.1436245654388534
0.11123881027565333
0.16835752075487584
7.819575130290939e-2
5.6551048851232855e-2
0.17041036459221576
0.13585881966341157
9.209417076530103e-3
0.1988477037764432
0.2276850773643228
0.23769739188942274
7.585492551213824e-2
7.165650137378596e-2
0.13622753412649566
0.1006318584502528
0.11642669427161141
0.20760503495174695
0.19104800492291257
0.20432677178284342
0.17274772472487387
0.17871019342324163
0.1379019242630545
0.11380712040545057
6.62415419774107e-2
0.1073678327184088
0.14528482028724735
0.16434635533578926
4.816113286931924e-2
0.10068705439333639
0.12397476448988728
9.487844636924554e-2
0.2180391766027668
0.22741510873675982
0.2631566787558245
5.3128317958688484e-2
5.547242316924418e-2
0.18833726945261214
0.2918265655270805
6.632539861587188e-2
6.690236414401896e-2
6.103125269241921e-2
0.22501041541359923
0.1569668489955427
0.17810954728288722
0.142392616357473
0.13051491362733478
6.623817192721852e-2
0.13630811326532905
3.71488257042085e-2
0.10783207362970781
0.19387280850809935
3.607044392162036e-2
0.1453279091691123
7.543675345483752e-2
0.12474443683552443
0.10300923271066678
9.85419128852584e-2
0.1825364319173446
0.1350528516446213
0.19060592656674658
0.2254229498599582
8.789192331948309e-2
0.12630381189129478
8.401346918158785e-2
0.1884997447098751
0.15156807276861248
5.2493151923213355e-2
0.12339234627777365
2.9181313753641303e-2
0.14771809421166754
0.1378629198753696
9.110634440600515e-2
0.1652396565448559
0.24880914416457509
4.153305781583254e-2
0.14454390328064415
0.18199081743633538
0.14297256946193782
4.60594743013953e-2
4.8559116053911555e-2
0.1257080406257219
0.17633200826089174
7.423048510661756e-2
0.13451151046149926
0.25200715435904875
5.00877294095004e-2
0.14850630906149073
0.11751547189626965
0.1370466830916988
8.804334113399521e-2
4.10973787101027e-2
0.1609129997234932
2.5323616616535694e-2
0.14551827579304616
8.746448638140217e-2
0.4004236145698181
0.2102523104652409
0.14678324054207934
5.2275033056638665e-2
0.15316349483942931
0.1953063069337687
7.298831537252658e-2
0.14236303361017058
0.11869422771475455
5.047228618776247e-2
7.917573127828889e-2
0.2003566559441218
0.1811417584303729
8.980072216392494e-2
0.17830619879750648
5.5945574154781894e-2
0.16439213275851244
0.24631220624327846
9.536356803791005e-2
0.1594450684356457
0.13510741260766862
0.1634923572373291
7.890487582937503e-2
0.118273791010406
0.2823804957953235
0.272728372777816
0.22438378980907098
0.1003911465511815
0.22319245209517957
0.14037476007025818
0.20874155752944365
3.112289949491348e-2
0.15852701805543562
0.35327162477706403
9.695872533614133e-2
5.4022950069691836e-2
0.23007610530337247
0.11957518647541385
5.128119934608939e-2
0.1075295802002804
5.2668712338922855e-2
0.23833086999025443
6.459420322715384e-2
9.106046786974734e-2
0.1881013913978658
0.21368460999855876
0.17432455927085044
0.12394796691866694
0.1714794083534989
0.2001530391980007
0.24152517523270647
0.23803836666067085
0.12713270764080636
4.9620013042306066e-2
0.10262563692783604
0.11636482273593533
0.12282748378001969
8.374605072624505e-2
0.12497295202260048
0.19832613118428433
7.638125844277283e-2
0.17363119883546102
9.535788160087445e-2
8.782412883816383e-2
0.2523990078209205
8.627717647269625e-2
0.19597133123158889
0.19229965281376615
5.73781189958696e-2
3.0240322974908973e-2
0.18295623621788296
1.9795357821859906e-2
0.1891553067082766
0.1242207720133131
0.34874003893999184
4.3720797239552765e-2
9.837761293684197e-2
8.363480287914658e-2
0.11184522550841698
0.2046480963977566
0.17131810271549602
0.20269438493626163
0.31789587838495337
0.2671136026292005
0.10023262952163883
3.42883566496686e-2
7.292641118004993e-2
0.17921507852144117
0.2932540366365686
0.24928520712708435
9.984298134251185e-2
0.1297243628455536
0.141534910893346
2.3263741646533897e-2
5.084087484918307e-2
0.217118643039103
0.12803304865646306
0.14564572712982163
0.10093938688122565
0.1462882262968082
0.10688430554318291
9.132087978465625e-2
0.2907902026907077
7.052572471859739e-2
7.596907999797872e-2
0.20703914110418173
0.17306542824065088
6.266978914897461e-2
6.70695422904951e-2
0.20232659577656653
0.29096113148351244
0.19342697427413308
0.12627496964055537
0.10673618694542833
7.621058066926398e-2
0.1855166882532336
0.1616626475124754
0.2092002997383391
9.718548131414532e-2
8.026311953822865e-2
0.15489974169160742
0.20678623731726237
0.1565761869464958
0.18417250923218953
0.1633876710982795
0.254780499278615
4.401627896872974e-2
0.14109595864721763
0.13699074652872165
0.1062727917222667
0.22718234351613695
0.19839593959657728
0.2026173321908909
0.11436037789540672
0.12720645706811115
0.10215282987689708
7.67643957509432e-2
0.11498084053075688
0.272710473546899
0.3158244007124301
0.22687603832823866
0.18194727326115778
0.24021444664439526
0.22507751761770675
0.2512084293175891
8.465269172738185e-2
0.11085348162273786
0.1580181244734476
0.2256732458410254
0.16521662522934513
0.18627359699031207
0.16113699364650164
0.16282754204682331
0.3086314567905676
9.173355517099578e-2
0.20011512273826262
0.23025061656376256
0.1931062180329642
0.18945955315343516
0.1372405464164761
9.82110646112055e-2
0.2027140216617544
0.12111882944744871
0.18651793538501915
0.16867551778384487
0.19787138394940113
0.13946648820944968
0.1516494277665331
0.1691299813779563
0.1230817524595003
5.7339578745706e-2
0.13542428379834903
0.11014229830902811
0.12838955309036842
0.163237340435076
0.10543028583919697
0.2445124042470704
0.1274464307042997
1.6509978981777862e-2
0.22887763064498481
0.24982839346519442
0.179050539771672
0.11065349693813567
0.2054038781012541
6.1361692818405776e-2
0.21279521924022768
0.1411051134427245
0.28393223815693525
0.1665778887755658
0.18101193426657067
0.19658270953675663
8.007946201415003e-2
0.1358799806376148
7.567281917044118e-2
0.1984856696742237
8.496870939044812e-2
7.814872992345372e-2
0.15171375701610182
0.10504555373375923
0.19245301575463689
0.25085679504958514
0.14838749466186793
0.2690939533889918
5.44460045647873e-2
7.371623432065433e-2
0.18965166276514567
0.10451847577657772
0.13280328775239814
6.485931768591813e-2
0.11133413013310696
0.15766931869687906
0.18278576665881494
0.3707810055401245
7.23455359164363e-2
2.1154363891594898e-2
0.199349118060863
0.20595892068175953
4.089369387215751e-2
0.1583206989008128
6.837946007517529e-2
0.4700766229139533
0.17234984452969565
0.21247037800707336
8.178132054912199e-2
0.18897581228807953
0.18492134522020293
9.902271566969555e-2
0.1422946003455375
0.10876277653978676
0.24216160730621716
8.473613378377624e-2
9.514326088820188e-2
3.983458549977975e-2
0.1226707589056177
0.19379874420519977
7.588349739675498e-2
5.173321798274405e-2
6.377073708803233e-2
0.13906359786002173
2.7880446921452827e-2
0.12334553666169532
7.791279610222293e-2
0.2298239551543194
0.11816402371549564
0.23478542302593644
0.1395344545724572
0.11661326818745148
3.678773013652263e-2
0.137983063629632
2.5033458846407685e-2
5.288091995858243e-2
0.1519556727130055
0.11488111767061138
0.10261278255539019
0.19493396659351614
0.1498552570213157
8.420305958293939e-2
0.15212650104149422
0.14258475195106995
5.6037294564505916e-2
0.11375322705692667
0.1594159684973111
0.10836307684534634
0.230373531555678
0.1891578762625763
0.20812011880423292
4.602924750706636e-2
5.1125956349783605e-2
4.1926522996915606e-2
0.17945782412403855
0.153184282922077
7.164047082230643e-2
0.17700387867129536
0.1627424802285752
4.2025415114345155e-2
0.13373143795015136
0.2754750392436164
0.2850936398511881
0.10537842015803664
0.2180799879667227
2.407536771201224e-2
0.22372140118661027
0.2653757479673607
7.984637616305898e-2
5.195390113213085e-2
0.15128547012177146
0.25729069146066974
0.13660909552857442
8.155313343079544e-2
0.13142679358371243
0.23672636246680073
0.1620905756292958
9.864151762384246e-2
1.7463166901740025e-2
5.3668543645259914e-2
0.11467122436757853
0.14176551697458814
5.428980921547379e-2
0.20749424722828866
0.1252190980939505
0.17183598392019986
0.1811689562749163
0.1084871608335261
3.4722041279590485e-2
0.12851785248315398
0.25965863504327097
0.2405508865740904
0.2099034372613676
8.266774349374278e-2
0.30843779833493223
0.1920721648933906
0.10530966894339047
0.28285187695275116
0.29943652185120595
0.20797037536622204
8.880001757885092e-2
2.2794614698471882e-2
3.4929015283031495e-2
0.259243176644912
6.689396943626767e-2
5.7839087692632477e-2
0.22860440782846317
0.3004189557088809
9.781213548796577e-2
0.14240549514725917
0.2141285792543033
0.13594119709406877
6.192294720917947e-2
0.17257593544154357
2.9736143070137964e-2
4.465665291792396e-2
0.12093914963796229
6.013176153081573e-2
0.2708444502457114
0.39071242269313433
0.10323957141981872
0.21020598000770482
0.11201902211864252
0.15331343837556693
0.11296205409103363
0.19251081543397347
0.1385092594328868
0.11378064770017478
8.013714099840348e-2
0.11468789347369675
4.2175552091336874e-2
7.475942424433422e-2
0.13592427770380436
0.2115749947529005
4.955044948985736e-2
4.892149561300706e-2
0.22316620794621836
8.109948116759844e-2
3.1123358335539843e-2
0.10062587967622885
0.22860090762252544
0.11065541450043836
0.24495273427146752
0.1321561660265747
0.18038358042711772
7.415721488193788e-2
0.16918371721552375
0.2710489827388556
0.10487274560571942
0.13266335783489844
0.17469157867848842
0.26042763409476044
6.290633405969447e-2
0.24202153930854536
6.767616514396416e-2
0.20073452294732616
0.2205981436965386
0.24169645108584215
0.17327251771826158
7.009490532985972e-2
0.15002639398174294
0.11310284106291527
0.13725093096130314
0.15304515702126792
0.3175170499654688
0.16220944267833165
0.1650495527275977
0.21664466295826995
0.1663177720383549
1.6553633000721123e-2
0.23745122351595188
0.16101862885118576
0.17653640511091345
0.10154638699945677
0.2402714042654619
0.1440934758541324
2.783559466446204e-2
0.10420707645062524
0.12849790060729943
0.18596610590843135
5.662639586267841e-2
0.16643168817685913
0.23007446455309774
0.11140796036101683
0.14856640646385982
8.095996448482816e-2
3.281523499988852e-2
7.687383431118915e-2
8.531781751528661e-2
0.13370483884321013
0.1093814019915961
0.11722611121733276
0.1270855631674407
0.23645529645785893
0.2277565858251777
0.15127696923766046
8.058890567618206e-2
7.473932178454006e-2
0.2849139732635103
0.14185651365423332
0.16276764180654185
0.19858529398744743
0.26415329006616617
8.033325554401123e-2
0.1896776409629389
6.75811011326277e-2
0.14734781490159707
0.21340945379734433
0.16418730566575535
6.3698107597772e-2
0.12873086832601982
5.137612019113853e-2
0.20200975244440733
0.25512196112384283
0.20873644773577987
0.17269570453623417
0.21343468828929466
0.1259543186602083
3.40742809263563e-2
0.2529734207498684
0.11370220027300446
1.004638340201217e-2
0.2526170068049522
5.6875558353100986e-2
0.11241564058331988
3.369271790401425e-2
0.12501547664908308
0.38642393340568665
0.1906559403479113
2.8960028043463558e-2
6.978494812193971e-2
2.8657459666904684e-2
0.13387934666515786
0.4401208592540842
0.23127138062925442
0.20938443514046834
0.26366262632022675
3.652808485858845e-2
0.12049107649096431
6.206323309766122e-2
4.2997914641278376e-2
4.118016628669935e-2
7.774238923876803e-2
0.1808665585771955
2.065582781877361e-2
2.809144660470301e-2
9.096713248219382e-2
0.18561956179832623
0.14707161011597644
8.751727098656534e-2
0.27284027726029175
6.682706705486029e-2
0.13995712097167795
0.15223749680037918
0.20805014713397757
0.23600508719009775
8.61788968300726e-2
0.14077162047315234
7.968251081068708e-2
0.27892178946971696
0.22676501421120304
7.186833456046843e-2
0.4746817449048792
0.16327075279232178
7.788756938937295e-2
9.812880199764794e-2
4.624849106956831e-2
3.032902406135416e-2
4.1790615740622206e-2
5.361174914103987e-2
0.2038739265698361
0.14966458247231337
0.19221946816502627
0.2004260021530387
9.204817738142093e-2
4.077382377859599e-2
8.642183823404606e-2
0.186262566388205
0.3672780815085656
2.7638774299996328e-2
0.11015709528146678
0.2347355796642927
8.489392786657987e-2
0.1419096381295565
0.22975296928508157
0.12285504627672941
0.11566768976381589
8.480600916016869e-2
0.1258440141386484
0.3174531370794571
6.770356869083022e-2
0.24943427065083384
0.12390721928928797
0.137788131563595
5.6577840415820924e-2
0.18076986848513227
0.12596665648992533
6.950968309625084e-2
4.2136805979735584e-2
0.21325405607948902
6.2361921447208604e-2
3.179381905163488e-2
5.676513948443732e-2
9.813665763605961e-2
0.1965253503833888
0.19557034921733477
0.14385957069621802
0.18713345131026454
0.20542318014253885
9.156402260733436e-2
0.2535114056269273
8.532869431884958e-2
0.1849757597003953
9.089405729647951e-2
0.18787538348050398
0.11812327017479936
0.12718921266598007
0.12926708865374195
0.16000456543636443
0.19138633240143835
0.2857657660840323
1.8898476365554705e-2
0.16566257530964976
0.22246124135114015
0.16969798428970945
0.17716912397351398
0.11345156838538487
0.17840715502774313
5.470917864443231e-2
0.15253263438914882
0.12214904126497109
0.2502460910801069
0.25574636450442034
0.11203462991369455
0.18812040601935295
0.13346610114897212
0.14802898857398
0.16049195485545123
0.1599495767213342
5.0641472090373695e-2
0.1807222746470048
0.2652134672539045
0.18540410772231933
0.14221386210774875
6.0073223722168424e-2
0.1028337632238144
0.12061986574500479
0.18647614098940538
0.251682840530606
0.18388196166923915
9.417525050710504e-2
0.1420152323225677
9.085317265011796e-2
4.8072253237190575e-2
0.2808115894455521
0.2013517700408544
4.1035086011214486e-2
0.10956156390823284
0.2006848338768336
0.18498341922156475
0.19820143962034145
9.794693027423994e-2
0.23846519682014594
0.1003635397791994
5.709251920279577e-2
0.1593100969151938
0.4002148619975066
0.118904805272816
0.28205944938962524
0.18768147165123125
0.15502281610017396
0.13999553357342182
6.751586290651088e-2
0.101193867675524
0.27338964783036707
0.20282405941354523
0.1387133259766249
0.10500069169545126
0.10726526992863708
0.15547917904598457
0.27500508711039245
7.565828280754845e-2
0.31090296236623294
0.3826729851055404
5.533080132356595e-2
0.17069171047755333
8.94874701124223e-2
0.13843608751354503
0.23703918809594882
0.24152402594240777
4.807547414614879e-2
7.878365551942863e-2
0.10895436056294394
5.6729284960490824e-2
0.20196772280875122
0.1294428537499523
3.432507333694486e-2
0.24552482199840586
0.15506311215223242
0.10173013716236831
0.1749476499698839
0.21742437849175592
4.7087161266066456e-2
0.2803698718399924
8.053883083307693e-2
4.040375839460841e-2
0.290919015257639
7.304639366603821e-2
0.18918844683909067
0.20945339505616506
0.14603569098964467
9.584781231632553e-2
0.29641028055946095
8.04868209973689e-2
0.11362752091483426
0.11053406274313105
0.1001103035047191
8.193415449622396e-2
0.1284346869810733
0.26488523088084726
4.665881752324025e-2
3.988567143026831e-2
0.11097914010771573
4.9696554367451774e-2
0.19464983030462496
0.11472493064461606
0.19779814630507206
0.25622916769686277
3.804494173174178e-2
9.426557887490164e-2
9.941308613381267e-2
0.29169687653378773
0.16992203281853802
0.22196569107139372
0.17974758383200462
0.2030018906305296
0.2563195897567329
0.19349758724698746
0.1162769674772572
9.731843909314239e-2
9.143650129785627e-2
0.2047597559909155
0.23182033329127744
0.15544156802821762
0.1571291571722167
0.1498024755915363
0.1831257033850504
0.14514307961329634
2.680539957568253e-2
0.18243045480411668
0.12370679344830915
0.20216445329072757
1.3134302912736196e-2
0.24926243251625002
0.1653628768892846
0.22015279150637718
0.17616703150276017
8.730276362099662e-2
0.1333062152697111
0.3011394595427595
8.459490063379418e-2
0.1481239470623652
0.20297452359468812
0.10416406169636509
0.1560023392980242
0.18749325584632937
0.12068284992395295
0.15365534276238962
2.2488653018996208e-2
8.374669816814638e-2
0.17488108902203048
0.11906270087307583
7.489044916681685e-2
0.2231013132856523
0.24469326235618777
0.2721398308319588
0.2465377940358006
0.1602443548233281
0.3680970784894596
0.1398101014310925
0.14627833348380576
0.14743798204602826
6.508058553741394e-2
9.358394090607625e-2
0.14109752690509766
0.16179834926553266
0.15958193662841308
0.1756587413897403
0.22009152901137793
0.12533863761096242
0.3240459781670874
5.0584073853447264e-2
5.769112099953777e-2
0.1570150136551999
5.853979015950024e-2
9.782229322976607e-2
0.18727251387399282
0.2858897236026918
9.066271366597861e-2
0.12715595217125122
7.6866575834094e-2
0.2462939708614119
0.16607962067137824
5.062710374115794e-2
0.11546197503215568
0.331604297892381
0.12004761099288812
0.14549623516841384
6.379530422442918e-2
0.18547890638591116
7.33103311710405e-2
9.227619010428692e-2
0.1661866515851036
0.3905003982585977
0.15986103488364561
0.2260506904805136
3.516388551681503e-2
0.16558677609567868
0.2005204182591805
9.067335042264983e-2
0.23373954119961962
0.1414871127901375
0.23212408763976713
9.03590633736257e-2
3.6324887875526776e-2
0.10786274716132147
0.13466880332052486
0.21248298863071519
1.7321789171718883e-2
0.30400289019355975
0.18516524581803712
9.131532029281697e-2
0.18204833218226718
0.19886040049788634
0.13824705199624968
0.2321480007250943
0.18005935022831882
0.17097320403087587
2.341183092927037e-2
8.500986267091998e-2
0.23817892958580372
0.17632634508345224
0.15246501891338277
0.15486590194115302
0.13129345600942877
0.12694763452803953
7.116236736922586e-2
0.29199896798743985
0.1666255946516898
4.352968154461001e-2
6.1236176041841416e-2
0.16619846669229696
0.13696836233479504
0.2811300673812194
1.2371268113984368e-2
0.13711691084287275
8.227891385260887e-2
0.2250444280390588
0.2935877511906456
6.96406779817661e-2
2.8905973853016798e-2
9.628668364439773e-2
0.10650947912341777
8.891775786896226e-2
0.1186414411554166
5.4592622459339324e-2
0.1925018705444124
0.1800104014471085
6.016386207024651e-2
0.2746175115130821
0.22553279411796257
0.2231100747877118
6.442499886572452e-2
0.11017646043598843
0.20226848385075416
3.1767665160349914e-2
2.36389522043323e-2
0.139307579441424
0.1315814678381544
0.1883524909828307
0.18512639523605895
6.522922940224261e-2
0.20131063753121273
4.54174099829396e-2
5.143711541343445e-2
0.12657461618637864
0.13258012468808342
0.12509747544238475
3.4706746027775834e-2
0.21397845465781368
6.1618275764328066e-2
3.184595478536236e-2
0.10293392650896908
0.14312405425604985
0.4108795773482593
0.1548117835460096
0.1551773720018061
0.28121297593584205
0.18882882133329573
0.17391270816600268
6.378793966934543e-2
8.433952144580432e-2
6.990919365465423e-2
0.2383304942695102
5.0073917668913705e-2
0.10089143310252371
0.18316911800578625
0.11223241204461336
0.1778531163340054
0.14454930150619175
5.656181579388199e-2
0.3296344259638732
0.10465813156140054
0.22790571635270043
0.10973122073374746
7.048744384277042e-2
6.0606973655993435e-2
0.3133647680929975
0.1721022771117828
0.2536635500303997
0.10129590665143248
0.10158301750983527
0.14375560131705384
5.8096848291582424e-2
1.5957580117784975e-2
4.653545677216372e-2
3.809011998425375e-2
0.14351291940543337
9.862437766475396e-2
0.16023710598001867
0.16057710191883978
9.646633974382701e-2
0.2151596409186936
0.21944529026512893
0.2354954974260722
0.15284043913460957
0.2818579117150083
0.2810396234590581
0.1303401008979662
0.14074296322440877
0.16384492357373567
0.1495313973442848
3.592202370294244e-2
4.12345134850101e-2
0.18556866955875748
9.16537391417561e-2
0.16584690953729025
0.13353341251742212
0.17240531589423397
0.25964643442665664
0.18034873658907913
0.261375409766371
0.18852175734527837
0.1091397121655114
9.925116939222033e-2
0.11853703544542049
0.19391066295423925
0.1647430747408448
0.12309337866830501
0.24684174616229732
0.10465526307738951
0.11949422701801353
0.10495232846725
7.114723593184492e-2
0.2666738207190976
0.17014634284409674
0.15028355953522626
0.18144130626902247
0.10133269870281576
0.11876037604337202
8.152892537059381e-2
0.2419354177807831
0.1304119515347366
0.18444072309602147
0.24247179128026417
0.13498456930858355
0.18246145492939692
0.15995856515636858
0.16079665422850492
7.688657552750477e-2
6.684062687470052e-2
0.16937547020060734
6.793830646108047e-2
4.1493392329746005e-2
0.3127092169385502
7.897471280480838e-2
0.15000318841160465
0.1524580995724886
0.19334803596876915
8.348795172269192e-2
0.13623294651504303
0.10175592904622696
0.16653668016156384
0.14867731003295018
0.18733663033799605
0.12037832320836661
1.3170395680131819e-2
0.17619988897014666
6.699651885006433e-2
0.1451035052637616
3.743573448046276e-2
0.1350497104312757
0.13502606720615812
4.8689191109279537e-2
0.1694717728511038
0.1313618902782164
0.12862300115481176
3.069939367122173e-2
6.81119447908477e-2
0.15376230096808916
9.94795693598908e-2
0.18378255639443233
0.19053832636741247
0.23513081310347023
0.15643863112775813
0.18271423676265788
0.23194504716253989
6.511171750645409e-2
0.2450365617552473
0.13058892316371126
9.32120759556942e-2
0.15900364553530388
6.871922690207476e-2
3.7735614922206825e-2
0.303255226564167
0.1803094191855567
0.14422171035453415
0.19373793203946965
0.1663258179431885
0.1804739854912713
0.17095535944176143
6.252432240171002e-2
0.1981313711322808
0.24128185492343138
0.24324681578321722
2.68644983499835e-2
0.1267451727454468
0.1734725855321379
5.0617657518025196e-2
9.677956388226786e-2
8.66709811074785e-2
0.12712540231865035
5.8191335735042225e-2
0.24690389836732493
7.277285198047204e-2
0.12882979338001718
0.17876145221575737
0.2123020249923301
0.24421736538007482
0.11916153762638715
0.11807038052288403
5.9227513540348456e-2
8.485354254627249e-2
0.12879181720409544
3.227239030467329e-2
0.23822772843895565
6.831201567709354e-2
8.801195706395223e-2
0.17743348940069764
0.11427415173396667
0.11760383671727337
1.7368013823744644e-2
0.2595965885593675
2.8985262896161056e-2
0.18091353330565244
7.69512995079895e-2
7.727882435339248e-2
0.14802408330160471
0.11222268431526397
7.095421527643951e-2
0.20211888955148738
0.15773568878621563
6.2206660759212704e-2
0.20748632839560194
8.465986037153896e-2
0.15734684682872407
0.1645858353985265
0.1428015981631092
0.16908812149713887
0.29613003192929754
0.21541151870108405
0.14324846941484626
0.13064151257182055
0.20147651734922162
0.2889540097632245
1.4071435586064973e-2
0.11421388471642749
0.13391719411005548
0.12153336784240468
8.12039596911724e-2
0.1321426689894199
8.471080875093498e-2
0.186714074191002
0.13774302840997213
4.855497586257794e-2
0.15719026294372568
0.2597678687943437
0.12215226736236462
1.8299039232909143e-2
9.053986181258947e-2
0.3670481108025246
0.11817331869118956
9.336067753454255e-2
1.4652028327718437e-2
2.5227755244999817e-2
9.598697843979427e-2
0.15843980755081788
0.21587300279781257
7.684779520584982e-2
0.16495609940428363
4.449012249214972e-2
0.15797049852096784
6.956483626814441e-2
0.15130698086567362
0.15907903426036948
0.1919578943647213
0.11508757772342712
0.2531136586971775
0.17513806967056672
5.710691359780619e-2
7.649015561897413e-2
0.26044067494183676
0.16333926311711386
0.10925067341396269
0.14852636052403953
4.788706494572418e-2
5.2605205956990676e-2
0.15455991860244905
0.16873107404801974
0.2606033264147599
5.6752906154657515e-2
0.11696975246029051
7.781626042939882e-2
0.25510924993306594
0.19218316823812714
0.20446613760651183
0.17091565662460623
0.2123829010229165
0.2009239187124343
7.810065006741837e-2
0.16842343219166736
0.1285733440587133
0.214817726518615
0.13560526326249397
0.2537434429432214
0.2367208046216195
0.23342726197224226
8.305830868615874e-2
6.965773926561208e-2
0.18995765788484212
0.21480793253919023
0.11307116115152657
0.24019420194940447
0.11767110517981356
0.21664609897772968
4.667044331785488e-2
0.30711610336446205
0.23162176104216448
0.14437533411096384
2.941439944036577e-2
0.13205549315962745
8.497507111444892e-2
0.282713833306767
0.10341959505997826
0.15327411909648614
0.12356767811358049
0.19167614822976115
0.16376616650126405
4.320718639423352e-2
0.3561405303777435
0.13373947799968144
0.17203576654969127
8.466879570511968e-2
0.11953945954986858
9.358659812013172e-2
0.17111905886562678
5.4983904810806436e-2
1.3273433227140164e-2
0.13819577963924554
0.11864986400921869
9.624127014685419e-2
0.2121486621073343
0.1934479213395482
0.12178484744318455
0.12903211233715522
8.909103672471162e-2
9.737743425876799e-2
0.18267263409793205
0.15597936039457244
0.20079634711426916
0.1555088972393264
0.18856626531856047
0.2854373071537676
0.1197970736020926
7.265711236127712e-2
0.11153332948698877
9.951617999910946e-2
0.13674304014552066
0.17895727544541384
0.13637422013824435
1.3215645912419693e-2
9.630264526787409e-2
0.17738198527203036
0.22702195286989252
0.13577289189284705
1.967143341624562e-2
0.10194499502725034
0.21042049608594376
9.411820366863413e-2
0.12818724060808723
3.16126751016035e-2
5.818018437409418e-2
0.11638243872015361
0.2183779307047367
0.15396398915632292
0.17402595829662174
5.3966142881411126e-2
3.1926145607101074e-2
5.742944585254598e-2
0.12088418463063948
8.291220508390176e-2
0.19822802466595257
0.1857079732362797
0.2945967210903769
0.16938593283126865
1.863306735921465e-2
0.1107961385177774
0.18630037751159595
7.772676133362595e-2
7.884721368937164e-2
9.637372691746023e-2
9.085218288474511e-2
0.21181303210445415
0.267612253181232
0.29632247712069903
6.17567698689183e-2
0.12130770078519611
8.246140832827485e-2
0.1352488052967522
8.129849291877232e-2
0.18594351732416498
0.11060154278324416
0.23618492385998388
9.285529286069555e-2
0.2308617409679748
0.15069909783371266
0.11747808470374266
9.92301046666187e-2
0.1085911756387294
0.12478342925537098
0.21565059015159935
0.13298806216345418
0.14369338916826466
0.2021382414835038
9.719723928475794e-2
0.11556529249219472
3.3785031548707004e-2
0.1547767331077101
3.3109523973194575e-2
0.11538036543673233
0.15534990287126343
0.10771488208460016
0.1425196369364829
5.117709263714894e-2
6.126209453848974e-2
5.1517931764127035e-2
0.2997938884836233
0.17922644716526212
6.698014589048228e-2
0.13953896131902926
0.15763075510906965
7.998091378275488e-2
0.1742150336714125
5.715289540344892e-2
4.038794752915501e-2
0.11309615381097633
6.494079024002666e-2
0.16708513791029447
0.12272586412428599
0.10191377626984785
2.919566326879357e-2
0.11977222744617269
0.20328463733750485
7.742744139535027e-2
0.23198969431680494
7.305176956260698e-2
0.3941995376351228
0.15566566788289019
9.809079069108653e-2
0.14667400300678018
7.287912623314058e-2
0.36747081534557535
0.1378158677505723
0.13081950205894033
0.2157782077962302
0.12261518416481573
2.911213660019185e-2
0.22334876552342173
0.14233485720510383
0.18929919888759172
0.2705490865686387
0.20721971294403746
4.6460076659137116e-2
0.1418803336946753
4.607844311016911e-2
0.16371166088578387
0.299281910253623
0.14955365066082266
0.1634832075785649
0.1196289007582908
0.2005929766899782
7.044349403438975e-2
0.15150751071540608
0.1574246760332972
0.2256189433019972
3.594879797997943e-2
0.35163899011290034
0.11130617400368137
7.936554644215219e-2
0.18775045635175786
0.1561043932446886
0.11219115978564945
0.18051600281522995
0.1460035252232032
0.19041769546695134
4.935190998254797e-2
0.15868781485415265
0.19866488010739808
7.809335420868418e-2
7.498869071916683e-2
0.17219613134591366
0.14254887483721368
0.11319641627851222
2.310075294924103e-2
8.45540239457456e-2
0.18897174612401124
0.14145294104238232
0.15931340691495843
0.12282836436669012
0.13995657229663055
0.14846095916650287
3.193942529471544e-2
0.11730532908246287
0.24080443220716236
0.12013305472625677
0.16123168614207942
0.14182712373197393
6.60268161340857e-2
6.354693551912081e-2
0.14191957509009523
5.58768677801529e-2
0.2897661647362028
0.17075183405774808
0.13202573454979877
0.16366850232448826
8.376564124270179e-2
0.11016220955203479
4.3227460918806915e-2
0.14275410719140116
0.20107174131569766
0.12576074833773038
0.1393591100434675
9.160477894187113e-2
0.16234922372052035
6.276723982708979e-2
6.12833993774913e-2
0.12704557925165155
0.1698612936186053
0.247221902399602
0.18135073485629105
0.20209544576963162
3.6666233735180076e-2
0.2073722682013305
0.13015214546478687
0.16180137145341295
0.10414051344715676
0.11751141869447342
5.991180091195599e-2
0.23786954695537732
9.309910005178454e-2
5.12721891023315e-2
0.15331374895974173
0.4189020039893811
0.16105843621295116
0.19984540204677312
0.10732464907275012
0.1313633599224627
8.228640291167132e-2
0.34765304476026926
0.15006141780047494
0.11940468709220972
0.14545731855462474
0.20596223752553183
0.12069487829122987
2.931563169684003e-2
8.31726339819976e-2
0.1006532580670689
0.14609821259467895
0.23929522080116322
0.22398926330210064
0.24539073542487094
0.1619769529242343
0.1902762911451284
0.1982587640149828
0.1758788161268643
4.865238744688864e-2
4.6960388137207786e-2
8.571543526138431e-2
0.31862631399543784
0.13424135997302042
0.12456134028544456
0.20112215897338376
0.23689367039699866
0.2541392404747981
9.883944974311049e-2
9.738399987325813e-2
0.11771207797116774
5.298085524128171e-2
0.12520253543222318
0.240706690484644
5.564193239350619e-2
6.787195300102565e-2
0.2088383218966464
0.1407598462192567
0.19009219540691133
4.751940737874849e-2
0.15568748733097282
6.841522292578679e-2
0.18172907237515576
0.17639966856136208
0.12570764176480811
0.16275598040300743
0.1124678654807471
0.12287012738569043
0.1716665303787253
7.484389232537861e-2
0.1926677606489126
3.061994869979775e-2
0.1099645281085195
0.21233953153389792
9.779806572837157e-2
0.2394193642871673
0.1385499413232279
0.32955126737067014
0.14006925357353173
6.571068079343269e-2
6.247835061284335e-2
0.15725616386078722
8.684190534826837e-2
0.153998809470346
6.653419423937751e-2
9.236102957393676e-2
0.10338544157844964
0.11970794427920017
0.18844855844522085
8.79260573584412e-2
0.1094514996773253
4.340088927420489e-2
0.16170479374050295
0.1688066649798682
7.543250431227541e-2
5.263821888359223e-2
0.2878828429842618
1.501140857778488e-2
3.314098691371727e-2
1.124959165776781e-2
0.13017333861673355
0.15217839803279803
0.22575992568488834
0.18097323470462315
5.685519167535774e-2
0.10724615573686229
4.947086973523941e-2
0.1899170915375193
0.2386388956955281
0.14571278683614106
0.11373796607785672
8.494884077641318e-2
0.11140227448744369
0.22201311919936498
0.15639985453825853
0.2052325187492768
0.14004237978216452
6.947920720374437e-2
0.10714891443191452
7.24258950796871e-2
0.2116012717112546
5.066269404612116e-2
0.147847720363618
0.1399802691909235
9.520772499683225e-2
0.10563549780528056
0.29217159162692824
0.11397485346875177
8.144095832742275e-2
0.2405638264108378
6.964268414951207e-2
9.4533139792259e-2
0.21130528101266877
4.0000869323520274e-2
9.251176144453827e-2
0.14158951472407394
5.6278590345736755e-2
0.16303168247496566
0.14177111920893556
0.26036395385261885
0.28514044803494276
0.1735137516999131
0.12376240532423033
6.1379185043939764e-2
0.1066549898790096
0.21715329856596802
0.24872824576662061
9.76252689988636e-2
9.78268078621973e-2
0.2267968478561131
0.15338195378593547
0.2316997861560508
0.1848115273158109
1.8123658845849544e-2
6.0752326644800916e-2
0.2769351626422418
0.128759178004535
0.13778156636292183
0.11575688429037001
9.24240131581891e-2
0.3295888598585167
0.31724115339467646
5.114170209931586e-2
0.31302397433138174
0.30879464543798846
4.6294646094070344e-2
0.1502588327251824
0.11783313851250035
0.10788489148503133
0.12971394308688328
0.12304226318724061
0.2401519151215739
0.35994022933781006
8.64354278373076e-2
0.1261517642266595
5.381459127239563e-2
0.17751364733718683
0.15891922321816015
7.937017202204708e-2
4.305602139257873e-2
0.15568911606492036
0.12490657877866854
0.12514774205093837
6.0721220121675835e-2
6.523667203091497e-2
3.958590766480946e-2
7.64187580876716e-2
0.14199864937648687
9.689845865867344e-2
3.763819946604473e-2
0.11946838968185731
0.23885412244882112
1.4410574521848196e-2
0.398187052477313
0.11483421796109836
0.16014996400906212
0.115365977097551
0.16499171397310244
0.14103424936164582
5.507927856826502e-2
5.45922663310884e-2
0.1911815792139065
6.732836910382839e-2
0.19340533170741167
6.237158434367742e-2
9.134580637470316e-2
0.22557792399276871
0.23494739118831037
0.1347324932084184
8.787398869922779e-2
6.838090540941184e-2
6.362408674710068e-2
4.964221298917706e-2
0.22843756172964236
0.16471902930269272
0.257040347066562
8.144275716125954e-2
9.372567910883547e-2
1.5282986505810081e-2
0.2029378982147707
0.17574545462680954
2.4607280395264598e-2
0.3080801423578504
0.20418378207494334
0.22703647791319076
0.11928654970427136
5.0428296886178635e-2
0.10508887102417766
0.12401286747810669
4.171729946211041e-2
0.10380289087126582
5.9012960977542016e-2
7.712860681960026e-2
0.28016481989977593
0.17647410339759992
0.1420101624487061
0.21208985139125694
0.16488290241842024
6.277625513868555e-2
0.11552998156784137
9.104982059419268e-2
0.3235240767158424
5.800011578237966e-2
0.24403589900681374
1.932379759852253e-2
3.40401564428837e-2
8.316823922363012e-2
0.27150139031923126
0.29912998736043994
9.036277676015995e-2
0.12838138817677744
8.581516686329142e-2
9.686482749141836e-2
0.12236274670803823
0.3545603795879516
0.19372043182211174
4.8922850436383544e-2
0.14091426198749124
0.1473963708034419
0.2803094209662847
0.1765663459387205
0.1122369312613454
0.20163567108733452
0.15271439653077928
0.12555520216707303
0.1337839733916179
0.13215740336354279
8.98911630021238e-2
0.12944278191835049
0.16635112749269973
0.11391131383363251
0.12483686798718893
0.12782964278521364
0.20267601099337282
0.11028352246463038
8.076534567311441e-2
5.400084812837345e-2
0.1483972603113836
2.771453824425294e-2
0.18619255092143622
5.785799078292011e-2
9.167162004639169e-2
8.675137297080424e-2
0.1314817064122387
3.91276761665487e-2
0.15409435995120516
5.1031016357732516e-2
0.13643357229731126
0.131065766483562
0.40798622013856634
0.14529283928974973
0.1053388216513639
0.13978090881354902
0.12927817801072614
0.15537212993675456
0.1979559598382389
5.8836241073895526e-2
0.15257165444727674
0.15355167734984793
6.717278821113097e-2
0.29987761979598865
9.012256612866805e-2
0.1509700056418576
0.15783481126555832
9.182133570394353e-2
0.1259598452988443
8.456913764371182e-2
0.12802977873968951
6.625455576712276e-2
0.19813723422095414
0.12083757216299458
0.14586693050388794
0.2988222685785068
0.18351420072386632
0.1739456285766162
0.4139258687891593
0.12439960124024114
5.784878672039943e-2
4.851546097434871e-2
0.2634278360183878
0.11639675505727451
0.14349263950497215
0.1060476698504524
3.524028941103605e-2
0.16715516960349555
0.11988712705857929
5.165209985426045e-2
0.17446993749307607
0.31845453374215954
0.2509545651297692
4.2252299389371584e-2
0.10832611717176995
3.840421002953152e-2
0.26742382440512874
0.15666351455766517
0.11563325571386511
0.11129411986135981
7.83092465570611e-2
4.6981367737520006e-2
5.9750052874901996e-2
2.2889552688338134e-2
0.12820376795319585
0.2096400682343491
0.23127814896616536
4.070830362314626e-2
9.02135699778088e-2
0.10451880746236757
0.23737623827310878
0.17925284023790006
0.10523408904125246
0.10926525644830383
0.17061601015800743
9.651348236850896e-2
0.1817759789129449
0.10899802044201108
0.16284764530932963
0.16619905379025668
6.288187304130675e-2
9.163709104479384e-2
5.331837183005365e-2
0.3127781140851991
6.96603564806715e-2
0.11336947687607735
0.16763256149894604
0.13733740254234944
0.15990357494822977
1.0572732337670388e-2
0.2884274212491077
4.16763760035304e-2
0.12670715306693286
0.15611537321082164
9.599778456500094e-2
0.20715881801309108
7.905871309839389e-2
0.15909647154104073
0.1057982729934805
0.1457864039002594
0.21309349155197851
0.21130063985541364
0.11783086039738255
7.123353372666161e-2
0.16599905581607607
3.879121725418231e-2
0.1639554572395096
0.1939086936595865
0.1191747594578092
6.151740739219517e-2
8.804793399951762e-2
6.794136010238885e-2
4.926420373297624e-2
0.23861909810803614
0.24217262237237844
0.24750107255176465
6.368266542826823e-2
6.665494931370484e-2
0.10485797415517935
0.16312314005082057
8.627514849890239e-2
5.105948885748955e-2
0.2132360092349006
4.907548837980721e-2
5.232634392749173e-2
7.642509023155751e-2
0.12154530079299489
0.15761756090570794
6.18606982580913e-2
0.12591040571888418
9.922474130825764e-3
0.14390447483396468
9.717568263000126e-2
0.14700658376027936
0.2701701075687364
0.16959705953042858
0.227000233334613
0.20252444511766007
4.271810664543986e-2
0.1111132330118357
9.440774513470172e-2
0.13485263713270582
0.13671973144112254
0.2512433090693691
0.11641378131817262
0.1098333329256552
8.185513482214177e-2
3.572808654146985e-2
0.1303559281188027
0.1524991630390431
6.593641575392813e-2
2.7866395907683562e-2
0.12904555519432293
0.25298026096151893
0.2496347030858225
0.10135947601927084
8.133350616879888e-2
4.095284091060133e-2
6.210378251696069e-2
0.1361224812333645
3.6699127593088854e-2
0.10790348897166817
8.307843899566777e-2
5.29237487713915e-2
0.27922597098926494
0.2541412654857888
0.1775996854392902
3.786694670217104e-2
0.12649068268196473
5.254380759903708e-2
7.749901292331283e-2
2.6841671717847647e-2
5.899775384595581e-2
0.14509463102813971
0.13184776069611875
0.30828931331325055
0.12197393231783213
0.14699244289660024
0.13462307521702455
0.1784551448416932
5.1487920403901176e-2
3.0174585893121462e-2
1.5164747358306785e-2
8.819726998321617e-2
0.19732117987218328
0.17514836752922397
6.747362735287919e-2
0.13365086104293797
1.2328376691457732e-2
0.22984255728299902
0.19020177148569287
0.18825092973685195
0.174187082323481
0.2938682683492739
0.184066003565378
0.12227975569770173
0.19506171689214757
5.808367293762109e-2
0.14879480284966293
0.17878814262184467
0.19113755627040047
8.014435034667403e-2
0.16355552170038606
0.17680067703117724
0.12147480655982842
0.2206649212844467
0.19756106588742847
9.823333890070104e-2
0.12408338313537351
0.13669153730657863
0.24069370419748143
0.13089950277937556
0.14817440664658318
0.13725356207863526
6.273803521431473e-2
0.10048868968672742
0.33917399028914164
7.903450847463599e-2
0.144643326978169
5.514696113289981e-2
0.15734386612929388
0.1514444262102232
7.542472516154544e-2
0.17068647709340792
0.1304185684504608
9.812996635193892e-2
0.1628375862976627
4.487872902998804e-2
0.19324208076707133
4.7803721579176506e-2
8.088332941226078e-2
0.2137277327804772
6.567197222258707e-2
6.823461132637178e-2
0.14319689551330042
0.16923137765514723
0.2730463715216794
0.11172183749724071
0.10392868400289594
0.2642807667558394
0.18798580750970517
9.298661249207124e-2
0.12442321992154395
0.19494944391172578
0.15478623117061335
0.12405585962669867
0.17380352403012914
0.1820009615395233
0.10331882510722072
0.1283838288679878
0.14151829702564372
0.11328824252598031
0.12457475813158654
0.15051384452462738
0.22232055046875693
0.2285694813531604
7.953717693018234e-2
9.909540278801995e-2
0.2059605956704543
0.12072251349472243
0.19985308051027006
0.12174795901722808
0.17056872226403333
0.10537873102559166
0.22963515022079478
4.416191407368536e-2
9.02382835717933e-2
8.4213966368439e-2
0.21644887224112694
3.898680417503497e-2
1.372653829078262e-2
6.377283606715983e-2
0.22833717733693154
0.18781639906795777
5.421222578617587e-2
0.16332864739016842
9.781120182286267e-2
3.2303349883525546e-2
4.947031180076977e-2
4.858128590827852e-2
0.11911125093281245
2.8024653772813803e-2
0.2041526672335358
0.3064441924968404
0.1906149395838858
8.482906761655727e-2
0.14802549805267362
0.11452809855235488
0.10152022121052115
0.11359309528780097
0.16634422484465036
0.1888619883572964
0.1713706264842623
5.553700472271217e-2
0.1434555932955969
4.6185992350733306e-2
2.193840118538317e-2
9.893941109375247e-2
2.9352794960605534e-2
0.23364778966107136
0.1415885343573799
0.2533655551327577
6.681666317193405e-2
7.548340254084432e-2
0.13293734598706242
0.1613855660321848
7.732838257309058e-2
0.1008909003552495
0.11407504057804782
3.363518175707941e-2
3.0880338965138164e-2
0.12842858495630857
0.28913999748288255
0.11615642132979778
0.1142998771376309
7.647537250941401e-2
0.14804039961427182
0.17587131659022281
0.27557791852059055
0.12889263886820024
0.2603606237995291
0.13510663270805398
0.23000919504981124
8.506669330187396e-2
6.532965877649656e-2
3.3513039515187346e-2
0.17484173087533522
0.1096556484002382
0.13916826417469425
5.3791243275175336e-2
0.13856288808479253
7.44862808802695e-2
0.1299695176867624
0.19342280343350632
9.50478960581642e-2
8.724175747852511e-2
0.13559222215408923
5.331833870722584e-2
0.17609493501127393
0.12426213430049567
0.12926059940774187
0.15328167743237034
0.30164039834520884
0.18113115942039162
0.13416975888755633
0.18756852980452227
0.3046821841117269
0.12914930816356673
0.1533265912663102
0.18432360435697964
0.21586888175963068
0.14670190597740862
0.13626098355786756
9.595824747903707e-2
0.16225764880039004
8.698617763549064e-2
0.1734501905806426
6.724757474441687e-2
9.98147335510521e-2
0.16126181196346162
6.59013800571527e-2
0.1785142386632091
0.13693606679679943
0.16226056975533
0.24499784729236324
9.401562804452276e-2
0.1263092602108443
0.15432891038695512
0.144222364298256
0.1040749396822781
0.10025359060971017
7.373363891807796e-2
0.20745802883511938
2.9209894118339918e-2
0.20272465007951995
0.10129772869672082
1.72627639681171e-2
0.11361562995951643
8.679152471892829e-2
9.133585429305899e-2
0.18404736677895667
0.2103856305988178
0.22553890809630045
0.2929815513701921
9.144009665936406e-2
0.15444094637713462
0.15048912808978077
4.144602538861265e-2
9.554182407079229e-2
0.11336066322921194
8.296465166818433e-2
9.612584849033616e-2
9.156454790998765e-2
0.10029616099025285
0.12957857703126305
0.15377441821679763
0.18063784753478251
0.15038359943907675
8.567998152272358e-2
0.20764850243536542
0.14910168378471872
8.832447903141111e-2
0.1527136981922604
0.11327171352004992
0.11063494411635984
3.327139635180222e-2
0.3483579196936441
0.10928669456751379
2.77362234378156e-2
9.214411463856313e-2
0.276276961514456
0.23975820552185034
0.18440941748694645
6.275092410135374e-2
1.7689861713433654e-2
0.1353732717162981
4.645889858192805e-2
0.1050412048055345
5.9052513836358456e-2
0.13777550543940933
0.1400565639807277
4.6694677073942356e-2
0.13438173273909867
9.718269978295799e-2
6.983083994099641e-2
0.1475155000149956
2.3534311005951013e-2
0.11333949489260382
0.13433156908735647
0.23067202838679973
8.768642674027352e-2
0.22063933891677548
4.378701538349922e-2
6.0227921525868866e-2
3.1056716265867333e-2
0.11883482065910451
0.15652922517785342
0.2015005974365786
0.21888363363853833
0.14018367011821967
0.13616571422865656
0.15405145551562294
0.12869170783603534
0.10469001003899517
5.35795542917607e-2
0.12438721970200659
3.202616986559852e-2
0.2576201416625489
0.15155609806070228
0.14857519632269306
0.14401582265873342
7.835206174469397e-2
0.15949069382645548
6.828269806771668e-2
0.10360419032813066
0.16654808627524323
3.498668084693046e-2
0.21144920212062507
7.827308173457413e-2
0.10887366994314288
0.2558916040194067
7.902542584257706e-2
0.15191028012100907
0.23832880382014426
0.17452109229960638
6.338357502017986e-2
0.17973610815060576
4.470185679640541e-2
0.1432691049014081
0.2312845720114224
3.273312369045554e-2
0.18317596712077266
0.19039537559535216
0.17936583953721047
0.12886821558419634
0.18437617997635747
0.21344824004774904
4.404155967792077e-2
0.19182446418703716
0.10615873554078123
7.928843587598904e-2
4.507022786402733e-2
0.13109177149375756
9.134488230938495e-2
0.19594157758917086
0.11187206860078358
0.11868220769201712
1.6993486569148442e-2
0.22235332138320335
0.1500288664894952
0.19443143259276663
0.2528988497333152
0.24944894090590508
7.051123873687791e-2
0.3273902047535805
6.46866346461985e-2
0.20203191108634364
0.2354622848487497
0.15288966659331402
0.2020539289259547
6.400404661011605e-2
0.10258124575870833
0.11762186804897583
0.1674895436942212
0.25196458828612645
0.10109434853944692
9.429183104971377e-2
7.074597206906033e-2
4.3866775691160705e-3
0.18323167254527892
8.165839034428021e-2
9.09950129627458e-2
0.11857401418503204
5.57840438069531e-2
7.763864186264449e-2
0.17087082871345335
0.11747696677619968
0.17579167559454376
5.821688006349e-2
0.14203642680219694
0.12613317771696897
0.24534491756166296
6.942125137514013e-2
0.15232813528799183
4.430691850356662e-2
7.952856007883193e-2
0.20607351714945862
4.604991864071656e-2
7.33062909934002e-2
0.19967416787281841
0.2143365013429514
0.1774964716532946
0.2079090049161957
0.14592955265027638
4.2838362970966104e-2
0.16409790809693883
0.12626115604747395
7.883721853363171e-2
6.775125575681466e-2
0.13518254694644757
1.0801198336379792e-2
0.16138602997789384
0.13572508000701294
0.13980080855457766
0.11114846593018186
0.1762879510341626
0.23539262777460754
5.0464022108858066e-2
0.2380277911828323
0.22065845603586082
0.12110265202505355
9.639244335749522e-2
0.1409271016738846
5.648428484403519e-2
0.16252829894677268
8.194927640451474e-2
0.18614293375536417
0.15961299153276917
7.996925816086278e-2
7.237437028066608e-2
0.1722035100065875
0.14266473360440962
0.16383856839020136
8.529227624556548e-2
9.903733316505232e-2
0.10630609286598043
8.776129004350354e-2
0.1278562841390602
0.12270303356903411
0.15276602840993267
0.2120182212602968
0.16208155554174203
8.806592940562322e-2
0.2616877203860086
0.14850235472302592
0.17618031167505102
0.10140475084412696
0.1791918876266334
0.17139738955000267
0.20750703018202885
5.9441267593583244e-2
0.13332598617637825
8.138837316632755e-2
6.497612266294904e-2
0.15168600662901355
0.13082418787068076
0.25313306669013286
0.10307762876893065
0.20049432458277208
0.24793955022305308
0.4389283096432678
6.558231887854002e-2
0.11734920433309819
8.92837714179357e-2
5.97221878868988e-2
0.1553005731167655
0.12982965155521092
0.12481402911930681
8.251580734097476e-2
6.99136190637745e-2
0.17022651072653402
7.946133903594504e-2
4.15703491763022e-2
0.17549711871484258
0.2130079862562769
0.16862802083115902
0.1298117436142769
4.485115931540874e-2
0.20957334186102292
5.925594636381805e-2
0.2123403946306496
8.492102272767596e-2
0.22334972600009467
0.14975333703412447
7.086959181393693e-2
2.0087032122970284e-2
0.1258198151493214
7.301376533091151e-2
0.17333937479993294
0.10125242960216467
0.17951660290749208
3.764414498024081e-2
0.10883855350314268
0.1320758557653638
0.18559371548816822
6.981579931056661e-2
0.1183909100188767
0.16553740647546608
4.77566831041196e-2
0.13538055040817099
9.696054394957855e-2
1.0611281176023613e-2
3.1026376154039182e-2
0.15236553080265924
0.16611931902122587
0.10296450921781215
5.671922449684079e-2
0.18463841421642974
8.252531083525613e-2
0.1732645447709539
0.1808818967602147
9.358924745598768e-2
0.12288783311669986
7.90223245067582e-2
0.14205735395012228
2.6136883976677162e-2
0.2897306978786309
4.466400643464972e-2
4.491149027459829e-2
0.12067467143486485
0.11363125286888401
9.945073875074972e-2
0.1738784644102654
0.22454218130599396
8.425622353167074e-2
9.128382946216039e-2
6.1837279997550176e-2
0.1545549571411507
0.1802702993143494
0.15392878682837877
8.857830475827021e-2
0.2735959007005615
9.543524616189923e-2
6.661907182208146e-2
0.1517509605146197
7.008550678404224e-2
0.11012566151388
0.22003680567314934
3.211449043750235e-2
0.11408169296956468
0.1340124649328569
8.579491092966497e-2
0.20391370777624748
0.15844119896569878
6.910451076864346e-2
4.078074373399151e-2
0.10028354050989079
0.1040644370377251
0.11756996441910188
0.14047560479627128
2.7857343901251875e-2
8.232207926966809e-2
9.821607579160398e-2
0.11693571878173006
0.18768777975538603
2.5439733348270755e-2
9.535228815964887e-2
0.1617816434070845
0.12248124497578458
3.20588625890191e-2
0.12222775633342145
0.20700884027714075
0.15362927251962918
0.1769037032532484
5.9891414564602154e-2
9.001027917942285e-2
0.15110880262476817
5.962452327137559e-2
3.301133594061971e-2
3.889252795768794e-2
8.812256543218311e-2
0.13953729909932694
0.1388441036237052
0.10708424089567195
0.10557166241654423
0.17639621864170274
0.13297501584110788
0.3048831350957661
0.15892980179838062
4.950933121775414e-2
0.10921207847495713
0.1381334887224935
0.13316899870598456
0.17888673391106408
7.094407604746233e-2
7.352978944012714e-2
0.10239384576249563
0.11724476818880156
0.15209709839100802
0.16135968237466414
0.22236603006568562
0.2373354014445991
5.50948805675041e-2
0.12505778268636006
0.2299566572971198
0.101763316893356
2.3741252192310325e-2
0.19456020966303633
6.33811293180582e-2
0.13801177977225404
0.11457203043675626
0.18751036611334684
0.13015965422706097
2.5060770419053014e-2
0.15548299250076017
0.1844308528140233
8.035908579006885e-2
8.231704289417908e-2
0.12812690318789682
0.1338685615175986
0.3277203635821783
8.255367444808681e-2
8.669818488792105e-2
2.1891082512887017e-2
0.1470371032154906
0.1404948637761481
0.2577673095038588
0.1284506321306731
0.1621020369236672
0.1329374124031535
8.283062190888243e-2
0.14785746726018306
0.30398228619878703
6.258955682144077e-2
0.16806691661661968
4.6573914876201696e-2
6.282496906972122e-2
0.2686358548922856
0.28971172924460686
0.13835786959193683
0.14062530480847538
7.288586478774603e-2
0.219591411839009
8.268420938801932e-2
0.10228748235409695
0.14046516684777152
4.445932147383571e-2
0.1776659632857112
6.511125437997034e-2
7.600525751720341e-2
0.13339340279639847
0.16256464402808163
0.18918042839376634
0.25378505369477394
2.592233854438707e-2
0.10781103792259061
0.14646203583345024
0.20361190465359544
0.10466505783252082
0.13182108242805013
0.17174643183972446
0.2846384244756604
3.159451515886491e-2
4.786886602793328e-2
0.1547359226991974
0.2175691658736168
3.669349755661534e-2
0.18689898897775006
7.769501231218737e-2
0.22418600776922873
0.1427563850552988
2.9754623878176546e-2
0.12827941404380463
0.12924558739610037
9.145379953246896e-2
0.13971621648100588
0.27427006516789326
0.2109594329858982
0.10866813199496242
0.3360425853704103
0.15064646466670384
5.490454052225745e-2
0.13363335845737317
6.423580338437325e-2
0.201682532083045
0.12084605216921274
0.1112697658812539
0.13485172976775323
7.708487367069568e-2
0.2851239976674612
0.1961195093426138
8.53521337064104e-2
0.20232212480824568
0.23720498546323726
8.648458958786574e-2
0.11940144843997928
0.11156878468688895
0.18924029051521293
0.16961543334522006
0.16259588341402997
2.8530049930094302e-2
4.94092719888944e-2
0.16379027905846652
7.257230173183857e-2
0.17243575593141158
0.21498674738087037
8.702664470284295e-2
7.06339726341412e-2
3.818160615193519e-2
6.663835421994893e-2
0.2768995726783971
0.16568996116012458
0.14138592082538506
1.9888462811257567e-2
9.718138183939093e-2
0.10412809161638625
4.4980395689032025e-2
9.616800267899663e-2
0.12401576555440655
6.1901287185971446e-2
0.12550869626391611
9.423645307247666e-2
0.1756272951036887
0.1283642152802536
0.12256034743307483
0.15454807702790344
0.18117370572109406
6.697788997625098e-2
0.1066025038757091
0.11215433401033006
0.12494539375227084
9.785905185791265e-2
7.318169636705245e-2
0.1100430668792017
6.702995406706905e-2
0.16231297670183092
0.15597379630451574
1.08478640480151e-2
4.716731732310377e-2
0.15449859117496184
0.13338413941505162
0.10897073268553756
9.846646445028774e-2
9.458118022121306e-2
0.10113721509095017
7.670615836557242e-2
0.1448639796261147
9.203503605510799e-2
0.2619972090937396
0.13985359412846926
0.11694471549309356
5.8605324071372845e-2
0.17348520222007524
2.3525547936899992e-2
0.18343972750633125
5.938697561220776e-2
9.086107894096428e-3
0.1500523433071099
5.772010799264236e-2
0.14367577966598377
0.23859248885505657
0.12188571040260936
0.14212550148214825
0.11310365738587964
0.3450496129040313
0.3616910138441173
0.15473394854539235
9.448413816227942e-2
0.1018868965573019
0.13714142570380755
0.18605883564682726
0.15996451682205182
0.11669976942104868
0.21042792676955552
0.22670095832074547
0.19298460250506794
0.10099516104626989
0.2867333061482961
0.15810674425811996
7.884506894292866e-2
1.819028743498089e-2
0.1869399336597917
6.373075487170975e-2
7.20461681344127e-2
0.18698735050918688
0.11368429981489499
0.11906400349366812
0.30299421600619497
0.13606544102672155
0.17910602954176447
3.787898573877914e-2
0.15355665761120338
6.503904815731971e-2
0.3269456331631651
0.21195981615315612
8.759223835034666e-2
7.202545889012871e-2
0.17370304331875439
4.3252376362342596e-2
0.18424002416474508
0.1027240864874733
0.14889627766406593
0.2801213567039526
0.3999944452210347
4.5282325030623606e-2
2.938415766000375e-2
0.15714724614688663
8.997832274232094e-2
0.11323036372471107
0.22750544543873802
0.165955122395083
0.1369723843716047
8.70412880206385e-2
0.14008572128706837
0.20823081030496268
0.13905933241965668
8.270296833782367e-2
0.12738028299095777
3.6031752054078214e-2
9.024872882384158e-2
0.11779349798487666
7.353455173122198e-2
4.599877626229774e-2
0.16819148923736588
0.13385272503790194
0.12861010911050982
0.10695616943181344
9.033156944845568e-2
0.15545459729767436
6.281284386045288e-2
0.21569330830338598
0.12672152797836728
7.682053878684625e-2
0.15946382967623154
0.1433643681749849
0.14710003943080463
0.11494141337631829
0.13857780084744126
0.13867567851040705
0.2301232814530461
0.20298983394439385
2.8837451624449915e-2
0.12988859694100727
6.627207650467885e-2
1.5051221709645502e-2
2.4296076637046648e-2
0.11518275630336047
7.13760182846996e-2
3.9397130531657776e-2
0.213056815394292
0.1773363080403117
8.307214179668916e-2
6.188903526795282e-2
0.21738216205449615
9.803943335255924e-2
6.084573723974364e-2
6.322199732872863e-2
0.2616102558772582
8.444098104511007e-2
0.19615620232482184
9.100887908137942e-2
2.420763195798814e-2
0.174861651258141
8.656334270286284e-2
8.562658889776582e-2
6.531406662028573e-2
0.16251163811770802
2.50754310867784e-2
0.17256749413008748
0.12133459871631787
2.4695677590784847e-2
1.867445510686705e-2
0.14971821450985273
0.18723423634616848
0.12923175827972525
0.20726037769302877
8.102034783986883e-2
0.25453922872489665
0.26986844497179774
0.1304048154770827
0.2234769467988702
0.29546479239090223
0.14255998119306873
0.4037267788827412
0.16627773593300238
1.2745017371907707e-2
0.14317676036473018
0.1746031552424298
0.17503886426619628
0.19300663764879958
0.1304172793375798
0.2425888266131259
0.15294194848760229
0.10983958762388261
3.35723483460381e-2
4.5575236318812384e-2
0.10907575602345468
0.1005410652763501
3.7237711830652796e-2
1.1624211193948264e-2
0.13046180999846305
4.132044699888297e-2
3.3393280016712504e-2
0.10557885301375855
0.16350267075707717
0.1674341488810452
0.2966905830684154
0.11256808941104875
0.20170342725877025
0.16573891302937052
4.123481010916134e-2
0.1443984919780469
9.648343060590443e-2
0.1581188480566605
0.12940012764844827
0.28067729593805973
0.1227674338103784
4.9586234245645386e-2
0.17327705484487968
0.11031407375530664
9.865775695628042e-2
0.2920796386024332
9.000784781848827e-2
0.12708799230480766
5.722232421340413e-2
0.2153259961129396
0.2017228037163068
0.14745566572086877
3.996844486909432e-2
6.91512008330302e-2
5.581987514513402e-2
0.2144423547637476
0.1330344978864044
9.570226933499415e-2
0.1792235228088041
0.11607788397734545
0.11663954230056206
0.12276801105030917
0.11173038544749636
7.559475510930788e-2
0.10648173787519469
0.15222034861323205
2.443168481270668e-2
0.1861058255228652
1.8862862487403563e-2
7.995098390687513e-2
5.9195858313290065e-2
0.2184975599249764
8.42991579960225e-2
0.12739645493322826
0.17977773588094947
0.23618434125772905
0.24357605186099346
0.10839407955054514
0.10592184813111045
0.19313869998641797
0.14016381982339626
2.227870696738362e-2
4.810705498225062e-2
0.3028799377746772
0.16367753699375326
0.22923112322821235
0.10674415492851516
0.25456574575328467
0.13563286951680156
0.15302277803316983
0.23708466857631305
0.14259916208346538
0.16332339950815894
4.6590024489946105e-2
0.1965301439872122
0.1672767431307974
2.760712919342804e-2
0.2513044649191213
8.347709859079604e-2
0.10776478855701917
0.15883247094492217
6.631117984883789e-2
0.12777762536519702
3.558321612993178e-2
0.1567513645245116
0.1605676568728981
0.15354328890102592
0.22996785034286055
0.38264731086911535
9.289874727219416e-2
0.14833446651324808
6.062595479982209e-2
9.186935942459591e-2
0.12432982175297953
6.521663862720697e-2
0.11033203611123614
0.17852656840740444
0.28068011133460746
0.10314427497636461
0.10856787563829769
0.2030136372354731
0.12346483083908341
5.7507343497064045e-2
6.260148648757967e-2
0.13550664633649623
0.16314798071042022
0.20807885509579047
7.943133081545058e-2
0.3126036005040302
0.15267956507938057
0.11776814511948572
7.698368113687427e-2
0.23909763348559743
5.055751423549254e-2
0.16079611109929548
0.2881861074388957
5.76229741659965e-2
9.770649918068866e-2
0.16483119560262893
0.22944969050390474
0.23698930003180188
0.10499261774833783
0.13453438134862378
9.937936866903976e-2
0.1414617304549464
0.11272403013915593
0.11558097298012988
0.23887645878709604
0.15104960287516672
0.17149679958308445
1.995422322026038e-2
2.1248543670242072e-2
9.658289803171201e-2
7.29994610017302e-2
0.13516873832537693
0.3735936751804728
0.21450112862838452
0.18635028420108551
0.23721273883750685
9.097004772445841e-2
0.14325467587768898
0.20465024604236454
5.206999144858584e-2
0.19417478056323922
0.3350645677523339
0.18330482564028627
0.18834178879686772
0.25251936565029853
0.14344359337897697
3.0266244251994846e-2
0.3866991506577838
4.9943667580369264e-2
0.18331038446447462
0.16643698212763325
0.11760108508013603
0.22468796098632185
0.10333105534863454
0.2393082285154647
0.11412875401460618
0.2416448752263814
0.17521093163715437
0.12336739053271675
3.409275743378837e-2
0.36151346433814463
0.11369410805934528
0.14095776008760486
7.838799766460247e-2
0.15083515719833246
0.15603674629338685
8.942205182732398e-2
0.1348980384033857
0.1413110535453086
0.144982735786854
0.1453536951343312
0.15029896581624652
0.1547534796976739
0.11679096085742657
0.13087376713276178
0.1905055105866899
0.12516193436387762
8.709270383227594e-2
0.18728399900987952
0.1845818239464437
0.10013941213682416
0.12628019539655239
0.30361599745336854
3.2437948013459325e-2
5.278220978634347e-2
0.3689720982239133
0.2031462143615094
8.90673698706979e-2
0.19235311032951818
0.2003576981186903
0.1981294969349808
0.17974482778414966
0.29477471261115273
0.36026428568203067
6.946068056712586e-2
2.634158284632989e-2
8.128542623442864e-2
0.13474733209921025
0.23895940310997718
2.3466213674659807e-2
0.2111276499963956
0.20497882006367774
0.20800436884623902
0.14606101507212169
0.11385505391880571
4.584161573169245e-2
1.1601858118405006e-2
0.13431390685794983
9.856572370415936e-2
1.952829129454404e-2
1.4521905577071193e-2
0.253505153331325
6.385629550793605e-2
2.8171192478186325e-2
0.2078186339550549
0.12685636034113457
6.365218465473269e-2
0.17049214453719047
5.7262934985921096e-2
0.11703256782889611
3.010391934913694e-2
0.27013971688552063
0.3045700009628042
0.11192629904928464
2.8916527005766267e-2
0.2320519704005858
1.9355925993890365e-2
8.539727085972844e-2
0.14946483758097895
0.29136857239510217
0.14106197636842657
4.2582786793740925e-2
6.034669943375236e-2
5.846368238862428e-2
0.1404201196620424
3.1188367485194636e-2
0.14089944374217828
4.074872763766616e-2
0.15419296199975643
6.734323929013859e-2
6.382322385804069e-2
0.23216452254367068
0.13433997846749127
0.1308763172758807
0.18222652690936164
0.18384374169713297
3.0076108994612584e-2
7.109155199020975e-2
0.31016551643281715
0.13290506090374402
2.8876037910055042e-2
0.1683696973188849
8.581097388531721e-2
7.681203150210583e-2
0.1294316962287409
0.18364164980085523
4.263043585018916e-2
0.11385709635539301
0.18530072197637484
7.448754311633851e-2
6.813325590080863e-2
0.16786677270172734
0.10342357370432635
0.2536269353020752
0.15086592174566502
0.10197309885307179
9.897349447430479e-2
0.23234028564872727
7.732160073669252e-2
6.579597037985702e-2
0.12280998794404119
8.556578155689784e-2
0.12136059497497538
0.23585591469997164
0.1267280352712105
0.11718148859064252
0.2479215442000943
4.438371567894507e-2
8.299120851710055e-2
8.44300297070989e-2
4.645791255487536e-2
0.1266412131601284
7.352876851150943e-2
0.11961288206176487
0.1326195477646113
8.826544176854681e-2
0.12216747910648781
0.13670496176162014
0.14361097993382463
0.25418821520579604
9.325351933524041e-2
0.13676785653537898
0.10751147777598505
0.2566172892348114
8.407749007055297e-2
6.538927285946562e-2
0.1956875038929084
2.313707685537251e-2
8.080539254120571e-2
0.35349565557911256
0.12091320489298954
2.505896503675119e-2
0.1305830966716011
9.516299915492513e-2
1.585633482357276e-2
0.3318825662075553
4.9056700749006296e-2
0.12188031938599593
9.125671291493728e-2
0.20761005746235917
0.2677007829580881
6.32070884821731e-2
0.1561305671581454
0.11079248650368942
0.134286745287926
0.1132267294600355
6.914960437588806e-2
3.73784528736283e-2
0.1397208258681594
4.536649655665066e-2
0.12247410650314534
0.21767608275677802
0.1306586961860538
0.2280025641726043
0.34112975334603146
0.27956256698223453
9.679030300202598e-2
6.427808372130472e-3
0.21180781346486408
1.7826652125312713e-2
0.35906497266873166
4.4465082558129185e-2
0.3323711659128208
0.24368679670485793
4.136781951753969e-2
0.21444449849092795
2.901354552311597e-2
6.835387425398888e-2
3.185055372657425e-2
7.51924892330691e-2
9.192696007212062e-2
0.144082947898332
0.11640179544781715
7.874940598353582e-2
0.16798533832992127
8.38113537319207e-2
0.16792137158366702
5.123546539376236e-2
0.15212338824878574
0.12346201972377835
0.2687116324357244
0.22328321302796317
0.18164574406792214
9.777887654412906e-2
0.15255661942368168
0.20288373437966084
0.12141623448023142
0.17613941359689692
5.7367460340908526e-2
0.22571721229139383
9.182878343682838e-2
0.15576497401097514
0.2004470231295068
0.30287889375411625
0.1217461594502923
0.11632164749482463
0.2355558425439482
0.169634769649421
0.2541179808381576
4.5105611868689534e-2
6.672547688916068e-2
5.627551550024479e-2
0.1008968861264526
6.618493188309375e-2
0.14370864579173181
0.3277256799046886
1.240708904747273e-2
0.2678700212597143
4.968121451390669e-2
9.252972375939307e-2
0.3083328275160353
0.19994771128945016
0.17444131891991216
0.21815673745250413
6.1982804524739386e-2
1.8135161553603084e-2
0.26344542632226936
0.111231939928083
7.376623561860485e-2
0.3740010894933065
0.11904271165637566
0.10899977070649532
7.655204383467637e-2
0.16090904802526632
0.16880089635837037
0.12923406300281334
0.11022952377005353
4.064817661891307e-2
6.607367893475219e-2
2.1847211744455874e-2
0.10423434387209522
0.11532831014243783
0.1363653569494339
0.18177590165189067
2.5705018671700407e-2
0.14876433142338444
6.978494259989831e-2
5.176263376755104e-2
3.749311771999421e-2
0.1955440802791592
8.446500138520581e-2
7.419261369782472e-2
0.1415764698387069
4.4915561781323166e-2
4.734608961972657e-2
0.2888338839317327
0.15331743641432358
7.78901984889594e-2
0.1371959991292559
5.4054784293493655e-2
0.10885662151321329
0.11751539289558419
0.10950997731876426
0.1798679533488988
0.15578300203887124
0.2793947660277513
0.16519054069630906
0.19351566475203538
9.162977696179236e-2
0.12252127453823958
0.19708804956271
1.6567804170137135e-2
0.2614785058731859
7.34748809259119e-2
0.1468950726292141
0.1458371703028431
0.13368443511951833
0.3388363088949889
5.436216380658743e-2
0.2470044400497875
0.14599988814546114
0.18656360039490835
0.10861001870963945
7.177645179694472e-2
5.880871427435399e-2
9.026876523992821e-3
0.13616064722426552
0.2997929259037213
6.688671483830445e-2
7.06741107112047e-2
0.32238406328474906
5.982171966881149e-2
0.1566317833042618
5.953070223456165e-2
0.11918666677476324
6.860645913986278e-2
4.167865761672529e-2
2.650126554836474e-2
0.1935224320375713
0.15761594081772706
0.20029652423176114
7.83239711057651e-2
0.11933824321623518
0.27275666742446447
0.12007062954263814
0.20595999417524063
0.16643725376854962
6.383901475878581e-2
0.1487330507893169
0.14455347377841443
7.555154504859168e-2
0.19678667303452382
0.1073966436217337
7.594691944390317e-2
1.8744249268630896e-2
0.16542765173666701
5.124001590892001e-2
7.398603857162739e-2
0.22882539322507905
7.634099196911152e-2
0.14408216461767198
2.9634215585607006e-2
8.887037610640791e-2
7.501875210187677e-2
0.2749318436221292
0.15411818805529215
4.990605135307304e-2
0.16037483615971118
0.10652437377215751
1.2999318093790147e-2
8.923287885335117e-2
0.14224783699589322
0.13023873351824797
0.138952872644904
5.2374209587773925e-2
6.577274585017417e-2
0.11431369899712288
0.22867071153417567
0.28039340357365516
0.3113309415352029
3.1034837454728504e-2
0.17520089168909742
2.6252254984992673e-2
0.15825877286810053
0.12901471315668542
9.045168775672413e-2
0.12468654779229471
0.14128687327826928
0.1383264615080783
0.24385634996497765
0.2643125196480522
8.448055879849423e-2
0.12698726952765502
1.5295212422684468e-2
9.64292334777476e-2
0.14550173865798582
3.747370934505291e-2
0.13649104609673252
9.891293585841081e-2
0.1305966981554466
0.10509652039870625
8.833163796288218e-2
9.162145239833723e-2
5.695662176634629e-2
0.14729942455778328
8.37599689273065e-2
0.21786825043846575
0.1752120761764989
3.246085664353173e-2
0.13798021910707242
0.24130781633355328
0.2076374287275228
8.817664284855496e-2
2.1783690801161982e-2
9.879739777180623e-2
0.3125188476454955
0.20327197332155125
6.0080268219476665e-2
7.181632453314865e-2
7.94000049388181e-2
9.394316373465136e-2
0.1740161768850689
0.49071594962283627
5.912143459471527e-2
2.6957201032273736e-2
0.12450539452430302
2.057733675453407e-2
2.7573308039284226e-2
6.599572908560872e-2
0.11472174353979384
0.11649807043908304
0.1335644588603141
0.12089273707605253
7.838659977363123e-2
0.30659104524193875
0.10624008803185472
0.14892414170085058
0.145359551545465
4.111887215390771e-2
3.0044425597666947e-2
0.13291027587782941
0.1873512620293182
3.3067174051597495e-2
9.793018220387203e-2
0.14419433942719512
9.294188165946424e-2
0.239302731026314
0.19303706041142515
0.18011263153163257
0.22577724073586714
0.13546899379092675
0.19462855926737044
4.6682296301071714e-2
0.12835833747981068
0.10814780813516563
9.628705914461527e-2
0.10610529680811216
0.15875576718033882
0.11176821981403813
0.2486574487162812
0.22152934547616104
0.1731417737862265
0.2146974207419443
0.127119924486961
4.937059274791159e-2
2.8253266182432346e-2
0.108409599059995
0.3204016489021799
0.16625048220158162
3.5512331334431047e-2
0.30071054223388266
0.13470652194678695
1.8023202695435937e-2
0.11042094565972213
0.2604472269477779
0.1414280693659534
0.1731801726762267
6.959568436000294e-2
0.15226438651713367
0.14735684312131353
0.27871535254873636
5.7209836283843817e-2
0.10867453517480215
9.928991481780607e-2
9.494098544861358e-2
0.16574456239246335
9.374976444209454e-2
6.910738491006285e-2
7.97716090255162e-2
0.12788786120093648
0.22449461866502643
0.2539768813657469
5.078978523662288e-2
4.608222100226382e-2
0.18552405363683505
7.68474281951614e-2
4.5514696771757554e-2
5.803841628266635e-2
0.1405433454562482
0.2530260247383264
0.2080330386773213
4.623471836602574e-2
0.3454553679675237
0.18491746720771118
0.22529273143641895
5.46968573113464e-2
3.891667612072628e-2
0.1510196778482089
0.20616199845260752
0.33051931847368454
8.416911668345708e-2
6.071376731484107e-2
4.806663674488437e-2
1.9043849328791284e-2
0.29796730537383825
7.59111285347462e-2
5.250224360724378e-2
1.9472760418516633e-2
0.14101626880457258
6.0554207300950035e-2
4.3001884880071575e-2
0.29758555552920046
0.3061920295976747
6.235812235161163e-2
4.4237614583716625e-2
4.997830932016699e-2
0.13034255428668298
0.29848469087119767
0.23929465812453454
0.10136030576447774
0.21469336900374342
0.12903187191987125
0.10710355416463173
0.19580735869423097
9.773520559885271e-2
0.14561695506571942
4.206747578946923e-2
0.18511498788641964
0.20644579221720338
0.12838296433768953
6.759177580558062e-2
0.11954153031970338
1.6401448404012843e-2
9.086633806055253e-2
0.3192600058748289
1.6203631155168218e-2
0.15486093443344676
8.156604988852242e-2
0.16432496361001994
0.15423331185749636
6.0612521241359865e-2
7.295172147861562e-2
0.194919699692867
3.10101364564482e-2
7.431040875331673e-3
6.513735915758392e-2
0.11193980056524844
6.0760001978515735e-2
3.248084572456502e-2
0.18359779103519205
0.17740662962672352
0.17354049411485745
0.13329083314110618
0.2640474373148126
0.16621553966823494
0.13360319637396148
0.18318528102209422
3.161390350094565e-2
1.966587914644613e-2
0.12283672897961515
0.1603193591117677
6.289847656688223e-2
0.15868025603395414
0.21592344774677025
0.11905068810454696
0.19236559444388227
0.1166331100901429
0.14894568488467558
0.1481194126830377
0.2174123329157145
7.34133836883308e-2
5.844053017601397e-2
4.653760231940525e-2
0.187698675910181
0.20478996295532684
0.18432167131738897
0.21466614583590493
0.12268792575584349
0.18410461529780625
0.13621798587814812
0.15025343109552555
2.4190356159893466e-2
0.18577597426669556
0.11564852758200797
0.19744867071701275
0.10728978600152306
0.24271896217052208
6.578035418886816e-2
0.18896111011096833
0.16560399283302402
0.18317410046232774
0.2537361299423502
7.925860439366803e-2
0.14858510031951838
0.17822907704416982
6.542096908255435e-2
0.17558998539537218
0.15575962338712787
0.16503406572569626
3.834986431967206e-2
4.5563719705845176e-2
7.554999337572255e-2
0.11551675289452426
0.13277596772103545
0.15409280024945793
6.71983756057618e-2
3.546431292422719e-2
0.18229987936165068
0.14340457850690344
2.591060162474821e-2
7.798014628301907e-2
8.233475798488148e-2
0.24165821721306519
0.12574636153517849
9.21361065199242e-2
5.3208366505836324e-2
6.696538633143215e-2
0.19745034519321458
0.24831826548864963
0.10884298247505093
0.21669207252861272
0.10890257478726202
0.3587267590128
0.15656833404902634
6.1552259990053225e-2
0.16192634706980547
0.12759168693419404
0.18226887979483425
0.29230917035977677
7.829044911042604e-2
5.5392656390762296e-2
9.398771833998718e-2
4.923951851629049e-2
0.11306392553953182
0.12764851568758914
0.32146920502427906
8.296467436228183e-2
0.22005796628054233
0.18198428082417434
8.365499043366376e-2
5.232069993529438e-2
7.124920729564323e-2
6.284252800076566e-2
9.731713644340659e-2
1.1719120631154722e-2
0.1335224379994596
0.16246242598959512
4.3802820553145036e-2
0.2700426585583531
5.655939825349791e-2
0.17595133361047965
8.108365649354461e-2
0.11509304496039578
0.11162269460407989
0.25316451704791504
0.11501998197276153
7.853404418091607e-2
0.10879510100329118
1.6822384748515728e-2
0.14878770920557555
0.13300366234567068
0.1738029353132
0.11425532238988974
0.11886842864089983
3.71916287025183e-2
7.283434065366864e-2
0.11082570114900907
1.5598168314290261e-2
3.357047364860466e-2
0.1933784699984447
0.1454487453242505
7.628247783136602e-2
0.16163231587668841
9.066229967650231e-2
7.786703263677214e-2
0.13088356768637882
0.25342837789048783
9.302352602174509e-2
8.838473347237462e-2
4.294498857619968e-2
0.1547274956817417
0.11991721588059834
0.15818468190034923
0.13216230338169352
0.1926778085711368
5.3826526225747476e-2
6.79474719373697e-2
0.13201138779513655
0.1916422859591823
0.148429228320836
2.9176047443943122e-2
0.14418011990717514
0.11214140093275775
8.130720413988832e-2
9.377450534586348e-2
0.15751596684216737
0.12324487076799259
0.1420714244422529
0.30437542760202935
0.12369433342291844
0.19480076966530296
0.14766457909782188
0.3385643750462157
6.325147785017207e-2
0.10951026915586799
0.11501410277356745
1.9052998166217694e-2
8.757706908268532e-2
0.12840719405994863
8.660994389512709e-2
0.1288742543454759
3.9549130189073564e-2
9.704933144527829e-2
5.20581723843659e-2
0.12227860873813942
5.9272108515068624e-2
0.12445438455760469
0.19930002360471702
4.334025405141093e-2
0.14646210799699633
2.1046412435138884e-2
9.622067475649923e-2
9.766679143503403e-2
0.18976640370271922
0.18113645138421658
0.1361030932110635
0.20948129069059535
0.1525065986857435
1.2499236748699937e-2
0.11689883876725152
0.10272970469078502
0.13975350957177538
0.1331824432750163
0.23356835833872824
0.15168176205692513
0.2302253495622672
2.6482693746605113e-2
0.16134369938397203
0.13938385761560518
0.19305715137795104
1.9818712710118126e-2
0.2171893558983836
9.116796331123218e-2
0.1257505522091058
0.11270882103918503
8.365760782288205e-2
0.10426165199600188
0.14911679715980264
0.18248005181377797
0.17802221853769648
0.24200446737210587
6.39747172875775e-2
4.3345143920334575e-2
0.25378444626459074
0.16976153477363817
0.21310174818067967
3.9557556561245086e-2
3.352018009018779e-2
0.19027799238854803
4.4851949996092565e-2
0.10589861685451445
5.3916461057438816e-2
0.12382026068501477
9.453628943432245e-2
0.24143342002835824
2.7735462428805667e-2
0.12630064840398875
4.387277569895369e-2
0.11026516299936504
0.2652838420623761
6.00087204418008e-2
0.10624478934066758
6.370465172537589e-2
4.530358026079708e-2
5.4754410233402204e-2
0.16731461100600348
4.902940608167392e-2
0.2542237663587291
0.13251006282490801
6.710424933456482e-2
0.10552372099678417
3.0472875178442705e-2
6.580068516826432e-2
0.22198442885255357
0.2823160297163606
0.11429223527476946
0.19667945721202962
0.120368280178211
0.24915891996861533
6.440419291990414e-2
0.2518972833367258
6.266579957161666e-2
0.11766911088468375
9.986395470487752e-2
0.13592696514134478
0.1309863545347925
0.30916102587736694
0.18114545428432627
2.6527188227664967e-2
0.11743854619151736
0.1389200526563862
0.2418527518965409
0.2192454547025388
0.20007866223921367
5.17926996857246e-2
7.194339470661425e-2
8.382634780109391e-2
6.765395468446454e-2
9.396098681769552e-2
0.1494220464639718
0.1556173989678521
0.12066554931965259
0.18661160886398076
0.10562761838028592
3.0868376426671007e-2
8.241599638849764e-2
0.16744647993971679
6.608277465952213e-2
6.816578996361121e-2
0.1069253545349849
6.980636622353426e-2
0.16913482414876485
1.2016925481872397e-2
0.10577396180107672
0.21330223352810126
0.23883704137221112
3.293350135030819e-2
0.3041858643371268
3.210760317855983e-2
0.1371082880717726
7.931968283120568e-2
7.316286526592533e-2
0.22485116888320283
0.13659355678189203
0.17725471624390682
6.599142115782361e-2
4.867130120514358e-2
7.666848347400493e-2
4.9022024316017654e-2
0.22210198832034028
6.209818511374123e-2
0.1492037111525911
9.764765426955875e-2
0.12480964356957738
0.15485449180727925
0.14515430429977094
0.12982633043711136
0.18091951933441613
7.245941695797006e-2
0.10780052649790714
0.1652275715612205
8.341145482914246e-2
0.13251754883463568
0.2688126421359853
0.19973724852984726
0.16833793450582504
5.9653851089921994e-2
0.14589127581445535
0.1569791286967425
0.2098011743171339
0.2253568000106801
8.809713390358215e-2
7.032154362370856e-2
9.522612543197416e-2
2.866657012042645e-2
0.13637690515969608
0.11268576844730775
0.2333369707036863
2.0604218930808882e-2
0.10340479697097535
0.13035308549236968
5.71895755119208e-2
5.8318741562557806e-2
0.14747217576346552
0.10167985034388723
7.386631831611182e-2
2.2536369483083196e-2
0.1306421730713073
0.25674519787507966
9.010372600186001e-2
0.21663147159923657
2.3521251655961816e-2
6.224435548452902e-2
8.312135879239765e-2
6.026990519246931e-2
0.18404330393234836
0.16318445720919877
4.005009677193013e-2
0.11457760847965844
0.2021680876119369
3.1007009650358897e-2
0.14346195069523437
0.1978896827246787
0.18948335992202378
5.496487319504715e-2
0.13174705483195548
0.1955087091560651
5.8731324820050446e-2
0.1571213655274755
3.325403801197367e-2
7.876656374740348e-2
1.1174950215122104e-2
7.682609257972119e-2
0.19332205291542998
0.13477817297751163
0.11286938914341119
0.1709473461264976
0.22728601946466337
0.29471143306678615
0.1295080217736069
5.9709650326346286e-2
0.20002025363828851
0.18463546614300166
8.422500504322011e-2
0.26576864282664925
0.10450053011077509
0.13685823146891235
0.267774774346414
0.289740588402271
0.13301793868782114
8.528047066569679e-2
5.596914991801276e-2
0.13384579914696665
7.12551172388188e-2
0.13808066431208751
0.291482950926983
8.761669702766497e-2
0.15140211540137893
4.443013773089542e-2
0.1514201884989085
0.16320275489519914
0.10668807189858709
0.23073298154553265
0.10459478111897683
0.20535906363262008
0.11459877720259734
5.0476271730401236e-2
0.17289895480904333
0.2293390491286237
0.19759296970012735
3.860696359184577e-2
0.11618153819494448
0.19702622960460836
0.10193857222519824
7.753415778412256e-2
3.947863203025746e-2
9.298489283812905e-2
0.17880707086176467
1.3325762736904789e-2
7.31056628495127e-2
7.951412389100053e-2
5.776546493682412e-2
0.12926186470591094
9.96727504677219e-2
0.1738475455944501
2.9372766947823557e-2
2.933082061543396e-2
0.1902172061983584
0.1350808749558935
0.2267405423352841
1.4203040940799948e-2
7.93744881648221e-2
2.7791885130316506e-2
6.85522667415505e-2
9.592505930678287e-2
0.13523721213176715
0.14312162071292192
0.2409173515004231
0.15688042581628445
2.4317111467817988e-2
0.1606359451276635
0.10232452211093013
6.293137254654625e-2
0.15370789304426374
0.16885211687863627
0.12282282116892711
0.2414826830338531
9.962332690089701e-2
0.1853236662862725
3.9137490685200935e-2
0.1007051961450279
4.2111023897487984e-2
0.14727509322202895
0.13273881353846279
9.829553910013869e-2
0.15912160909460665
9.720600181694528e-2
0.13347109734396492
1.2148595801352514e-2
3.934470674916467e-2
0.2627455323104991
0.18075265444607544
4.2812848903386824e-2
1.95150010886866e-2
0.1966882191474618
0.12843095078952507
9.575254864047347e-2
1.7388510335453865e-2
0.12402531481593933
0.18999381311107194
0.18676577852755996
0.21729356022101226
2.461513167660765e-2
0.38672594627706147
0.18314407048600093
5.096233060512813e-2
0.12277402037134813
8.72077744403377e-2
5.4169623826199144e-2
8.92407212982215e-2
0.2382400787687315
0.10930277380255486
7.745438003688396e-2
1.6464543746993354e-2
0.25913362664107303
7.93487708544155e-2
0.10930811578810773
0.13706321658628756
9.174510331044719e-2
6.146790272268042e-2
0.11586770774948943
0.3363812119071707
0.20891347523321624
3.968354893110608e-2
0.14291319758806414
0.12139972002570931
9.731945667785165e-2
0.11144010441474972
6.807902292343739e-2
0.13282938271198885
2.5340642465196718e-2
0.10367542234422981
0.1458170522955107
0.10067064896859498
0.14658534013421134
0.11396325616654286
7.603063750789082e-2
0.2683247636820326
0.20677035995361273
8.050154431296094e-2
0.11549095342414066
0.11322416484257551
0.24744721873992534
7.22870981731559e-2
3.903043428204376e-2
8.910388933897057e-2
0.14695496538738323
7.865401786024366e-2
0.19212744124297382
0.2216536274477301
4.360347994019963e-2
0.1239635656889642
0.3424351829119568
1.3568831681062443e-2
6.502037688644366e-2
6.72693594698641e-2
0.1263001637327624
5.2780378586492774e-2
0.1797823497642062
0.23143754791962934
4.1457825229072855e-2
8.358799336472941e-2
4.4147416644918024e-2
0.22731445488154306
2.4469935362005736e-2
8.176112323804967e-2
0.12090130380525901
0.11767113830160672
0.25407967625882033
0.29112191629704587
5.469045511310154e-2
0.1262345564851385
2.0742257110432205e-2
9.677820714985833e-2
9.005377373684134e-2
0.23846997297075015
0.1104321412243141
0.12516845492822243
9.47181335932122e-2
4.889109293386766e-2
0.19418638606172564
0.13545826160040636
0.1808708762830912
5.684871597378257e-2
0.13439804394448734
0.10402407423570219
0.15960773851886115
0.20151441360560818
0.19561428057026373
6.332139485120283e-2
6.846527374332537e-2
0.1460482763757967
8.759365239776543e-2
8.093287353186064e-2
0.1547852013468305
0.1426634349849391
3.4575781335935106e-2
7.694868833001807e-2
9.658708709394258e-2
0.14592916427954578
0.16290277636846423
0.2527118792573152
3.686860070386082e-2
5.4488852138372526e-2
2.6078987888804927e-2
9.422104867272532e-2
0.11025645270048427
0.3270515574494247
0.11200336310887211
7.345527210863176e-2
0.17366824596461639
0.1710350137865233
5.989843605210178e-2
0.21294082859527977
1.2219024182110261e-2
0.12996180153987533
0.12142352875098825
0.13880579396741358
0.2104090969403451
5.894447581641575e-2
5.15172079035647e-2
6.106618469576682e-2
0.10738182110482478
3.0039447559012777e-2
2.419797481582381e-2
7.95178689207289e-2
3.459950029642246e-2
8.42826105469997e-2
0.25617943554180583
1.8767679426914586e-2
2.7271620533449392e-2
0.11880225792483623
0.10577829218687869
7.117400328984706e-2
0.12435324526692582
0.1308393032802176
0.12020255938582533
0.15734188633292034
0.20606375810894978
0.1552152053224971
0.20905950487091923
0.14185540271957248
0.264136641767296
3.433032217307994e-2
0.1303755217183648
3.796150158316328e-2
0.154058813632022
0.21118248911840487
0.14320410858807323
0.13948609285575855
0.1090567823221523
0.12282047415270167
9.029733294526984e-2
6.213822593147831e-2
0.21514161401491289
0.10761222863550812
2.836743698334717e-2
7.190301547525689e-2
5.299094181633248e-2
0.1929687584861608
0.13131260636439696
0.35393802575834205
4.462930764685099e-2
4.709437010690727e-2
4.167537729912492e-2
0.17424812026159692
0.13108239857388848
0.15583756326417983
0.2378828113262988
8.05865331990128e-2
7.891281768602516e-2
0.13484475063136045
0.1687883740012867
0.15170385724462296
8.177139088411045e-2
0.23577275064599185
2.435452397315313e-2
7.741116191309146e-2
0.21319199643225045
0.17237622820849152
0.3081200745463755
8.817493297827991e-2
0.1087198653573354
0.10096259507393954
5.747723949367543e-2
0.13724942726797187
9.91134425936786e-2
6.765574999809096e-2
0.19738538970762196
0.13604749652293235
0.25357239508710017
0.15723939805125778
0.1567875193594675
0.29960714079895623
9.589122609531127e-2
0.1332184764263397
5.701995137780216e-2
0.20185960617274318
3.082302211258505e-2
0.16756537777965214
0.24730286213682567
2.3914661492246546e-2
3.32002375062776e-2
0.14402908978855447
0.11724390777393053
3.972927949804039e-2
3.860975512028053e-2
0.11478358835310506
9.82401875792219e-2
0.12711093836989967
0.1332225652377652
7.61696055815245e-2
0.1019893369299271
0.2245781475815091
0.13478433546478566
3.169847938328603e-2
0.19180054113262646
0.10907658007203987
5.149537982756651e-2
8.767096759989809e-2
0.11050056402320385
8.008032058551975e-2
0.23952354072892507
0.12441215588388052
0.13920651401111983
1.2700955496943899e-2
0.17704985404353238
0.23673027674999264
0.13901277410732676
0.14980967928427757
4.778192170813854e-2
7.738248381509058e-2
6.901887554322009e-2
7.758379562588742e-2
7.872281531178718e-2
0.16863102058863175
0.12150627588120344
3.617611131897911e-2
0.1029350668745546
0.19628875398486376
8.412459430174599e-2
7.588273413606852e-2
9.494561574174401e-2
0.10994941530710131
0.19186218442932781
0.17335818032573036
0.17985586996317113
5.827905263855171e-2
0.3293552901336991
0.10117810650761117
8.992140142862208e-2
7.839868613024932e-2
0.1976595841109891
6.51808686697971e-2
0.14980855670969043
2.9753055193343203e-2
0.1820581684526446
0.15067628023466964
3.394926589707736e-2
0.11996555438836017
0.17276009185690572
1.520923044663729e-2
0.2776585432721272
7.335855319114608e-2
6.987494027390398e-2
2.2528812213765737e-2
0.15164825501275575
0.21412187673517585
1.818891547504218e-2
7.895812141733725e-2
0.11249102427455397
0.16991441700993298
0.15316538373192304
2.982009979600033e-2
0.2529980824277649
0.12173429993620928
0.11338869375648489
0.11878672045409089
2.574595734781566e-2
4.499529151292975e-2
4.6829839740592315e-2
0.13590997727817306
7.247068316365134e-2
1.6319508715350973e-2
0.14554794521530184
0.24921993322365488
3.343441820878734e-2
0.11524860036957088
0.20486854846766525
0.20970735891075482
0.17001835941677573
6.853566406886749e-2
4.872604457871209e-2
0.10424247308673543
6.6162129688919e-2
2.5788122378480226e-2
0.1913295170245966
0.11398876414716874
8.905546140830067e-3
7.156008434138725e-2
0.10610808088805615
0.1974650495658284
0.351187411883732
0.20645683143082647
4.52857610049555e-2
6.480020665735287e-2
4.863395115759257e-2
7.417571644049942e-2
0.15140156387920742
0.16294537516355612
0.10595118398936079
1.1817588623174613e-2
0.1930704910260927
5.1538384717828414e-2
6.98644699343021e-2
6.976317584395836e-2
0.23728436180222762
0.1723633691229341
6.696518355062855e-2
3.9118900632269846e-2
0.1351328431376994
0.11172511393127889
0.13794679973090412
2.4486441303011818e-2
0.10221247327754265
0.14933165753642838
0.19338089938312195
0.15521485890765754
6.821534210216565e-2
0.17065938139719655
0.17199135362573192
8.91978362790237e-2
0.20172815626665716
9.051768265862851e-2
0.19110982710282043
2.054816245166601e-2
7.898502551525717e-2
4.870946767763242e-2
0.10467470485248094
0.16014191673908976
0.11232253279311036
1.3241126974992834e-2
0.34684159033717704
5.824062120514266e-2
0.11961799937562012
0.11311716375343835
0.18214443863106583
0.1198716348271891
4.6313958111417405e-2
8.678976705344292e-2
0.10719949251757992
0.12642988682684547
0.10911845107744562
2.142601684222358e-2
0.22316465574377134
0.11766951026991301
0.31250096209617917
0.33449321253671616
4.274374133200408e-2
9.453359261969824e-2
3.169687470827237e-2
2.3097330398639183e-2
0.2588171907915844
0.2199728323834112
0.1011423743991142
9.775153886654789e-2
7.004880221419166e-2
1.7386277142919924e-2
8.714322765539566e-2
0.16202009071549367
0.22248092153600899
0.11536598303283516
9.296559368512468e-2
9.992528116983992e-2
7.83203622942367e-2
0.11847595219081257
9.652157902732149e-2
0.13573639004342594
0.1634040572151501
0.12497480854889967
0.10179311575541408
6.884576542992987e-2
0.21979789103393416
1.459852516021214e-2
2.3136900756037238e-2
0.22223653272166458
0.2300946360931766
8.730405423870849e-2
0.3292946765216148
1.793236382678546e-2
0.20655321986677833
0.19932354751013487
0.1346053503367445
0.18840462669624608
0.12502249671322135
0.10580310144061433
0.17646484412867233
8.28013252688245e-2
0.1279310226082082
0.2187870887450226
5.943546036675422e-2
9.74002079336642e-2
0.11786250240607514
0.14097132651390437
0.15393587870544495
6.1315106860117895e-2
2.5594397963077376e-2
0.15589857388266565
5.3603950577286986e-2
5.917648274804198e-2
0.2506024859210151
7.873216613605952e-2
0.20824414919265682
0.22831950473472218
1.966997154909672e-2
0.13626150398896622
6.006626557119947e-2
5.1863229713284574e-2
0.15096921659580245
0.11210615235294541
0.20582810061387918
0.12128587091257907
0.1115966750064102
0.21688649635263477
0.1781526590519388
4.082143042192762e-2
0.15299546685416718
0.20799871891021593
0.21333431587953006
0.29303975746709227
4.302955229171816e-2
9.135492353386902e-2
2.7799345003603714e-2
0.20217336124823157
3.652644712887523e-2
3.5698292301756404e-2
5.914361261618656e-2
0.24165566574584213
5.1404447294249825e-2
0.13843779504470058
0.10090281107367653
6.464134487324727e-2
0.1448530871892828
0.24247099744408612
0.17689747683697146
0.15335402305154094
0.14885492550376994
0.13301959497288648
0.12274028035030185
0.23257494539244306
7.215234058954847e-2
4.498717214324388e-2
3.80508351739435e-2
0.20341409930563978
0.2111367856745968
0.20322042803431853
1.8330371287193958e-2
8.648289952051925e-2
0.13657476788807993
0.12142284757060195
0.12725806287204433
0.10643094430853595
0.2648245263468443
0.19134815055341334
0.10303301254977473
7.899722632252809e-2
0.10870028811741579
9.680410743663957e-2
0.17514283385355456
7.254562970379035e-2
7.868455642807534e-2
0.10387154166698549
0.16525763854287093
0.1673584090331559
9.31607399882307e-2
0.1772676213481492
0.13155532134334588
0.18182806812649951
0.1249806915702468
1.0925688621056705e-2
0.22281502020968258
6.927092215089911e-2
0.1986721480720496
0.16647150100050667
8.290491561032244e-2
0.15177347058644158
5.8278299102174816e-2
0.19875764647011512
0.1278729544970575
0.23761153734483434
0.11710312657087767
9.864812414400034e-2
0.1872366095926886
0.12811575474437956
0.16117143848747428
3.0173896562609392e-2
0.19035056394987704
9.253176867761613e-2
0.18835284921769685
0.1904945019571779
6.351693331432132e-2
4.212177875635107e-2
9.656814250993459e-2
0.10159942303698544
7.072764310079556e-2
5.76679443765058e-2
0.13830941795017188
0.21397126526287974
6.1215785220563625e-2
0.11865758668570944
0.20471749137204923
0.13315678939622472
0.13112299621887374
0.13142027730676642
0.12223601594273341
8.638883209230384e-2
2.471496327488947e-2
4.407057840170918e-2
0.3681783716984789
7.455570820141655e-2
1.288215224923427e-2
0.1009836410108788
0.10466022896038862
9.816887171982769e-2
0.29524307729045607
8.063839491767404e-2
6.1741662865471635e-2
0.11939263022202887
5.492788198463634e-2
6.718536308450979e-2
0.16578980633035384
0.10047864028909044
7.201629956985514e-2
5.0180972510701694e-2
0.16453347590325107
9.802181496703373e-2
0.20699852926243228
0.16075750275699327
0.26528681906920526
0.16911510268403426
0.17554105930278777
0.1473087226745942
0.16234538172866983
0.14683355417248817
2.2637244466425045e-2
2.935493068371081e-2
7.905723252842896e-2
9.641482896446225e-2
7.882547761575459e-2
0.35415437496121677
5.680618225668478e-2
0.19837878565017694
3.740882990880242e-2
0.13318115026119598
5.7215451039522705e-2
0.15300388485608668
0.14198012523462508
5.5059000806578315e-2
0.12393061662482963
0.13437427311125377
9.035385683036637e-2
0.17515817240640658
0.15451427539780416
0.27766604496286024
7.918100553264638e-2
1.741994586394806e-2
2.8004712892110928e-2
6.055245933194061e-2
4.2288817351316045e-2
0.11697424519537884
0.2500860993174411
0.224636222444271
9.08399716327848e-2
0.1305749742981654
0.34359269785544827
3.8053414003853335e-2
0.1849595700115913
4.871328633952602e-2
0.14027838770446432
0.16753231530795912
6.55226508089963e-2
0.227644746047757
0.1267622954947948
0.1235686152483539
0.12482060163489091
6.78344047795548e-2
0.21970262910246235
8.703409923611796e-2
5.159621925615669e-2
7.268598794880103e-2
6.543721184907628e-2
0.3077945059381777
0.1005306687313245
0.10900632329844598
0.1357646467528535
0.10510100821584771
0.13154152277255818
0.1251856270594464
0.15374041947569145
0.17088389351759964
0.1801125470493229
0.14317516444860823
4.8592254786214026e-2
8.285730071891777e-2
9.287997217471233e-3
0.17769261060573016
0.18552494129031413
0.2673773229417557
6.428594758840828e-2
9.220476949922694e-2
0.1585333043207128
4.9066422646771315e-2
1.0560492814510925e-2
7.771357189518618e-2
0.11735773428340619
9.238172389224307e-2
0.14895476151448972
0.2433005521533297
0.24420214836627965
0.2054574661157244
0.10668066288961982
5.57022606937976e-2
2.5702177783685422e-2
2.585259475988442e-2
4.19020971384144e-2
8.20215028315807e-2
0.1005108639006401
0.14431270398542778
0.13947556865012395
5.8857332470755655e-2
0.1007885947328913
0.1663503113397623
6.2241609847946536e-2
0.12480262070980404
0.11143743693484229
6.011063115221309e-2
0.11870611466172858
9.325178829092616e-2
0.2241565587800592
0.16476190468982535
0.2200216955502076
0.16820463389498005
2.0315681662723063e-2
0.11374576838954628
1.0414381687066775e-2
0.10029345314942661
9.956918911824042e-3
7.047699525628004e-2
5.8167224119428484e-2
4.745559366004822e-2
0.2056970414876142
7.747223958909027e-2
4.366711695390132e-2
6.0267528387937884e-2
9.335538324684017e-2
0.12231901651034238
0.12809234920648652
8.208082691069392e-2
0.15762783151091778
9.357635755469025e-2
0.1264651438543174
9.612036130410315e-2
0.20705891962182213
0.2879875630207783
5.119839491858138e-2
4.6424845284276525e-2
0.2779368392709127
0.19629918679470648
0.12434438282538327
0.14553238369206484
8.389960551767789e-2
0.11367099511569903
0.23535743732475986
0.16036668681956856
5.155014454887681e-2
4.680147182802694e-2
9.041962961883714e-2
0.2981328151920866
0.2479700452435786
0.17405647477556294
0.10449069906462745
0.11486947379918873
5.1111538200912535e-2
0.30832804767984384
0.15966982019344514
7.017265230592083e-2
0.10202458282911837
0.10721153629495506
0.19527081583937278
9.807860910861546e-2
0.22807966694710263
0.11472688009925333
0.20519397073812948
9.850417149268482e-2
0.13516821481608443
0.16386247643026702
0.10529957076261982
0.17165583563648365
0.21362556921767029
0.27586204361364075
7.982808509286878e-2
3.2650222737154566e-2
0.20751567634533977
0.1085963274097074
6.25323450217265e-2
0.16121633555720843
0.19040606660357257
0.11964611547958566
5.920529387308032e-2
4.558030755996827e-2
6.746919814944208e-2
0.1019489234918594
8.365273638708157e-2
0.24608469242937964
5.222329897678305e-2
3.608675076218358e-2
0.16970080510129382
0.15652099540441866
7.413255263165588e-2
0.1992844560440338
0.12306466552053366
0.11327827482803823
0.14914760796625892
0.17415957385622763
7.260216048173317e-2
0.11372449246824597
0.10844329165808478
4.9761116436275364e-2
2.7482552911759228e-2
0.335655131949962
0.1256782120897261
7.14567696056792e-2
0.11022407293354197
7.58910925864451e-2
2.799297659442095e-2
0.11628937701627728
4.1145098249149525e-2
1.436673368757525e-2
0.1431265978835934
6.60355431020393e-2
4.239398081508514e-2
0.11301231129679778
2.499580331473634e-2
0.23787627047811633
4.3911980904760284e-2
9.626505915332564e-2
0.11666630458952665
0.1374342514025756
0.20135361465990265
5.4922602240974415e-2
6.372472461661234e-2
4.706222474451599e-2
0.17985843178788782
0.11197714199393535
0.16653942335381483
2.2101819646434772e-2
0.11308074026507464
9.506489939051255e-2
0.27534816039909493
9.590623397604747e-3
5.843785569473511e-2
0.126184222032991
8.388536004545016e-2
6.882983597116765e-2
0.12821203705081818
6.5563817138916e-2
0.1892144541735143
0.18512166925251333
0.32566647701962964
0.21867796827303598
0.2266963878539742
8.362957277091557e-2
1.2866666147276606e-2
0.2225916938193405
2.3246071522404755e-2
0.13891599556485051
0.12246153854238026
0.11184871255260306
0.1586146794933631
1.444272263527443e-2
1.1699900008901165e-2
7.440469012647036e-2
3.766658259473825e-2
9.201458471572221e-2
6.869929761107521e-2
0.19977191869714242
0.12369020229063972
9.871018490718385e-2
0.2984837669196555
0.27410429415594595
0.1706280176857055
5.7603337387102174e-2
0.10888748532294959
3.569271522657319e-2
0.27071000117732047
0.11032739125399675
0.14142206455287534
6.750071316802216e-2
0.1180117995960035
0.18371038125217837
0.19340837891049795
0.17222109713551098
0.17036125419357798
5.4764882592006695e-2
0.1344370705050286
0.16848626874236255
0.12125715390856104
8.542743642803596e-2
0.11745542180885656
5.654981286304008e-2
8.462893892722181e-2
9.256645453363563e-2
0.1934533675347912
7.107365182347922e-2
0.19550080297189393
0.38404719414521926
0.18052024134329892
0.18425998525676163
0.23571045676718558
0.14441657166939068
9.19046992340392e-2
0.13427351287770786
0.3061921921357607
4.897158989338248e-2
0.1225492274486851
2.213736618539066e-2
0.30090023100196783
9.270929900621105e-2
9.4322439780571e-2
0.2114278198376403
0.28955756032289487
0.17099912308087845
5.345978426228285e-2
0.10372066552159676
0.15600588188794687
1.1443782180352058e-2
8.497579721475526e-2
8.74852758664627e-3
0.1530432968118199
0.1974423385410037
6.294739003645893e-2
0.10726289878054665
0.16929400633756914
7.909875292194839e-2
0.2166811554341393
6.576325685756658e-2
3.1755149633597914e-2
0.19461726682235006
0.13497591202410134
0.17451600290895325
5.7494954510879236e-2
7.821335496289941e-2
3.547332987106163e-2
5.1261208218406185e-2
0.12162613557265183
0.10582911024891584
7.475686509182491e-2
6.859986001003104e-2
0.10695578385917845
6.0573928804442054e-2
0.195443758849086
0.11163239397323114
0.19331712983424154
0.175334948402558
7.171299223856414e-2
6.667881710048071e-2
0.16199417491661489
0.24996168527255383
0.17673915285733868
0.15977335454838584
0.18252200745244798
1.7480741708037983e-2
7.862115606448332e-2
0.10977048965570309
4.066733142272801e-2
0.20729098138268323
0.15976924519348962
6.797133269073005e-2
9.028572724888707e-3
7.424782083164835e-2
0.11448315356654
0.15964817243813625
6.716668187170935e-2
0.21321914700233963
0.1312418688119572
8.443433168430457e-2
6.291850612914578e-2
5.755154758412082e-2
6.443410062752146e-2
0.10484376867198505
4.1048974558892816e-2
0.3004048049296186
5.3317387183917986e-2
9.202702104997551e-2
5.764390977934356e-2
1.8114736910586526e-2
3.1021784336551384e-2
6.159182121109692e-2
0.20212511622648482
0.10028583878557269
0.1892758803761469
2.6309014389222084e-2
2.897710285920848e-2
0.1799348905208725
0.22851597596902762
0.14477023413145682
9.065707892806875e-2
8.452362219481997e-2
0.13865279378551837
1.9841482047806412e-2
0.10188375068229867
0.1696424101709913
0.30429426201092624
0.35811068125399914
0.18936335788243308
4.8726779494272586e-2
3.44687609934181e-2
0.12200363228415365
0.18885411778692288
0.11773424807089143
0.34205625902483144
0.16631235003368652
0.1428926008851429
0.11832959675907853
4.033245220413414e-2
6.709786943799737e-2
6.339859043373833e-2
2.789672258553143e-2
8.30985905934805e-2
0.11235846927693025
0.11862129265413772
0.34456537709647306
1.734346794794366e-2
2.0859098161000254e-2
0.4070316964856689
0.1334781838156157
0.3279825277844486
0.14933381337077045
0.13280479334783896
5.996895153309236e-2
0.14063651608055466
0.17510317461481567
8.454947189295776e-2
0.12930317034701447
9.030753078099134e-2
0.14592183852180507
2.8929196927297608e-2
0.11522176376941226
4.1856840211418e-2
0.12121817103050345
1.0744104321699588e-2
0.13867021361728588
0.1065276325652833
8.070324988992547e-2
2.3435483315009643e-2
6.1318974924134115e-2
6.065904949842497e-2
0.11529473647525786
0.10315017435786855
8.773786694343941e-2
0.17015910969552756
0.17466071801684868
0.16475564785200253
0.11538560608545734
0.10600030479445857
0.21293299771573332
2.9904099802246432e-2
9.759166765920083e-2
5.802260300226468e-2
0.17861186548939278
0.19103451687949685
8.232712943448803e-2
0.1688545313866135
6.866135895537498e-2
2.4571271835208686e-2
6.471701043401706e-2
3.930472173127514e-2
2.7954524308693374e-2
0.2021036646727711
0.27227647035552816
0.21721105871821184
5.597387533154645e-2
7.858687521703006e-2
4.627819925057225e-2
0.15067579247762586
0.16642115494227117
9.695551236701262e-2
0.17728040872221076
0.17373139227043027
0.15572321171341294
0.16542144979730813
0.2005950408063212
6.755492618190692e-2
0.20805046330127527
3.6112869386386484e-2
0.12730199137689505
0.20924469848307609
0.15877695720724236
0.1430723608050825
0.14434516448546328
5.688329914621589e-2
0.13643749083573214
5.675317302988482e-2
5.083201515349349e-2
3.556887316595083e-2
0.1043430443591061
8.503546632518151e-2
0.12900356131809904
1.3857185584658737e-2
5.246936323372703e-2
0.13208401508474163
7.411402679873305e-2
0.1139776598219299
8.572759351695033e-2
0.17649222218655947
0.11133919504803444
0.13667573555634566
4.952207815261859e-2
0.1730057356333443
0.11067336461542891
0.3012384983440598
3.804901089399835e-2
8.758833125585888e-2
9.277728015216491e-2
2.7374440821180446e-2
0.17808611307314012
0.1608713444462742
0.11627744564112699
0.170472032909073
0.16930713065722416
0.18564199442892923
0.1327105235775469
1.1810252896781458e-2
0.10376219044941179
4.055530562338174e-2
0.10300074582954424
9.75197427812519e-2
2.2858430859822875e-2
2.9827614255756252e-2
2.5690708240121384e-2
8.286794103890735e-2
8.620860759388482e-2
2.6677196515987524e-2
0.11653477256040565
4.772385090927876e-2
7.868644908504674e-2
0.10110301176562894
2.1659791930536944e-2
0.17431176743042034
5.7249216259806404e-2
4.899012165888048e-2
0.15457354495225778
0.1687260298021524
0.12692577009661726
0.19586044721037948
0.12410529313457797
1.4650532253701975e-2
7.465796515905962e-2
7.457434614734429e-2
0.10887263431113625
0.1402641742098726
8.834693427937854e-2
0.2554301021443434
4.443401448942576e-2
4.8751624703492105e-2
0.17028118872062237
0.1287662241006194
7.89177633729212e-2
0.3570948442584463
0.15123853824243458
0.2008109212216959
7.525212248042783e-2
7.281409102376808e-2
6.524686638383512e-2
1.726477507553399e-2
0.13061790177105062
0.2241342921133341
8.554259867530223e-2
0.20724915901027266
0.12912436888076817
0.21222727605638916
0.1624847155523393
0.15388892370179535
0.2510040892669272
0.11511327231184325
8.910531716641537e-2
0.2642383287247119
0.1559212620377631
5.067277785648031e-2
0.24644565879525687
7.661713871102815e-2
0.14683357795803986
3.968575692859753e-2
2.2368417506759587e-2
0.1817728351288789
6.0310160664715694e-2
6.1491233657231206e-2
0.14139775710185032
9.902716305616595e-2
0.14869286867847636
0.13908517053163583
8.121333930175527e-2
0.22565913250466002
0.13324433083552817
0.21662648937805917
0.12801197526939764
0.12361948189211605
9.763999978339911e-2
0.2327331409490761
0.15650801851040014
8.78076989346343e-2
0.18594021738077943
7.307028677469418e-2
2.7981720735800575e-2
2.1244735349026156e-2
0.12247258596352066
1.7368811527999805e-2
1.7320743969796305e-2
0.1544145045792925
0.17742854446144102
0.1478176774466579
0.20911264578844468
7.848008925095114e-2
0.21178161697987888
6.016261950559511e-2
0.11083471602150388
1.748749370044208e-2
2.3677561716745767e-2
0.22740205878286207
0.12718431081057896
0.16945102446166702
6.169064444588237e-2
7.841901372069748e-2
0.167785593971269
0.14346657263388143
9.234030478588984e-2
0.28644548275162507
0.1450489831744636
0.12757988718226376
2.552291213783344e-2
0.2766061979582477
0.10045727607781685
0.10261400548804075
0.13123001359170056
5.9951960949254465e-2
0.14243607665626803
0.20611537263831975
0.253533011845786
0.10213739612491021
0.20876611705914644
3.865602516572582e-2
0.11203152587689605
4.009056795320781e-2
0.1182196949043532
0.12711917382280355
7.970946197866893e-2
7.822805299074817e-2
6.558720926810348e-2
6.086627167436885e-2
7.145221612970368e-2
0.1705950971386346
6.131051371003735e-2
9.162006437171061e-2
0.1798003777537361
0.1752916661263164
0.23166757082069306
0.1905236503751761
4.813952617889507e-2
0.1522035062446176
0.2551808862303858
7.178986254809067e-2
0.1672270166437737
5.0536891687736195e-2
0.10234679531638657
7.645080865653305e-2
4.321472079151776e-2
0.10129048649447867
5.308469042440148e-2
8.323358472381522e-2
0.25570143789722427
0.15556299113029287
0.1417752943858645
8.812210026140276e-2
0.10674223381125791
8.923212048276961e-2
5.7184027930152335e-2
0.19198363171289126
0.11104678142630142
4.681934396376053e-2
1.3983716806089208e-2
0.16832783489096678
0.2440518287334205
0.107829889850182
2.6173056999532495e-2
5.4920510259159325e-2
8.965001352379491e-2
0.23915496654739252
1.8592122418418254e-2
9.748069233983767e-2
9.870693257332527e-2
7.647010682509106e-2
9.183955496480664e-2
0.14590534683866568
0.174658037217878
2.117748555232264e-2
0.11660363679201109
5.548834804491683e-2
0.11055105772959672
9.486439069958166e-2
0.2413998069413436
0.1706490917429139
3.979476012407255e-2
0.13875378996430304
0.3216088398189996
5.1612052559734015e-2
0.12560913403675672
7.426634409997716e-2
7.660991610740214e-2
0.11294465671096927
0.17195785426138932
0.16683331517237016
0.1928657816041496
0.11994550250097033
4.346865202187507e-2
0.17513464590215436
0.11395394863695904
0.15914869622888914
0.14124572195099483
0.2118822967338135
0.1097723294420001
0.14132833248959584
8.533381548994594e-2
0.14128918499612486
0.13444877239623088
7.51439281018875e-2
0.20992310876795583
0.17783277385446067
0.1815158119931012
0.10972102935405159
2.984359964148503e-2
4.61910093086834e-2
0.1418660817416916
0.16774842281629396
7.574879817323085e-2
4.1381974365775856e-2
9.295901729609256e-2
5.2313700129488314e-2
8.715900851821326e-2
8.113782742880722e-2
0.12465656570935998
3.1800163688995985e-2
0.17207077335657756
0.12825597133133088
6.892633698875416e-3
9.599991809741393e-2
2.8715549896216552e-2
0.11994622771939412
0.1669641898312579
0.1626621369208618
1.276997647496465e-2
0.1283910461742833
0.15674054180471814
0.13991415424390877
0.15800328795580415
7.47832024514321e-2
8.703049616150932e-2
0.21250782949643537
1.9484628915402015e-2
0.12097108058363526
9.744532521853196e-2
0.27036860363756815
6.284853557367516e-2
6.044405307581553e-2
3.969644450690997e-2
0.1252686044354142
4.047279275653781e-2
3.155239643085574e-2
0.21495818887608004
9.991342537001147e-2
1.5825562646091806e-2
4.1470962259016454e-2
3.6210074384622946e-2
7.180668027506372e-2
1.9277486143558807e-2
0.260121794998316
0.20833111426223203
0.22715374538459648
5.486167262026492e-2
0.12304377450516517
8.942525645414268e-2
5.802533479516599e-2
4.7427332614412884e-2
4.29387654108125e-2
4.809760785629863e-2
0.11239099035400948
0.16857813148793294
2.448517435308305e-2
9.274329128555943e-2
0.12565103266038152
0.11348416295036534
0.27114020761908353
0.10920187862348325
8.343789821647865e-2
0.23811785804505298
0.14558742818135945
0.13481089777994765
8.467453548497997e-2
5.173276008503397e-2
0.19223723245950253
6.359017288595536e-2
3.1956565709984966e-2
0.10708696677074481
0.16083692214951814
2.0418380891458855e-2
0.1635825734765184
0.14963890489388323
7.744240158890714e-2
0.1586073101004044
4.250420635772413e-2
6.551298534210608e-2
8.132644942949108e-2
0.19106595256201114
4.134554931498907e-2
0.16967124409772186
4.6921305015871315e-2
0.13523977473539098
4.007845063933899e-2
0.11611326796495931
8.194260886510811e-2
0.12595896020476416
0.1881839658998666
0.1393548380366498
0.12669053610323636
3.898753481317102e-2
8.770463830305683e-2
0.1318438496731759
4.8578165212448246e-2
0.16302086979250685
8.150136857450088e-2
2.614141236880837e-2
0.14935575865699718
0.13650378151908454
7.169126035264416e-2
7.535695453469642e-2
6.80430169092043e-2
8.679801330191823e-2
0.12047422419044804
0.381585683640557
0.15898598740756392
7.248954843729387e-2
0.24177577128067015
0.16383601227478234
0.15704401585253575
0.18999953660830032
0.13229120868694536
0.10210360576077755
0.12925364766350683
0.16108680159174318
5.5274134653469156e-2
3.1472394048926336e-2
9.578518036330648e-2
0.12467367069261684
2.4758617710895537e-2
0.10565915534368808
0.17615185324056012
7.652440122339904e-2
0.13563926589002523
0.10801755594085583
0.12787185188552544
2.4913361401123102e-2
0.10847961800858319
0.22075024008509966
8.111153148544896e-2
2.7692288458367874e-2
0.19643296177491956
8.641594905061085e-2
0.11254753730846638
0.10253797849391436
9.93772401891268e-2
0.1733539062463696
7.812613745207407e-2
3.753342712432697e-2
5.3977926724485745e-2
2.5317647585417068e-2
5.332605237167585e-2
0.19710514354963402
5.76379434474241e-2
0.1456872260411924
6.80269500998471e-2
5.7723008534868545e-2
0.28347957804384694
8.079389103202643e-2
8.313506085457557e-2
0.19253307158647098
7.862802922483137e-3
8.391842440251993e-2
6.474237023514026e-2
0.12582851117337857
0.2645161499043536
0.14602701988153477
5.75798093325427e-2
5.9170590006504764e-2
9.243522772339788e-2
4.615304148702454e-2
0.1528275248446028
7.587183135691804e-2
0.16578263273920796
9.427732818147906e-2
0.10909124798835215
0.12522911379853743
7.732828848861116e-2
4.18855779561774e-2
0.2755860878758601
0.11540558684814725
5.330782614558418e-2
0.1662005925264689
0.10692767329864772
0.1688185364879679
3.502367066932575e-2
0.19093681410015195
6.442541139458915e-2
9.864609603630825e-2
6.580997128031957e-2
0.2515347886900563
0.17559871693728651
0.14494189789227113
8.13124335443584e-2
5.9157068375769395e-2
0.11369755222513164
2.570620476754435e-2
8.329045334343861e-2
0.16742549431944823
0.26696078902582765
0.11825097092409512
4.807683528870994e-2
0.10495526776241185
5.417749220399866e-2
0.18631788755509276
0.20702522260601092
0.12161838674353025
0.13750335896077254
9.210868436499378e-2
0.12045854872790158
9.673139477026403e-2
0.15510705514669562
7.879040418981624e-2
3.014177698687729e-2
0.1237962415195923
6.146324637632354e-2
5.631401527056702e-2
0.20024377306353675
0.1846600722461101
0.11400406066986854
7.768838753872678e-2
0.19102900251546528
2.2680923593438217e-2
5.69212413571086e-2
0.1511154148343056
0.1317224208307132
0.19218303780472407
8.685532474778533e-2
6.493026675406319e-2
0.14571617440848686
0.15747201771037173
0.26620864379834847
0.18284408511441116
0.17954000767116426
0.36808980506772354
9.40472799952339e-2
6.394409227348995e-2
1.999758730448522e-2
0.21283501040790745
0.10369942735803547
0.1821425652622576
0.15013089917362507
0.1005888015869505
5.4556832943622166e-2
3.7578339942475794e-2
0.14960134361928726
9.965350284553828e-2
0.10659739829417265
5.5523358409340265e-2
3.119122273077274e-2
0.12010701814909515
0.17189168348690326
9.898475529581852e-2
0.18387541739361932
0.27830500343890585
6.176383488477523e-2
1.3602459714540726e-2
0.27459454972672337
0.1934184423003652
4.0726350374262775e-2
7.974863914516239e-2
9.196157086942891e-2
0.14319116756852682
0.18215425333680862
9.73655231471828e-2
0.17531107096330314
4.143591392865875e-2
0.2171292745529437
0.1476536875233926
6.784725018593196e-2
7.681497224587905e-2
0.11927419166498346
0.3094428728645374
0.10324444410809168
2.9912507719583425e-2
0.22939496922354055
0.10839447824547103
9.854667515120955e-2
9.474067651722737e-2
0.15604652374840813
2.602833893285029e-2
2.8310551530771742e-2
6.981236987558874e-2
3.295379593098624e-2
0.15525799901313317
0.17256527992910825
3.0827110967034686e-2
4.135366615338728e-2
5.243633394641005e-2
0.23783679890481685
0.1775510293830754
0.19811324614947373
6.84073614170831e-2
0.2604344552879234
0.2148704188395969
0.15102317739462068
3.7590689838645955e-2
0.1428096016071366
5.757413137279185e-2
7.730678562795834e-3
0.15232803342319748
0.12233842722161077
8.544818116206909e-2
0.10913650860756367
6.996409595167169e-2
7.660219110548534e-2
0.22586392125197263
0.21155604943118708
0.11685853220481265
0.12436182962571976
3.8269450700274085e-2
0.11716563363229689
0.22098975594056963
0.18475425878518026
7.88201788128499e-2
5.667696686394297e-2
0.21424663263015548
9.650523321046085e-2
1.0641030477066294e-2
2.3499022861924034e-2
0.1593257550992413
0.1274629937520494
0.26695586119013026
3.894173440671235e-2
8.446988247692225e-2
5.333491408845088e-2
0.10706004042193143
9.884907073433555e-2
0.11818483904319006
0.15440659786840172
0.29040493184034216
0.21217921315766025
8.133757285893178e-2
9.613801647064717e-2
0.1730764022496753
0.26341578882476774
2.032739837630181e-2
0.11056268053278262
0.12606671207038928
0.11224637193751172
0.26309548059440613
0.21437841158913357
0.1178938391592751
2.1593214697230724e-2
0.11692391445767458
0.1273980957404881
7.95017673600288e-2
0.12222636999032747
0.15856858061452817
6.23697618831893e-2
0.11751736909280124
7.68704123251849e-2
0.25305724653548844
4.686358864283866e-2
2.078234764983735e-2
4.659794447417749e-2
4.9948626154356426e-2
8.379108458217684e-2
0.19120845928454927
3.9140569140499015e-2
5.890488560659599e-2
0.14186244738407766
0.14648350183511838
0.31560578181595084
0.19320392106468814
2.491946538208768e-2
0.14548190742150158
0.17333209274384487
0.10505774825515848
0.26363593925090356
6.543489561599798e-2
0.11042494987548715
0.16003069209175466
0.10972961209161887
2.7891316809737478e-2
0.11163505517916157
9.486672219630024e-2
0.11565083802356887
0.11123381405771089
0.10632460891998656
0.14251083585939625
4.859971474016598e-2
0.15049333872659534
2.8974198657464156e-2
4.8406950288244134e-2
4.721312522410829e-2
3.6654961739403955e-2
9.157224264955387e-2
0.1748703346698965
0.254199525349328
0.1621406176111242
5.365320369479626e-2
5.5295659290641806e-2
0.14479076493520077
5.056523220498682e-2
0.16006974166273222
0.10874369247429225
7.330754318340278e-2
6.383640113249889e-2
7.87153482073312e-2
0.1456732916397439
9.097776201388903e-2
5.086150009272369e-2
6.286542092132061e-2
4.3195197389716514e-2
0.1613646401103313
7.30199852874345e-2
0.19254874232247082
1.4264686749073352e-2
0.10149992882114586
0.22867154397377512
0.1355660845658148
7.553466749651827e-2
6.054141665936006e-2
4.727556991047417e-2
0.11000367115651084
2.9009763620605512e-2
0.2953059512504687
2.9448877452159718e-2
0.16613654828559948
0.18654714172108575
9.903988902136737e-2
0.24143734612846535
0.10251450454584816
0.19726346127491673
0.11652932313465994
0.21238127324330125
0.10051726010759747
0.2929412901715545
0.12848612313217114
0.2572926795958029
5.557200665852359e-2
0.1878868574311888
9.925551118344193e-2
8.1281898592412e-2
0.17040758264466146
4.863521677384282e-2
0.16455784083295194
0.11567110659356494
0.20006957748037735
0.24984434653232096
5.33610693098651e-2
0.10450003984000004
0.17832893191568616
0.1074527802394003
1.226612456524211e-2
9.735318766211605e-2
4.932060303130947e-2
0.18562021084981933
0.22827419809466312
0.23306977822134053
1.078171319342952e-2
0.1715352797355864
8.725005620856859e-2
3.4728246476912764e-2
5.555052169779985e-2
0.15846584935402844
7.313940598283633e-2
4.827235700732012e-2
0.11808402206506201
0.26517350992470345
0.16120464714707244
0.12295988253331833
0.14708892900177545
0.1507425744273455
0.11963732062665966
0.1304114684950304
9.324036515369113e-2
0.1285132946515966
5.778497613379754e-2
7.829622630539236e-2
5.5413328551830385e-2
9.615034825641793e-2
0.17138186539633815
0.17485364397099548
0.25598907088153694
0.11828534478819216
0.26879547294891654
4.908425472674625e-2
6.632690412944894e-2
8.429908454555426e-2
0.12793210409540143
0.11830142910340999
6.256881480477688e-2
5.743734521726133e-2
6.980455828133282e-2
0.1862594398647093
0.3621789714824145
3.528376684654616e-2
7.006987814566154e-2
4.811447484673305e-2
6.989563286513137e-2
8.885948118298218e-2
0.11520901105505413
9.909717495401485e-2
2.7958978409684053e-2
0.23843646624879056
0.2765743703912071
0.16427603174885091
0.14582383912237873
0.10562835813250418
5.308632800119799e-2
6.824858817030323e-2
0.20514777122349864
1.3570822873656152e-2
0.1349217266146075
0.13433055491825444
0.16815795937539169
0.11562417842861823
0.12770540489625953
0.11839656218425423
2.6748314193599354e-2
0.12823195158359119
4.273912953854101e-2
0.13979610829196468
6.217658825923299e-2
6.772685819485794e-2
3.316133547587428e-2
3.5622436020882664e-2
0.2103665388853177
2.2554537642230966e-2
0.3632269113870019
0.13484318811742563
3.129810662651602e-2
6.783080445209022e-2
5.8157809811348826e-2
0.13587260535009618
0.15204549832298792
0.22528767109888365
0.19682507014949607
6.668471701205343e-2
0.16186541186434902
9.390626085002171e-2
0.11390359837837005
0.1541182090393885
3.1546808079578534e-2
0.2072031917870923
2.994759590045206e-2
0.12383323596139469
0.15991820309624566
7.553704589719226e-2
0.20756376109907296
0.22610583142470003
0.1252034021139584
0.18071634115017607
8.195675442187954e-2
3.1132382188348594e-2
1.5749950280903636e-2
3.686958566640708e-2
0.17391725866662466
0.11164993561461815
5.817773670660128e-2
0.2817326067831043
0.10204573118158711
0.15779846823825783
0.135470551724798
0.11123465911918137
0.11747696685340987
1.3466183864375791e-2
4.6721926700701154e-2
0.1820231960875906
0.10040976451124872
2.138443691580232e-2
0.1430340818726402
0.13699315092465855
0.19021547846952525
3.913058219026812e-2
2.73754478839456e-2
8.385755914666532e-2
0.44655765561170513
0.1474654757337672
0.435469802834809
0.2069778509055602
0.10760585693238797
0.10989301119414308
3.1001541876211604e-2
0.2035318282156718
0.1828108454973411
3.944896939652533e-2
0.1255117117633257
0.10641410771416533
0.19793712904182487
0.13916168789227568
0.17697051783617582
5.3954682676708374e-2
2.5490903004674693e-2
0.18557069213523367
9.08649183876622e-2
0.14284929284963002
0.153124611648283
2.31924156632791e-2
0.15939143240053194
1.9795951743140017e-2
0.17117819022232478
0.15926635376111165
0.27529740717639983
0.4093410946332548
0.30803702522617066
0.28259926631618015
0.3161022457692082
6.0665035368392885e-2
8.308805416321842e-2
0.22579111928307274
6.890882950708102e-2
0.13361557606482632
0.2094222351836684
6.88206284134541e-2
3.512742844029611e-2
6.141917181493064e-2
6.500203584276239e-2
7.501699508121248e-2
4.537956972566539e-2
7.597263279568486e-2
0.18456303476795693
0.22923306067043994
7.961620359810254e-2
0.13034993132122707
0.32942021142560096
3.600379139378155e-2
8.433147076810281e-2
8.781783575773605e-3
1.7455769977245593e-2
0.2904099873228967
0.14454940452130663
0.13850064090119124
7.927721669681817e-2
0.12001312755633373
0.2958712495323015
0.31893674346418555
0.10346395293645068
0.21409982634169117
5.169623478812661e-2
6.907142845232736e-2
9.149869121606424e-2
5.007976396364529e-2
0.11295492053362217
0.1243186279344067
0.10831752288951466
5.734207930940173e-2
2.611968357471084e-2
0.13690955817712158
0.11464429341551104
0.12072993245090076
7.426895579949691e-2
0.17278521033834351
2.034502557747344e-2
9.273273341423348e-2
1.658210850678815e-2
7.937214387612115e-2
3.3325665782012535e-2
0.1018626403150206
0.10231394179343156
0.15327164881159447
0.15597358671723754
0.26367514756815147
0.2486768680385926
7.741036464876996e-2
3.1514543227521584e-2
3.0051544312937883e-2
8.314760846817047e-2
0.2025521016559872
2.2811047751348356e-2
9.786084204115673e-2
0.2712592617858551
7.585546337424269e-2
0.13124830193753717
0.11527115924413507
0.15784457740116112
0.10725063880751592
5.677848446068292e-2
0.12047338490473011
0.1387282782643601
0.13410586746213404
0.1288484167224369
9.82498842997496e-2
0.14270449108695066
4.3535249874900685e-2
6.219971128329756e-2
0.20497061003432465
9.042931615787077e-2
5.735798229121323e-2
0.2421149739531049
9.808394677382427e-2
3.873713562754148e-2
0.12759061879081648
0.1315390157724225
9.400267844534337e-2
1.323338206197162e-2
0.14658794856245433
0.17608846112055812
0.14969559151417985
0.19044863649338623
8.584493979208169e-2
0.16158181455845652
5.133048194924574e-2
9.935733063101464e-2
5.7268957565528036e-2
5.6144986587606874e-2
4.9310738583259926e-2
0.14353462773006057
0.1691101585826088
5.629183034986666e-2
7.026095975672061e-2
5.1179831908735304e-2
0.30030991009268987
0.14681664977719533
0.2255896651110855
1.591734921262381e-2
0.20398643587870985
7.572945908776567e-2
0.2213689650205955
3.0981966995033215e-2
0.10783701029705757
8.342468728616774e-2
0.13159070635012055
0.11159249704195769
5.5936307327207245e-2
0.20046378249702643
0.3409283136676242
2.137971683121217e-2
2.888096892201426e-2
0.20717118656906602
0.1789721668319885
0.20273965298051083
0.14663802246804297
0.21771480308556773
8.332826734655552e-2
1.868298602232179e-2
9.327976125867567e-2
0.17682131168640364
0.17377028106456321
0.1063523077485943
6.727246338388485e-2
8.418591196793868e-2
7.340275910024038e-2
1.182706531457206e-2
7.367079430440042e-2
8.784117946957823e-2
6.13253683364803e-2
0.1514778405823632
6.980722884080451e-2
0.30396844792917654
0.16783101186563512
6.183990207552196e-2
7.447176628746979e-2
0.10240978459626401
0.20328583069087344
0.19471784756745936
0.1993378446563575
0.12332783129045963
0.15003406240552936
5.232533633759333e-2
0.1743026188382448
0.24106931413985153
0.12996912667995156
0.10503949777470023
6.356554502421866e-2
0.20952918191800346
0.14266318019976315
9.065808485623582e-2
0.18226765311669602
6.576495579046886e-2
0.10335933581865031
4.5670757666474895e-2
9.210218141669672e-2
0.20330138508221535
0.15353853910747
0.2055291405802972
0.2501945822420397
2.9913794706509133e-2
0.2035876847637625
6.224077885981032e-2
6.029862281107512e-3
0.3218389906374262
0.1799353177048486
9.633369418008447e-2
5.692203249604173e-2
0.1294016915608079
0.17153496290024822
0.21158526246186588
0.18471626693038626
4.1479727550447855e-2
0.14818225663667156
9.25487670748304e-3
3.5089421300686666e-2
0.10355460818444853
5.19185932173349e-2
6.833185438620629e-2
0.2563037069293906
3.6936167835605126e-2
7.442916811577441e-2
0.14173204643319703
1.8901894930860474e-2
0.28605306193957813
1.048812582178026e-2
0.19274576205240515
3.0696655598595503e-2
0.11088184547134632
5.699388571780848e-2
0.15619639705775143
8.617272824821554e-2
4.1167514623639954e-2
0.10882779576782524
7.481722870325117e-2
9.084531598404136e-2
4.36704712412922e-2
1.1661077639450767e-2
6.0882712047131124e-2
3.414934588962994e-2
2.494045039524868e-2
0.2199169425275978
0.23317111153145414
5.310929973828706e-2
0.16315772216222332
3.296135561960074e-2
3.1632143485822974e-2
0.1080219795392697
3.724638457986407e-2
0.15321738131359086
8.969211559248647e-2
0.12277543014648526
8.095359749203877e-2
0.15136780216874154
5.160722084046734e-2
8.276652340196139e-2
0.12199898862768536
4.8223975243296004e-2
0.28757702015750625
0.13445903562815542
6.628187019187472e-2
8.927547446526873e-2
0.23119372309132422
6.337534676537933e-2
2.6951074582635414e-2
0.16689514626491492
0.10851654307902332
0.1509559571315327
7.081502529400015e-2
0.10791021029599472
0.16794210605880988
4.7514109396313675e-2
0.16632981008808737
0.1393495235919227
3.208271885510975e-2
6.407935889718999e-2
9.966600372826319e-2
6.99190118903753e-2
9.1902859832383e-2
0.16611522658101413
9.80808034595825e-2
4.3673971059828585e-2
0.14778348872821942
0.17710597639229547
4.709307172102406e-2
7.05065076373378e-2
2.8424386533177404e-2
0.15845041513522168
7.834401378254974e-3
0.1667125031342647
0.1645445050907721
0.206250578787674
2.658445827986945e-2
0.10555424060267979
0.1495113055617558
0.13000728427708452
4.551989282762793e-2
0.10951307668438257
6.706966077909522e-2
0.29562994033977813
0.1585352695347777
3.412542075024484e-2
0.10277842401308748
3.984019798229016e-2
0.12278784118267778
5.397919914411266e-2
3.569418179775483e-2
6.570086046863641e-2
0.12825873202726923
0.1818530311578436
0.15689945032064728
0.12193795794673346
0.24169599056391852
0.10821886724718084
0.16684826139006154
6.395953601559162e-2
0.1543782739436112
3.756001215345896e-2
0.19235281718440428
0.15146239696415792
4.287874901857661e-2
0.16253527226994016
2.1666364554079543e-2
9.086023015576014e-2
0.11217972352412127
0.1688907334138431
0.10198424278720677
0.32759538387736636
0.21414693564590565
6.806876172647684e-2
7.437185366842178e-2
9.381104243763186e-2
0.11861778992762936
0.14965948962886327
0.2616185405874497
7.350440963607456e-2
6.847226082805138e-2
3.2012924379600294e-2
7.771953709784665e-2
1.6851085189109237e-2
0.16131746669439245
0.11476051437332128
9.514997664860408e-2
0.21042543068476344
8.777838738063584e-2
4.2965097308122535e-2
4.528692508848688e-2
0.20742559725393664
0.1721771224650884
8.675430271518111e-2
0.15038811945283545
0.25537370487807126
2.7191075804168262e-2
0.17442693809700605
0.19328316930769965
7.401016830910095e-2
0.12368219994536825
0.34205769104039785
6.224081725640819e-2
0.20598985566218567
0.17880016321967585
0.11828791231730704
0.14367443873758456
3.97297626874736e-2
7.904505321321526e-2
0.13313121697086347
0.19827969187444233
0.3003048548401869
3.770444349633086e-2
5.564295867133878e-2
3.794375837602987e-2
0.14823155295383508
0.10229232217835511
5.5297719006443515e-2
8.917804240759054e-2
8.739531632336314e-2
0.15429746000017813
3.0911026565682488e-2
0.19359363992316175
0.24104058556752478
4.7628314499753174e-2
0.16632011225646703
0.10456541426137034
1.6279514369208724e-2
2.9025773236717355e-2
3.441580490203076e-2
0.1366219605349111
0.20223144845063704
1.9652945827397093e-2
8.848242186737344e-3
0.19486287585787326
8.714399160503697e-2
0.13070660521241745
2.614597371406424e-2
0.10696038283900569
0.1810597019911535
0.3872659183779446
0.17372235983479561
0.17444963754061973
0.26648231933214034
1.7796113617490495e-2
1.5268943658051393e-2
6.600362629482523e-2
1.4202165268948862e-2
0.1342382036306688
3.9197521043570695e-2
0.10431577576331738
4.682093330131147e-2
0.11726801225584786
7.179883978914088e-2
0.12764010189686364
0.15782063607365387
0.2691697402602423
9.830384312450965e-2
9.900483461815782e-2
0.18887610331671584
0.14725048220566336
6.948975809667746e-2
5.4151556215264164e-2
0.22505267229714682
4.882012600558013e-2
3.784875925348925e-2
0.20516866155080532
0.13639770346725683
9.155051628550712e-2
0.10212451337824982
0.16037717381089084
0.17001658954765866
0.14632144632385094
5.51225587790581e-2
0.20157826976707108
0.15217221724096158
0.16494194934900913
0.17542746111725616
0.12648445882695308
0.24620727500611256
0.16145443601896461
0.16021244084468397
4.5699181658215626e-2
0.16012614210200588
1.1533491400810558e-2
0.1743000791339194
0.1597600276722992
6.920787341280102e-2
0.14030981988312613
4.866049088453041e-2
0.17792536779955484
0.10194335134548452
7.671793811705645e-2
1.4332124580405836e-2
8.091695576815858e-2
0.14977636242874626
9.550972405254722e-2
7.61006569213051e-2
2.8075775075111296e-2
0.13996500364341072
4.0200033362712904e-2
7.171125898425651e-2
0.12027722067958271
7.622215164527277e-2
2.4406643986058064e-2
0.35148238193742654
3.549480609519444e-2
0.1211214115174835
0.11179773664599231
8.429140219282223e-2
2.673866674447397e-2
0.1101112032202777
0.2796853763601391
7.353844560414362e-2
1.3362585056696973e-2
8.992007606241695e-2
9.285858866876875e-2
4.869760347206431e-2
0.2238935780157007
0.1270310314833516
9.925723822464365e-2
0.2079993442399862
4.299437229586549e-2
0.19383950553896173
5.42145677680958e-2
6.998736934662454e-2
0.2405310660050902
0.25026815713326034
9.58406618741236e-2
0.15655179408736875
0.11151420073969147
0.1212030322441315
0.15257718756381683
8.49085017010652e-2
0.11627872480649648
9.745416176705333e-2
0.10517624216242036
7.45647320750725e-2
0.13724622544436837
0.11654859899413639
0.16718724329647316
9.047484458688114e-2
0.10776925012594443
9.087127255800494e-2
2.6203835159712575e-2
0.1579897739522532
0.14151884162087908
0.1477016161127912
3.0655333598350598e-2
0.1481737510044543
8.450309603688083e-2
5.286620090491838e-2
7.368703776867888e-2
0.11697647972359879
6.665256635197361e-2
3.3355322612249494e-2
9.669884576738716e-2
0.19201523112108973
0.11632671566523578
4.354618512475096e-2
0.13275435018384854
4.5256479199143204e-2
0.3325285780227949
8.30924525240738e-2
0.13309436103335326
0.12417389337350963
0.16289768122118273
8.160506677162627e-2
0.13758345086124785
7.069543149774513e-2
2.9057621393780108e-2
7.800824606511049e-2
0.1222654872265367
3.240319010641933e-2
6.114332862676116e-2
0.1424274467207126
0.11455380138210207
3.9352157925765754e-2
0.10712145782056151
0.14009671950996508
0.11941746645580391
0.20410259260854424
0.20741632058479031
5.97301254449213e-2
0.11167013104191356
0.12457480185574665
8.257517844920267e-2
9.256479236707882e-2
6.758601119750121e-2
0.2644244008493784
0.20389473333032862
8.48015554734898e-2
7.683008181564659e-2
4.4086945687554516e-2
0.14771022030592465
0.1883551675009522
0.1315097529845089
0.148443670648828
7.851400585367778e-2
0.1300997759170262
0.1063920088251669
8.372786364556621e-2
5.93963258158816e-2
0.24748475224706562
0.10358932117594899
0.24585414808328068
0.1172751568886105
0.15729280068565057
0.17073883580481514
6.677826836559682e-2
0.1263044959623681
3.930045731234667e-2
0.15746110307531333
1.6370267939312767e-2
5.479060344382353e-2
0.14497588767427527
0.13631860651151453
1.9014166433114356e-2
0.14862537158361092
7.451361230655665e-2
6.97667220294349e-2
3.995398291433233e-2
0.10247053094851481
0.1520904377720101
3.05024875428625e-2
0.11528887879296053
0.12100619391989972
0.2041523068054234
0.15827186586488
0.17257853563173708
0.16953719513049675
6.846769113496697e-2
8.680633287677797e-2
9.124172987743981e-2
0.23894377744032705
2.6101790210511587e-2
0.12310082881705497
8.692881321497176e-2
0.14452737951385428
0.11924112939406709
0.15549767108183993
2.468746378039738e-2
5.49459271119917e-2
4.733473998093496e-2
0.12618548623838804
0.18820109408226832
3.871579248599344e-2
0.16131292859539292
0.14190826744520707
0.2706562568646812
2.9622315386506327e-2
6.652476034614566e-2
0.14717051332922676
0.10903628695533425
0.18305730907768383
6.970437268088836e-3
2.4880642531176368e-2
0.13103591174117762
9.108157811108436e-2
7.4362348631918e-2
8.976627600073098e-2
0.19601845975778973
0.2977038551875931
0.143458671226606
0.15705285992294032
5.7532892537441774e-2
1.4270105685821788e-2
0.16615782254187245
2.9215833177237648e-2
3.887185384523996e-2
6.795708049249652e-2
4.650421391445221e-2
3.708277137936181e-2
0.1739640295037729
5.428101011075186e-2
6.1592797298969305e-2
0.18090442883957975
7.899060609675491e-2
0.1956429882822793
2.6118756498608887e-2
0.13009507855242125
0.10766049355822713
0.1371895816812453
0.162619222225479
0.2699778736877472
0.10125088248678102
0.10633499182477002
0.16265535811780704
2.2175902473063114e-2
3.376091608820984e-2
0.12926685379642697
5.9609777065094294e-2
3.279289648812652e-2
8.52725383958815e-2
0.13717731226503543
7.008968980419525e-2
0.21126499685993522
7.531012422579508e-2
0.15206371143217912
9.93732255639209e-2
0.12535127871910284
4.300785003304801e-2
0.10915029306861632
0.24916453233953373
0.14813011913440965
6.886146725597576e-2
0.14176641245284646
0.10936468986306921
2.372818507531892e-2
2.1493017345858213e-2
4.7923630246270575e-2
0.10490196330979659
0.1920562911949688
4.938307350447272e-2
1.4686083000056738e-2
4.545999121452332e-2
0.14086580058137868
6.840778052604704e-2
5.604470302557925e-2
6.0215000159249674e-2
0.19371085230669424
0.2426891814609713
0.2769422374474028
6.1287175698923016e-2
0.1646733184043205
0.17530222549126834
7.897667848487565e-2
5.6836606676030924e-2
0.1194890359133168
0.14495335834602124
5.1876293801943384e-2
9.160061792276258e-2
5.929340033553622e-2
0.17855574966265886
0.15636363506783293
0.12028005232256948
0.2309934911920643
4.6416200784439254e-2
0.29460365360989177
0.13973046235096315
1.4544864578143846e-2
0.1900300700541689
5.4133744749999005e-2
5.6601705661479484e-2
9.939854303188157e-2
0.17363877624925705
9.421879714549827e-2
7.669695191401324e-2
0.13144354577201459
9.707527148983305e-2
0.1599192793422846
0.16913807965556443
0.13226790054307158
5.443963808322268e-2
0.1879528778451513
0.34654254797032447
3.9471644786906956e-2
0.19680305499778825
1.2860657135933373e-2
0.15357491107679494
2.0586784779487353e-2
4.803789950718076e-2
8.201015887126474e-2
6.343330851582785e-2
0.29743304686896044
0.12070437653463806
6.363588842766447e-2
4.164059244387819e-2
6.162629181542918e-2
0.187179318639794
0.1592590520096911
0.1619366593031925
0.2507443480980253
0.2914515393820697
5.42981996637328e-2
2.7522751307865155e-2
3.0423724036855403e-2
0.19374005092711988
9.245495529925216e-2
0.12311544969929708
0.13295561941060452
0.20432459464767067
7.540994000210564e-2
0.15402651704118125
0.15277408882998614
8.224989662935163e-2
0.2532517350056211
2.25666514171474e-2
0.2206287870529561
4.5249189670240254e-2
0.16975806754623268
0.129340978704756
1.2496623219103197e-2
0.20930310430585736
0.1500679665134787
0.3050941645954744
5.777714655174269e-2
0.10297625823500738
0.12421880827664725
0.1382858345967421
0.15670481946056977
3.3362205047646046e-2
8.086319767971004e-2
0.15845360687897023
0.1611377320981678
0.10653124848476594
0.2210466296233291
0.12582508138349907
0.2362776899827353
0.11109212812065575
0.11990544215497603
4.112020137236855e-2
0.15959246335741825
9.388942478991803e-2
0.1684048890863743
9.900245970126022e-2
0.12327853781254539
0.1708774346069442
9.903664055687705e-2
0.18913920799866357
8.553594666786533e-2
6.677470939959558e-2
8.529285457590993e-2
1.8236502141910804e-2
0.11372947999205799
0.10402493737415996
2.739921245191391e-2
5.266259630044284e-2
4.942720552834292e-2
0.2619692137382509
9.342537904654316e-2
5.529113220538504e-2
9.773305927645883e-2
5.13597345523379e-2
4.2866384334186415e-2
9.483766463066957e-2
0.13434592070682227
5.2560328090014784e-2
9.684085488036823e-2
0.17915220975378898
3.2600592066958645e-2
0.17616258741695404
0.10318227791918697
0.18008742803424305
0.11590283012275111
4.200437351071888e-2
0.1102494856484609
5.21736515670617e-2
0.1582233619934633
0.10903445146749129
0.1330552044964075
4.806526520385428e-2
0.18147005518247056
0.13490876938124904
0.15659909568392644
0.14831658176976975
1.3332714309012316e-2
0.17128185631807244
0.1232635180018834
2.8544258693111623e-2
8.467239302487137e-2
0.1803106464471022
6.114828757344247e-2
0.14537118447915018
3.1059223050068564e-2
3.781826794170875e-2
0.15835259031277618
0.25127546734626666
5.5985297246233225e-2
0.21451989796524523
9.049246277324965e-2
4.4321523651747886e-2
0.2421007261370168
0.12349252710117328
0.10553340761512917
5.710824529319235e-2
4.697017309507433e-2
0.10389619310560501
0.23670087912803353
0.10444095646393584
0.11280291821576842
0.1341351903802824
0.14709215161151507
0.10003194249617708
0.2935196803414756
0.14520631950367469
0.1455279209061932
6.470674300574651e-2
8.888402897443881e-2
0.11017400359462992
0.17105562115951028
0.20260455392755689
0.13211441797452353
6.133866206572338e-2
7.60498349377123e-2
5.573726634944286e-2
0.19666509269015875
3.3758114311442135e-2
0.12988258506100242
0.11671907164534286
8.85470200597078e-2
0.15437949480897117
6.851426121793722e-2
0.2256586804371604
7.208729816239162e-2
3.1280151706108705e-2
0.2486248554602851
6.69279997361732e-2
0.17456716299035016
4.834522870301955e-2
5.857833543305376e-2
8.277932391222428e-2
6.833339269167038e-2
7.483084175809004e-2
4.022643363662494e-2
2.5815359800496186e-2
0.16096705972214234
0.1534159591664391
0.17297759139753818
0.12137574485786787
0.12329243175781542
6.773281898576129e-2
0.11448698518660347
1.373372043044846e-2
0.19658656547969655
5.9419677733769424e-2
5.1677174408774895e-2
0.19222658609012308
8.298352349713634e-2
8.935800364686239e-2
0.12962920052145935
3.232215289341345e-2
1.2232259478600216e-2
0.12008165461087572
0.2168747199675936
1.9906011198767438e-2
0.10148315270870671
0.19881396001576887
0.1360345718891578
9.873439245699375e-2
2.0382795049269688e-2
1.308779261204197e-2
0.18429854447651653
0.24076821120955558
0.16385442887387527
3.589474852401342e-3
4.727340995873412e-2
0.1952556291996952
7.474691526124114e-2
0.1639631414100204
3.0312220621579976e-2
0.23215829555009213
0.12086145999626056
0.2921463577989868
8.04146338239838e-2
2.4745924170858725e-2
2.8967737993040466e-2
0.12330765829912496
8.84957889664387e-2
0.29488866478916365
0.10030731867123092
7.006024722859348e-2
5.888325075978758e-2
0.12163215150120474
7.84370765812671e-2
9.906015778978752e-2
0.14759200527666844
4.7117775041837374e-2
0.2012378168006011
0.2228458103004863
8.97139172835715e-2
2.2850077297223603e-2
5.8937111559102195e-2
2.3640634552579597e-2
0.2082805425605238
9.546361145969992e-2
3.235758138523985e-2
6.086006439995993e-2
8.992142066404193e-2
0.10215628431191517
0.1848163310274243
0.23355949514685342
7.906911786133118e-2
0.1361235739798424
1.3874061689280648e-2
4.832255423848906e-2
5.748059841865126e-2
0.22224244686877587
0.1990443694113173
8.474408594157684e-2
0.31760325838380543
9.117875666433413e-2
3.97787067980831e-2
1.5810862474480325e-2
0.3510726533159453
0.20008329629984187
3.838895970928289e-2
0.10354893033489014
2.1762373138127566e-2
0.10897598059521041
0.13318145493269226
4.341541418536153e-2
9.892169642762917e-2
0.2248283531851914
0.10908057496948823
0.15132056099753913
0.24451013502915392
3.714788773629204e-2
1.2851972685527513e-2
0.1197541533170163
8.26736235871749e-3
0.1036550978548263
0.11721818083735014
0.10398666441965503
6.58081103057748e-2
0.1459108820526141
0.18250919987656278
0.19430776341155342
7.870769140108844e-2
0.10091148101364737
0.1254487635240363
0.18777487931664666
2.7309030617430043e-2
3.0888277832832035e-2
0.12350028837334862
0.10253647452519035
9.678412739683698e-2
5.457015200695024e-2
9.8780399750412e-2
0.10271532151260736
0.1451122470750393
3.5312994915447385e-2
6.426894186286705e-2
2.1136734996612616e-2
0.11982369789859285
0.1384448339020387
7.799409481742695e-2
0.25095050908623334
5.182671432057621e-2
0.20265870316786977
0.18430653221057938
0.207589793346719
0.21165515373243027
6.653970178634405e-2
0.10241999543323446
8.025117179425728e-2
0.1453227909772646
0.142334892765316
0.14321244978815675
0.17973172537883653
7.085972732499578e-2
0.19729246053838945
0.10123268300752968
0.11902204685356495
8.05099035474073e-2
0.1690145781925824
3.14775813545498e-2
2.9094679492341756e-2
1.3077718590137611e-2
0.21028566072274688
0.2353281299848125
3.905626978453809e-2
0.21543270454367422
0.13598780053547593
0.12794910749906338
0.10357799704599154
9.257106616555909e-2
4.810151475391846e-2
1.4619808991217176e-2
0.15798530175808376
4.479436676097761e-2
0.10972868212768427
8.633661160800153e-2
0.11329969118586951
0.14269672298242259
9.568825278299382e-2
6.499602388550386e-2
0.18556644885463988
8.339270771995044e-2
0.1274484805746517
9.17408453013343e-2
7.541615091690011e-2
0.2077044496439588
1.9740381467366553e-2
6.93733724341931e-2
5.4419084015582195e-2
0.2222561467091934
3.005202402016801e-2
9.93937771160346e-2
8.443055235700195e-2
0.1201923593803508
0.13889494556144472
9.190348801347804e-2
0.11677888833741693
8.635089453910007e-2
6.689544949971973e-2
5.7508644220899754e-2
1.6441999493527815e-2
7.058296408366169e-2
5.054507908303918e-2
8.7111202331525e-2
0.1887481587896248
0.13575201287151742
0.18159824201579194
0.19840853634534192
0.1451618554261423
0.19305004094590392
0.23680177008259512
0.15461614556216846
3.524628355369923e-2
0.10024395367743674
0.11530920100040323
6.510472047830625e-2
0.20301803835334492
0.12863756554113953
0.10206425087854891
0.14284635733756562
0.1423643739901967
0.18127431923303633
0.2330728165895255
0.13336217949083334
0.20985616086982448
9.57994080338568e-2
0.10909628375958014
0.24368478326415555
6.63050115917272e-2
0.14254455555603468
0.11172807694373477
0.11189047872877408
3.826021952640215e-2
9.895478394237987e-2
0.22913176479300348
0.1758054743102872
0.12091294846099543
0.1363225362733677
4.735659047405655e-2
0.14007299904406445
3.823192460239368e-2
0.18090150813003741
3.9166381162922204e-2
2.4945915112062365e-2
0.10248728196423647
0.10678648617503783
9.307939887887542e-2
6.183956734862607e-2
5.052270434168733e-2
0.1273565365387272
0.1737323770175161
0.1045859381809792
4.950593093620922e-2
7.95989117401307e-2
0.10279994410294466
0.14036389177374062
0.10616148533045497
0.1267097188955406
8.026668638263444e-2
9.603665007331176e-2
0.19876264117869616
5.083554819650943e-2
0.10798878616747534
2.956477625611783e-2
2.4001873722573973e-2
8.897051073186406e-2
0.129454285930297
1.7057797487932357e-2
1.040228246188558e-2
2.156150014128162e-2
0.13047220073156923
3.1600062238025396e-2
7.69882470258772e-2
4.1670142915305894e-2
8.8788358112147e-2
9.574355943908763e-2
0.19635545557603656
5.2758553312067115e-2
0.12894071542334812
2.1518228559386787e-2
2.7659978961478537e-2
0.15124240768315902
3.038302352636696e-2
2.063983326536518e-2
6.380312353370443e-2
7.429969752534618e-2
0.3069903406002449
3.953295225299826e-2
0.10815933060938124
0.12329980196168414
6.056580258727654e-2
5.212024875557468e-2
8.645120109358662e-2
2.5528809961652632e-2
6.221349246792333e-2
0.10778327057178723
6.45748582775199e-2
0.18933285962655838
0.1342380861404339
0.1154820842812481
0.189878143173988
4.504597166038978e-2
5.511088215906803e-2
0.202037347034977
0.17474879985044942
9.283519752212864e-2
5.902570407131087e-2
0.12696838931116483
0.16347169063080735
3.70351093825424e-2
0.14145021495459295
2.8580296637335034e-2
0.18898792680004123
0.14731534506400637
1.3965422912912117e-2
6.962476367187931e-2
0.17145158075495903
1.7560122930561518e-2
7.02106641129025e-2
8.405922791476893e-2
0.1379357428550164
0.13268268594733285
8.332922573139558e-2
0.11846692693192776
2.5870480645117787e-2
0.10057533990598014
0.11140007182440051
4.679330269156791e-2
7.575524970844028e-3
4.123479901354958e-2
0.10011944065915448
3.338597517345228e-2
0.20595063264679164
6.883584574477082e-2
0.11426872180157391
0.21590318515477516
0.18125780269244696
0.27435560267260284
9.55744980982958e-2
0.26009210019984275
0.20813684667884136
9.568210903279065e-2
7.159366267708905e-2
0.12817849733100886
0.10954406527951348
8.550327808364296e-2
8.014042516845234e-2
0.1390823363327898
6.856493475157896e-2
3.0782072611178036e-2
7.685374581438871e-2
3.887312137164471e-2
9.939161949572939e-2
0.12142647428842317
0.19036930056952417
6.564104040572262e-2
0.1139505719131313
0.1281235979202289
0.1409515976306209
0.12383804822918809
0.14100357768509103
0.12274309280240284
0.14819224923705257
1.3866725832013049e-2
0.11168608246180348
0.2143520328469286
8.881034819402797e-2
0.12001563542139196
0.10871362615175242
0.12212217553919173
7.826965740378897e-2
0.15284997546617657
2.88661756203182e-2
0.14980976863433315
9.48204646849984e-2
3.248122284607467e-2
4.793696269771537e-2
0.2838933944027178
0.1825988085122569
6.332979987999353e-2
0.19416176768620036
8.176168244317475e-2
0.13695763974797395
6.935671319517783e-2
3.4836537763792516e-2
0.12906816834425655
0.1549798891991605
0.12924517864647544
6.410375389640352e-2
6.251649843050745e-2
0.10564903928453331
1.8297468171555052e-2
0.11009711118573265
0.14447598269911882
1.945269771572795e-2
0.13174451786976782
0.1871132929774135
0.12296655087806299
7.522773350278653e-2
0.15874253089865328
0.15157762763291466
0.10441221288952644
0.1756593689223452
0.3897528065912376
0.1910431691461256
6.79039348623437e-2
0.10706790845463834
6.369883688458666e-2
0.13528040924210255
0.16560046375393683
8.955622250878348e-2
6.021410295893888e-2
5.8690859342443e-2
0.12471510922747728
8.566159298303709e-2
7.910122845040286e-2
9.87095516676895e-2
0.11703210018910071
2.2128978685475288e-2
6.786335764798154e-2
0.14463677436534228
5.0149328186106276e-2
0.10010405199101684
8.544683159090438e-2
4.6223140203178935e-2
0.2813671961578895
0.14993522963136474
0.1178144675251304
6.66843586104761e-2
0.2954689070984151
0.19124407608084976
0.1587144567027203
0.15903456587460335
0.13816453380747826
1.621758682927151e-2
0.26138763784988245
0.22192843575088989
0.17228117898655018
6.76354320454702e-2
0.11065899771965171
4.42886814553237e-2
6.2384814465823966e-2
8.710593965723729e-2
9.845787291136256e-2
9.006436470451425e-2
4.793226224362954e-2
5.629153478819667e-2
0.21914315905510295
8.317899157200451e-2
0.17591825916987874
0.14613973255904622
0.12401178470003749
0.17580808304063775
0.1547620507496321
0.11058628594566958
2.4616374692950783e-2
3.730689114103296e-2
0.18855727780213677
0.17809219371758864
1.7285507333975946e-2
4.826171837946901e-2
7.349172955295677e-2
9.673996451946543e-2
5.7154026698847435e-2
6.58668430692723e-2
3.229877174656824e-2
0.178731002616671
0.20882919196981028
7.61827675053646e-2
3.7892989419433754e-2
7.221955335463001e-2
0.18951501782092403
5.914281041833704e-2
0.10956083564051292
0.1351062516440567
0.12320575331876257
4.855704795702472e-2
0.299495858259162
0.1109675219388507
0.19103030136702648
0.13144259262696759
6.820698128120362e-2
0.14157351131432955
9.392142927075697e-2
0.16696396305615716
6.109256819469093e-2
7.822668831113716e-2
0.13614193160037547
8.451952345922634e-2
4.608249987877766e-2
0.14767415913297294
0.24149908470138462
0.137015935903766
0.1080942492851306
0.10269475193263591
2.7160204092619857e-2
0.25173098531317895
0.1393175826724539
0.13219840200343258
0.25725091124450217
0.2320965247735074
0.11240845856462785
0.14603382052492284
0.10575834421986122
1.7803769070779886e-2
0.16092973062328927
0.16651527076112488
7.325193819670547e-2
0.13665259803119445
8.55937360585935e-2
5.538341789717911e-2
0.13952030734133883
6.752596279079162e-2
0.12855223185801398
6.305247960078729e-2
1.962694552025942e-2
0.2949673348198794
4.1280387314361525e-2
6.061317732458062e-2
2.135965601567715e-2
9.282603089623777e-2
0.21465870816363064
4.4655940822114035e-2
2.58743721137528e-2
2.686649396517301e-2
6.4324017821194e-2
0.12201118921182012
0.20700551319292565
0.1997266556792384
1.852431349360222e-2
0.2690273348511812
7.858387357904945e-2
0.1625292853209074
1.2134358025215907e-2
0.16794629401290037
0.10803001616992355
0.1881758665871312
6.343047758306977e-2
3.7080191722124775e-2
9.707054552298892e-2
4.224111101657598e-2
0.11854358129364032
0.2368236100084588
6.808388959563394e-2
3.941377842141445e-2
4.665436807441089e-2
0.11595180179745372
0.20619873954542672
4.451236199608719e-2
0.1012590044616406
0.18825392349644313
2.829591694467217e-2
0.11372360162067792
0.1130304485210946
7.434074587797936e-2
0.14897215574398245
0.1781183265710476
0.13547546578017602
0.1210085319374988
4.18820802527465e-2
0.17624995040133307
0.1561035591874745
0.2645961666286835
0.10956777628703444
0.128944418353861
2.1818696880401712e-2
0.10070114377436348
0.1194154792584887
3.551824548806889e-2
1.5760999089493376e-2
5.40269644982649e-2
0.11422314629578907
3.616225186476546e-2
6.440661658356767e-2
0.11347632321753039
0.23181949481269726
4.13812972466866e-2
7.731810969215429e-2
0.19743971749636996
0.15532115778942207
5.136189888923419e-2
0.10973786251688922
3.818123204989743e-2
9.450384971355971e-2
8.624246353846755e-2
0.12872023401717514
8.562357118872965e-2
0.1224244310035277
2.324890250126872e-2
3.4156574275708805e-2
1.0826126274908499e-2
0.10336588794669654
0.1052889153311117
6.085184179525184e-2
5.06021444428302e-2
0.14145588739844214
0.10324162685737322
0.15677841917454696
0.15552001643644925
0.17982949801669043
0.13813775624247135
1.7458067239173723e-2
0.19998578196823685
7.448325150990633e-2
0.15707633580596034
2.7288685978537886e-2
0.11132190691731698
0.11318140017683523
0.10942191226654656
6.564577759068531e-2
0.10785164792328875
0.14131074971706986
8.420218520534893e-2
7.05418381715772e-2
4.2704256383884406e-2
8.453501784071907e-2
0.11952487825026055
0.11879062962908749
0.11039786677539729
0.13875077347859502
0.1471718059162675
6.946534998962176e-2
0.1713776418997783
0.10851882688873574
0.15565433458847008
6.854790742221441e-2
6.939908360057216e-2
0.13712238425009482
0.1764160370908981
1.3763024340122831e-2
7.227699831314771e-3
5.954778035812652e-2
6.042511647483859e-2
0.12308409104408251
3.0420061229246287e-2
0.10793073447620871
0.1609737060743075
1.3913640918288218e-2
0.15274529943064716
0.16107014043445092
5.617531780248305e-2
3.5055312724901554e-2
0.25466095654589316
0.15372604959711786
5.409096689318067e-2
0.14439690404978894
3.8564866805051355e-2
0.13935499781181684
6.489187417238698e-2
2.0712678424806397e-2
0.14613205202312007
6.0623735290226285e-2
8.704036376217368e-2
2.3797942057583656e-2
0.10888789109473222
3.0140576957969088e-2
9.132358933831464e-2
5.2091207180690026e-2
2.6592237108462414e-2
0.20597819238125856
0.17647739415978383
0.1548494236532743
7.508364035114891e-2
2.8288877980191585e-2
0.16511444699266148
5.706349186662195e-2
8.69191848113488e-2
9.805231427406316e-2
8.304203759388615e-2
0.299335038670948
2.3787699538067475e-2
0.16733997873306175
9.639076053786587e-2
0.16788019940109364
5.1835731239525486e-2
0.17146819516874595
0.11525468431737869
7.619325007637956e-3
0.1692228199030269
9.501131634997526e-2
0.1547900071077995
4.1499160594570636e-2
0.16211879989977213
8.035697705807398e-3
0.23604545151312167
0.2190616725557802
6.045509124030628e-2
4.419620977369365e-2
4.420254243225872e-2
0.10534436027740997
0.10568595569800827
8.573507042452036e-2
6.862170352359467e-2
8.421144368016183e-2
0.20430319293222216
4.6194401731595766e-2
0.12350260553254828
0.16366957960300949
8.859905051774587e-2
0.12250193312054876
0.13596947772681492
4.3088366270266146e-2
0.17862587154982812
0.10767953324852372
0.11316205717840129
1.6011421876373767e-2
7.68332533149819e-2
0.10005723905912615
0.18082264572341916
5.2907323978711694e-2
5.491418689274543e-2
8.74153492092236e-2
0.17379079830925762
0.10595495443804756
6.464748849513652e-2
0.1443849319479634
7.376820764482152e-2
1.5993217040707573e-2
2.9893843858317025e-2
0.1491815623216882
0.14380810446825643
0.13983544684665547
0.12057004170846937
0.17649500661136547
9.88644482818101e-2
0.16278454318504948
2.7514653188149118e-2
0.17694117090138622
5.182801976867422e-2
4.956686644785604e-2
9.011544849504438e-2
8.517714980408499e-2
0.2103251842282881
0.12793607344847877
0.17001068265423863
0.2260515574026206
7.716361506632718e-2
9.689778333435334e-2
6.092971581130134e-2
0.12102257313976894
0.20950116111995118
0.14543480985434948
0.10491558342979519
0.16074571361480278
6.0224994213246674e-2
1.0835689097385614e-2
0.1061129850028482
0.13092512510215473
4.811051934204828e-2
8.148495769611791e-2
7.303574301566572e-2
7.66761619363782e-2
0.22728608243080659
3.194820452661418e-2
0.12712257779908448
0.2026973837308797
7.9795031488394e-2
6.268017057859344e-2
0.13742216261071336
0.14243216934329617
0.16150165807791134
6.672764023980624e-2
0.24012346457771977
0.14419341633442362
4.682910159334462e-2
0.17116993001379782
0.19381878199577446
4.7035939312921396e-2
3.08203463255895e-2
7.998879925056081e-2
0.18707429608078724
0.21036984601597225
9.677913893287292e-2
7.67450856378298e-2
0.13222367026743717
4.367839304775869e-2
0.12103555927164747
0.10442238977082327
0.10519295930243011
6.508464367029128e-2
9.209998528428613e-2
4.1430739056479246e-2
0.2001903194629439
0.18958004149672777
6.405808292408724e-2
9.444039120126056e-2
3.142376460353184e-2
0.18618583900580196
9.84471472813525e-2
0.31540500775614505
6.347729584011849e-2
5.3379796059631425e-2
0.18439340973189058
6.072747974863786e-2
2.5246770420154784e-2
6.350568568876985e-2
9.519437467080755e-2
9.222847399695092e-2
0.10149372819222977
6.747773380119139e-2
0.1751115404533174
3.2122296703057406e-2
5.18242426505956e-3
8.935534530909485e-2
0.2334464948186493
8.694399184098525e-2
5.237974978392229e-2
0.23316855630254546
0.13520994917214366
0.16772713801973094
7.429730719070562e-2
0.28329625791321267
9.448558348659655e-2
0.1325987290877792
0.3971811356221789
1.9293066565342208e-2
1.7276907234774597e-2
6.723626349544093e-2
9.4248390313022e-2
9.749431545000588e-2
6.722760470083235e-2
0.12306082053502858
0.2771853005116566
0.1479691666968273
0.2558662605890819
0.1504849395003219
0.1047279409813993
5.6586409199465615e-2
2.2940986051946555e-2
0.154417264534289
0.13160162207896528
0.13995488364933445
5.0031828844092074e-2
0.11062794567783722
3.639290591921276e-2
8.715299535625366e-2
5.336406981600524e-2
3.798304414006274e-2
1.987382710744966e-2
0.10178701306219659
9.85567356485497e-2
3.374892527427383e-2
5.232384517355798e-2
8.713251261900884e-2
2.8012747691733963e-2
0.17108746264302388
0.11865641957180602
7.198869409951869e-2
0.12914793990574105
5.324002425106854e-2
7.712758366229727e-2
0.13789607586440727
0.10195065815782592
0.10578027610525771
0.129694198497904
9.525597782235374e-3
8.461832750056933e-2
8.389385748844078e-2
1.0143894446571178e-2
7.936047585764998e-2
7.749250204484855e-2
7.78326973966236e-2
0.11655188615894119
0.12398616369230187
3.345751601973714e-2
5.984192922503338e-2
6.861464084687457e-2
8.124390723034203e-2
0.18608749906431304
2.5103324805288808e-2
0.16855442252783948
5.241153512115595e-2
0.19136721302314058
2.3235735257076517e-2
8.545819112296403e-2
0.11360028500761446
0.1511855258071459
0.11863792594660034
0.28004120444321784
0.2539470317066307
0.1967151286011394
5.964311105036566e-2
0.1992192740691034
0.10760843180857005
6.50419483090381e-2
5.650995516876256e-2
0.11983470203508784
0.21650150652102562
3.934090266785698e-2
3.7208555088272456e-2
5.6904971776150726e-2
4.210742733117336e-2
9.41888801481409e-2
8.689460635652634e-2
6.243012256934662e-2
4.9310381364803126e-2
9.391880957724585e-2
6.627613092477513e-2
8.217297312366718e-2
4.326578344439556e-2
0.2502753260022499
5.904644404261087e-2
9.237643384428941e-2
0.17210009657291406
2.7642498813489867e-2
0.10477144235066813
4.6846208881519545e-2
0.1379693458750564
9.126492249395009e-2
0.12547087887894054
9.315344552300395e-2
0.21290170772049338
0.14373412488753434
0.10311758785469445
3.41089077291451e-2
6.845985012725507e-2
6.128086811024018e-2
6.546930730734657e-3
8.041057497509811e-2
0.20708712449260167
3.548691332576319e-2
7.199361634376614e-2
7.677027030497167e-2
6.043368164653221e-2
9.601122230996571e-2
0.17286012457833577
5.5955962546978266e-2
7.654487270148573e-2
0.1944398047756281
0.20550550577457377
0.12109598745267788
6.445392247181492e-2
0.1878878721614249
9.071043799295202e-2
0.24484915703670143
4.33373029469626e-2
7.04155668643979e-2
0.10463564908793606
0.14332449426105925
0.230934946141091
0.12770722976241514
0.11746264701560287
0.12532634695463182
0.1196475972215866
0.11311883546195775
0.16874218199844443
2.651833467946335e-2
9.042887427069665e-2
0.11620023730392978
1.9333474474495627e-2
4.941268230972788e-2
8.164510660838764e-2
5.057374903284214e-2
0.18880335735451498
8.478887041659001e-2
0.11216492620097732
0.1399348800105563
2.0624867873405638e-2
5.336511135967683e-2
5.6223077286660424e-3
2.931169857399384e-2
0.22438187976282137
0.10992975078929335
9.98290224664416e-2
1.5173780513351564e-2
0.14729444151719923
3.0177834377531666e-2
7.8007413316142e-2
0.14325776485261635
0.1330986612701973
2.7371842375473075e-3
0.17743855176564932
5.826656372584767e-2
8.336750557449077e-2
5.991878161031987e-2
0.13023820698221394
0.33234829624630435
3.9424812561550004e-2
4.266418762796407e-2
8.290112497201153e-2
9.69020397864079e-2
8.191317420456329e-2
0.21256473341255794
0.33716656497857855
0.12837848329603782
0.23592234232781245
0.10926414657724984
9.398893439022198e-2
8.57381629063757e-2
6.643704694928557e-2
0.15203767871849463
0.14778519990902456
3.658968983360492e-2
9.02022799585505e-2
2.8176882828883164e-2
4.502354831945402e-2
0.11758588207840832
8.737791680118517e-2
6.125091484962329e-2
4.112593704192358e-2
0.13865117166016522
5.822662535486117e-2
0.15231069424533736
0.22709085693779585
0.16476786133522556
7.391506502867537e-2
0.19920573262348312
0.15442500799914954
5.254938299390283e-2
8.909121171666728e-2
5.646900729458134e-2
0.3197026945644196
8.12876720644119e-2
0.17582930043387415
0.1731515715137096
8.138832898164433e-2
0.13707411400960753
0.13443564463442428
3.1990399671954564e-2
0.2007124936748231
9.224266485393642e-2
0.10680348210461188
0.15043786835243914
0.18023832346740967
9.133788607911746e-2
6.1732625847960985e-2
8.745641527552438e-2
2.9982227756592716e-2
2.466239857898489e-2
3.212729055704393e-2
7.686245635902633e-2
0.17536183226733315
0.18715020094453455
0.13942134369129608
0.15880381514481784
4.6384666782298155e-2
0.15987672660054558
8.719924716331809e-2
0.10915057465531652
6.402931683554937e-2
9.662946180035077e-2
4.298457490302031e-2
6.441656479300997e-2
0.22450828825248065
0.1972462397684381
0.11954886181786092
8.806763848994757e-2
1.1669466418327468e-2
6.96556023365746e-2
0.10071011265316651
0.18368772315888734
0.10997885618474956
3.64246313556912e-2
0.1053129062307407
3.56577442213063e-2
0.18079477854666953
8.791728594259482e-2
1.8682873241458807e-2
8.805894743371522e-2
0.17353847072717735
6.150473674636645e-2
0.14697996040696912
2.487212761611175e-2
0.13409348669518661
0.17010402144428488
6.723075401068898e-2
0.1180926537495997
0.21008543860766055
8.884398887124628e-2
5.782403616145271e-2
4.9773113233251176e-2
3.841107565793188e-2
0.11091776007485729
0.10626641075932997
2.353095639854965e-2
0.1568648181259355
0.1854588596065311
0.15269032916935266
0.23059277126460742
0.14744493028378786
3.558955322830827e-2
6.045217057103588e-2
3.533737694035791e-2
2.7409003832549083e-2
5.5069089269852586e-2
0.10519826576192415
1.0161101041161347e-2
0.13451667601588105
0.18008648414342415
0.11462972136902479
0.10925621241739139
0.18337211537128478
8.942988592007013e-2
0.2763406077065578
0.21110525146652467
1.7903334951381612e-2
3.510103681152225e-2
6.983298688476655e-2
0.13279922367338526
2.150016936546475e-2
0.14212063212747506
2.5979406602172506e-2
0.11930868828542915
5.877260076536942e-2
0.11436174786855188
4.384308098949967e-2
0.1051684300577255
7.056281044679875e-2
0.15017623042038228
6.055618011198172e-2
6.941833415044821e-2
8.125491182584052e-2
6.939037197293282e-2
5.600191967734049e-2
5.542970004094627e-2
6.126484811292164e-2
0.1351273992993062
9.570541443485836e-2
5.438781157264486e-2
1.988378071721434e-2
0.12381518089409375
0.12407781977721592
5.775416489294409e-2
7.246763393140537e-2
4.719999647503335e-2
0.1454294073603062
7.505490624684176e-2
0.1427283836881606
0.21443571029306288
5.2669410611779946e-2
0.19109511197982773
1.4307657189727463e-2
0.21630485623163528
0.1687943688852298
0.10057059907125931
9.202871683654778e-3
0.10231209097926205
2.7850799015477944e-2
8.733313123470302e-2
0.11835311623485172
0.1993173896658646
1.2992472774676111e-2
3.751541407832082e-2
0.145534944807122
0.18174711887013195
0.16733345297343682
7.897452665325862e-2
4.063431426099527e-2
8.901122109099173e-2
0.11189363034883337
0.12770521651271682
0.12583162017522806
5.6034104752625845e-2
4.311188343265595e-2
4.987244866079221e-2
4.2646310544715516e-2
4.604947070405948e-2
0.11887019276821072
0.14008339729523858
0.13954503801034193
9.487932712426009e-2
0.1106663302647212
6.284834793233571e-2
0.1799764517193402
3.78273503452116e-2
3.477611119839232e-2
3.8404974695195715e-2
0.10826641274365625
1.2525348013210424e-2
0.2090051963530113
1.1275205689503165e-2
0.3168333626050121
0.11899799600570886
2.4292919385664646e-2
3.9352960935179204e-2
0.217118535354545
2.2712962679320436e-2
0.12513733144735484
0.14543295389356478
6.038149244066704e-2
0.11434579199986325
6.419631437447186e-2
3.5039641517835965e-2
7.984061997705655e-2
0.14498569181209192
7.722839103377592e-2
7.681879485495033e-2
1.2347957478049931e-2
0.18132050706493044
7.385319385212123e-2
0.26322311518476643
0.27079405148013286
0.18506068386484226
0.12957419036647908
0.12375925867886436
0.11620016061759546
0.1295742804987432
4.7214251237736184e-2
0.19905083396413376
4.61856596640415e-2
0.14626486504955974
8.432672897041499e-2
0.17999440228345764
0.12312677115248341
0.15783554755258797
8.793779746958434e-2
7.562711469128504e-2
0.31478398187475803
8.244952220273963e-2
0.17704210650847432
7.667902859301627e-2
4.41625415585732e-2
0.21960600662811647
0.100963904571861
9.4504598418927e-2
6.007386946955752e-2
0.15281946502356716
7.237693424637123e-2
0.14937317419005636
4.4156361360020366e-2
5.6414559991313576e-2
4.469486328150858e-2
0.20660080896751695
6.8953672716841e-2
8.91516349997363e-2
0.14467617540914843
0.1581273042911168
0.1129246829516114
0.15763235373427648
7.834986405564852e-2
9.440205915547785e-2
2.1341340370633233e-2
2.9873539466069778e-2
5.719021282930198e-2
0.14709161242049812
0.2669330684823656
5.202536819565199e-2
8.46746065913417e-2
7.298087044507763e-2
6.548406984372959e-2
8.076396657353983e-2
6.876508109724797e-2
1.3190324873723503e-2
0.1533372943533801
0.12494726842610393
4.721863780250886e-2
0.10003861983007116
3.393921686930582e-2
5.2809867182302205e-2
0.1122004640014107
0.10622418583332915
8.790743150436518e-2
5.565147025611157e-2
9.132856278186019e-2
0.12959136771902285
5.7042629155583204e-2
0.15068377564775068
0.15076850337046666
0.1239565587772468
9.367266662390841e-2
2.0216040651869417e-2
0.15282474380201982
0.13991843195821285
4.2961527043793926e-2
0.11021575773783181
0.19752950366568572
0.1630012618931708
4.390970543250048e-2
1.3444255211569445e-2
8.359416140063047e-2
0.15360531716205403
0.1999643821215395
0.16851450240625962
8.795276317625172e-2
0.11871066905263676
0.23535320122814438
7.077106739913185e-2
6.316725245610737e-2
7.47843675191132e-2
0.15920633983134116
3.191296485124652e-2
9.050638026281262e-2
6.641439088320823e-2
0.1212058171882114
4.116628717149058e-2
4.554380696078053e-2
0.16422598580602948
0.1062835450568437
1.5476516283167163e-2
3.7762805285235644e-2
0.12019149094186912
7.84218660362093e-2
0.16216479551615653
8.891773771158537e-2
9.001062550118906e-2
7.763633507776992e-2
0.21705019330647096
0.1750520198230722
0.10678127028715405
8.548728332411246e-2
3.430570267415224e-2
5.3955523079889336e-2
5.3133643461259004e-2
0.11615178088107606
4.269346890473774e-2
7.166013177163182e-2
0.11335338017190658
3.188695274707235e-2
0.21414263897289826
6.298128468403369e-2
7.942343595577583e-3
0.22193327643956726
0.1320019181018072
0.20792886764597326
8.60673502457476e-2
5.7636960026926365e-2
0.20710409812333969
0.10794194628550735
0.16181829234681813
9.43207679319594e-2
6.228580083311338e-2
5.284338108671096e-2
0.16233766855772863
0.21285046933148757
4.040681419400742e-2
4.710804434339831e-2
5.4828187679193854e-2
0.17790401555392207
6.385646806982381e-3
3.337812047154757e-2
8.742391985739402e-2
7.1179534785768e-2
0.13756592291616737
5.3628801727551946e-2
6.040694128373094e-2
6.830493410127941e-2
6.100810687108377e-2
0.18411485118530185
4.669778282917929e-2
5.745479691801865e-2
6.8808911614572e-2
0.10591102958955605
5.8788777555115176e-2
0.1554788106139248
0.2528721677267135
0.12035909289215492
0.13456196977883494
6.728559455228386e-2
6.1853655979398056e-2
0.10279238003951519
0.14307051553300837
0.13432313893855136
0.11159320727169106
8.788542900545414e-2
7.333762700737166e-2
0.13018397350085734
6.384106917652177e-3
5.656826111172325e-2
0.19810747622428312
0.1214771761624855
0.17681217959566467
0.10283229695880478
5.038539521795414e-2
5.260116030202475e-2
8.185457502252014e-2
0.10095163430569347
2.4178723714765926e-2
5.258642882216262e-2
1.1706057497278988e-2
9.643861085188424e-2
3.301364110402368e-2
2.7486429865031227e-2
0.27702634786862124
2.2294614889385955e-2
7.898288654480141e-2
5.217229865945929e-2
2.5531847933123776e-2
8.6969707257438e-2
9.697452518037986e-2
0.11632734759843437
0.12846204597302924
6.013797264714721e-2
9.209110546620916e-2
4.686089293520993e-2
2.185982104145041e-2
0.1280823483674279
0.16219603669332677
0.12333289957192428
0.13304135088526697
5.386570505177205e-2
0.12592161966398366
4.83592795765407e-2
0.21464158021504404
0.20539720837304917
0.11244327661352989
3.5997906434314456e-2
0.13732267930545944
5.773745213704658e-2
5.9806108930016186e-2
3.961956433058219e-2
0.13376106986069888
7.556519388030415e-2
4.5102531831363514e-2
0.1445534457746956
0.12928551086913218
0.12903585972712445
7.91569541219248e-3
4.451254648909532e-2
3.251605015696211e-2
2.765342112505075e-2
7.852124874101613e-2
0.18789277488754547
0.10063133513670505
0.16606909941056586
0.17621837868480755
4.335433239658174e-2
8.406946981052607e-2
2.2416263286265357e-2
0.1075467791515321
0.1287875150476729
0.23458027378674315
9.305374516439409e-2
0.23785579538607374
6.540136449117598e-2
0.10226146305143391
6.441531983869517e-2
9.157796190878024e-2
6.722904196404637e-2
0.1209385444681558
0.2063376653037267
3.820605469050374e-2
4.7048031465867814e-2
0.12352022902657292
7.056280751160815e-2
3.577826279351383e-2
2.3474005545761022e-2
0.19386123910212957
8.85515455762555e-2
5.8591048299627455e-2
9.051431658457666e-2
5.191772652368585e-2
0.11315815611914914
6.492778418876438e-2
0.13381394569039204
3.746397123222863e-2
7.049294149086634e-2
3.9909146423909615e-2
0.10011531428837872
0.18630624542757324
1.386614563132047e-2
0.11278984122605151
9.798757476704097e-2
0.2098053708509481
1.5576299835774354e-2
7.144745501786426e-2
0.12252714345886828
2.5107166843329365e-2
3.681359576631702e-2
3.4139331466262114e-2
0.21961653358413416
1.5266990003745862e-2
3.5015026960509635e-2
0.16258742677055585
0.15604087885198403
0.1952498846831102
0.13623064390678857
0.2024390085680044
7.921581307936039e-2
8.599883621357611e-2
4.3482569517676886e-2
0.1751818737163687
5.600247019343463e-3
0.11659027951873442
7.903084384523976e-2
5.781952703922792e-2
2.7679326766862567e-2
0.1601254387823688
3.233008496866331e-2
1.3306757817580029e-2
0.19359791538065088
0.1672878684812858
8.038770751598726e-2
2.7097478373122298e-2
0.12266119047874904
7.877016193955963e-2
7.408606974932816e-2
0.1328754756204175
2.598952524808281e-2
6.218724213272464e-3
9.703815803817747e-2
8.591712357812085e-2
3.6357825793722154e-2
0.10803973990512401
0.13410357971341832
7.627989007444255e-2
0.12425013015288058
1.1269665689857844e-2
5.41199473892718e-2
9.077299389438045e-2
0.19204663484275195
4.525220930242494e-2
0.14239649767036222
1.7259504339664965e-2
3.3375125362783406e-2
0.2461943475612567
0.14992253550721973
6.633907069669107e-2
7.269528013160781e-2
9.705889299776307e-2
0.12660886770001575
3.4833169241995796e-2
9.201206056689659e-2
0.129884071569745
0.17116754943605883
1.7898604175640275e-2
0.15553470609814407
4.113735056374339e-2
3.6403857836480334e-2
8.413704272116353e-2
3.230620245231154e-2
8.460766679565057e-2
4.725156653246086e-2
0.23932810009157338
0.18591638609465772
0.1468734398204427
2.9533933479290786e-2
0.17349963699487486
5.6699799492809934e-2
0.12198527678226338
0.11820227661466473
0.15157497134767242
0.10180968866936206
7.67648609102448e-2
9.650787539303277e-2
4.4711412775930305e-2
2.148178400058891e-2
0.15560557244996434
0.30714251182148333
1.8760054446014408e-2
0.19765303383221533
0.17063470827809696
3.633777925429599e-2
5.9719373221693274e-2
3.797812437571475e-2
0.1001910603223927
0.1519022405272365
0.12231585652713473
0.10631957228833375
0.1590649019397246
4.8480037213539454e-2
9.509711158323983e-2
0.11877306663274956
4.260464915193217e-2
7.917895825819701e-2
0.11018744874842974
0.1396770055502132
5.570079905752785e-2
0.1288562967651519
4.5319402957180434e-2
0.2594843760608288
0.19922292410153844
4.893765753036764e-2
4.050139467884911e-2
0.20781938138992007
0.24348950491553337
4.991546294235536e-2
0.10694233693389417
0.17184670048940037
2.2343576376603957e-2
0.14036079085798153
0.1002366966987458
4.7395148876047e-2
4.517199002312133e-2
1.158405194073232e-2
0.18402621292909635
0.15128333823546103
1.9099495108980968e-2
3.1406843659742154e-2
1.3709607428656446e-2
0.14358147082785658
8.648088115366384e-2
0.1612693935955516
3.482320914885787e-2
8.313079536694998e-2
2.16635754728552e-2
0.122471071417328
0.16853612818899938
5.065726646132128e-2
1.294816270524608e-2
0.2203218620761195
4.6113266775784666e-2
3.0208000085899835e-2
2.0319640485362965e-2
2.2328516725242987e-2
0.10715844790878673
4.7464110659523065e-2
3.6831520863713864e-2
0.10713772687015206
0.14764436475086712
1.9982735059887347e-2
0.11180082875328493
0.10764345913089354
7.04261568769182e-2
7.67678467103845e-2
0.16750475364912581
0.19398972365768122
7.400735698201374e-2
1.1345423294728329e-2
0.1528317461493085
0.19107503321222558
4.9303960002131705e-2
0.25233961563260854
0.12076123785726263
0.25889550224304264
4.7861295557119356e-2
1.2888760290664625e-2
0.26820918848458536
0.2555561211616255
7.210242560950719e-2
4.316084478029647e-3
0.20016316578194782
0.11103515917943688
1.737999863008214e-2
6.395451339019378e-2
7.82776283356432e-2
2.3749517557420018e-2
6.659933852924568e-2
0.18606073252711908
6.1851640822896146e-2
6.0022134398878546e-2
0.21139456751578994
0.13718532299531
8.562834207150746e-2
0.18385009741324945
4.0401048211208226e-2
0.17378116314088293
5.9135506975875426e-2
0.3009611576276102
0.18138306327886966
6.400350570234087e-2
0.13265179875860747
0.12632918314968175
0.22829421087238155
0.17781214722275362
0.16439616026064235
0.2359630003228271
7.957327812060108e-2
5.627334755302686e-2
5.288258256028909e-2
4.286361184030426e-2
0.1015838706541446
6.699233147793239e-2
6.395365999802007e-2
0.12642079958115454
0.17397529907347908
0.19480979854177818
0.11008144327399652
2.807992628819984e-2
0.14858519043069554
0.22166432602026348
0.2558629534694726
3.330737449700105e-2
0.12231516563475284
3.980290539340584e-2
3.071329293876206e-2
9.114471668121168e-2
1.1127446396679785e-2
0.1186835850327572
0.13273218469757353
3.098186077141759e-2
1.8116598099765634e-2
6.0677292186671575e-2
0.16954081144780148
3.4626806820725185e-2
0.10502608607317723
0.11798443030891344
5.715803412496468e-3
7.889753608575154e-2
6.976055619786174e-2
3.980694102547026e-2
0.12256698217839004
9.508154360440192e-2
0.14391863665836294
2.225507085309201e-2
0.14974929643919097
7.472659672372568e-2
0.24147745698413944
1.4573512071697835e-2
5.497618300005549e-2
0.13114936908424416
0.14228567780310275
3.3122522911665044e-2
0.11076756313764238
0.31116669381202355
0.24836709033613813
0.30098339784708517
0.11211847407930745
3.967438846597948e-2
0.1565854896961043
9.798542274521808e-2
6.855444233296928e-2
0.15011519022437392
0.10003613397125384
5.337418641976919e-2
0.133370746795423
8.364303731712194e-2
0.11966626014544106
3.570651406069423e-2
6.36338520149404e-2
5.06505473896674e-2
9.66618952254649e-2
7.861379090401796e-2
0.11669220658709252
0.11496630637225407
7.330313756957427e-2
4.618494785059761e-2
3.217854122208395e-2
0.17374215773667173
0.22145708013356327
0.10107992872839851
0.19965222756423234
6.753738591417861e-2
8.986287100716124e-2
1.5231682032696902e-2
4.090712726832169e-3
0.17681973729947292
6.326206660669599e-2
0.1040934875015361
2.9107103578326566e-2
0.10296082791824439
0.10913288064928076
0.11749565160013001
0.12391738973659194
4.961251196107162e-2
3.9602687747537293e-2
0.18212661911474776
4.211386217477371e-2
0.17355058160585385
3.960535743031405e-2
0.10627563561127551
0.10408853613602458
0.16107775300717214
0.21498180221126226
6.495339460727197e-2
6.453745909384577e-2
0.15595928772293027
0.130971713800696
0.12513618406377436
0.12952195267448516
3.138925957995685e-2
7.694055679919652e-2
2.3564882495414552e-2
0.22168672311117793
5.1136547201095915e-2
4.073516512493166e-2
0.14638957811879685
0.1121515069637427
8.699068784207431e-2
7.065365517020723e-2
6.972699779037547e-2
0.1728850690629643
8.652849476519961e-2
4.5465005758849285e-2
8.095589536115164e-2
8.071170233470595e-2
0.11075909654780772
0.10567410148999756
7.291583417595246e-2
0.11338181413077009
4.679932384601304e-2
0.1390588336240795
7.919571079232944e-2
0.18214632129504982
9.310173174853684e-2
0.12183503982730466
5.743933517913961e-2
8.537659802889072e-2
0.18554861804664008
7.343099593856549e-2
0.11904498821689177
1.0027942575371707e-2
0.16013403961877004
4.052298683146477e-2
9.9962299479506e-2
0.11516909477387427
0.12264080585576069
4.093982642542281e-2
3.979685722529267e-2
4.1847839711158366e-2
0.1839964351645253
9.121192368658494e-2
0.3163673040430236
2.3862582825369905e-2
5.6296701023622095e-2
1.1113560201247008e-2
4.3095168927276196e-2
6.950236234724728e-2
6.954134485311139e-2
0.19328732047793404
7.40371888242265e-2
3.5675129930830954e-2
7.284629048143224e-2
3.945114677227517e-2
0.15441714871077536
0.18207606508339283
1.4440152613018342e-2
0.13013542611230866
0.13916393726451126
0.12983108964023615
0.1128328269982114
4.5286863465691364e-2
7.208172038552255e-2
0.10962203103031261
0.11775086813773643
0.15403188757688951
9.480388697167257e-2
3.7473927396682537e-3
8.7031112140421e-2
0.2032897869528299
0.1519132016898695
2.577399912929451e-2
0.1038856076645144
0.2248555042420765
0.13010780509565126
9.80264112831257e-2
4.85051310531027e-2
0.17165764640807346
4.338308218474117e-2
2.6934812436921373e-2
4.230754017381335e-2
5.647334064221308e-2
0.10587359921152013
0.18253621790774793
0.2126990775724687
0.34996592060710807
0.16877089460213654
0.18962968833403254
7.591617371940332e-2
7.248262703870861e-2
0.11424607421976467
0.13355925844433075
4.472403528737262e-2
0.2038197040309388
4.25021800579944e-2
4.948466767158433e-3
1.6590118529368626e-2
0.23678589853357462
0.1742578933051023
0.12086946294467808
4.1367903692670994e-2
7.508035641372192e-2
0.12085777203683623
0.13672491454535557
0.2055457096350831
9.452838384265372e-2
4.38165598618913e-2
0.10679231852038402
0.19770796171016664
4.483000146405105e-2
1.3155129755827133e-2
9.82217889748559e-2
0.10065218987596505
0.13068857458290983
0.13160462456514893
0.16237081709714393
7.24600119513151e-2
9.282597732907803e-2
0.10790823330885706
6.308345996217636e-2
6.605248899229986e-2
3.145590625330683e-2
8.789386239953549e-2
0.1454249404857313
0.10842020331075282
8.74033351128157e-2
4.870397536710503e-3
9.85248145191153e-2
0.13479220763992505
6.374323736821919e-2
0.12593017476830412
4.898114194192895e-2
7.112571735717788e-2
7.493396097963824e-2
4.157493651949606e-3
0.1406575202725245
0.1813647092933675
7.18221957692575e-2
8.060678490634425e-2
7.995810512476834e-2
6.715440766615965e-2
2.8102865180798308e-2
0.18976341343220207
8.299004281124209e-2
7.840276182598148e-2
3.2681087347089986e-2
4.445233033913505e-2
0.14066536306414673
0.14678637685988027
0.1304922432508544
9.644999584967215e-2
2.9958753490645373e-2
6.519845117481278e-2
5.823592545726165e-2
0.11192493267502379
0.12214926442726293
0.11350730045863659
9.213484796574835e-2
7.10125276570526e-2
0.17070096281801508
5.731073809160643e-2
4.574932289444367e-2
5.637824384401726e-2
0.13373252538573271
6.890537645439589e-2
0.2816207110143688
0.11240706327970865
3.174694097660954e-2
2.4665511899025515e-2
0.11071455974440761
7.441571015606831e-2
0.14244645625483793
0.17545870891188253
0.12970198847603565
0.2847702590675215
0.11782901585030267
0.20484038679799715
0.12624183106411624
0.10858240509675672
0.2143697407430619
0.26762817295719765
0.10928109920340794
0.12780931344552077
0.3078403551049915
7.375328760600958e-2
0.2080320645790453
1.662408211284081e-2
0.14850828160412965
8.993872894229872e-2
1.0115152014408612e-2
0.12139210773176527
0.13911474742452992
6.450920792717815e-2
7.778990611535563e-2
8.901323643523194e-2
0.12335624164555603
0.10040600644958886
0.1744892264098934
1.0125873322588219e-2
1.99907172473489e-2
3.8714603680241697e-2
6.1188807749170494e-2
0.14191825201339067
2.6957341251399713e-2
7.435884011582997e-2
0.15771574889561074
0.11447824928633521
1.3460722439910566e-2
8.796237771529437e-2
0.12608989559258607
0.1063238760565635
5.579755997171613e-2
0.1904517447406597
7.553467624423128e-2
0.16008043243922637
4.459063829240985e-2
0.3134913047573661
0.20173456886560648
4.2614253446732496e-2
0.12902465605617025
1.4080196446549365e-2
5.996624634717087e-2
4.5931477257775154e-2
0.19873505151518703
4.8769163456674994e-2
8.07700326280033e-2
3.493337140960674e-2
0.1987597131531016
0.10143125208491326
4.46174698944151e-2
2.61181240509748e-2
0.13065547822850543
8.21885226422718e-2
0.1531140997291805
0.1170084693729867
0.11638995524883308
0.18490695284269343
0.10507346404444977
0.10379445499716647
4.321997074369658e-2
6.212529272825453e-2
0.17165659746425782
8.668090612469703e-3
7.580325782920457e-2
0.1451283447159614
3.79726371224088e-2
5.690072673768526e-2
2.0147521650871046e-2
3.906389267672479e-2
0.2550140781849371
0.10468374247472015
4.300994853262087e-2
0.10430978909597255
0.27271677434952113
9.733162333105645e-2
7.795637932129121e-2
4.415769450207394e-2
0.1360194222374746
8.740114872473348e-2
7.552472263003898e-2
9.093812872132294e-2
0.1625667349674179
0.11854796046850483
3.796857051529832e-2
1.873452602772948e-2
0.10487966955494503
3.9381280989579145e-2
0.11710896356640017
6.063939034783046e-2
9.287353468432571e-2
0.10197542053201536
0.10689090861364292
5.55574838592781e-2
5.142510674140359e-2
4.752402029976318e-2
7.91064282033983e-2
0.11846778591155957
1.9105336999574486e-2
1.942167578361791e-2
7.603924243502978e-2
6.890432376116622e-2
9.832294432234856e-2
3.409674787414289e-2
0.14767392665737483
0.14621915738348085
0.15058329377598936
3.3921565011355306e-2
0.23936845979828614
0.16799272312028085
3.1502225282018806e-2
4.215119603851525e-2
0.2244688070319753
9.757421540626708e-2
0.14744290798563875
5.653453625316046e-2
0.16269467824700823
0.1444039156824093
8.100333542488251e-2
0.2557897264484862
0.19563904529939624
1.6126772060009308e-2
0.33816528292797876
0.12424398833089487
0.10349918944587588
7.113776949209345e-2
9.534460111472769e-2
0.11604876542403049
5.746089552770002e-2
5.5761530571558506e-2
0.10541225088112612
0.17847405945335174
6.712780489396922e-2
2.0204259476216024e-2
4.943760262145569e-3
0.15797173261386735
0.12663244978366972
8.292192071300189e-2
0.12304892223400547
0.20439900431148
6.409468783475641e-2
4.325564984137753e-2
0.12312216859346292
0.12560339763129463
0.10904674850442983
0.14848267200805582
1.5147012925335579e-2
0.10048343525142803
4.687516067183813e-2
0.1271310886870925
6.805431840664389e-2
0.22652403580835379
4.2198280825596325e-2
3.04001021018905e-2
1.9577274544178257e-2
7.058492128370526e-2
0.11181141170359803
4.392925687289443e-2
5.9298066144545636e-2
9.842022243946546e-3
8.750398306403549e-2
1.9200867985174085e-2
1.4307058993604871e-2
4.470230158172693e-2
9.506194756615385e-2
0.10534156076694212
2.926498107735719e-2
1.271314319413983e-2
3.261281227216363e-2
5.746514076486818e-2
0.11395796498989026
9.608609372744509e-2
0.11339263908059735
2.539849273141729e-2
0.18911265637550095
0.1540882066419727
0.116024155214189
0.14012606874872796
7.380245092517639e-2
0.15469578607770856
7.398236209251849e-2
4.847410795813663e-2
0.15335292859341815
0.13505001332997404
7.530907221064267e-2
0.11603446710991232
0.148356382492556
2.3663205214201545e-2
9.061195177272466e-2
0.14296552659156775
5.059195146354943e-2
8.05751887871709e-2
4.429965013203222e-2
6.919896670967837e-2
2.42642766973996e-2
2.9966449178650146e-2
6.168603849238084e-2
3.077463128957355e-2
0.15611985053827798
5.5681934532610056e-2
9.621846720466062e-2
2.5536450078974805e-2
9.411294093005762e-3
6.807860651504578e-2
0.11629975157544181
6.444853570855127e-2
4.650925460395512e-2
0.16685337255139662
0.12744230934573791
9.650484535980948e-2
1.804414110908211e-2
1.1726858646238347e-2
0.10145236034238443
0.2577893324503775
0.2354965186669243
5.218866527078858e-2
0.1579779394725801
0.2636080540706132
0.1507085886437693
0.15781982709148396
0.1116161978494072
9.606201019222256e-2
0.1528393504609425
5.272158825851281e-2
0.1183629076799519
4.312162764997672e-2
0.10013513023617479
0.10375415252147462
8.629286890614021e-2
0.18018791264959813
0.26544395187560244
0.10937583891098121
0.1439832129884439
0.14930845989077096
5.4062559222058694e-2
7.136199286985838e-2
0.16888760224885424
1.856375887800891e-2
3.018680185528484e-2
5.126237512182459e-2
0.13626363295693067
5.44396998489215e-2
0.1987938169327947
3.681785121953664e-2
0.23096055467124277
0.17199851626300583
6.636334973224657e-2
0.14161863224737026
0.16597629144268056
6.603728435769153e-2
1.7722074721473035e-2
5.554123867307433e-2
0.11925452327849717
0.11823137699655958
0.1400028073530099
7.33894045376016e-2
2.0296680930213983e-2
0.1515662744357172
0.10868241131690881
0.22449406025593488
4.3708076989110535e-2
0.11776300139700846
9.695958574769796e-2
3.8288944945025126e-2
4.011539956407826e-2
2.8706225342280112e-2
7.967386525305033e-2
9.467476368226072e-2
2.8819320631527968e-2
6.1717975632959346e-2
8.769343449295391e-2
1.7746325578291523e-2
0.1974451720099584
0.10880718795257312
3.405617416202179e-2
0.18297082322280883
0.11013374932216011
0.14609641373475854
0.19911106299475514
0.1075025237834248
1.8339353243203092e-2
6.745562371825176e-2
2.8882645256374895e-2
3.869887022716293e-2
0.12225675766831867
0.10221070157633956
4.198133447625023e-2
5.071075154342802e-2
0.1114570819071526
0.13761803332928024
0.16627616532270223
0.11685380524176159
2.819713341761989e-2
0.13508295966652173
0.13562339657064904
0.16441861337760855
0.201903116801335
1.6066818982464183e-2
0.117656466202215
7.266300506419339e-2
0.17086917172471444
7.813578092627155e-2
0.3166780280902531
0.11550912645266802
6.523717888190464e-2
0.1561599259366826
2.8811272328722982e-2
1.748459105048229e-2
0.26909635716074576
3.519285113558072e-2
6.527389951859178e-2
9.628518638185339e-2
8.866604667650678e-2
5.221052760646907e-2
8.11968846318619e-2
8.55544114936021e-2
0.16127342037044706
1.3821228965174247e-2
9.273575406265153e-2
8.363795953955284e-2
3.1144608459875343e-2
7.944585410132679e-2
2.5576423968015637e-2
0.1055707563492411
0.12333575301412059
0.1470731856892989
7.29305850272283e-2
0.11575994111931101
3.052286175056864e-2
0.1720097553055143
4.020865459458889e-2
0.16335734676640518
7.64743387629027e-2
7.72871207832562e-2
0.14607201847549361
7.361424044381912e-2
0.2098366676020814
0.13260993422695747
5.963086063519667e-2
5.844815297009086e-2
0.11671166400877712
4.962831584620375e-2
0.14358548137238086
0.1819221404391184
0.13776431230533412
0.17582849842799014
0.1553971444864837
5.759427705478224e-2
0.10868094778351263
0.11658779867249777
3.5655875648521865e-2
4.642380715358794e-2
0.1061802602286733
7.253444656729144e-2
0.1752696056690835
3.3322563362746235e-2
0.10652343332510802
9.738501068711347e-2
5.4995668398440445e-2
5.399399685901002e-2
0.15594724837536753
0.12907086742508023
9.008958120008745e-2
0.11393726911995287
7.403171094817015e-2
0.15255306488139675
5.136474332764627e-2
0.15505284812503323
0.14220323117911554
0.12438488525103408
3.8987702050918546e-2
3.0112986692209076e-2
0.1381372464672173
9.447285461403038e-2
0.14829531257041748
0.12673932264226107
3.093928331584238e-2
2.147367717660258e-2
1.9488687732678943e-2
0.1257524220036117
0.1585376388744859
0.1981509080937943
0.15838154566799437
0.10515257368905084
0.15670327367850492
0.24408004411984252
2.9036838555843335e-2
0.11313514782245462
0.10215101125110812
0.16294421312636534
0.12226950038458224
0.14189543500013238
0.21610805991264628
7.748887057201587e-2
0.16739779934101112
3.6741514891845815e-2
0.14999826570102454
0.1445887591628911
6.942594613533695e-2
1.9051420300825607e-2
7.792789046079748e-2
4.040923546554446e-2
0.11584291261050621
0.1207441738439839
8.018009222252764e-3
0.2334867359650256
5.307304117316971e-2
0.14713437247896924
0.18545728664078168
0.1525679422937556
4.711147381997779e-2
3.246309042593822e-2
2.35629198574288e-2
3.748114766319198e-2
3.703345701801793e-2
0.13972678656173268
6.951872726652483e-2
0.19011605448739127
4.263091321147842e-2
0.24117240037293142
8.189222054567477e-2
0.21121529379024273
0.12845664682018967
2.7529207042385297e-2
7.107869308445655e-2
4.3690256974726296e-2
0.13200756554057663
0.13535054649262815
6.483763619415356e-2
2.8416864711056977e-2
0.2862410071370073
0.16263103947524374
4.170822320797908e-2
5.746305021512066e-3
9.000354018183718e-2
0.17680779082428727
6.279262262790859e-2
0.15311180116652345
0.23452455505813904
0.12612730796317034
3.796148473069359e-2
0.18098483023201345
0.18873968922818557
0.11296183711560973
9.355653214165811e-2
5.8629089295146174e-2
1.95000808522796e-2
0.2353341774555071
2.7968173257440776e-2
0.10181850655209349
6.902229587629086e-2
9.439830243322508e-2
0.11108367045841279
8.649183957895833e-2
7.107990856300683e-2
0.23091218732213892
0.18995944477495147
6.32969732902043e-2
9.448229664051672e-2
8.629851897713928e-2
0.19230962875816995
2.2589820219194468e-2
1.5543679212819173e-2
0.13935574571140458
0.15212838057338532
6.349549200088166e-2
2.930716107514473e-2
0.21202472562389624
0.1396893879143252
7.6007588275434e-2
8.035449964428269e-2
6.168680250383092e-2
7.916048331641948e-2
4.142197054329302e-2
8.459471705450843e-2
0.10971291162523347
0.1255795777726243
0.12535061663767474
6.275659862216063e-2
4.5026554088163195e-2
0.12638208791041555
7.745169368737188e-2
0.15977046174648374
5.527791139677045e-2
0.24505264672279123
3.431902041259862e-2
3.317063935937549e-2
0.1186372039597681
9.270196220420689e-2
0.11889361395771074
4.9393749873912096e-2
7.4508848028204e-2
0.17063780304831092
0.14822633900427987
0.19971025272195445
4.823466953723872e-2
5.076228412406199e-2
8.75936149867955e-2
3.145911314401535e-2
3.883119680046061e-2
0.1257502439002675
0.23511596869665236
9.11523729595117e-2
3.804343356049358e-2
2.1478343577559754e-2
7.934906012017265e-2
7.956064445168952e-2
0.3520183227820911
6.828588232288771e-2
5.184262498367021e-3
0.12212195606580889
2.6753203056124376e-2
0.14421675708677145
0.13947800573683433
0.13363846490409878
5.913049107186401e-2
0.11568182437081269
2.6027692061471187e-2
0.23637027349762577
6.501822732733097e-2
8.638050152528061e-2
5.5255011291743386e-2
0.3016138161011959
1.1033632493944068e-2
7.24433128851867e-2
5.045141241400177e-2
0.2725101872670321
2.8645186473347795e-2
0.13817561081275506
3.6887754929716965e-2
2.123416258192733e-2
0.16558549502263736
1.666163333940306e-2
9.287049523115257e-2
5.08248834705349e-2
0.10967904758248923
0.153443112850374
0.11015476150910289
0.1968642046691874
0.12879440021442143
0.2545280515555889
0.13977305974372026
3.311602463379025e-2
4.660996123636729e-2
7.290381888693483e-2
3.698121737935448e-2
0.1618579434931351
0.19463618210666594
1.5518293624625534e-2
0.2485160014070849
0.20457912628711722
2.1962730958297004e-2
0.2580051815275488
0.32231627703235033
0.15012529917648942
0.14706200083538432
0.16375759673929974
0.18190914120095977
5.069379567308925e-2
0.10371619995837071
0.11679437157020822
5.748324023425665e-2
4.63561976700988e-2
2.3409877433801927e-2
8.088667108171946e-2
9.697743066148375e-2
0.11051006084515302
0.12772306867495034
3.190105582278393e-2
0.13461984433627838
1.5466648578735564e-2
2.2976688704730075e-2
1.391649038907843e-2
0.2109078607243487
2.4299033212054056e-2
0.15311503596652135
0.16950955996503927
9.387882509069617e-2
0.12444549752144729
0.18784945286627414
0.11780710499832506
0.14047654903921702
1.3007251077800718e-2
2.4973288424488992e-2
0.21055563642479785
2.2955489332002955e-2
0.1558665759677495
8.435040571181289e-2
0.16966864997229486
9.911152791128043e-2
7.367216144005229e-2
1.7191284275219265e-2
0.15369522213042283
6.372257456514693e-2
7.333153457918619e-2
0.2576275632625139
2.1940183120955237e-2
0.10397787008467278
9.914924755899927e-2
3.6211230718823664e-2
5.348034415728102e-2
0.1653263772676872
9.731198492108753e-2
4.1766063345612e-2
9.648928191776694e-2
0.13038532126827734
6.689663318337662e-2
9.857505448097408e-2
0.11449340062371212
0.18992668458253004
4.6350557195167695e-2
7.91202403795391e-2
0.1734890915678359
2.9110142301022778e-2
5.5859886332065886e-2
0.17330285228604345
0.13414249762967087
7.298198628676986e-2
7.121503776192412e-2
8.322183505226591e-2
0.16195050602196437
0.1081585855136531
0.1876651100948457
0.10987108348831527
1.4022057029602053e-2
6.708934110850602e-2
3.456832466880124e-2
0.11604639359086048
0.14374299784363007
0.13925793889101068
0.23070111014945166
0.2020722704673171
9.445868990220725e-2
0.1044628274944615
6.594332843939062e-2
5.5792304364944166e-2
9.312543042797419e-2
7.604183613129119e-2
0.13062739204765084
8.072540694770239e-2
0.17119106742602908
3.341522196874484e-2
0.23352484643886803
0.18518893981001594
0.11493220519768843
7.930520819438552e-2
0.25144998611958286
0.23045996892880552
0.19851280656369696
0.17981720612272087
6.495537617434448e-2
9.767356071034801e-2
0.11642102645070533
9.192488275869112e-2
8.438593113977873e-2
0.11426525567151476
8.867353950394724e-2
1.0337424931450335e-2
3.98433611144247e-2
8.105657908367767e-2
0.22814165906261402
0.16058148432636898
0.1620659701365362
0.1512791406403562
0.11603618985943483
5.3425477707700286e-2
7.188596722656997e-2
3.453495636304686e-2
3.7760536246712384e-2
0.19154997618917366
2.5791829158604295e-2
0.13239478608645278
0.2211537033026069
4.16952453284838e-2
5.883797756519806e-2
8.26450314687259e-2
0.1958459651912025
6.1515695016119434e-2
5.6831197967016724e-2
0.14347602297191994
0.15709483062121526
0.11786681620422543
7.130440165383742e-2
0.2505550338060361
0.12342561844473972
6.961990706304326e-2
0.15485247728618332
0.17515511477761114
0.14991501266268054
0.11824701105222397
0.12428603293290094
0.14859478540277604
2.0331627999128375e-2
6.903024235670008e-3
1.0842546298206057e-2
0.1086381127450998
0.16519788589731985
2.31510872969523e-2
0.11771455706830389
0.21598006959701282
0.13717257993489956
8.278851678070232e-3
3.3983798244690985e-2
0.20471475860270855
3.561275167320062e-2
0.21836596029618444
0.21395369535379655
0.15751431286791012
0.17552733897665415
0.2586648169217921
4.567936262651179e-2
5.827921894180284e-2
0.1754579304703845
0.1505248541624174
6.258868937192932e-2
4.337499035253337e-2
1.20245838525884e-2
0.1515818899039298
5.8579264652281006e-2
0.1301022554560135
0.20916293845626446
0.1187394173378932
0.13581397754332447
2.5125732562542948e-2
5.9580717308204426e-2
4.380607599646684e-2
7.27695024664681e-2
3.1194256918080067e-2
0.15885347065843178
0.1670213730078624
4.2418018754064944e-2
0.10797097995738877
2.7298225135775255e-2
0.10187782432373922
1.977214738182139e-2
0.18425589153529578
0.11124293506780358
0.10311455786646688
0.10241180376024057
0.12512012869684827
6.933278769842921e-2
9.908483205409857e-3
0.1643618297232065
3.595529457963579e-2
0.12265403913482484
3.04981680510391e-2
3.991081526836486e-2
3.123215303516802e-2
0.18785686439331348
0.18845266253429982
0.11475512048146194
8.186662721787599e-2
3.3285628059552465e-2
0.12560030635211955
0.22049618459354292
6.435363396357432e-2
6.86994569761499e-2
8.411955191946564e-2
0.14012869995864036
1.2125879902009496e-2
3.20415546938248e-2
0.1253402828822981
0.12106861895170662
5.6939573025831317e-2
0.11424714363342958
4.2154255875452254e-2
0.25160779510837594
1.5330509246182789e-2
8.549935041154223e-2
3.281895967670554e-2
0.1543192149498291
7.25748758951896e-2
7.643086173716304e-2
0.19852615466173917
0.20418322437961817
5.419349823347519e-2
0.17269826312483688
0.1445191613737944
5.516778595862322e-2
0.13999105658756852
2.9786373417100952e-2
0.15322267543728946
0.17085511622707011
8.745359920399642e-2
6.2073682671053065e-2
0.11429678561835525
5.7227789540631346e-2
9.555639899779818e-2
1.5100754840696928e-2
4.259352230730087e-2
8.691655000693518e-2
0.16872552063224652
9.188641081752914e-2
0.16655209023162104
7.198775736273172e-2
0.1910059002292813
6.445649459915422e-2
1.1471557372307872e-2
6.6167638127944e-2
0.1559333298121596
4.221659805876832e-2
7.50038995278986e-2
2.8925260474223047e-2
2.8133043204917475e-2
0.1288644886613064
0.16519572345183153
0.14208348808051738
8.235123654326124e-2
0.1470186138949267
0.20384399510582565
5.4394153165013295e-2
6.41216091577238e-2
0.1300363913085209
0.10439238298252926
0.16760655505294922
0.10079597802701028
0.199290294974714
0.15427722751315937
5.2889205284993655e-2
3.8856037073801176e-2
0.17265245553172986
0.2569508749339361
0.12101618454429826
7.345677709672208e-2
8.687833703893756e-2
9.002556088514231e-2
3.076019732239562e-2
8.00634025010644e-2
0.15973932874153637
0.11672189172365735
7.141468333114664e-2
3.625884657170292e-2
1.7642060093295366e-2
2.624068590206905e-2
7.441461800383005e-2
7.217529546931192e-2
0.10347164105041536
0.1895646146837838
0.1964559870206483
0.10542285577191994
9.946880889103579e-2
1.8301490308000212e-2
3.178968321275839e-2
0.24128127924357368
7.607088799219339e-2
0.22741539552231532
2.401332581790918e-2
8.87132594860359e-2
1.4589158675202784e-2
0.20081761020783379
8.554194469546814e-2
0.10997578212404883
3.5064680221215935e-2
0.11081187909045456
3.1136201079535263e-2
8.099871705990722e-2
6.613023017559368e-2
3.1239103090148178e-2
0.16859939735550183
8.593935108871037e-2
1.4592913013523844e-2
7.076600851431128e-2
9.905550781752218e-2
3.235664286029721e-2
4.61686918530959e-2
0.13918350120061468
5.60690071786749e-2
7.584277126812344e-2
1.5206137717445733e-2
1.828524926693299e-2
2.005208085021487e-2
5.844678692210342e-2
0.20363781683182944
7.541135422997017e-2
2.326426984122576e-2
0.1162579382712469
0.11514386820395921
0.10277141003229599
0.13600870940257342
5.514805893873357e-2
0.16802956334337313
2.6133795238877024e-2
0.19487072542545847
9.547794064271146e-2
0.10275690413002998
6.379943919871625e-2
0.12508175146387754
0.12187006879933185
0.15718054713913018
0.13206624172651732
0.10317918155613082
0.12949050351564678
0.15971368027108082
0.15289820795290163
0.19121701131887964
0.13382555767722232
0.14350664750071856
0.19511507511426443
5.993415457719746e-2
5.342883191726493e-2
9.179222630977826e-2
5.861741004850159e-2
2.77570505341172e-2
0.13440657468621775
7.817646090442823e-2
0.12480717845276752
0.203317223073953
0.1618620685266076
5.406732396200614e-2
6.766037628825872e-2
0.196439010408804
0.17206533376331282
5.0808548411642826e-2
3.7802512670382225e-2
2.8718861016918062e-2
0.17133791038613783
8.219525650582596e-2
3.096418570094086e-2
4.9716576582112405e-2
0.1770966919893722
6.088485011022317e-2
0.15849863921265267
0.15398965587078367
4.9405912644447325e-2
9.974594406293455e-2
0.12412970537549975
0.1483305545459932
8.424549731214284e-2
0.18411562923711983
0.23726454578062245
5.3176152660347385e-2
1.3896412915362099e-2
0.11304628413160636
0.1797082018931611
4.6911323771503e-2
0.10902417872819967
0.1013643954327774
9.926049290621378e-2
0.16954426793836358
7.997664328514367e-2
0.1380930371876871
0.1131184330772073
0.21016154515403418
8.401264251026269e-2
4.910852786501193e-2
9.018063193455175e-2
9.092405722610916e-2
0.13272046404256294
4.994093776149254e-2
5.731298770632137e-2
0.10372753451819554
2.5757970598760595e-2
1.5467949667462833e-2
6.551441172033964e-2
7.588986708330792e-2
1.744815763909142e-2
0.11327522862554126
0.10128267426966737
9.303680311527776e-2
0.14778752330996697
0.10940766371689485
0.15642524790503995
8.544071480265935e-3
4.611013187153604e-2
7.032560270545095e-2
2.1613806689652338e-2
0.12991081987615283
0.10127574622254923
7.243776622236181e-2
2.8832929106050564e-2
1.7715582719179047e-2
8.548013751912772e-2
3.856957695439238e-2
6.136151235001697e-2
6.033682328169272e-2
0.20913459220722075
3.192485474284377e-2
5.9752635329533635e-2
6.599749431766598e-2
2.5158650335071586e-2
9.396127421454784e-2
6.772416607075525e-2
0.19121935661234996
3.748468304488724e-2
0.2652243272921512
3.0674790613731386e-2
8.180576641125403e-3
0.13770911153788662
3.7793640528161886e-2
0.16565103799676764
0.1527686258065189
0.25748567630729896
4.416008424697754e-2
0.15067698189412332
4.695174390205453e-2
5.239445678575322e-2
4.163870371434157e-2
0.17380838607274923
0.12901424751980345
6.548578234132382e-2
2.2459169070112417e-2
3.6553247597367944e-2
0.30628482526611467
0.11182217395814087
4.491711161630639e-2
0.1091074245533143
5.247843751137452e-2
5.439877797194838e-2
4.555681083875068e-2
2.797351380967351e-2
0.1652112662900775
9.524900259448371e-2
0.10289129060567204
0.19242920506756056
4.4183359670326605e-2
4.497741512245136e-2
0.11042561592812072
3.619097727357664e-2
7.157297385851726e-2
0.1499600337756636
8.451478381445617e-2
0.17965719944833386
1.902889154837555e-2
0.14630492774431106
3.672580634279286e-2
8.929003731928858e-2
0.21083354204428134
5.636876701008533e-2
5.6838521168535584e-2
0.10300309034277322
8.243299051763209e-2
6.96826204374075e-2
4.213224548226606e-2
8.894497507363038e-2
0.14949100658788447
5.1700854119873366e-2
0.18508194401782846
8.881138180121613e-2
0.1629003992498042
7.970436089553033e-2
7.990007588053359e-2
0.13519850833605665
2.0774735509260643e-2
0.10793728703387184
0.19797576016432927
0.11389693640386049
0.1751796249549233
8.867629346057392e-2
6.9800593656940135e-3
2.5950598917648594e-2
0.1468718576620796
0.15879310181582257
7.151389855735435e-2
1.5041781604947036e-2
0.10232568948515133
6.036816646172074e-2
5.725424408803988e-2
0.24621438554873082
0.18165440135408198
0.1417548657365842
0.166019929240164
0.16828472444607784
7.953674129239144e-2
0.2629703322437268
0.19668703668750226
0.32128932657394377
0.11134896139114743
4.684714694764018e-2
8.493962134866499e-2
1.3896312566925662e-2
5.302270773684845e-2
6.836476607697538e-2
0.1679213374973449
1.0258382747558647e-2
4.6376294020085515e-2
0.1677562468741959
4.865213589635183e-2
0.12790404625831486
9.100981783443815e-2
8.851834283124602e-2
7.77131412563388e-2
0.1083255430664393
0.1265729691477196
0.10005071343531133
0.17531199080769824
8.834310722366971e-2
1.3698535539481804e-2
0.10214751086537681
0.14755994621478163
1.2335670646888564e-2
4.287473380837522e-2
5.910951500915958e-2
2.2936722929521813e-2
0.10224424580587765
1.2543357458078575e-2
8.449188115501348e-2
0.10684766789880969
0.10175198226340845
0.1127924169538814
0.11542709207673636
8.467036497900808e-2
3.891893805257707e-3
0.10427402409032545
5.526169297977919e-2
0.11089632052178171
1.9921504847322358e-2
2.5403087558183168e-2
0.17538740145875212
6.490257669505564e-2
2.8218002813828857e-2
7.346027720358109e-2
5.824440606595216e-2
0.20618702064691224
9.305014962056227e-2
8.813993405634903e-2
5.380322232825859e-2
9.811892810403179e-2
6.2437658384500064e-2
6.936237110120974e-2
0.1514307806239723
6.997015639833506e-2
2.9198219365340804e-2
0.12987905155092375
1.6908065870982637e-2
0.1774408817124525
0.3563191393410607
3.2069266765954306e-2
5.849687783692283e-2
0.10179444194973045
2.6214321701603094e-2
7.50721868133342e-2
0.13879364269685693
0.16780551680145717
0.1920432275590887
0.1658627059096614
0.28113248002770186
0.1541984030776435
0.14143432211755577
0.129324584581266
4.7086998620982166e-2
0.16176829995664513
0.1515313582860714
0.19121858388558782
1.3855428007545101e-2
2.131034797068119e-2
0.16338913081610135
0.1253705226546363
0.13513869523417504
0.12317788229747725
0.12468851338473541
1.6115104818564062e-2
1.1048383210216162e-2
0.12089934904903302
0.18804031992461256
0.26869441862149834
0.16864959456702502
0.12905839936121138
4.608303006207666e-2
4.095368748723557e-2
0.16859061076504006
0.16681843870908591
1.778246438758978e-2
9.656901821096381e-2
0.28901264467940413
3.8513692804329716e-2
0.2503189714427691
4.436855352070139e-2
4.660970303102309e-2
8.941719644951686e-2
0.14189358919184716
9.816902586951663e-2
0.12319503579610087
5.1090549610145294e-2
0.11971638264564324
5.317728732526088e-2
0.2251127178217142
0.13927451515592848
0.21539451943032564
0.13765574225907368
0.150239512324451
0.2367035915467932
0.10177022517140626
4.563534436867143e-2
6.1128146427335404e-2
0.12611498785072062
0.10454297651602698
0.1856224543622019
0.11344937858610024
9.449252617676765e-2
0.11827105716195066
3.4202744276896416e-2
3.7986227834291876e-2
0.17132159985763845
0.1189012608252468
4.280428262686577e-2
0.1311364499530409
5.227655926634865e-2
2.7210335470844494e-2
0.1172210454514615
0.10720271684288574
0.1732413545130885
7.750937028802879e-2
9.763031874695591e-2
0.1299991727072854
9.679818699062795e-2
3.637027514208228e-2
8.935694588862345e-2
0.14796289068061866
7.667716961161129e-2
4.249378025642546e-2
0.11652670633542998
1.863308289556411e-2
3.048217477049726e-2
4.976116838572542e-2
2.4951785278766726e-2
9.80416031041774e-2
0.2050466477628869
9.665143566078848e-3
4.917248031182255e-2
8.230610389923146e-2
0.11853636362730322
3.3915266050610196e-2
0.1471667021502367
6.174053515794827e-2
4.110477707755759e-2
6.432766054079161e-2
6.0875299157968445e-2
2.486656096767307e-2
0.195439509299967
0.11263641844463068
5.837599822172983e-2
0.16334454728069167
5.277523857145141e-2
5.973235995354631e-2
7.389232362828428e-2
8.870710732562936e-2
2.91041124955708e-2
0.24942955165638409
2.7195335837297597e-2
7.452174285515815e-2
1.943738968570876e-2
0.11692679567268922
7.479239362686695e-2
2.56349324858288e-2
0.11690267251511624
0.1931660844740024
2.0014910055392264e-2
0.22138119156895247
8.933444481282933e-2
9.861300267538105e-2
9.791201675637498e-2
1.4231902943374442e-2
0.18812164908025664
0.1816622259477249
0.18169246430698832
0.15377752571356088
0.17418986166977685
3.627454659474651e-2
7.880967427185044e-2
2.107346703384655e-2
6.308797771074925e-2
5.613728696080975e-2
6.853202752179799e-2
0.1401845052459064
0.1307447517690969
0.1596061197600763
8.355889957209318e-2
0.12214153379285611
6.822387518301795e-2
2.0487036053696596e-2
0.17045199347405124
0.16611622171631996
0.19186336542255739
0.15473787979039938
0.18409002067952812
0.23526825228015533
0.15756852420561462
3.893285888653007e-2
0.13173281391653913
8.327189155601192e-2
0.13014924039872092
0.10725345559438174
0.13495661079040736
0.12484388669467306
4.4023972837206195e-2
0.14178049833584705
1.1871564486333919e-2
0.1932547700636449
5.190215027780021e-2
0.11101866401841395
1.4960901394685477e-2
0.302607804869112
2.1472845856246803e-2
0.1797705802715595
0.1391817214999816
6.120065250917395e-2
9.77268741651855e-2
4.067135675797552e-2
0.15188769258324228
0.11797338506539105
8.42405567984815e-2
0.12637037143657098
1.981356134614366e-2
7.704563212395084e-2
8.918710193991108e-3
2.6980182182465805e-2
0.10187530970643292
0.1310389815939234
3.671407766869885e-2
0.2346219627408571
0.13855631408299476
0.1455947919987946
0.23011489804464058
9.8952893695351e-2
3.758035211918799e-2
0.21949794293201325
7.544603836090294e-2
2.397666551584554e-2
0.14905911102716957
7.782721140998279e-2
6.297575629001056e-2
4.566885699275306e-2
6.265907175846397e-2
0.18765386629011588
0.2922878556123257
0.14783291611359667
0.2449171521896382
0.19788906018346114
9.442549308923033e-2
2.4093740005768395e-2
7.329538553710236e-3
0.11646945541357034
7.22877759578648e-2
0.111896415495006
0.16942700782081505
0.1609988119667874
0.10194400623418835
4.599870967329407e-2
9.23038761883367e-2
9.52470270946944e-2
9.594893821864293e-2
2.1496526307340603e-2
0.11117232923105949
0.1399102979174057
0.11564412114396405
0.2166124942837976
0.1095239225470599
0.22625413802621375
6.524471422748888e-2
8.738185140238625e-2
1.389868627132831e-2
0.11010141297902003
6.518110623342786e-2
9.814951965629014e-2
7.696647669955987e-2
0.20407251369142765
5.629267437850814e-2
0.16649244164297425
4.429298687298309e-2
0.1274423197445499
2.5525177546914503e-2
9.661421022351013e-2
0.13866275322389932
0.17480154135211037
4.715072992621851e-2
7.637363651856698e-2
0.1821132932414576
0.17595006710634264
4.930362858694065e-2
3.760749441245993e-2
0.11379287176813954
0.21087894464556323
0.15221253269919682
3.411532769809903e-2
0.12935365768056015
5.30599411247195e-2
0.10348438869005121
8.764657779244092e-2
9.601797903579765e-2
0.24539041386261734
8.247023732049044e-2
0.11807150712611407
5.918757152674224e-2
0.12425049331262181
0.10298321943379873
0.1087811875609042
0.20250157408483171
7.428230742698823e-2
6.926831859479536e-2
7.911442528545772e-2
2.1921162138354756e-2
0.17495641849668986
9.24460228331454e-2
0.11018002147934894
5.5809095747239856e-2
8.097182623129331e-2
9.66833787813042e-2
8.283461017162874e-2
0.1016100685029226
0.14238432250867405
9.086772814277772e-2
0.33774027916326776
0.1805884392722236
8.06956986752221e-2
0.16875461839632427
5.654203969087819e-2
6.292217170859618e-2
4.207700291877224e-2
4.525361161301024e-2
1.6362246427936857e-2
3.705552986195635e-2
0.11635499982642776
5.3679533983154136e-2
4.3431117187932154e-2
0.146844607966583
4.0301476767939506e-2
3.157524980852826e-2
0.1147876957323668
4.966526860422064e-2
1.8467480892058442e-2
0.166430407597638
0.10460345334367442
4.0614435455538264e-2
0.1801697792138671
5.735572114750017e-2
3.297116577764995e-2
9.25982704460497e-2
9.176067640997235e-2
0.12424145591609555
0.1333182895011234
0.13111237930113934
0.35571125561373057
0.15386402953644002
0.16369973461351742
2.194818296817209e-2
0.10424486950867604
0.10357151107404942
0.18453613675531205
0.10204485440884561
9.603022538546457e-2
1.2114702156688372e-2
0.10443957791919059
3.3747880210635975e-2
0.1360994420888147
9.915964538456316e-2
0.14400477197896822
0.13086633974278064
7.783587922247796e-2
0.1103898998005853
4.7014959036181525e-2
0.2135945892764306
6.448944281372185e-2
3.84351709257418e-2
0.18080351094642713
5.223845923366344e-2
0.1827182377953871
8.497801230542747e-2
1.2363902986041186e-2
7.86767639086288e-2
2.5875876854128687e-2
0.18466506625246032
8.328678705641192e-2
0.2645915963859288
4.3574413907379504e-2
0.15499285643654945
0.11613161789855905
0.3122494356446996
9.800961288026142e-2
0.33106857715174043
0.10524688293236488
0.203488939987716
0.15354410018124515
0.1008195519369454
0.10267447765430834
0.12690645715240229
0.15623109468382226
7.109050314724251e-2
1.9927285355159897e-2
0.20565647677541374
4.2867742611662e-2
8.147857454599881e-2
0.21819264555183002
0.21143869397246048
3.41456868799533e-2
5.7736746434199404e-2
9.104513408479235e-2
0.36244938153257794
0.21786096411233977
0.10351217023338752
0.13334653732516782
8.089425320957079e-2
4.4944678387777014e-2
3.695714496943614e-2
0.19369183974603787
0.19702529579192815
4.7495711694078915e-2
6.909660503936967e-2
9.431446088554052e-2
0.2746936271274313
3.946914903657324e-2
7.130538521381695e-2
0.27025019568288294
0.172435265905332
0.1587052847406337
0.19199214693625594
3.6208468148058504e-2
2.1383366346252607e-2
3.1269670661038015e-2
0.14760784026984122
0.1549269495648516
0.18366631712349862
8.420084542362036e-2
3.916630167768821e-2
1.5954829327560892e-2
9.962576236573698e-2
0.20405182090438986
1.8723982358300018e-2
0.2555713628829159
8.249748090646064e-2
7.72809803103138e-2
6.386881153417298e-2
1.646825937542771e-2
0.24893335736916597
2.5596773211115597e-2
3.478930538145246e-2
5.537316648596924e-2
5.7115694339088044e-2
0.17561957062702782
4.206456268216728e-2
5.205268622316027e-2
2.3615833646945972e-2
9.599802150995104e-2
6.235270291790139e-2
0.15530071577991802
7.261698755203241e-2
6.734692023692977e-2
5.546343824268063e-2
3.303061226074631e-2
1.496459997726387e-2
0.20238935313032744
0.15900557535762175
7.360995990284472e-2
0.1164697508019549
4.1470497586140596e-2
0.15726824392194158
0.11154997539545904
0.24105807169657084
3.046707830478589e-2
0.12748887069511622
0.1472410812530581
9.118347716295983e-3
3.5376993870828696e-2
2.5898811119342658e-2
4.9559487521589875e-2
0.22350584615973118
5.138412603211647e-2
7.861316230582575e-2
0.1244735291349341
4.722810279216346e-2
4.003875556376206e-2
0.14646771980020828
0.21931260869683525
0.2108689888328057
1.9147639320789465e-2
0.16916302520343843
4.8785622918587235e-2
0.1205483092241288
7.264834676522297e-2
0.1269841813242722
0.1655510523575329
5.652958693411135e-2
0.15236246090754607
0.1542341943202
0.24087294393715966
8.128185579393407e-2
7.73473022647647e-2
5.9211790836698384e-2
8.685294345906436e-2
3.724656571003002e-2
0.10026924542634189
0.19087346806661049
4.800636409781119e-2
0.15699301953378608
7.007000937182825e-2
7.382200160733135e-2
5.6530967961951825e-2
0.1610141756768199
2.2046423096909296e-2
7.324210017503587e-2
0.10982719176167496
0.12036969490253421
3.3225038551625084e-2
7.039906443035947e-2
0.1226481542221641
0.1062148907815165
0.19409071077156606
0.13197975558142044
0.13907108925360895
8.286259227124082e-2
5.409215611303188e-2
0.12912145094939528
7.650667573556186e-2
0.25750947171802274
9.126637378149387e-2
3.72441303056401e-2
8.05883910514546e-2
3.0477832454179843e-2
0.10439233747201375
0.11137695536016076
0.20085934791835341
4.368267959284191e-2
4.026707434323703e-2
9.565744439816652e-2
6.143373323114877e-2
1.5375609345122476e-2
3.082726900968886e-2
4.69234987348975e-2
2.3705128956337383e-2
0.1881705915992812
0.1032851382304906
6.733310312933447e-2
0.21208966214890684
0.11084754370576774
7.118288994549812e-2
2.922755708461805e-2
3.5103765448328536e-2
0.17402229109522543
0.2318757134532941
0.10911338329404185
1.3651634839269566e-2
5.583178056043322e-2
0.17031198460409633
4.2137657860070864e-2
4.172262098549453e-2
7.879213915656398e-2
1.5796979194667448e-2
0.18267774054404445
2.3281419608436306e-2
7.631009932872226e-2
1.9402838438698944e-2
6.312180384685717e-2
8.47696867906637e-2
0.1634891370207642
0.1130504118457061
5.5758390048527486e-2
8.969871321157466e-2
0.10318289972304193
7.187556345829013e-2
0.18343093453500225
9.709982566458601e-2
9.077116211490231e-2
2.9096968141217962e-2
5.68440928791342e-2
9.053956661174412e-2
1.3240075777086857e-2
0.1864448728390103
3.716221149179848e-2
7.291308219367419e-2
0.10999720934208716
1.189437615368678e-2
0.14819264578407598
1.040468276106521e-2
3.909281102646474e-2
2.8665837806106063e-2
7.472183389470752e-2
0.1467038711840138
9.801163999500115e-2
0.27925602910571123
7.359374809130301e-2
6.65681226901292e-2
0.10775169327127987
4.6406370250652716e-2
9.475482780777064e-2
6.781599050576254e-2
6.286063441643819e-2
0.10971542254508453
0.17817847779733326
0.11833530556868457
5.770496343242613e-2
7.581690340687776e-2
0.19015172860276133
0.1136624980957444
0.11563931056118788
4.202797214775682e-2
1.73299514070836e-2
9.140131916248871e-2
5.009468955329477e-2
0.13114991229082215
3.3913143825630196e-2
0.10320453426772169
1.3358977250543446e-2
2.535792430670153e-2
0.10086973116115024
0.15646644247893127
0.11375933324669023
0.14562629104568076
0.16144087080049013
8.63694685640057e-2
2.4918367833959378e-2
6.690832860794982e-3
0.2810258345037745
6.787253891589988e-2
9.627842998090944e-2
0.14482765777752618
0.123363571190658
7.142104316832365e-2
5.827380568337315e-3
0.15516497049342498
4.290826718082926e-2
0.1606788172385026
2.6421082154128216e-2
1.268142251189468e-2
4.891044148928068e-2
6.561619842449343e-2
4.391009996766162e-2
0.1594741219613469
0.24606363679404636
6.719023734954169e-2
9.221655317279474e-2
5.25046283779666e-2
3.420582381239777e-2
9.335094998361054e-2
2.611822591806049e-2
0.17814611649771975
3.145820143003504e-2
0.18355685304914546
0.2577620829933839
3.408093645974196e-2
9.088769668831595e-2
4.998389132487777e-2
1.935396617695262e-2
6.0120230608071354e-2
0.2143348356388791
8.255559722689709e-2
7.636333504384213e-2
0.1349870790960342
6.687614995184568e-2
3.680868302196999e-2
0.18939703552216197
8.6010115118132e-2
0.10943012236256706
7.587324681510811e-2
0.19662444505451285
0.17622168620667228
0.24764920533351184
8.031969334099925e-2
3.169408170872458e-2
0.1266476729634321
3.0778545366912113e-2
4.615100202923137e-2
0.1995958947775204
5.9252547263110175e-2
3.2489262509398466e-2
3.1020756000600037e-2
0.11027586675661172
3.28747191723594e-2
0.10292070622973033
8.018898548320225e-2
6.943786667334803e-2
2.023202064605837e-2
0.2386202924430661
1.591819882709684e-2
0.2229992387985557
0.17233665933524578
0.22895983890628427
5.719071397586408e-2
0.114472485060967
0.14060850422053411
0.1257750524716377
7.337925687245683e-2
2.3285791853310155e-2
0.2176870444015095
0.13832318956043332
0.11720433494016455
0.10553719210306248
0.14378677007183405
8.36903156773013e-2
9.73728975099245e-2
9.062220189352524e-2
8.13791660864656e-2
6.786680649963465e-2
3.891112066267367e-2
0.1920960140860898
3.891108447291234e-2
0.17203686548349678
2.0883907893297672e-2
7.009269846155972e-2
4.8605664785182946e-2
6.228015085068439e-2
2.377618042106684e-2
0.17766707166092913
2.45665947864639e-2
0.11457463318566515
4.976844625688065e-2
0.12418900658010568
4.838384008649972e-2
9.215308262167404e-2
0.16392275064205714
0.1392552362980792
8.047401640833643e-2
4.9592112196808515e-2
0.10408932397885488
0.11671505492928502
1.6769829444770568e-2
3.658335828392334e-2
4.1038135753433694e-2
4.410174270022845e-2
9.07880528047045e-2
0.18097738939715274
3.475505333977996e-2
0.14039898088918518
0.1454677016638772
9.196222611044307e-2
0.2625077945178082
3.6049281321766914e-2
0.2280466110961334
0.2883312849775118
5.39969415018691e-2
6.1489372889191304e-2
3.5147914085452855e-2
0.12894638811736855
0.13364864698030413
7.495707712300569e-2
2.370473202919019e-2
0.1747390145314989
0.12016157591259595
0.1130023944281667
1.0704909910869143e-2
0.14442255116677244
0.1036753271651539
3.5130845266565805e-2
0.14678898739103596
2.644134752003018e-2
8.368293314307118e-2
4.885915101487189e-2
0.17784502797827378
0.3173745415031899
5.906250693489414e-2
8.681661534167331e-2
7.024400732310514e-2
8.062848869681964e-2
0.15993445575711038
6.681973879488709e-2
0.10338780603738465
7.234709481784846e-2
0.14296882474937456
2.9634136895433538e-2
2.237015992876388e-2
0.11793609419257808
0.13940002081764943
0.12524247494596258
0.15452917762215987
2.900963606322432e-2
0.12747941474766572
7.684711277142056e-2
0.264222797816051
7.192908427955427e-2
8.8702705458005e-2
0.14880864888561246
0.13339918501689563
0.24645591091833724
0.10691720544841865
7.60786633963254e-2
3.0465291433159236e-2
9.05972327265711e-2
0.18014921733249317
0.12345337210456034
8.056755632969667e-2
4.605702999080893e-2
8.92124273345673e-2
1.7540720334566783e-2
8.159953018279186e-3
0.16954997847618175
0.10814328951416907
7.983473331441399e-2
0.16571861921662986
3.9854918747155646e-2
0.16369925771683996
0.10116436895399614
0.1290068107931966
0.19323762360370317
0.16588087980861962
0.16347256058898535
9.701986277826645e-2
3.389716292576167e-2
0.2903919178862557
0.17052865439879056
0.3107177345330147
2.921139584409682e-2
5.9594871997947975e-2
0.20855070805020398
7.974752681461164e-2
0.14212201153083376
0.11911010546808867
3.3612106267143914e-2
0.13978598213475868
6.1193627545337324e-2
0.1254629172396832
0.10107022440451421
0.24923282595190246
9.006790122015884e-3
5.5909585044381226e-2
6.326110822342704e-2
5.344587958115504e-2
8.929874119331774e-2
0.1709341161333786
4.607011553813235e-2
2.0612906981077827e-2
8.467692342382471e-2
6.610705948858168e-2
7.597106110064542e-2
0.11001460020455944
0.14511475368422974
6.882830262255958e-2
7.697979696346247e-2
6.154274532950238e-2
0.12237998597030826
0.1324193465248924
0.18201034093577947
0.13897122433488204
0.10972231511072365
0.16283875084587016
3.9171163672825915e-2
0.13673637427190602
7.500921622972008e-2
8.158335052595955e-2
0.1756889225451043
0.15528118373563743
3.3639397775514356e-2
3.801526271376128e-2
0.134717769323273
0.142300483493555
0.12229249985336073
0.2911278886126628
0.12243889329117444
0.12544414761743905
5.4128800719175904e-2
5.367236436282169e-2
0.12715076154883648
6.563980830343034e-2
0.13185414390573635
6.330265783787774e-2
4.829548651630007e-2
3.095778479846346e-2
5.312329024561404e-2
0.13838536212787128
7.25786588049252e-3
0.15692856545409523
4.7644417661612384e-2
3.7278862532677814e-2
3.263761860297082e-2
9.657230077695653e-2
8.978390779272706e-2
0.11619453928872876
4.660810722423976e-2
4.973010953436904e-2
0.1100797990616766
0.13376190098887059
1.8276084064270937e-2
0.11251209621229433
8.2942246755038e-2
2.6444803571610866e-2
2.7835895886130245e-2
0.21595151574455693
0.11894123420926941
0.10889179482029872
3.61895404814195e-2
6.1078454446362854e-2
6.918572727997374e-2
2.9445923153076446e-2
7.269819420757703e-2
9.979115627914545e-2
5.348556269934115e-2
5.778778954180058e-2
8.747556194075881e-2
0.12188550772136461
0.1813519921055017
0.20643144534855679
0.15327942624775762
6.382657315379106e-2
0.18177776885186506
0.2790009405843618
0.15568548733454973
1.6215943974008253e-2
0.1103959056841286
5.2937276905169126e-2
6.698184823242048e-2
6.26527955349866e-2
5.305089327746275e-2
0.11011732821119562
9.91888890502837e-2
0.12055170306960965
0.21870821664549084
0.1235674167066008
0.1910075032094729
4.12895415521076e-2
0.23165337781818818
0.11932681528848144
0.12310232440595156
4.889675885562272e-3
7.30170528690335e-2
0.12406994737721182
4.955701303330534e-2
6.131735898678324e-2
9.274287332041363e-2
2.4958822829469908e-2
3.570667137178518e-2
0.18685902407953617
3.8363216599199154e-2
4.014862567283924e-2
0.16253311628919742
9.794032340983636e-2
2.2611013336606322e-2
7.9595493348029e-2
6.0852886372273984e-2
0.11664527805565457
0.22683051698177117
0.15723241716141173
2.3470035861490192e-2
0.16054071663465969
5.126957090868226e-2
6.535538374891521e-2
0.12837651666093453
0.16816559347484267
3.960368586835676e-2
2.9783092947469315e-2
0.10689290551722053
7.07985566464798e-2
3.418336753082325e-2
0.19183642979879614
9.743590876350438e-3
0.11875778196312163
0.1285102239394499
4.8915810699785435e-2
0.23349854932115913
0.1257354961485094
3.608817479400665e-2
0.18296759647778918
0.10027614346033605
6.623087703648477e-2
0.1762152472677404
0.16779729214596767
0.18094918176677233
0.10445299905325937
0.10906614500870378
0.1129165209806576
0.12773644594328304
0.1397646479472316
0.1715471532243605
0.18944114659818054
9.398611704784879e-2
4.00322631370556e-2
0.2358194913551408
0.17325745163905135
8.97246218284053e-2
0.13778538785141906
0.10489600810392674
0.19746036589153051
4.2144330230438065e-2
5.305524527755016e-2
7.960745601225827e-2
3.7902408319431466e-2
0.13967559959055684
1.0799157415539218e-2
1.8984495168239034e-2
0.12364416428220673
0.1643743759929442
0.10516259976879072
1.672945887192956e-2
0.15030224148403074
0.2080117002554239
0.22688979695237327
2.2566908026784648e-2
6.137207996753259e-2
0.13727817168122294
4.792487066253491e-2
0.1367045567193613
0.12747475214787038
0.18335983911360332
3.9630232635562715e-2
9.049530489082816e-2
4.2270651574679775e-2
0.10877477943158775
3.866224464954493e-3
3.4361345783651784e-2
2.571970140571278e-2
7.566711891398414e-2
0.10624093933526821
0.12075136490475
8.694963375754557e-2
0.1810039320223639
5.299828625036409e-2
0.11383980771841964
0.20750280819594433
7.165862134567841e-2
0.26716085811088225
5.038922023484001e-2
0.11342867882051895
5.175318291331961e-2
0.14958079099245578
8.812081439056847e-2
0.2394070865418208
9.671445345734811e-2
0.11638120658597614
3.166158502326979e-2
6.062615318221169e-2
7.299999428240282e-2
1.9415352173242795e-2
1.1165416931594063e-2
5.395352476180852e-2
0.12597201984741804
4.262293743502553e-2
0.15641204991719673
0.1493533971776571
5.5415349194992435e-2
0.11622066437620762
4.943572719993206e-3
4.4358423167363936e-2
2.224151032412296e-2
0.23090872772527749
5.411996152980738e-2
0.1376001725131427
6.118821220147409e-2
0.10742922060357211
2.5791454989604768e-2
0.1445856019764394
4.609549107496395e-2
2.7552655744170464e-2
0.19192933402057474
5.779354778283843e-2
9.168280906524186e-2
0.16972735811270254
0.14645200043242462
0.182040718340193
0.15138923625467907
4.063872152708542e-2
0.14002371958881538
2.579275419035213e-2
0.12382359941008207
0.1538269933821744
6.333322045585106e-2
8.688824408680705e-2
0.2534019510405073
8.117896317910933e-2
0.1638457540500636
2.637226477810093e-2
9.721820257914658e-2
6.968865231770363e-2
0.1014130547687345
4.982592334115319e-2
0.20556761809368035
9.969610389444965e-2
5.7622081581723474e-2
0.11903442136496567
6.599653314019271e-2
0.12739535300570964
3.159871888843733e-2
2.2652373718669273e-2
0.10262008551616031
0.11286236382899624
0.12182696255437206
0.13548942311645043
0.14714213817256355
7.948643029026911e-2
4.55928577585711e-2
4.67066164124327e-2
4.907537415689793e-2
1.5209554910584112e-2
0.10199690228709142
4.0604614589302646e-2
8.824048209032553e-2
2.3064740385725434e-2
3.995039335831867e-2
3.811157036841304e-2
8.953704019329249e-2
1.2501507300202986e-2
7.122209683268423e-2
0.11105313943822892
0.21165650778634673
0.17643038656448612
9.408661392052073e-2
6.718058075746138e-2
0.12915008072206033
0.12795484603507495
0.2988812447312425
0.1264809871171047
0.2513757234977477
3.8812838327694624e-2
9.671896818368472e-2
0.10613525871636816
1.4199101398309665e-2
0.12117886259862413
0.1069105398330811
0.21241954874043456
0.21380723246391603
0.10695699758449247
0.1020809412992969
0.10279659890360773
0.13010834958176493
0.3821296600412696
1.3042967331974997e-2
0.16278540149865933
3.4146827609789064e-2
9.136327601775103e-2
0.2817059178079067
6.079499173349655e-2
9.517416135006207e-3
0.1002333699513043
1.3033009680014373e-2
3.8136249958346434e-2
2.1799865878897505e-2
0.17114734256977737
0.11290604601528771
4.7462979422038684e-2
7.062778292752082e-2
6.542531925035175e-2
9.437084647150787e-2
0.1689431794835207
3.0542197384452074e-2
0.10939671877689765
0.12825243958804428
3.8719460328923885e-2
0.3641959484510892
6.867878216811517e-2
0.10379006507918787
0.22402440919485606
3.404389580772625e-2
2.9833698966467214e-2
0.23718396284080337
3.4338757486780336e-2
4.942867731042584e-2
3.2393962278667546e-2
0.28536514287562864
8.825650707343341e-2
2.065118093985886e-2
5.994525577376177e-2
2.0558803812443804e-2
4.7067845415311074e-2
0.19779990795302696
0.1636768176147859
1.9537452465756645e-2
0.1815249274160063
0.13447200162410852
0.1832336362368173
2.611842726805034e-2
0.25264406355121627
0.13807857973554372
6.39851167896237e-2
4.547929132150139e-2
8.50854709700276e-2
0.13475007345534287
4.142909713429891e-2
0.10892315155011292
0.18783332744057707
9.575875524223444e-2
0.10915218632324583
2.458704856742856e-2
0.20752016847570723
8.666867050735895e-2
0.1393064332081129
0.2270318448822033
4.502478075560036e-2
5.7356678312511754e-2
0.374624257814848
0.13612726411406675
0.15579819567891695
6.41497812884114e-2
9.049174924993075e-2
0.14414999352774957
0.22134280652620472
0.15905180148595632
8.206305468710992e-2
0.10417141041158032
5.365879234144784e-2
4.0337767139605574e-2
0.10048944425956088
1.6818272750210073e-2
6.727674805533555e-2
0.258205173327418
0.30233544384766664
0.11630639832701242
0.10412242833207026
2.480169102804495e-2
0.1519798562084565
0.18063738296027862
3.934617633653481e-2
1.5110288821440243e-2
0.11306530006021095
4.2683266076579206e-2
0.11798053268009259
2.6162907983548978e-2
3.843505323157309e-2
3.72146372672051e-2
0.21286281392925996
7.373104832753816e-2
2.6352138328584594e-2
0.11662679395096447
0.22229968566872932
3.093171835156854e-2
0.13555901330980116
6.995649776967167e-2
4.955866917889762e-2
6.788704037154164e-2
5.720733950011368e-2
6.411978820343142e-2
4.786377393917316e-2
3.0736760259216e-2
6.790485826581563e-2
0.1503213151910019
6.196934274043577e-2
0.1308587389201538
0.12090657988081772
4.282812430223572e-2
6.013866945634501e-2
7.425072437704214e-2
5.3611824373559894e-2
9.461129320439506e-2
2.090356672630227e-2
6.15995871223642e-2
0.18620795120416206
0.1233038038732912
3.213558557306116e-2
7.77943819055987e-2
2.1897644108883875e-2
0.12805745874053617
0.11658366144245699
5.656729464827833e-2
0.1675183209133138
0.16681111071193536
7.870146501721748e-2
0.10636184151314651
1.4362382496727843e-2
0.143405108838621
5.78389747055262e-2
0.1377091505484369
3.806009080375753e-2
0.3073270172609859
6.863792344690424e-2
4.949302226569241e-2
0.12928661075326142
8.643988997394118e-2
0.11213802465132434
0.11824435655078303
0.16051571889192456
3.687967168877038e-2
3.8732624181573604e-2
4.518926487104262e-2
5.846673265876203e-2
4.946305855789921e-2
0.23411124752187154
8.845851474072584e-2
0.23363834803701639
1.8559621335062403e-2
5.27698571063225e-2
7.762666204742211e-2
0.10842238173365333
6.471863558561608e-3
0.34506779847717695
0.12714417074851517
9.935189188743548e-2
5.1325836214300743e-2
0.11553111444296185
9.76288452914088e-3
0.3341618201836056
7.673773436764007e-2
4.7496888099314225e-2
4.155244689454476e-2
0.16884532559269222
0.1724553463344233
0.1260596948317781
0.12914899884431058
3.94002094034324e-2
0.17410846085050652
2.5737787709647277e-2
6.030111568979205e-2
0.11263141511454577
5.498865461779971e-2
0.13706956553621333
0.19049354478503835
9.23263822099262e-2
3.0993797549669255e-2
0.11037984703978831
5.625034610616965e-2
0.10552909680650516
5.163200953620038e-2
0.111039958070887
4.416331011280278e-2
0.19168085334256107
1.2878347308573745e-2
0.18668380435519297
0.17843842058160422
5.543043523081117e-2
4.7032872924143564e-2
6.400446768874565e-2
5.015036633211941e-2
0.10738429060431028
2.778083297039822e-2
0.15363816108599643
9.907583621915658e-2
0.11441726033578167
0.10763107464959135
7.337809169176769e-2
0.15353705988308752
0.1067161768544859
0.13378243353865915
0.16788979378344432
4.269044151945456e-2
3.8944055218680794e-2
0.1367270401033303
0.1512983254700361
0.14463035760159304
6.950444516985964e-2
7.614363270869125e-2
4.074989904890388e-2
8.30701632127859e-2
0.1709974595397962
8.804533414856952e-2
0.20139558194449264
0.11859228079391933
6.307745304879397e-2
0.15639059236105926
7.422776159652736e-2
0.23259120536134756
5.15146852996652e-2
0.21688550785034066
2.987335834471052e-2
9.922213148008632e-2
0.11138964238079577
8.963489723573344e-2
5.829537756556284e-2
7.953300013516762e-2
0.232641579826739
9.940273479125461e-2
1.6904508720752387e-2
3.180017650899421e-2
8.552987916096563e-2
5.492782018368257e-2
0.14789787406092855
9.678416895337097e-2
0.13127022823276818
5.7790724507082905e-2
2.7266366249174202e-2
2.9308778740299447e-2
4.059817819225879e-2
6.899246644810608e-3
4.4694140455366e-2
0.12891741923872382
0.13186004827037018
4.45887306754761e-2
0.12897691504911285
7.862129139897686e-2
0.17350535610849963
0.156956469395557
5.4430373888713246e-2
5.390806398858433e-2
7.622004264915949e-3
0.12154623178656061
0.20784563137897744
8.74965734227388e-2
0.1282215586071807
0.12133796945790505
0.10436523368672206
2.6492708755159e-2
3.0670273845954398e-2
0.140488321146076
7.34459786346928e-2
0.26755138959660185
8.749494859278187e-2
9.101386609620313e-2
9.617804436838595e-3
2.8630370429909992e-2
4.134614990612708e-2
0.14649928224727923
8.159299296497148e-2
8.95978331213513e-2
5.558867237169659e-2
1.899602205284272e-2
0.2427795557848655
0.11762468122654013
0.17956816229666317
0.30744637951434406
0.1474694542791103
0.1826907407855522
3.2433854924931727e-2
0.10749300987756487
5.450718482176249e-2
0.19525661852144222
0.13916056429407328
3.0799266213867527e-2
0.1906762874837833
9.696538085234338e-2
0.11922499803186457
0.13698380950737105
0.1343553415335378
0.14833484044100592
7.492372305729819e-2
3.154566959013675e-2
0.10810031181691904
6.534436132399243e-2
7.869473843034105e-2
6.728756230237251e-2
5.7527346490462386e-2
1.2230640277566096e-2
0.1838249973374924
0.130095646827892
6.922538486665962e-2
0.16158139070111913
6.0920232022759644e-3
9.83476654333543e-2
8.159128494321713e-2
6.233877502596939e-2
0.2415301373421949
0.1645136839227897
1.1568692920549318e-2
0.12963245985691177
0.18236111024853535
0.18295317713156486
3.7466016284283865e-2
0.344747106604112
0.1156377126043143
0.1715338841437361
0.12866359807142516
0.14123385109198472
3.33030277959688e-2
0.14603175839415183
4.793572259438731e-2
0.15520828486593582
0.20505765292106695
0.21236047318872803
0.1753582094948684
4.555752254105981e-2
0.13878261563522215
0.16964043430482856
8.772725479456746e-2
9.587108063134442e-2
0.19307596865449977
4.0935161066449496e-2
0.16456004857180068
0.13782946478342173
0.15322746473586496
4.2738832335092056e-2
3.944622904368119e-2
0.11836868997525636
0.1941729270493106
1.997846937713642e-2
3.8985358199800355e-2
4.795387487906859e-2
0.1547940374280913
0.10442692726978911
0.10716788368350194
0.12725935458837762
0.22854936055894629
0.18889879056029252
0.10810499934269405
4.860185438339343e-2
8.488296417418192e-2
0.13104275227398396
0.12464661986132053
5.305653985059754e-2
8.686577567205914e-2
6.479174956545708e-3
0.14576324433150742
0.23137933033270386
0.12420830642186394
6.335029920250872e-2
1.0666090221598612e-2
7.422153998151786e-2
0.10389410925387717
3.843377995920645e-2
2.5907016512004034e-2
7.005625877566824e-3
0.24023568174561385
6.979555869874976e-2
6.546407461669244e-2
9.876808722175666e-2
0.176840263253441
8.676388988038096e-2
0.14263726620632086
0.11287251252138235
0.10920411551367168
0.22612510390526483
0.18981437305341836
0.11016556127969009
0.14347190293123116
6.63874952077129e-2
8.404026390297345e-2
7.055354415137646e-2
2.7950243929362163e-2
0.1562213687284701
0.1085191765770543
1.4030050572554843e-2
8.313977564217705e-2
0.11569480120534212
0.14138203076582762
0.13798213930571646
2.3574862263232133e-2
0.16548488893576957
0.10584656270533724
0.10349279181094337
9.330033223977219e-2
9.60387962830346e-2
8.6094058095848e-2
4.0582813904992285e-2
7.443545286436123e-2
0.14854856054401563
5.660060518162844e-2
2.7631704691769364e-2
0.10083049724392401
0.12407819161771423
7.370416830202561e-2
8.682867433559055e-2
9.938062506977603e-2
9.245770111117892e-2
0.15765663000218075
5.4469438101911315e-2
0.10722290866482291
9.244571361794622e-2
0.12383488439736556
0.2522190435601047
5.48696269289322e-2
6.57277815950317e-2
0.1504814029991261
9.617043572149467e-2
8.149413797389288e-2
7.952708081203205e-2
6.227569790846917e-2
0.2061200499863085
0.10671558179681231
0.12308707368431093
0.12862299731284452
0.1579106488878212
0.23686465784154512
9.073955416034543e-2
0.19114864533070444
0.12372662853098952
0.10748933862725174
0.21071267578857836
5.9541336905382526e-2
5.197541462191187e-2
0.16965636271114418
6.463386761874804e-2
2.4722176001848083e-2
5.414687069452906e-2
3.280213751115735e-2
0.1441729882406016
0.16018006306919869
6.936752322709511e-2
5.263600229544788e-2
0.1335240992564984
9.317575768855128e-2
0.1298703680694166
0.16723720950787008
5.1293570457800475e-2
0.10141455248914903
0.1188715211205047
0.2946635759778554
0.18903006361993444
3.605908799689757e-2
0.19961502106922246
1.6150482282451594e-2
2.84667257850049e-2
5.677335467002411e-2
0.1705205237626728
0.2606376510653666
0.14622508349078425
2.1740352849220844e-2
0.23212683215547605
8.508614381665927e-2
0.13377671728483678
0.12773889540931446
5.606805528690212e-2
0.12129199269397035
6.024822899723957e-2
2.740199713151419e-2
3.134986958853202e-2
0.12005508220377856
6.927714069843507e-2
0.2008795835185373
8.660076726967875e-2
0.11804616816388454
6.914040438007066e-2
5.539071866046932e-2
0.16316936548182503
4.4644442005588106e-2
0.2104362779259726
0.2513002137349612
0.10751972230271836
5.244864089374383e-2
0.10967059368904652
0.28717865305802215
0.11162902556129409
0.28151918469962267
0.1787350854588712
6.716002302392027e-2
7.527983053319579e-2
7.939552956357146e-2
1.684732308934884e-2
0.108328498017441
0.14112039880766641
0.22328899832653099
0.12263299566984887
0.10237531018340214
0.2169141607778191
0.1982714454812862
0.24338079584079114
0.22755361900609125
0.28363965874162217
6.319062809852524e-2
0.2607584472656878
0.11611535534092716
5.3374769175188644e-2
1.3045159811713326e-2
4.008886209129571e-2
0.14032646970031779
0.13501467241543605
5.543393681393325e-2
0.1053790640004928
2.535404636080335e-2
9.474800871467291e-2
2.6059672814892132e-2
9.191429097395301e-2
3.809514348903721e-2
9.751061295297352e-2
0.15375465115844344
0.1247387544614927
0.14221257674906096
1.2621645253705748e-2
0.11699277639134789
2.783070499101801e-2
5.999702306926842e-2
1.580817844010942e-2
7.229485137341049e-2
1.5094377943220027e-2
2.803482681967414e-2
4.240970814273799e-2
0.1635531774077313
0.19479104475803796
0.16464576132517456
6.603325245837946e-2
3.1797779558363805e-2
9.934067099832825e-2
9.496360146310716e-2
8.734953068882406e-2
0.11824157815134403
0.13878075471402768
0.11766820156573873
6.412974007838959e-2
9.270463295458517e-2
7.733455371253377e-2
0.1214514261286338
0.12371444287211038
7.673132412353292e-2
0.20357470488447302
3.552563580451198e-2
0.10617113425503104
4.7924440320305316e-2
2.7785248722930478e-2
0.15439115979068535
7.2996568385532475e-3
6.267991282157975e-2
0.2350341336014255
0.3020813685705794
0.12051946607763002
0.18958414229447418
5.305563246234633e-2
3.6102710287450324e-2
0.20215355257377765
0.10848315729002814
0.1356364320251871
1.897980135240641e-2
8.136089826753126e-2
6.367584729642499e-2
7.678973129955749e-2
4.797435434813119e-2
0.20210895168511459
7.085272064582958e-2
3.7844166529954745e-2
7.919610964342085e-2
0.10787614135956339
1.9842379469862705e-2
0.18663504472509063
4.5182945382765835e-2
3.1855208293672145e-2
6.372545553515578e-2
0.17844225903605282
3.7206450743295226e-2
4.666800010835552e-2
0.12578352935544526
8.993934012041646e-2
0.17098490539429562
0.14982082521911927
0.13431980088756362
3.630564615568216e-2
5.078284691647596e-2
0.2887395581671193
2.320454233933291e-2
6.562249888554472e-2
3.0671155614436462e-2
9.359902581742684e-2
0.2511790156909659
1.307363832275522e-2
0.21001339716654716
0.1274267938756613
1.95284084112337e-2
0.10133690099318197
7.381407620760741e-2
4.8704556362061245e-2
7.124972662877133e-2
0.16417469541415267
6.867045718048714e-2
6.345309762190379e-2
9.051196484720805e-2
6.013133995228541e-2
0.14628290528471688
5.1698608835840064e-2
4.020634207880584e-2
9.673978221322063e-2
6.604938899493254e-2
5.599257540542738e-2
0.1920081169502682
2.9309192005790196e-2
0.23216587436444
5.655228283473575e-2
7.743925729335283e-2
0.18013057750225628
7.09821907438806e-2
1.415514064312392e-2
4.87450260878074e-2
0.1104344039836179
7.470953644711295e-2
0.1864156809697552
7.77281638489538e-2
0.1353834720085681
7.134185397873215e-2
7.580098139886901e-2
8.82249740881666e-2
4.083823153039826e-2
7.96749716306041e-2
0.17956173863880948
8.429302546639793e-2
6.469944284871468e-2
0.16953111790668415
3.845528165549763e-2
5.860210360139857e-2
0.10293043508907389
7.988388857235927e-2
6.94343159913007e-2
9.260827462034966e-2
0.16559494950754985
2.5421868927926805e-2
0.1342114388665007
1.3389615406917155e-2
0.13596215555892424
2.543602894209627e-2
8.08602420782283e-2
0.12502062200035943
3.5814980546265286e-2
0.21941754176096281
0.13419721205337515
0.1095670921752864
0.11252372824675134
0.16209337421641762
0.11775010768852816
3.246893657213629e-2
3.281943227685728e-2
0.11227406331692498
6.9944013597477e-2
0.15839446197212967
1.3718116652188994e-2
6.50728920189395e-2
5.169840640566631e-2
0.2118147232969397
0.15905615179211585
0.1804377563414828
4.013903977768528e-2
6.886374833856758e-2
4.801466699905066e-2
0.10811271335907638
0.2174605754842623
0.12567284156466713
7.515303484152429e-2
3.8686392174900275e-2
0.1272138741429793
0.11407665874683615
0.10762011348377407
0.16938485077914725
0.1671808952492324
6.0786903969087966e-2
1.0362706865747695e-2
6.989695757161472e-2
2.9720376194869003e-2
9.720621111283681e-2
0.18709235026824217
0.15692456042719236
9.309289906739592e-2
2.018035535848489e-2
1.1516354663674632e-2
2.7602632958476425e-2
0.11643089190217411
3.196360673258195e-2
2.057427467943489e-2
5.326508118628528e-2
0.1932628039437974
2.305392902458555e-2
0.19553297171514794
9.111953953258174e-2
3.1567334408514794e-2
0.1197743531376414
2.623154159370946e-2
0.15623014422701115
3.7035961099456206e-2
0.145263609671606
0.1396055837154519
7.734134539789751e-2
0.12135701919431621
0.15337962819230766
3.811502665995733e-2
0.20649682102859596
8.441848133861966e-2
0.25239028339803526
5.4723998702152346e-2
3.78248444915862e-2
4.270552791746259e-2
0.29706181464141
5.713028417192888e-2
6.670152677206646e-2
9.478713894881745e-2
4.323644788273252e-2
0.17136538534227957
6.359690269205609e-2
0.2787506947107903
4.9558783706477684e-2
4.2947105107368974e-2
6.537017362801945e-3
7.224254083451176e-3
0.11598878837095672
6.377510802984562e-2
8.648262893317889e-2
7.48609321159379e-2
0.1825383019438134
5.9766334054618786e-2
0.16301641174621828
0.1425671027466413
0.12242080849545726
0.12034312140601086
0.15631620021315729
0.18761525297825576
5.581371990738142e-2
0.11986991799767384
8.298655776974319e-2
0.20238015077903784
0.10090220783968817
0.1715283094899737
1.9365441498110127e-2
6.4834541249628175e-3
0.12322115222270287
0.13831852162158098
4.516814415937135e-2
0.10525134318713489
5.343839048360166e-2
0.14387866501134303
4.017212910044042e-2
3.994556328323946e-2
4.278165103164009e-2
7.494497244249529e-2
0.1529722855881132
3.0538192810785493e-2
3.836801452622002e-2
0.11488151421917717
2.4546166909328093e-2
0.13081340734877625
0.13198083014185288
6.188159868055922e-2
9.037849528516907e-2
2.6283026769567307e-2
7.252822806795342e-2
9.472685393020655e-2
0.12969547714069368
5.4080230701322195e-2
8.318483449237604e-2
5.5355961756678604e-2
8.292741082427872e-2
0.10975229712067518
0.1093177896516891
7.810099088031504e-2
9.680830126063047e-2
6.1865787025635596e-2
0.11131495195633287
0.11890301966276798
2.6765384015269213e-2
9.495178316676499e-2
7.298115792969206e-2
0.17860686933783745
0.10729101931795917
3.292212255105346e-2
7.838959364725115e-2
0.11285584319054709
0.2171497697666241
3.846435483611793e-2
1.9468709737564992e-2
6.91350733593135e-2
8.040952160529605e-2
2.0478824657517512e-2
2.128746068681412e-2
0.12465881160547736
2.9056088175971884e-2
6.275377390479474e-2
8.638206666535846e-2
5.0575336299411244e-2
0.20044595725560077
0.12181762424277329
5.915108391215203e-2
4.547780075805271e-2
0.12082493219746446
3.480426938393053e-2
9.073524415509396e-2
7.834555403821346e-2
0.103404346943308
1.8418595209892065e-2
0.18954084175191768
9.727266052229033e-2
0.17362791825956975
0.21692848151374947
0.12299707839842519
9.130943220189255e-2
3.132539492763685e-2
0.17385886317572669
4.37083467204968e-2
1.8568334896951467e-2
4.094284876746281e-2
0.12385075747697268
8.111917062237801e-2
0.18980621283915355
0.126469086855445
0.18240684529493084
0.10660320392188564
7.62290060681846e-2
0.16770831368225886
6.281788716895527e-2
3.79262486129606e-2
8.169492011232851e-2
2.5222816093497413e-2
0.2570250155104278
0.14810266766582264
0.21125265341700436
0.10047964324022333
1.6790456575105816e-2
0.10159706424594153
0.17287331164316547
2.387377333611034e-2
1.041536029134107e-2
0.11315072328087901
0.1201677381441673
9.90829871907648e-2
3.2110084148835635e-2
0.1075581023461
0.11976430849847534
1.3640848576435072e-2
0.21910958540776965
2.993182146592528e-2
7.8774546920573e-2
5.829708079130719e-2
8.410353506127385e-2
8.279488754604848e-2
0.20805521577194713
7.480219202008699e-2
0.17388373187618977
4.557347886574881e-2
8.696670188943241e-2
0.15081006179121484
5.977768393272419e-2
0.10852730718865264
0.12926382149533916
3.632870147809271e-2
0.16507793157976117
2.9416358072260063e-2
3.209522662336726e-2
1.1812062176711236e-2
1.1028580624808404e-2
6.748838933943954e-2
8.741831972461843e-2
3.0192929179855988e-2
2.615473396882865e-2
8.025481222090283e-2
2.018757757164593e-2
6.989907779204022e-2
4.3023467848081386e-2
6.209959193125912e-2
0.13809118783841937
4.763405665959134e-2
2.459017832493362e-2
6.793044947598686e-2
0.1073514652627745
7.935438213692879e-2
0.15198995391032835
0.10554160568877113
0.12690553104117885
0.1672255222936271
2.6477401641463505e-2
0.15614387341123073
2.5075730983861066e-2
3.546562945255569e-2
0.24313696403116108
0.13626681504484858
5.569967763306079e-2
0.11804013541683163
5.109693052650176e-2
4.198836145867348e-2
0.11594645641437085
0.19463045510600802
2.8312035081115905e-2
2.3659979338970915e-2
0.1702702244302921
7.78490551038035e-2
6.400975793132514e-2
0.2169691970008794
3.356015651047577e-2
2.672052540528913e-2
0.13262780358293882
1.2613367792948771e-2
2.5213914504948677e-2
0.18782832755169013
0.15377427290580056
8.272856169874737e-2
0.15342752445041738
3.0545974783210205e-2
2.1586111336186087e-2
2.5353927041981104e-2
5.415048934874176e-2
6.423419385951835e-2
5.547617955259274e-2
3.7562430076558406e-2
0.12758883307331095
3.267266603338076e-2
6.339115168750074e-2
0.14100047880753697
5.37836881936283e-2
4.963332713954517e-2
0.20687352057134678
4.8930782742686585e-2
2.8935211204401935e-2
0.13882117429101234
6.384236515536697e-2
0.16250087447101746
0.11457774156284484
6.2332060279314115e-2
2.4030544126659704e-2
4.720278607999482e-2
8.438095330406517e-2
2.7036457876223597e-2
4.5701902923950766e-2
4.6788932199128094e-2
0.13440204606010986
0.22343628098916307
0.23221348341740483
4.174645088663805e-2
7.928088633719046e-2
0.10796537109553435
3.2212095235437374e-2
0.14344757003665629
9.53494344948134e-2
6.706787867598905e-2
4.3778274607269e-2
9.343486986018379e-2
0.22778662440982228
0.13438201959112134
4.4321796077093564e-2
0.11821389675346952
1.4573482801528748e-2
7.133811995084361e-3
0.11831828308429404
8.102421110572225e-2
3.273077374587245e-2
8.375749645665466e-2
8.38196285078069e-2
9.359855440737026e-2
0.10594672764303348
9.671853553129257e-2
0.1026629753249221
0.10814765042846328
6.833299397398797e-2
7.826045738078614e-2
0.18859742512175914
2.4392286958600462e-2
0.13045409691017054
0.15242038881790212
0.16357723698092824
0.15214009084633826
4.295790617898151e-2
6.347844554818116e-3
9.87051562560512e-2
0.10271899889769136
0.14752506521192346
4.809816698989895e-2
5.9420582529470314e-2
1.7517489516226538e-2
8.593153735097418e-2
8.21570589046079e-2
0.11263463275111663
3.6246561031492056e-2
2.7726905914124446e-2
0.16442802804567708
4.9581760084739565e-2
5.332700423867707e-2
0.13268936137344128
5.234133666920188e-2
0.15572380218576934
6.820988884219716e-2
2.993480455695945e-2
3.8692229953687415e-2
1.1159330217313879e-2
3.255037949795608e-2
4.5465522384393345e-2
6.256192453190298e-2
2.4083752079097288e-2
6.59747927148472e-2
1.7334624925617215e-2
0.15119559635343233
0.22357528459084838
7.24390248514124e-2
8.542402414389216e-2
6.794527282610148e-2
4.8534902981227236e-2
8.61862982100147e-2
4.4816290706892484e-2
3.215614626516343e-2
0.18736990158279765
2.0855101535754372e-2
1.7371263206137376e-2
3.340420631516398e-2
4.3684422627684336e-2
6.794189328284402e-2
0.13134474206875169
0.16457264595455184
0.14217270627183148
3.0555175547843216e-2
5.38933690044248e-2
2.2355286831284172e-2
1.7903548710601125e-2
1.3398654547599231e-2
4.648692927248611e-2
4.567219961627159e-2
0.12451924579297766
7.892674388010511e-2
8.585124883329079e-2
4.667516779877828e-2
0.16119280044053788
6.43445851062277e-2
0.10598262019112452
4.591239227502556e-2
7.080448141442104e-2
0.4229220168576099
9.68299514118486e-2
7.622369517044233e-2
0.14559998124905327
0.24497999802657905
9.398886730843543e-2
7.981861339110069e-2
4.389204945625456e-2
0.10665201831180204
0.18648991962142275
5.558312449613043e-2
6.138724766195501e-2
2.3071966339729043e-2
7.401740374075605e-2
0.22502971280438885
2.6144097783580667e-2
0.1752454476046696
0.1215241591087834
0.11595086076254098
7.404761132736723e-2
0.20018529675065802
0.16760365054392615
0.12157597927836568
0.11335294346136852
0.11064062429706814
6.627654631881144e-2
0.11247924654756236
3.298119358665662e-2
0.11670491269225784
2.9013300524627618e-2
7.19315415926147e-2
0.10678277038748311
7.432060520255647e-2
5.448158338341606e-2
5.968973390468742e-2
6.928527906501175e-2
6.657710139493526e-2
5.201071068299599e-2
0.1019878351863579
2.1840005998671096e-2
0.1883763866820622
0.20546859162291206
5.2481667600096184e-2
6.647268588041264e-2
0.20112292189128622
0.10893069109115694
0.15672852390655567
6.973065054494146e-2
0.14601108172571461
4.929587704259777e-2
7.201907231754934e-2
0.11212780550120383
0.10148554730511719
7.232330992537457e-2
2.076984017882988e-2
0.11910323040145054
5.0666274951355464e-2
4.7018478132373885e-2
7.553299589911512e-2
8.914420327123991e-2
7.525952698848992e-3
2.5111555378960836e-2
0.16714950888048616
0.14254106356033092
2.206552076326764e-2
7.839260504238847e-2
6.904612375006827e-2
4.54727647934983e-2
7.263719309969155e-2
2.1150842288561046e-2
0.11569212772661978
0.13720110210274744
1.927098300673592e-2
0.1521402567127068
3.919138972895808e-2
9.375656036083244e-2
8.365675849968274e-2
8.106925700017467e-2
0.1333808145143314
0.10974724038405692
0.10170106423456655
0.2975243094086154
0.10892778714716178
5.8417592679421995e-2
0.11397948546290401
4.095577704017263e-2
0.10659510848998562
3.6924400844322094e-2
8.364002674965512e-2
0.21385246049188247
5.8857143630124995e-2
7.605540592981827e-2
8.913772288661382e-3
0.2300029303416901
9.547188765950944e-2
0.11231182137346996
6.919432975592202e-2
4.0723093290528686e-2
7.65952863284661e-2
3.17140965016585e-2
0.18849833549576822
4.552607793484027e-2
0.11262255344630297
1.734118536041318e-2
0.15516356194791836
0.16427115017062738
0.19187953633490543
2.2211293513989296e-2
0.25588389845180853
7.33662613643512e-2
8.174846612005666e-2
0.11391588988770704
1.3546880659296967e-2
2.906464207225736e-2
0.15435259668954404
0.15847625989678407
0.14929477439066158
5.4308678229073995e-2
0.11840198594804408
0.10211562365431492
0.24368457914484018
0.19624604149176564
6.061820784069476e-2
7.317342100269472e-2
1.4353887069304905e-2
0.1711099010755444
7.564352036554631e-2
3.136231662976763e-2
1.6700162272320195e-2
3.435961625485736e-2
7.783784264630156e-3
6.534395897016654e-2
0.14754560727617305
6.610973135058147e-2
2.3161835354047054e-2
2.7098621936766255e-2
3.867947042146171e-2
2.9426918884733956e-2
4.702660058694356e-2
0.11540192707379497
1.2568248162597773e-2
0.2773930671069317
2.0558560437281482e-2
9.799157229780173e-2
0.1679301343554972
3.6672760092458886e-2
3.0777077905240056e-2
0.17599360836930694
0.1243841954579139
6.528933105569053e-2
0.11562598834402889
0.10821107359593726
1.408831216687485e-2
0.23415621647169904
5.2792165101873054e-2
3.060842970433194e-2
7.55996486548008e-2
2.279928178742453e-2
2.9976743791995553e-2
0.16572606864811318
0.16786891245867025
0.23009939637496077
7.369193879766643e-2
9.674164862062454e-2
0.11093098725215071
4.24395013796741e-2
1.717002463095533e-2
5.364071278718378e-2
8.797717120086561e-2
0.2165632495831773
7.728848813568134e-2
9.387461121438358e-2
3.380215998531655e-2
0.18248116818841426
0.10407895282360118
4.369891282221224e-2
9.797944362715763e-2
2.9240759623824795e-2
6.934449047528654e-2
0.12628693923779624
4.278666033848357e-2
9.977170748479451e-2
7.666435792156759e-2
7.083236684044494e-2
4.737948161286385e-2
7.611733034794557e-2
1.875118192434755e-2
0.13074793575160398
0.14930205865718538
0.11858929414142509
0.11973891200466766
0.13956688063585956
0.1756034016389798
0.1561690275613587
2.5295386729994828e-2
4.19836692926885e-2
0.11988963356577527
1.2206287033339102e-2
0.17613930661794974
0.16934542986487006
0.15906124742900984
0.12659797932528302
9.578406952749735e-2
1.8287442468960923e-2
0.1115137951846521
7.677781782032457e-2
0.2142164249382635
0.14965326974919108
2.6773968149020787e-2
9.49534215315411e-2
4.4138178723086695e-2
0.2308332542225012
7.251682556911936e-2
0.14751787845122094
0.13805370539027365
0.10958697617266408
0.11021855864500707
8.695920429630044e-2
3.7912456998574914e-2
4.416586054043688e-2
5.0835030739505085e-2
0.1539292073364824
0.2834855598203273
0.17381978214349078
0.19931822098065433
5.868805176898646e-2
1.3444212905204566e-2
0.1142972385606624
1.3349186437588123e-2
4.1567949336619815e-2
1.583615407141038e-2
0.20432230393806602
1.9884516508319128e-2
3.7587395572100946e-2
4.42406654371162e-2
8.89776624185423e-2
0.13862299158161479
8.573181111687649e-2
0.2495163675386848
8.069033094364672e-2
8.00164110031357e-2
0.10739751910783527
3.6761098050805e-2
0.1257744098531981
0.1088380452898993
0.16756755350450842
0.10435914844137743
0.13253065945297865
0.1029016878927014
0.17890686953367382
2.7642875245883092e-2
9.138904980220991e-2
7.148984452463866e-2
9.533003493621475e-2
0.19736696221206335
1.9009767994397207e-2
0.41406281918025245
5.53818910483137e-2
8.11722741417885e-2
8.289747939163361e-2
0.304270582137503
0.12607900402299244
0.11518067923455651
8.401680146173186e-2
0.19985690439711679
2.3430340692684126e-2
0.10307248606227434
9.784958371555455e-2
2.6911740763391846e-2
2.2040778915797865e-2
0.13663280009532883
3.682911176662938e-2
8.254140056484363e-2
9.279933644080572e-2
5.493479826736358e-2
6.378836853837776e-2
0.15384506999799946
0.13379416986748843
3.224350689572929e-2
0.11228221363419762
2.9014952043361287e-2
6.968455392975123e-2
5.3419722936437895e-2
8.245730476578692e-2
0.17674426299353058
6.278772011917982e-2
2.975298529685768e-2
5.4182520371494694e-2
6.488798890854873e-2
9.72201800150614e-2
0.18055342609150532
7.691857561529572e-2
0.137602878489185
0.1307568794467463
0.15535808334643292
8.156851615282878e-3
0.198510184920431
2.3842917875593506e-2
0.14818176744996442
6.726382650050647e-2
8.204591783748552e-2
3.0342829909589853e-2
5.277068244253498e-2
8.013364224975536e-2
3.1447025729731126e-2
0.15781938628304534
1.4616445517391597e-2
4.691777966421273e-2
6.518717489622858e-2
0.180812908656493
0.20011713490362665
0.14086299376582495
0.11388865213423416
0.22946167235422568
6.28154775687796e-2
5.917992826472744e-2
3.012012021764021e-2
0.11139436289667352
0.136475464904186
8.775245021293754e-2
8.05886424827777e-2
0.25059728412299787
0.16601424042628715
8.03824302700789e-2
0.14026090970544886
0.13463848377817167
8.059751886249234e-3
0.1435901118335124
0.10755348912068227
7.216991667100295e-2
7.182377131137871e-2
0.33067663815455717
0.1381211788511243
2.8254872360838002e-2
6.790990970671174e-2
0.13938218018486043
0.14349992306243037
5.319310523450549e-2
2.2627742115439907e-2
0.1416908084418044
0.15056777811527322
0.2039137772593306
5.762850157965066e-2
0.112308200224666
3.052653126662942e-2
7.828056694903288e-2
3.139421168367831e-2
0.1998442499825448
0.14710872163556235
1.4722744068571481e-2
0.10449242957925656
1.2718460150959298e-2
5.5187415414148e-2
5.180703418507315e-2
0.42474922666781084
0.11573984311171218
6.074575830555121e-2
5.7575286398303616e-2
0.18704259773413603
6.675019808836011e-2
3.0013670871063526e-2
0.13975089018607295
6.027744791234661e-2
0.2928254944534616
2.890181504902084e-2
0.28273951962437094
0.11730602084538884
8.172349020310173e-2
3.601966778763649e-2
9.883462015652957e-2
0.1670193188790535
0.15035938117744724
8.713436777170433e-2
9.357796875063643e-2
9.067742185061059e-2
3.499053205478171e-2
0.11591170388769756
0.12270836231143525
6.155268501746808e-2
1.2997538989687817e-2
0.11172069363937136
9.887712111704093e-2
8.538643639390985e-2
4.860945369881323e-2
0.15170860718844043
1.844429337141318e-2
7.11257301326642e-2
0.15436168046238716
9.483385001657738e-2
7.021384124754955e-2
0.18858061044428767
0.12789770148424898
0.1393582321586215
0.15698239758286606
3.901477145930278e-2
2.0820019861061835e-2
0.24733464615219924
6.736819909622065e-2
0.16576182362010164
8.694375907092244e-2
0.12171690498613282
0.1135935312279974
1.5608513114505196e-2
0.15265780873802154
0.14893831682549302
4.53570757058148e-2
5.440049261929173e-2
5.436637062136697e-2
0.11267909973329102
0.11189770875511038
7.992005784961448e-2
0.13180161099587084
4.754765920663815e-2
6.923927351126345e-2
0.28377769331471886
6.136504310444276e-2
0.14284533042405118
4.790134462044553e-2
0.13539206584029576
8.272899034127859e-2
0.22532118663021583
5.503916621280067e-2
6.806224341723059e-2
0.12024295707901664
0.2964034138577838
6.94009394980202e-2
0.12213960701961062
0.11812136468859209
1.6882054180312432e-2
9.548822654321912e-2
6.1824316647575706e-2
0.10423887602352852
3.646873118096351e-2
1.7207946862212376e-2
5.916225958680018e-2
0.13583281076180137
0.18438396640230686
0.11377252167023233
0.13490497271891014
0.10079088834198865
2.702350256035636e-2
0.19060804710611912
4.8428174384094205e-2
0.20431926315146867
0.12619448623368107
6.303034768258707e-2
3.8821703970151555e-2
0.21259919904522748
5.635290288613165e-2
6.0943318053192155e-2
5.5683446051391736e-2
0.1542744488045214
6.690722603585794e-2
2.8936868542580086e-2
3.715746006253205e-2
0.1038315634200592
5.397722447043803e-2
0.10004903069269973
3.390924099863908e-2
7.457102220672526e-2
0.10460032234978711
4.972162290585376e-2
4.72209723002696e-2
0.21956562598746907
5.1987200806094494e-2
1.8505150540302263e-2
6.719184025709897e-2
0.1488645657258799
3.5792670735115474e-2
3.7505758884597576e-2
1.4748902618632587e-2
7.429943975697105e-2
2.6838657175014713e-2
0.11093766579760264
9.183674073303956e-2
0.23283875043038452
6.822189345456392e-2
0.10948576655243855
6.935375676280273e-2
2.5080078674735107e-2
3.610726763133619e-2
0.14457225574782379
6.70159680139315e-2
0.20487059731409446
0.12074417668043602
0.11334523380068069
4.28016353990015e-2
0.16502902545209022
8.353559427338263e-2
5.242008230894503e-2
0.10866552158053393
7.788464246480567e-2
7.119411220969216e-2
0.22017002296009705
2.3459082162000388e-2
6.555939870953263e-2
2.469206929506097e-2
0.1255627215610012
3.3159054966639546e-2
7.435065484328301e-2
2.2945760098230693e-2
5.5928407389498405e-2
3.5200787907330465e-2
8.427281740508039e-2
4.6300221314154434e-2
0.20193008128951462
5.189349066528916e-2
0.1211559649328418
3.3591743334750304e-2
6.020453205075264e-2
6.102666947100068e-2
0.20628319904795805
0.16914577249455734
3.353721259031335e-2
0.17753216965030733
3.0906404156735068e-2
9.65732850960607e-2
1.721646133185689e-2
2.0424319513121226e-2
0.22020367492885012
0.21752361096412312
4.6438813023581216e-2
8.717952425748375e-2
0.2113521024296424
6.388212578077432e-2
0.15877474791619361
5.078930073881758e-2
8.504030121401884e-2
3.3974751736255984e-2
8.944497472534091e-2
4.71978855439783e-2
9.966773394940609e-2
0.14254419566533444
2.9991794211760448e-2
0.1819534714019922
0.20695357759087352
0.11720579292311566
6.825177671599773e-2
0.11032466740291129
3.712046169072327e-2
0.10712891649140248
5.2278170668395504e-2
3.582109986640956e-2
5.84396445468253e-2
0.1623796653494399
5.980457673465774e-2
0.11312552804878862
0.10243378998575019
0.13810650342457326
0.20938678433593969
0.12579059116647348
0.15607267189506974
0.14392301424830906
7.563179912246532e-2
9.293964999270554e-2
8.224901772087803e-2
9.921357885505379e-2
9.081508242268237e-2
0.11349537355458535
0.15597021809728456
7.256533860243024e-2
4.436893530436744e-2
1.2994512551712911e-2
0.14203967571955403
0.17154107999477158
0.10614083816718736
3.824282429943182e-2
6.859722279076502e-2
9.766405569707988e-2
2.075829457823608e-2
6.26765101101178e-2
3.406379283050498e-2
0.25348531139261254
0.10248721747791371
4.311244334579138e-2
1.769869689821415e-2
0.20966827300549595
0.10254573437555843
0.1154773807782361
7.498727777367602e-2
3.055184352661101e-2
0.11938128494322822
0.1520289692169991
8.525899147639308e-2
0.10476933663462865
0.15225153899777974
3.3422095304385044e-2
0.10977849780559852
6.60613275054206e-2
5.175836811995638e-2
0.11065045809008671
7.710763358169295e-2
9.295645323606047e-2
8.855060857006292e-3
0.1830245776596183
0.19548312517349548
0.1759331331157839
2.9039822677819304e-2
0.20958768153971025
0.17009147609982037
5.7457322286017395e-2
8.376837367278797e-2
0.10106693363065182
8.210890727709777e-2
0.27297089493683824
0.11561087800232084
4.5113146062467344e-2
7.718939116490323e-2
9.677435313694502e-2
0.1323888596306763
0.17537365109339792
0.13274791214835244
8.065195041359177e-2
1.8642849994641674e-2
8.389762411326764e-2
9.143928527313362e-2
0.12805839852111506
1.5598071679431457e-2
4.830723801534924e-2
0.1381491546628399
5.6878239026427815e-2
0.11644930147370632
5.5738247324732e-2
7.536978810886871e-2
0.24950220067758783
1.549371243982477e-2
5.154329426252624e-2
9.885043478462457e-2
0.1523283012676219
6.838349371053776e-2
0.2784696729713125
0.16617175377824195
8.860520278846393e-2
0.12171638788652486
7.083258444985012e-2
3.942870629162583e-2
0.10178461809334576
4.772292930110833e-2
0.12570545800849314
0.16984691292328125
6.53056331265969e-2
0.10661245302463648
0.18730651019505062
0.19069187361321357
4.923516682894259e-2
1.2653675261915132e-2
0.1848391175815926
0.10685232337296842
0.10431457117821066
0.12166776790210262
4.246703224736752e-2
0.2689894261727054
0.14839955004923888
6.058691658471395e-2
0.11940138290626608
0.1108333533521992
7.7873069584223e-2
0.23768979865439305
0.13212401962679016
3.379148118103899e-2
0.1255907928298344
0.1476597949199252
8.90393353889378e-2
5.375919772171099e-2
4.9534678279672485e-2
9.421161391776024e-2
5.221100126409537e-2
0.1470595840155226
6.98325464987769e-2
5.274237226411035e-2
1.4024947534282305e-2
2.688710996342324e-2
0.14199559507451442
4.7335146892700554e-2
1.657861639777406e-2
2.5607626855599287e-2
0.14217185456743678
0.2289356363090172
0.11478256067290196
9.994552797488943e-2
8.379182625787804e-2
0.2649212490111362
0.14859705691944053
9.327521341233568e-2
6.418235193240066e-2
0.10137283515227535
0.1270958346926227
0.11142251063624994
0.1624210144718467
0.19623404076653284
0.10651175472496162
3.3242072115552225e-2
0.10646329913015373
2.39991069006113e-2
9.946783831301308e-2
0.15943823495307569
8.389750329514471e-2
8.404502900674718e-2
0.12630218596044268
2.7663178005467703e-2
5.638716604590399e-3
7.039869678788606e-2
0.20016335709922273
9.970420589554607e-3
0.10043728022979712
0.12254502535280772
0.10584617820126799
7.41477693384905e-2
3.4899852300460645e-2
0.3315406452888889
0.17326233610126845
3.266283796879005e-2
3.0421486280387412e-2
3.268768554589933e-2
0.1032536353482952
0.13406798866766598
0.13362073911594557
0.12954890213885445
0.26857498147663916
6.200705334344939e-2
0.1042780979382674
6.304051196429514e-2
7.740928701448851e-2
0.21404777588171614
0.11899671402487715
3.7594284033004764e-2
5.113832637584875e-2
4.13060668010307e-2
9.05954229830557e-2
0.3054473012422991
2.4964783850513483e-2
0.178990621787024
8.026505420903242e-2
3.758363596214838e-2
2.5205712514221535e-2
8.209634393712886e-2
7.323296610039906e-2
0.16185307329168164
3.8192930986558536e-2
0.19438051705287424
6.724937293056799e-2
0.3271291006526047
0.15475084253633317
8.589164494867899e-2
4.183749234142936e-2
0.1772330879130007
5.089633924885191e-2
2.2228524850344746e-2
2.0045622937895868e-2
2.8280110518177172e-2
0.10071439618556757
4.0476385685890195e-2
8.472499640311171e-2
0.16019835208987815
0.15865629076008197
5.063072536361222e-2
0.1836095746526707
0.17543901700564643
6.840926967674547e-2
7.556385253419456e-2
2.4460902331752254e-2
0.15402360833866727
3.1023279811461135e-2
7.676053333359492e-2
0.173502996250204
1.653495095223052e-2
2.086417093573667e-2
0.10266798228115537
8.331643710348095e-2
0.1680097391472679
0.1059917874735774
4.4814230711819524e-2
3.914895537424194e-2
0.11438192110781391
0.13283938101449394
0.15052583589239502
7.743055990068887e-2
0.2173205480754148
3.740431460060497e-2
0.11875201405267896
0.12095460655145347
8.323346792789857e-2
0.1077845215835799
0.23113949586276594
0.1960399570132115
0.1506712883833647
5.376736420003612e-2
8.74826971271917e-3
0.16704313355801798
0.16543617317561726
9.00868931965589e-2
2.1796867144129206e-2
0.10647191111521777
0.18655659520453152
8.254640977645242e-2
0.2132704059345575
2.1934710258891175e-2
7.082675931835604e-2
3.4463289958018964e-2
3.7391103899171385e-2
7.408993065234484e-2
0.1754475624612359
4.849040778304411e-2
0.2124387480388686
4.649399232897681e-2
1.2485707657015488e-2
0.1110610942916193
6.341402055155654e-3
1.2835879940838634e-2
0.11520164490624847
2.9710325602785016e-2
0.13113754730532676
6.475562584820141e-2
1.9689979954978676e-2
9.319131461527215e-2
6.538716982790674e-2
2.962374640983013e-2
0.1268029338844256
0.1679476163653589
0.24280982253018216
0.2012481836469795
0.18192392796789061
3.872119856550434e-2
0.11062288623124598
0.12879689750167492
9.295487047751824e-2
0.17714087662013422
8.858551004431789e-2
0.2077021706702234
0.11360775113367785
7.198568878537695e-2
0.17775782233523257
5.1585270383784396e-2
2.6216805876556126e-2
7.903566779759648e-2
0.13269761578017275
0.13577782710717118
5.6383653950913194e-2
0.15269531434593547
1.6260506908679674e-2
3.2761410714304405e-2
0.12386753252204212
5.6242531291231315e-2
5.7478691150816205e-2
0.21935907287801903
8.40282433272281e-2
0.11279840220220186
8.968823777776774e-2
0.22685804840106139
3.6867020481176814e-2
0.14335282333766744
7.724673641266697e-2
0.13954369696693905
2.8288487304069798e-2
6.40553451162561e-2
0.18794040671639495
3.71987431769689e-2
9.580199352960646e-2
0.10334407815669251
1.8385540855249616e-2
0.22771984477198942
1.0701625339707832e-2
3.792236676825104e-2
9.566247195706298e-2
7.642635719382537e-2
2.5717847768219348e-2
5.197443786561941e-2
9.928641174250548e-2
0.11278815825929271
6.128232791228515e-2
4.640798468557783e-2
0.13530192630843946
0.1469117463437129
6.658305284551208e-2
8.299060074221841e-2
1.3333081987265993e-2
9.344885604532245e-2
4.6051392537244204e-2
6.31183490166076e-2
0.125892877943702
5.606763590923991e-2
1.1700199423852064e-2
0.10036169411423065
0.15407355869470912
4.25832629911988e-2
0.10173732639842478
0.12838147332003588
6.954199525509401e-2
0.1707544990745507
6.141974103388261e-2
1.3469296075004134e-2
0.1280132229441946
0.21117235238047088
0.13719416900929096
6.412604758372974e-2
0.10860355636456669
7.856336985824616e-2
0.11666891262956061
6.004601132311984e-2
0.12428498802483386
4.031833277458295e-2
0.15438806190985982
8.048899175438448e-2
7.747804553279401e-2
2.385197309699739e-2
6.827938156861826e-2
0.11037530763322918
0.12122856670173858
9.286773617098015e-2
1.7586259885290934e-2
0.12464785157041222
3.543543585267599e-2
0.10951066727216752
4.905640725538779e-2
0.16533818182793397
7.809934742798467e-2
1.70540234333163e-2
4.715561999957988e-2
0.1501229898191983
0.2971923109959692
3.90691879386277e-2
8.240787834856307e-2
5.180840730025919e-2
6.903494364973445e-2
3.81836773410251e-2
0.14476777408090405
0.19206366488811938
0.12050114724584327
7.11944348985166e-2
6.498830016919598e-2
0.1519260465118111
7.208314277604234e-2
7.427714499654312e-2
2.7735374293510317e-2
0.14106235835392972
0.1541643106382847
5.697871137187864e-2
1.9109135681426703e-2
0.1552202979184411
0.1616818769989048
0.1157071739927134
0.17238586548792662
2.765061175785589e-2
2.9552429061227525e-2
0.12240668176862109
5.550288631982468e-2
9.417390608638296e-2
6.668346222519515e-2
1.8767676776630892e-2
2.0560083241859973e-2
8.958392177351628e-2
0.13107359566080348
2.8675463047475046e-2
4.923372579281882e-2
6.030613356568948e-2
0.13137507579043012
7.686071935636453e-2
0.10020009233612295
4.4323362002065304e-2
1.5373699485289582e-2
1.9065152069788725e-2
0.1745604678466958
0.16847807864752262
0.11558629211267309
0.12137314118075807
4.14191839731705e-2
9.682844200720983e-2
0.15233102015799493
0.10657208021929679
4.5753540313060004e-2
5.977291897486981e-3
2.481452156364432e-2
9.11017990220435e-2
0.10260309566029546
0.1581194992845975
9.851755965855252e-2
2.3979398794172935e-2
9.067021423288846e-2
6.930041741346216e-3
9.479865484351693e-2
5.835822392239004e-2
8.372866629662548e-2
6.910906056745977e-2
0.13095177131217212
0.12484796067617916
0.22171583940223033
2.786995733077814e-2
0.11710242532168214
2.5654414671186777e-2
7.098959245737459e-2
6.420187605628197e-2
0.23613590377391064
0.15071679581566735
0.12543297754862684
0.1454898774187008
0.11477848131207188
7.146209793041625e-2
0.1145146874772301
4.090143839158701e-2
5.3650048525614225e-2
5.297472856633978e-3
7.769227800151732e-2
0.19978280137535526
0.11725857437270437
7.831636658397742e-2
0.10308268086501268
0.17532546984013675
0.16321075021349613
5.1820871424097734e-2
9.121495080874982e-2
2.2495268385231082e-2
3.925661330391541e-2
7.037005270936417e-2
4.398126305082702e-2
3.8992932055069277e-2
1.4004504040571963e-2
0.10817231989662335
6.668523644953024e-2
0.1403222246772215
0.1561487009917554
0.13328861814843346
2.1492987794040696e-2
1.0292576191521408e-2
5.819710840193661e-2
6.0497850980014777e-2
2.2031970999549545e-2
2.3922880979707562e-2
0.14930925604462808
8.13813555918324e-2
0.13976479655288448
4.021828722388439e-2
0.15235886257968176
6.386458743567233e-2
3.9282547639959454e-2
9.045263551004092e-2
2.654585714516825e-2
0.13245241739272146
4.346053280312567e-2
9.830915628124826e-2
3.49360509055532e-2
6.128835311457631e-2
0.19421722965166416
2.5074279049237747e-2
0.12837488728136276
5.1584187587785234e-2
8.196307911968592e-2
9.572069893251887e-2
5.3250266955240086e-2
0.13223596148948186
0.20123770856267634
2.2083574144050787e-2
0.1352548605893595
4.869282950066918e-2
7.44756622434264e-2
0.14736299378204581
0.18931640807483036
9.249317844191493e-2
6.596381419551088e-2
2.828603447702661e-2
1.2446550030821669e-2
6.1236998564543156e-2
1.2326190332499598e-2
0.29622968950669754
0.17846671775028336
3.38486036693872e-2
0.10886328829935547
0.1413543416971719
2.15912717727443e-2
0.24629203057378674
8.711973373463754e-2
8.793388828840892e-2
7.251194909679272e-2
1.8419283785406238e-2
0.13092651357327936
0.1699682845336274
2.6926749587574617e-2
8.93871707899693e-2
0.34509132528133124
5.8927461897866296e-2
1.5002062403687223e-2
3.166797543819451e-2
3.598348050381457e-2
0.24477611233289318
8.706132063200482e-2
4.478799520676273e-2
3.0863703286682177e-2
0.13899326574260593
3.954796541209593e-2
9.834125528975913e-3
7.588075541619853e-2
8.651583975829044e-2
0.12958217888703327
0.1384402410711174
5.7620584909839664e-2
9.936358136829507e-2
2.9875863988425032e-2
0.10105655858451264
0.39830990813530576
0.15289800613592455
5.366388705117291e-2
0.11888596940426117
0.1345491673772261
8.346409291397301e-2
4.5522799378431456e-2
4.40867561757833e-2
0.10107156021646786
9.968809799008507e-2
9.999248651145394e-2
5.221623891582553e-2
4.8340828903203584e-2
4.512978966223834e-2
4.826074155918257e-2
9.678949773628072e-2
2.519763359903716e-2
6.186657319010402e-3
2.9553801007673e-2
2.1901889095560845e-2
0.25123792467372646
0.1063821144941666
3.639677433253328e-2
0.27864538202314754
5.620730357770008e-2
1.8093901182838223e-2
3.6554244396482506e-2
0.16999924398180633
0.1610435341083727
8.537747069984498e-2
6.376101101612841e-3
8.083470075762647e-2
2.28218395007876e-2
8.703497768927747e-2
0.12443298040601265
1.932337009514342e-2
3.618012399312779e-2
6.354987603987228e-2
5.668140344229868e-2
0.11117260281038392
9.203500090685758e-2
6.644905544864885e-2
4.5908512810715965e-2
7.608942693274931e-2
3.237486955467054e-2
2.016715960693414e-2
0.18406676003091887
9.894320169329561e-2
3.610780228351692e-2
0.19678556562060345
2.3998428282197882e-2
3.0788422554436166e-2
0.14636813851046843
2.899147582194119e-2
0.16603763179205222
7.651823938001512e-2
9.556187138313307e-2
0.1473599417075915
1.6206447383879163e-2
0.11210322395964131
4.775022062688199e-2
0.25996409646682606
0.12244585048212371
6.369033412382993e-2
0.12180571605115391
7.7839612279507e-2
3.468304483425919e-2
5.336282959761444e-2
1.6668644538366906e-2
0.17827507124787897
3.4094027116709245e-2
8.27472128247644e-2
0.1465305896763517
8.556012155721063e-2
9.966514365165922e-2
0.16018623615130498
4.535581743149649e-2
8.122416312919034e-2
0.3082630337433917
4.421713780502758e-2
0.15419537513239015
6.131952076845062e-2
0.14615999098368113
0.2963035863726814
0.1557054429509747
0.19993876635848462
5.671018496993223e-2
0.18032284256047268
0.15926035811375341
0.11875166669523178
0.11395278822486135
0.13020059981100243
9.944332459009948e-2
3.672699378826154e-2
8.50600721208696e-2
6.321302357275677e-2
9.340762678356321e-2
0.20259752904794484
6.805699397799171e-2
2.1148190870493123e-2
0.21514480240023715
0.17229838021580637
9.950193948750184e-2
0.40295339171291983
8.73119091911097e-2
2.8730098678179404e-2
5.255173986756928e-2
0.20164356662366387
0.12184050448277861
4.210841194849383e-2
0.11246693711508167
5.469406459223736e-2
0.10212232865819204
4.767987609324535e-2
3.053971598106836e-2
0.2960140433429459
0.15374133866066125
7.122440045703539e-2
0.11566184578718013
2.489000996602303e-2
7.991252406589223e-2
8.490119272943683e-2
2.1961650683136148e-2
7.6589176721482e-2
4.921104570945872e-2
3.615019584604871e-2
1.6663517390200323e-2
0.12571395691907208
4.698042519046789e-2
6.353142139103027e-2
0.13464344698662162
9.957262956461223e-2
0.1351042983728227
3.311644375019209e-2
0.2611676731800661
0.1415580514372901
0.11942848675588044
0.10233538604610973
1.2895770782757377e-2
6.756790460548497e-2
0.20264271700626027
0.23102920694389
1.6280092568464622e-2
0.1439762848262021
0.18634066091491225
6.679825437406808e-2
0.10998094218818419
7.848892735226196e-2
6.149743906801495e-2
4.0477308309948126e-2
2.445542312357809e-2
7.61039274623132e-2
8.194908269091326e-2
4.641145318897716e-2
5.498465714797248e-2
7.27070006618285e-2
7.253200639592239e-3
5.7656992135871776e-2
8.713641338554731e-2
8.078249242581348e-2
6.725799720634212e-2
0.2763132072996331
0.1271325470267379
5.249194746450264e-2
2.9464045145818372e-2
9.80427269343151e-2
0.1783178723032585
0.11650120522242584
8.829624990478077e-2
0.25182849884868136
0.10325739501016577
9.819970045755234e-2
0.18768413880767887
9.784839738699266e-2
9.865999172679611e-2
0.1371976930882179
0.1185621943264085
9.015156753956328e-2
0.11520528191867356
5.313909955443998e-2
9.068065106737729e-2
2.444449664766494e-2
0.1968121918078382
9.191916367702994e-2
8.27969813490519e-3
2.8810217589352004e-2
3.515662442395055e-2
6.786517878166695e-2
9.591140579158032e-2
7.333717400759539e-2
0.1481324708475668
0.17136740537996623
8.586581692695844e-2
5.186260661669606e-3
0.2774707383629371
3.187219848595527e-2
7.843377775927557e-2
5.417635146528528e-2
0.10322994803592551
0.21531877638428076
0.16328046079878683
5.338474479593619e-2
8.079945040942728e-2
0.1724000624266782
9.522371426305595e-2
0.14035299906354542
0.10126364438114957
5.615111177759251e-2
4.998462911484369e-2
8.618452372703533e-2
2.747908855934671e-2
0.22626587961573436
6.507849184873477e-2
0.1070527705277919
0.2040713576025171
0.10798314118943582
7.741732063522735e-2
5.8923469100722235e-2
6.482791078570935e-2
2.204394859011809e-2
0.10204541896607303
4.7881964813649945e-2
4.8850687162005565e-2
0.16345508562549288
7.989153722733057e-2
3.752038187018312e-2
6.661977779825676e-2
4.6762967119726405e-2
6.214598215235201e-2
5.1122982237002214e-2
5.045685931884879e-2
0.25609315452472825
2.495866632437014e-2
9.157171839101591e-2
6.909016901309131e-2
1.762344285286387e-2
2.048986463168989e-2
7.1059056786236e-2
1.3828701847231218e-2
1.4818663568708878e-2
5.899144869322245e-2
2.3379931677328148e-2
9.194813143576773e-2
8.26493289738792e-2
0.22879090036336133
0.17629828666432745
5.194180083048668e-2
0.12641434910287078
0.11402759682173506
0.17622883298461275
3.0540083602388413e-2
5.431371896938576e-2
4.60925947696343e-2
0.10212297161875568
0.19982468157747782
6.1049881156326244e-2
0.11776059467704578
2.289902395221708e-2
3.4869731910051646e-2
5.358077874700725e-2
0.22924054870932506
2.814891886009798e-2
2.37837492635913e-2
4.36155852624884e-2
7.834752258548645e-2
0.24664031714900334
8.358421769604936e-2
0.1531702963461044
4.7956564245228664e-2
5.9217387948907005e-2
1.855808307582444e-2
0.12799607680931796
8.55440389316828e-2
0.25017549469488687
1.9011307377982577e-2
3.692459867862534e-2
0.11769131976175848
8.009713622545976e-2
0.15969764170310632
9.512080962641589e-3
3.375660936056459e-2
0.13351303082237048
9.63467055990601e-2
0.13603356466785105
0.24712617443535806
7.185094779402293e-2
6.439218499449806e-3
2.2545784831897776e-2
0.1586665143406851
2.9559515107918433e-2
0.16915387485794414
0.1333078238558489
0.18502683568988845
5.120481838867489e-2
1.763793776974898e-2
0.2069386510670479
0.10168215499638086
0.10537569504897981
2.6942925162288668e-2
4.9982261431733586e-2
0.1740410614162183
0.10531885756050316
0.18245337383299878
6.0948975452540174e-2
9.94481359498236e-3
8.383444901367479e-2
0.11362629931766291
0.17471774818652488
0.12341458106090322
9.789752094925346e-2
7.809465658704964e-2
0.16774131605474024
2.4013588801007867e-2
6.316466691076121e-2
0.21939406141013396
4.0912156687949744e-2
8.008919378539325e-2
0.2011277201719392
3.245245321315169e-2
2.4801971143663927e-2
0.14502935903019937
0.18151783221577072
7.23790755278627e-2
0.15196865657605402
0.17008511725440562
0.15497854203209477
3.0633732294063e-2
2.939402619319098e-2
0.12393276420574717
2.1604145315039715e-2
0.2903673708271022
0.11758215209621001
6.049360012078205e-2
4.8375182838137465e-2
9.631712658641499e-2
0.1161618796309066
0.17848627533864572
0.11184244783439438
2.458564699201422e-2
1.993972028525266e-2
0.15676129053844684
7.783193849038154e-2
9.714241097123622e-3
1.5329660359251008e-2
0.13140555284633754
6.376348020686946e-2
0.1286032062340064
3.4269663902595136e-2
3.768125308029435e-2
0.13425176489437493
0.17039718144309815
2.7949337614673653e-2
0.12648812180060443
0.11436892206939475
6.219063716602212e-2
8.234893829490707e-2
1.4323927126063118e-2
2.8395175704658472e-2
0.11586828668041109
9.846480293455373e-2
0.16761412301728354
0.12342351534680071
0.15041427539964766
9.764714092334424e-2
3.9044929060107966e-2
0.10190568177517847
0.11877595331898214
0.14633765998901915
0.19849636123712047
0.24040493976446475
9.782189764365187e-2
5.0461163353397606e-2
0.1600321521700893
7.825495747881105e-2
5.9565855784102804e-2
3.9284078024244905e-2
9.80429650363007e-2
1.3851085866754154e-2
1.752401562923067e-2
9.254587885103349e-2
5.68780317961599e-2
0.14531399578273832
4.798868296998865e-2
0.16653476222951785
3.9440981454530136e-2
3.0361023235742114e-2
1.9111571689446428e-2
1.2154273316217157e-2
3.902924502312689e-2
6.842542385490734e-2
4.2654531234517346e-2
7.469695031279e-3
0.13511963086908865
0.26064707845447205
6.56515708769539e-2
7.74367231642478e-2
0.12534495780037264
0.112363920078806
4.9092639349265256e-2
9.3031617485283e-2
8.636008900242739e-2
5.791029291985006e-2
1.9033262401144824e-2
4.667937032300219e-2
1.7452983514656982e-2
7.153509205189537e-2
2.5317490039049716e-2
0.16586868621175374
2.9216226942525892e-2
8.564588583913015e-2
0.19425945245436557
0.10507942603493303
4.232785587089806e-2
0.24676280365479658
2.130130956175439e-2
0.27598903319186985
1.3939978201375791e-2
5.266532410424972e-2
5.782016206466449e-2
0.14335363412140695
6.404030692076583e-2
2.6147786073740444e-2
6.677121796479277e-2
0.11037518984141333
0.22090504346857798
0.15174901642003427
0.12143983928084316
0.13105962861588022
6.067149286417493e-2
0.14173326375943524
7.979130291975174e-2
1.9356633290749926e-2
0.20023733101327812
0.28007444530494724
5.346489610872005e-2
0.12842273101854898
0.12783844796530838
0.12950280766738836
0.10875802246567878
0.1763431417499317
3.9936410269567e-2
7.660021300246392e-2
0.18476623771782175
0.121084810182429
0.14816040518017917
9.464452682637552e-2
0.16394210364319903
1.370275030881154e-2
6.2276452435339545e-2
0.13670870048146913
8.643003185441159e-2
0.1545713286128821
1.6377097924167017e-2
3.308983603236069e-2
0.12269722106980512
3.6444128350969905e-2
0.11377626061839323
3.340617286595129e-2
0.13321963325014227
5.737713252185286e-2
0.11799825007707557
0.2335292390263523
8.138231680326669e-2
0.12588197607064763
3.913685344510924e-2
0.2969697160188846
4.172175902914229e-2
0.16875041839498828
8.866344963696784e-2
1.6663495916200845e-2
0.18904956965559364
5.1345279598968785e-2
5.5484598901864454e-2
0.2968789106769153
0.10150600384492932
8.032796910492725e-2
8.174438342228489e-2
9.600850386300223e-2
3.852104578547163e-2
5.8715557176897214e-2
1.1649786210466083e-3
1.6067047765520683e-2
7.100976477591178e-2
9.034513917907441e-2
2.6659451352167428e-2
0.12687047312915287
5.606966659649185e-2
1.8577696553807276e-2
9.837395269270194e-2
5.0991671000440775e-2
9.010581247131723e-2
7.816824788072652e-2
1.66062251245793e-2
9.602481836410545e-2
9.590070682343877e-3
9.90770203766445e-2
0.12187703510849428
0.18063724171840292
3.2695745123688946e-2
0.24249821838457625
9.152813716896033e-2
7.591231239209459e-2
9.504943060965682e-2
0.17409029382719327
1.4443533380654327e-2
0.12918286947260377
5.1014659257446304e-2
0.10021840828248699
0.16679492163374138
4.101427238644466e-2
0.14030652542460173
0.11559964469287394
9.078690099783379e-2
0.26852803015392684
0.11218176928754331
9.973809485567103e-2
8.706612492817364e-2
0.1318449460987361
0.15236975853911988
6.120754661945976e-2
9.228362579206914e-2
3.712202004946687e-2
0.23372014205912234
2.7386460122580048e-2
0.1131836248697065
0.1274455284870444
8.123366423563547e-2
5.468112330351575e-2
0.12532488077822215
0.10351630490340322
1.9359437934473377e-2
4.52274455129376e-2
0.13265104648989506
9.231147075372431e-2
5.186951263929564e-2
3.101936755289262e-2
4.6560860342765596e-2
7.722086039046441e-2
8.294849475028676e-3
7.265566563487397e-2
4.9427615274682576e-2
4.545568443824329e-2
3.569565798236324e-2
0.1655796890147399
0.10037909940322183
6.200485567971671e-2
7.606771148079061e-3
1.0369453200501677e-2
4.672266299539479e-2
4.4528916047024435e-2
0.15770600675487953
0.2005093843502491
2.8457663369201535e-2
3.8142191119610994e-2
0.10178995994021363
5.550115181780942e-2
9.628469917380085e-2
0.2203860760135025
7.594587973423565e-2
0.1359223488158552
7.625867605746285e-2
8.145510458625746e-2
3.0607888042839038e-2
6.267519618252312e-2
0.20617783850998744
6.989739842481107e-2
0.19824766009553502
0.1325536842710095
0.1652937558278268
0.21999671918852554
0.11941213018931189
9.846687944739904e-2
4.2026004349398606e-2
9.779326263446837e-2
0.1132491361783348
0.22029190679050617
3.904976682151967e-2
9.351476421352317e-2
6.2074774218688025e-2
0.11082016993713442
4.8938382710926154e-2
0.16145405731241275
2.2062938416782453e-2
8.559292565767508e-2
0.13417915644453554
0.21481747575958657
0.12168439391571587
3.300355760029692e-2
0.13665115096214492
7.767657404871663e-2
0.1690186791159272
0.10053990475110637
6.955246563272852e-2
0.1101833784125597
0.15981904518624795
3.0988354295053765e-2
0.1412349867373972
7.810574591981856e-2
9.924238898784851e-2
9.683484546046632e-2
0.17528659863568047
0.14682339659050225
2.9668868630195598e-2
8.636612733995683e-2
5.280821973289531e-2
4.351145698557318e-2
8.562824324711488e-2
0.15138583384073773
0.1310737172872098
0.1370404817126994
9.901900562222439e-2
0.1276382042426627
0.12090425262725032
0.15107335255952498
0.18824778758152655
5.4824462701352106e-2
0.15350405739995318
6.746981755390559e-2
0.15387291583117518
0.10191845587394943
0.1696400623620251
0.10513014973662471
0.14155740467230188
9.559434654985936e-2
9.273299770070177e-2
0.13237442245681957
0.12882623962778855
5.0579738976471146e-2
0.10017152358370511
0.13657516782365017
8.822447560338123e-2
0.10502875027022349
0.1746145453488031
0.11410345180824126
0.12639897128055194
3.1218995463670973e-2
8.118244327949209e-2
0.19586287115554576
9.587466239767527e-2
9.29792879892607e-3
2.4008468849254894e-2
0.13733844642327106
0.12207674211207582
6.34011633587112e-2
2.0690832890307542e-2
3.5687109096986615e-2
0.10991923871152484
0.14787198175783253
0.1476369376541455
5.9405948263393335e-2
0.20891513049972313
9.238057747623717e-3
2.5426804692842708e-2
0.14905206833554932
9.22943817761496e-2
0.12096549861230388
7.146206776406816e-2
8.705244726296549e-2
0.14731148909391567
1.749494250462591e-2
2.310105314945029e-2
7.156753230067167e-2
8.389873689039115e-2
0.13436542543339153
1.9852547540066e-2
0.12517428872470782
1.1559904962863299e-2
0.11955159755302933
0.164252291697995
8.214285174239265e-2
2.973358413222361e-2
0.16922954269751198
0.11033800714884356
2.0659376994491295e-2
2.4828119212485768e-2
6.91695684234336e-2
0.13797991743658544
3.068759934289995e-2
0.11487970849284945
9.685398556403715e-2
0.15019767141036827
2.5590392075103198e-2
0.21041979005313421
2.0424337385537162e-2
7.881963963569713e-2
0.13570320304520228
0.11122824391085699
0.11585903014950509
0.13757140562073739
6.586663977276618e-2
0.21670637818542726
0.10152309400548834
1.9257128413738545e-2
0.20162716578430057
0.19299784857396016
1.2624377925659458e-2
7.90424144656519e-2
8.861591460413892e-2
9.72100093672803e-3
0.11590388073754769
0.21413714353569543
4.457038911091023e-2
4.100928281303854e-2
5.815497679315479e-2
0.16514515438193092
9.240542044780621e-2
0.1932228250823539
9.814271525611474e-3
5.9235035059256744e-2
7.651535833076302e-2
0.13843463898390548
3.2825923818276925e-2
4.796940194672548e-2
0.17681640479601957
0.12713132428338508
0.10137888696533182
0.10429357239051681
0.22081839836844988
0.11682301015012309
4.442959291278688e-2
1.3578072640673677e-2
6.001984938647178e-2
6.254402563632484e-2
9.69341403561971e-2
0.2352975154197366
0.141950673050622
6.018198892320187e-2
1.5514342409344017e-2
0.10820625337246492
3.172977154580982e-2
3.6374331011419736e-2
9.44813036143511e-2
1.8851351702616835e-2
6.760505319743612e-2
5.8353986270699544e-3
0.1767793548070143
0.2549580559845591
1.5663580838497383e-2
0.1129809134232496
0.13677863868774853
7.469712078245899e-2
2.0290852806841786e-2
8.426061398816276e-2
0.1065003308169213
0.3001078671081875
5.8052080537996806e-2
1.892915501323662e-2
9.277425780707782e-2
0.11273663052011104
3.0603979762255307e-2
6.376073063125529e-2
0.1656728659559845
0.14171726582440575
0.11894947945831454
4.3721356948596427e-2
2.887389089001984e-2
3.120074706587427e-2
0.14650000279489828
0.1008926058823072
2.3319100199783505e-2
0.11803518885761617
2.9120495768035347e-2
2.8820264490306714e-2
0.11022786416522953
9.799797522177725e-2
1.987233650113105e-2
2.9866777369966013e-2
0.13198762436870512
0.16816164869975975
0.10048211298395078
8.717177534226885e-2
3.2289761464752875e-2
3.5138001286214894e-2
4.601448424069608e-2
0.2214900154956739
0.20943415242079017
0.17490772710731908
1.6296427664881718e-2
0.1023625241665568
0.13539099772789714
1.5676614784774077e-2
5.152545573325503e-2
0.13172070515793738
0.30605986297563315
0.16168355912026752
4.8287640587963775e-2
5.3535427069937455e-2
0.1378634264257697
0.18087153158786706
6.363309819208252e-2
9.387375796344134e-2
1.181726647877609e-2
9.878668956890159e-2
5.67787740759236e-2
0.16044670353753135
3.130965136123868e-2
3.79955158754031e-2
9.43586362863294e-2
0.11719304741024308
5.8440520009476485e-2
1.3180893576147046e-2
0.11133540225298995
9.728096047264098e-2
2.889779957516577e-2
3.4450422650184956e-2
0.18109382764614973
0.1063778379063606
8.817672688782799e-2
2.294995607839565e-2
6.357057984391819e-2
7.938850668922878e-2
2.845571037590002e-2
3.842619455916728e-2
0.16085086638534893
0.11024588394876145
7.276783938502696e-3
0.13066420816199983
0.10725191557624
1.4000160457539301e-2
0.19070588332576804
1.5418849977797999e-2
0.2273082067660182
1.396324648863485e-2
3.285104249412814e-2
0.20344716405855306
0.11214868703077427
0.11232606059554655
2.7871335767198045e-2
2.480325549858713e-2
0.11731811448566173
7.629277905352064e-2
3.5621729128524716e-2
0.11778320609741562
4.159633751648904e-2
0.2151887980216441
0.1207886611758413
0.1130322615790128
9.05087590367564e-2
8.530711230595331e-2
6.482347679674741e-2
0.17863714954197266
0.10818903490940375
8.238564706349277e-2
2.573780913231345e-2
2.6008812998542928e-2
3.61031218291456e-2
3.7843025857354204e-2
0.21035580711594282
0.1907878940874958
0.13232678526584554
6.849005137083218e-2
1.0560606265290106e-2
0.10714998232693365
5.805212016742879e-2
0.12636379672225076
8.998811337336797e-2
7.616649144654561e-2
6.190017730997197e-2
0.14754042806591033
2.5729265122912515e-2
7.386416693429412e-2
0.12733012988926562
0.11719433651439379
0.18516988966761985
1.9098153009405337e-2
2.7139257634216464e-2
0.19370713717961324
0.10347791736551322
3.0339219560840534e-2
2.205779719591646e-2
3.35197907189867e-2
1.5085038182966304e-2
0.11377744938664629
7.700658782831481e-2
2.2484324666129197e-2
0.11800007602299645
2.3089468708387684e-2
0.15406605931650197
0.13164691199129647
3.569633869990578e-2
5.628204436485734e-2
6.697523836600225e-2
0.16352869809400192
7.345711864314627e-2
0.10578177513526912
9.05848729128508e-2
4.6058938357449584e-2
7.784516362158317e-2
7.24744928783731e-2
4.613041724116934e-2
0.14915767034289554
8.295360347453243e-2
0.19097593019984002
2.4980343344442137e-2
6.680741885217231e-2
5.704557723730075e-3
2.6940351568596522e-2
0.1222972417474288
9.765367643675021e-2
2.1671498130285304e-2
6.31626063373518e-2
0.24049359780609794
0.10542004090969748
4.8449239963525716e-2
2.0138832314032552e-2
2.6186953399254986e-2
5.398535638130193e-2
3.412072500629402e-2
3.793396154905097e-2
0.11625919002181491
0.1881651917392039
0.10418666212749254
0.1462425332033384
0.15426062700481405
8.095661065092513e-2
7.710003561631346e-2
5.195348043950163e-2
0.16718342280629492
0.1317295392713041
0.10794134846657259
0.2181523617653378
0.28090287348589676
4.636154989437998e-2
4.152203335750039e-2
3.754152333045892e-2
3.9625207607203616e-2
9.401926369160951e-2
0.23427496903759626
5.1736643692431514e-2
7.322859529074847e-2
0.10188908812643907
0.14408493911601958
9.003887848534764e-2
2.7715881775266883e-2
0.10992941315707809
3.868017034436566e-2
5.646032310757824e-2
6.320273235148327e-2
0.25256219467110347
8.52184480561504e-2
0.13436860709458714
1.977238734281068e-2
0.28603816889611167
3.9497840042179946e-2
0.10481621320628172
8.93164282877831e-2
8.58979157226932e-2
2.0230939547525306e-2
5.160941127891265e-2
0.12132763050899556
0.14800204123722602
0.10720260723317528
0.17611283286600266
0.11576806915700119
3.507754647849e-2
2.635579891740204e-2
2.2174597997889556e-2
1.2475655408395337e-2
0.11608030131929929
0.150239471992563
0.19814541044408407
6.132664874296041e-2
0.21730679572000283
0.21433981450344924
3.764624483336297e-2
6.733808125094633e-2
4.467372954438309e-3
0.11262643188976966
0.13545303062398034
0.15668961045713808
4.33479172213964e-2
7.7587780024494625e-3
0.20030765288485236
0.11290765107056222
0.17471743227156894
3.975916960139766e-2
4.7654390748170405e-2
6.647665682527283e-2
0.14596838989107566
7.476901777098345e-2
1.8563667271386954e-2
0.22975852932032606
8.126369223253974e-2
0.19524856000518032
0.14019804454639823
7.908291008244124e-2
1.2967657455717142e-2
0.11357206607261205
7.818461917966822e-2
3.527436817571613e-2
0.1096194739639719
7.778163109336468e-2
0.3015323553527596
4.462509586562645e-2
0.12984966998891795
0.22317288778038646
9.694890965539923e-2
6.2241214809788094e-2
3.1136304751370646e-2
0.2705072719451886
0.2850022913071906
5.139908154333887e-2
1.1725718063494716e-2
5.3986081329537604e-2
0.10191734354719335
0.3207842515614132
8.458545744679209e-2
0.1548030947413713
0.18759205702995327
0.19540606495770635
6.557782122077499e-2
2.6356316898767006e-2
0.10008752836626174
8.929242579340643e-2
7.681610221479093e-2
2.37728176560425e-2
0.18817458694003047
0.20017483946216438
9.404293636939186e-3
0.17642809077344426
8.801268354191523e-2
0.12288426252720086
0.17068203688938627
0.23056308039094903
0.11473042621169242
3.9599426294497184e-2
0.12013813562949083
4.832584364213433e-3
9.654648962076942e-2
0.15842756502870353
0.1295915238438488
1.2014520298735254e-2
1.4321663417751563e-2
9.253077114276021e-3
0.22291225445362986
3.3143273314324116e-2
1.6650370717474095e-2
1.3995779061745251e-2
8.99887157139063e-2
9.795751532491478e-2
2.4265566950479434e-2
7.627904138556238e-2
7.825374571275165e-2
0.17314129732268124
0.16134023678879106
0.18346170018942862
0.1467647475781401
8.553840661894897e-3
0.13206992243378946
0.14912939712582002
3.4064923353877855e-2
1.4535047488654996e-2
0.12923161467957156
0.10924733827410944
8.67311749832805e-2
0.22281281792524804
0.19926257782938817
5.1530555310488536e-2
2.6274113034711544e-2
0.12573588782785236
3.8310851105768415e-2
2.9287024048978195e-2
4.906534368919423e-2
6.117859138123918e-2
4.4640973392390315e-2
8.971906041191856e-2
3.237754516104476e-2
0.15425729426754325
4.393562195365582e-2
7.2746797952426e-2
7.909379003860781e-2
7.197704716394264e-2
6.0151521874234025e-2
4.7992288790365215e-3
3.7365557338506536e-2
1.4883787453659902e-2
1.7596555303087423e-2
0.12055196810582439
0.11922182755760444
9.737710767788471e-2
0.10952774485986043
6.260509462356309e-2
6.0260010189668624e-2
5.0390955301175454e-2
5.765548596390898e-2
0.3196129939096496
1.4198874839906329e-2
1.510275975272789e-2
7.043122413117427e-2
8.72409200104417e-2
6.1966379600412666e-2
4.3234340800876146e-2
0.20451046094613354
6.808464674619331e-2
0.12197736914548289
4.592920632283933e-2
1.3844173291245399e-2
0.17418098240365487
3.0350946512783705e-2
0.10435720471251242
0.2278087235720249
3.8841697907306606e-2
4.4670569158013027e-2
0.1150347283000116
0.12648969055521533
5.6284180126824866e-2
3.0255088214645377e-2
6.682973356387237e-2
0.20534576772803365
7.455720013158654e-2
9.784785549669832e-2
6.821663659747694e-2
6.215576387617944e-2
7.28657320138786e-2
0.11288923435236073
0.21976412784977684
0.16635306929931296
0.22869536774296684
3.3228093741585384e-2
0.28143341098997765
0.1148027842994753
0.12361480205424694
8.698420571527371e-2
7.944543348707442e-2
0.16743273627119257
2.734395150499741e-2
2.8224276898632838e-2
0.24416598589993158
4.089329461161023e-2
0.17677952023666976
1.5300642957653997e-2
1.2134412770863601e-2
3.1275495939669454e-2
2.371194076895915e-2
8.682781319392711e-2
7.930205652871307e-2
0.10929252770550497
6.011432623770545e-2
0.12184310166350625
4.860028798576106e-2
0.1511657132771751
1.847226123369311e-2
9.09505841363586e-2
1.0310917937158815e-2
0.10349934605709721
0.1276874621437582
6.41409912736062e-2
7.003325961834331e-2
0.19733187466327737
3.294254236573374e-2
4.017286816626224e-2
9.49126039912929e-2
0.1690984252881778
0.21634279748280508
0.166761230357799
3.435229338574506e-2
7.7162764543533e-2
9.882834484945936e-2
3.0180965893162416e-2
0.2646424894740679
0.12427451770516118
8.968749326274039e-2
9.643633898314635e-2
5.616121043782475e-2
0.13791719138576783
8.669759175230382e-2
3.62993619479547e-2
5.736478083274906e-2
0.18620473264115364
8.249350494040371e-2
0.1023687115202256
5.856073681517286e-2
0.10472983306678149
2.155108822560503e-2
4.616543875268444e-2
0.19072949506881218
5.792200193338058e-2
8.885531927277351e-2
5.294762998589704e-2
8.028244661271144e-2
3.95182494442541e-2
2.373465846618439e-2
0.11955977358334073
0.11480105921385127
2.8502465273055933e-2
3.631839937233243e-2
7.147914155573487e-2
3.2168320682676166e-3
0.11930151715219414
6.944718631859097e-2
4.3587360399156096e-2
0.11869154848957422
0.13422536918616668
7.550857095396737e-2
8.615111683348674e-2
3.1154822784222037e-2
0.18818572309704107
8.173226184527485e-2
2.4144753044067678e-2
9.347950208114937e-2
0.10607209573528756
0.2912659919934312
0.24012167049544372
4.249889457783872e-2
2.738957092201353e-2
9.147947092918073e-2
0.1124014364878331
0.19300430391611997
0.11805526613444435
7.330590353472641e-2
2.646258348092264e-2
0.23625944888760606
0.20184619305767115
4.565633135526738e-2
0.11942336401313818
5.990051962286268e-2
4.613725238017141e-2
3.315804044048957e-2
4.788380209085704e-2
0.19276283741781644
0.26164772654573965
0.15151487497358537
5.326598250112504e-2
6.543879388220063e-2
0.15254846192979338
2.2805393051915347e-2
6.937531428657447e-2
0.19542441236430208
1.68307554713961e-2
0.1187223948112994
0.10053203992062354
5.233383835256546e-2
5.391216803449152e-2
0.11501447883747899
7.785635419603071e-2
0.2455909827347585
0.31020149172482886
0.16512185612635458
2.255656171223035e-2
3.105120560736019e-2
0.2430588881523253
5.3645807951445856e-2
8.940431765729621e-2
1.8528925503898907e-2
3.1303068625913755e-2
4.1247601775078545e-2
8.707454714713214e-3
3.240727269436846e-2
4.685013458620596e-2
0.15823898136203665
0.11361557961831363
5.785327739544466e-2
7.810841154478611e-2
0.11380829628706687
4.861038624774995e-2
6.330888614369315e-2
0.1448103825467965
5.538723126512303e-2
3.055229480133651e-2
0.13070702904781245
0.15778298318119094
1.7720953764672375e-2
0.1345787177366416
0.11381410179546858
6.47060217148642e-2
1.4758733358996546e-2
0.1069462636217017
0.12382423414020097
4.4654902420116924e-2
4.850216653452381e-2
3.504960688335701e-2
4.7435706615326756e-2
2.0796042821459006e-2
0.19833537391068937
4.716560554362039e-2
0.1696205823746747
5.8222624568135074e-2
1.3706407314457148e-2
6.026450974313963e-2
6.902051168865307e-2
1.8100806640665778e-2
0.11363830562278468
7.223402278627764e-2
0.11283919760215406
0.13642425877584263
8.815975108074936e-3
0.1171244670722367
0.23391750869719202
6.883773139176144e-2
0.10408030850213275
4.382285092401091e-2
0.10640317493208036
0.1465372062327083
1.7718236121088728e-2
9.465272064307861e-2
9.004602885830536e-2
1.878346597463647e-2
0.10353592212211363
8.040453735769008e-2
8.313192854648169e-2
0.1065930425849841
5.4834851201064225e-2
7.612843302758858e-2
0.12587711211822875
4.996721572564763e-2
9.947146662947837e-2
0.23329147330490657
0.1343876020838522
0.13853080063832918
1.7311512146361275e-2
0.14107221893760594
0.1247161571259932
0.16265190416620695
0.11394805457471975
6.949592633042177e-2
0.1543963781563787
2.2683480623933307e-2
6.216208054622009e-2
0.1327349864448914
0.18231676504420619
0.21680308327278314
2.4107486853021897e-2
6.010774104606474e-2
9.098752437768227e-2
2.425385534084181e-2
9.029141594683256e-2
0.10871897578237047
0.26696718401816116
0.3516303159139795
8.806538704224406e-2
2.1941733710277012e-2
9.579555773423104e-2
0.10662081943485349
9.596877221793511e-2
0.16607617252638862
6.479528470656551e-2
3.9518684700814564e-2
1.42794082035412e-2
0.22513013730873888
4.6050839462823276e-2
9.216245561771039e-2
9.796292544286456e-2
1.5847600115550163e-2
8.683569648377686e-2
7.55317103421542e-2
0.11968876365593586
0.12390038986910464
7.550794616029947e-2
1.974079519712436e-2
5.204087158282603e-2
0.12573850255296878
3.5640180592010386e-2
0.38499074949797996
0.2739075411301067
2.112989990833445e-2
3.7932232447212534e-2
2.807774344850964e-2
2.29809412705688e-2
6.144203197347196e-2
6.111467006921395e-2
4.405413083173958e-2
4.4497217978818504e-2
3.814595381542035e-2
3.510125786704719e-2
7.98453744712829e-2
1.243520361794349e-2
6.2409295634676544e-2
7.809045792651052e-2
4.0138444866262814e-2
6.525497719306105e-2
3.824417484199857e-2
0.11006177301041323
0.2572555594815581
5.0976955448208516e-2
1.5170014642584061e-2
4.9691699559958016e-2
2.7406642564287653e-2
1.2810980005436368e-2
0.12755252187759947
0.13184594677892497
2.5008243803609352e-2
0.2208195846282363
3.3888030093400467e-3
3.59094974202093e-2
6.992776002897493e-2
7.757820536331066e-2
9.447331684536615e-2
5.295790563166477e-2
0.16182832475692788
8.883222842888669e-2
7.591665011581783e-2
2.6330136216584466e-2
3.294499198509719e-2
1.25486823611065e-2
0.13591893768489327
0.13313473944527238
0.11425209771852758
0.12798739468792683
0.11702459647834992
7.562913470057066e-2
0.12126738044133578
3.6090579107058075e-2
4.2177008604175024e-2
9.369081863654391e-2
3.1278957515054565e-2
0.13873890571346648
7.044656535246593e-2
8.157646625147919e-3
0.19557602276500624
3.0631196448900232e-2
0.2533423498337716
2.7032257054591467e-2
0.15986623881566528
0.2025528640408687
4.315016520137584e-2
2.8450106666137277e-2
2.060479272848318e-2
0.23532475878590325
4.61505180788505e-2
0.16535756957303133
4.674966044135781e-2
0.1159815998204238
0.10861761098608355
0.24338783804863046
0.14593756145234843
4.6618618008926395e-2
3.344266172755469e-2
1.560273881532025e-2
8.232895913842271e-2
8.500437382889506e-2
1.9538582216589793e-2
0.12254024453453978
6.717402702835557e-2
3.964081538729269e-3
8.814919338565107e-2
0.27842235380251557
7.534642960639557e-2
2.8856904447444064e-2
0.12523592274042608
5.576916402931895e-2
4.716164258481723e-2
6.783307711727515e-2
0.11876593541434773
2.1093737855649088e-2
0.13794385953389554
5.218402739661643e-2
5.128402414064774e-2
9.326267332714563e-2
4.3349309999759465e-2
6.336983090517147e-2
0.10635364946465801
3.4713806673106896e-2
1.665943585597861e-2
2.6271129811199556e-2
3.198719760330822e-2
7.232507951609263e-2
0.20299337925562666
0.12906901256410988
9.442229742693186e-3
0.10498861125899114
3.290781692782359e-2
0.24181806762423835
0.15726592572378362
0.11254866600395
0.2088768241857124
8.995393232704169e-2
3.366859452562495e-2
0.19458823387429844
6.871839844391475e-2
4.9861384502027e-2
9.369876059513788e-2
0.10276052349920581
0.13701519654267413
1.8393509357982774e-2
9.204847023998419e-2
7.682645337229001e-2
9.066200542671835e-2
4.9438742879574546e-2
3.1125532527225774e-2
0.12274544703788823
6.81865583105832e-2
8.420375228177507e-2
0.14490480790713853
0.14897515275348136
0.12985742548011364
1.8221961632915472e-2
6.280592762764287e-2
4.696649436358016e-2
8.07608806318306e-2
0.23384689894352223
0.18471841673695458
0.19468939156667622
6.503673960551401e-2
0.22227208451806582
0.31862867561973013
0.22570647220635154
4.066187514544217e-2
6.69856622921774e-2
5.024677782788708e-2
0.10084357186532078
0.10896393887258257
4.2922557064863885e-2
2.441486849387504e-2
0.1021653584123106
2.328629162825222e-2
9.089668481507665e-2
0.1549524167366787
0.13839219735721064
0.2855475422972806
2.693966998325701e-2
0.11937868603906465
0.13968493597023657
0.13325465793452526
0.13742404117516438
4.1662165834891095e-2
2.3087934127434075e-2
9.434040200863927e-2
0.18574680093149734
0.19908801436778298
0.1229392368328512
6.663891242691031e-2
0.10057474340024337
2.8588201642393552e-2
0.10048868911227198
5.437778466271222e-2
1.3203547408018823e-2
0.1282895897608761
0.17477542507141958
0.10873617862933523
0.12432461644862665
1.0258101833967793e-2
0.1861021477693992
6.582497801690285e-2
1.2050210599718813e-2
1.0817669825015374e-2
2.6908793608737314e-2
0.1636297183488896
0.14643327482610496
4.336466758174573e-3
0.12251454840789686
1.7086954644998174e-2
0.13134137160854098
0.10695122589298105
0.10447899205648618
0.11553535117652788
0.1226363365237666
0.2231924426209746
4.484151665053915e-3
0.17622499140330905
5.736105589585078e-2
1.6355807945765244e-2
0.18904283211045697
2.6345772126088927e-2
0.17825080736614102
0.16518809260362333
7.904717795569184e-2
0.1534429053248068
0.12663918816062336
0.11964842590292676
7.778916515542801e-2
7.806396343407439e-2
3.539189627146263e-2
5.662670383959224e-2
3.270279694450717e-2
3.606250972554156e-2
0.1760916212192655
8.25537803241517e-2
1.7843587797284642e-2
2.124170700821524e-2
2.7093305820021597e-2
9.882289036312876e-2
0.15438983337259818
0.12534285256801897
5.146712770757191e-2
0.2195307956160403
0.11059902369394425
0.16081945198579678
0.13597172656176165
0.11054420029948395
9.888407974341266e-2
4.558547407143575e-2
0.1756590242316045
9.74873249845278e-2
3.202142946046731e-2
6.962005834510335e-2
6.829041805082899e-2
3.476105725998115e-2
0.1722078630254706
7.493639938964763e-2
0.10511276287448168
4.3305156689757915e-2
8.048367605269303e-2
1.5800490139684854e-2
0.21399126881792702
6.340150264780439e-2
5.634430985243168e-2
0.2501062896537932
5.267411678658708e-2
2.316238035855338e-2
4.9087387998087664e-2
6.0851368483931155e-2
3.4535609856823614e-2
4.565088986650941e-2
8.867476237915385e-2
9.166895207254208e-2
3.7595753224237125e-2
0.17208523727741645
3.632334758825166e-2
7.528566310666512e-2
8.030126468515687e-3
0.11745244124687164
3.811277965868819e-2
0.13574329428420756
0.15774706818906906
4.8796605472836665e-2
0.11770563738535196
0.11429017188196862
0.10532381054738796
5.957216820493181e-2
1.2107675071814395e-2
3.253052158276114e-2
4.791166375327419e-2
0.11056186689851506
5.646170833638281e-2
0.10160351423801228
7.43470359693012e-2
0.11721761257671717
5.322282370115855e-2
0.16036381290579577
0.16870924616586463
2.7272364533976412e-2
4.6275284039962984e-2
8.962891445412266e-2
0.1595500829501496
3.3820468520296465e-2
0.11602779294015589
3.670839730551519e-2
4.027437264734017e-2
3.464210503388904e-2
6.86642832346866e-2
0.11057378347609914
4.293877795150993e-2
7.432687315757767e-2
5.72954344497139e-2
0.19900850988938718
0.21868726033089012
0.15262990728361459
3.366927545086679e-2
0.1417222034221144
4.138909700901796e-2
0.13792838209269628
6.708336222505801e-2
6.475837512923319e-2
9.044355778653804e-2
0.2193167762463105
0.1209862365010261
0.15338828846180297
4.043357962220297e-2
5.679860489039099e-2
2.4672576867602446e-2
5.5269511421511874e-2
0.10256915244012332
0.11188792791067673
5.948915224766834e-2
3.323570459742731e-2
7.035173283327295e-2
0.11892970552798535
6.389170519878387e-2
3.8886994980576906e-2
4.219265006416777e-2
0.1274410059943901
0.1217960168524724
8.712899532106924e-2
4.056707679744977e-2
6.038322821343078e-3
2.9455657609413842e-2
3.695625753887373e-2
8.946937689891363e-2
8.297433193089945e-2
9.884979957111514e-2
0.158598373152285
0.10163219434812501
6.152846535782695e-2
8.767195711107923e-3
6.247558541335489e-2
0.13666579821645172
3.334002381354394e-2
0.20017053417766056
4.166149793567863e-3
0.14013590184369978
7.000187261922793e-2
4.568138898485963e-2
0.12084451919679544
1.5551977098109949e-2
0.19052940498807494
0.11856100100609224
0.10032140602407669
0.27711469035722497
7.811121618041379e-2
1.1578625676297406e-2
0.1433102695750179
0.10075919716190733
1.3749700954067023e-2
2.8283562101210913e-2
0.12967325260488383
0.13268616981086745
0.274198058445415
8.6053502236772e-2
0.12869228476765873
0.1164134701578258
4.616797963005944e-2
0.13636987052131905
0.10197498767593083
5.130821277822303e-2
4.9124558287789055e-2
1.9191568931168912e-2
0.13242174665408174
3.881491217861279e-2
6.869667872104789e-2
0.2502998734131798
8.68168522647175e-2
3.9975635052674485e-2
9.232852708827265e-2
0.12090110600239505
0.21375524928331502
6.467388461770188e-2
0.17185746696919624
0.13592354082672414
2.3818897739075952e-2
0.1270608719277327
0.14541878238601613
8.147496208714886e-2
0.10413625548324287
2.6780214362965217e-2
0.10369182201477704
3.737857140430354e-2
2.4113127544012715e-2
6.431641906460739e-3
0.28307086740731435
1.8286416175394872e-2
9.104865487770922e-2
6.508238961187388e-2
1.2714375022691893e-2
1.3668920603589606e-2
7.365460873780308e-2
3.522179109451647e-2
0.13209638146464195
6.266276007776396e-2
5.748565791767814e-2
7.034796733134357e-2
0.1212001469168054
3.342660692474705e-2
3.139163131840826e-2
0.10874740036788717
0.10111496636409381
0.17982729793070124
5.265727277976021e-2
6.145597430868277e-3
0.26609814455395486
8.638298737136164e-3
7.475215928348805e-2
0.2436249962458576
0.1058540615406185
4.3355246155595065e-2
1.0873805708292971e-2
0.10049942750043198
0.14694775663913143
2.0517496389648303e-2
0.17254249284270434
0.25348483842688296
4.5257964370758366e-2
1.293646366834338e-2
4.583090594760071e-2
8.120397839378254e-2
2.7631143130648784e-2
6.586663512963874e-2
0.11587804696895485
3.30989115496743e-2
7.007090887394987e-2
0.12484727561947584
8.589310091581678e-2
2.5339694158711113e-2
8.33539906200242e-2
0.11725640065124629
5.554132261537194e-2
0.14383168669016566
6.697414525017606e-2
5.205527060378481e-2
5.625352901505211e-2
7.351469892465912e-2
0.2219164265305662
0.13781593394672295
2.7790834249330286e-2
4.5765280907328974e-2
0.1441515383104385
6.180246169266508e-2
3.579437208365412e-2
6.879480367732532e-2
0.10904839134924198
4.975509264755851e-2
1.9653329980590252e-2
1.9404721036845884e-2
0.13415419106078433
0.23042476953951602
8.344325057267203e-2
4.627523315621307e-2
8.314129827033598e-2
0.15443209808181318
2.129516520662996e-2
0.11192932092736019
0.14390501647420081
3.785397231070405e-2
0.10334923012753365
0.1603547692288541
0.13117950641707732
6.733932038466046e-2
0.26761385375590074
7.50602046687733e-2
3.701999392947556e-2
2.5083278212259485e-2
5.647171350565801e-2
5.375490659638571e-2
0.108600343093514
0.11015288691564326
9.747138073197532e-2
0.10333543086497388
4.1490055319919984e-2
3.799165048334099e-2
0.10703089240016314
5.1000139805940946e-2
1.4224363661387518e-2
0.21947941642659047
6.892353097182269e-2
3.8516755017332406e-2
1.4780892411145663e-2
4.6137935534044584e-2
4.727439929853951e-2
9.803282807944791e-2
7.812421893239554e-2
7.67736391414811e-2
0.14682273670901522
2.2208414994076563e-2
3.1043099567077515e-2
4.993102889608436e-2
0.1427199288687564
4.54263100901236e-2
0.10386992413110607
0.17283917290030154
3.760563716019126e-2
9.717096646945374e-2
0.22632529836405677
5.1910168997590087e-2
4.467941312091291e-2
0.12205137541770476
0.10483568973347404
0.10841899689009962
0.10667808359166334
0.10971173568914865
6.280509296560352e-2
0.16210786259879675
8.623042400217308e-2
7.064869533057748e-2
0.2368894156807456
1.629946672865621e-2
8.961781370911728e-2
8.962111398230771e-2
3.5639821043372065e-2
1.3317603015152734e-2
0.12514301744099507
5.486871466365558e-2
3.550937036594648e-2
0.1131388457407398
0.11372415973712076
7.063104084738782e-2
1.4165384789376068e-2
5.1638303851147135e-2
0.13415403812818444
2.840846015906696e-2
0.2578834689904679
5.4545789866344674e-2
4.711377604967448e-2
0.11826335119483422
6.852925697441978e-2
9.046039012271086e-2
7.972054558341271e-2
0.11536861507470439
7.899512913719492e-2
7.562766441879082e-2
1.2089542855483837e-2
1.9207534992958554e-2
0.11015348490255791
3.623661237472331e-2
4.0890066874745265e-2
4.431828056992737e-3
0.14463437315598202
8.892897277357424e-2
0.1971738948998289
0.17909408618277894
9.167900801599163e-2
9.426004428525632e-2
5.166838464892003e-2
0.11533000025877153
1.3861736667735547e-2
0.11705917208146499
4.2683851547747766e-2
7.748850823973988e-2
0.14987925718833783
2.8985689872789544e-2
1.201125196589663e-2
1.5666841985684077e-2
9.53561025056837e-2
0.16524315502539175
0.11059749290888302
3.032579990764276e-2
3.8679432752769104e-2
4.275553955252116e-2
5.934645793233839e-2
0.10325610740673001
9.415976510072496e-2
1.7223071663499533e-2
4.166061747072699e-2
6.608080551913559e-2
5.0177638201521824e-2
0.16480441376158694
5.846441409007574e-3
0.17851587971326893
0.21629345475983014
3.678213683333127e-2
0.10300821041321018
3.2804146687705e-2
7.04112338242782e-2
6.593123614238697e-2
0.12683126238024856
5.937245790294432e-2
6.378267671494339e-2
3.506303571591416e-2
5.905580056803924e-2
0.17351907785031656
9.957542748076201e-2
0.10528435820527764
6.499153432753699e-2
9.164686676903083e-2
7.923039949858798e-2
0.16202834886188439
0.15963403994187883
0.22164879335004023
0.10322186503236104
4.4341684981868246e-2
6.735738813448383e-2
6.458680900528949e-2
0.12622972603782973
1.895245983390219e-2
0.10301798036042822
0.1486087539119112
9.796982539980827e-2
4.682299918566589e-2
2.6739313495151407e-2
0.10761512774543958
0.12115478331178713
5.952782816814299e-2
3.272962047485413e-2
2.529913434780351e-2
2.734649223850466e-2
0.13908888036716407
2.6578413813672784e-2
3.895577670536425e-2
5.4181896522868235e-2
6.751915998961658e-2
6.273342903514587e-2
0.1752960740977199
9.334490309967788e-2
6.947762304231801e-2
8.045736138339522e-3
0.15359948007983787
7.532295345049225e-2
0.11464267819150793
7.395214595264396e-2
4.547695026913107e-2
5.621320965485512e-2
0.15000091886594621
9.194192249710528e-2
6.223050973673281e-2
0.1937355055914392
7.468060772493863e-2
4.655988535059387e-2
0.21347939460462317
0.2217943445733538
0.24641665467503399
2.9453886069631195e-2
2.5792336558677798e-2
1.4012667994616701e-2
0.10573998157538486
4.792819844295737e-2
9.580414752618245e-2
6.91859638972443e-3
2.8843682233160972e-2
2.5796561317967415e-2
5.6948723563644374e-2
3.600644240241544e-2
5.104694459439933e-2
0.10255463206359541
7.026938073064815e-2
6.547420688384898e-3
1.9776448201707552e-2
7.580828804722525e-2
0.10334893291114282
0.11261140044991498
0.10629301647722281
1.0949741923653156e-2
5.941114388511781e-3
8.497467793618294e-2
0.14622933054373752
4.433498168168061e-2
8.58852391056287e-2
0.20742764358664037
2.697321159438685e-2
0.14975713145507155
0.22061982068998293
0.26687905036363635
3.624719507752e-2
1.1579632123300054e-2
2.142727582184938e-2
6.592792951905227e-2
3.22327239855417e-2
9.690153934833591e-2
2.1389269115130637e-2
9.354860740481342e-2
2.1337712007819355e-2
0.13953029323591154
5.12843115343103e-2
0.11227704341397442
1.334079178793519e-2
0.137462391640589
9.867471404082029e-2
0.10617419956080805
5.6058897036471565e-2
2.434238758559092e-2
0.23526543147520887
0.12728137934599099
8.628398642073623e-2
5.3663098628911034e-2
9.961434897319757e-2
3.556740863072601e-2
4.870755353980183e-2
7.537639487490162e-2
0.2227598826635299
7.182065934058543e-2
0.1044851724541664
2.80521405190291e-2
2.4759874779858637e-2
2.1440861083802797e-2
2.449676389503922e-2
3.050721907905878e-2
5.2948780380520574e-2
7.425152614364064e-2
0.1492804040312738
7.960576319131915e-2
8.877120870834998e-2
4.517885890215493e-2
0.13539537104990365
5.594761947820256e-2
2.991174916095394e-2
0.20025167263272103
4.56219758536302e-2
6.91260067618873e-2
2.561143709252791e-2
1.831182795634274e-2
0.14060802652647403
7.843572005263452e-2
0.139081851375066
0.12538008271213674
8.958758608107054e-2
3.2991505972261234e-2
0.10795722665764303
0.12927520940441967
0.1387226511128593
4.6994343308071396e-2
5.781118244695468e-2
0.14874215515950745
0.24263403634479155
0.308245274822729
0.10933956243129388
0.11174197632576868
2.973945879183195e-2
1.0943599086865563e-2
2.0374179857320283e-2
0.11063885502635765
5.246892697366342e-2
8.714167751946308e-2
3.6994162629755675e-2
9.338225777345156e-3
0.14059578389436683
6.474263232323886e-2
1.135739250499348e-2
7.64370012380291e-2
2.7545469689480084e-2
9.731928931790508e-2
0.15677521660729904
7.314944627142639e-2
0.10460669596662223
4.2366218766489175e-2
0.13101301502449827
4.303081102212495e-2
3.370133223160345e-2
4.4693019913374155e-2
4.680806229789804e-2
8.374333942493194e-2
2.0060829222975342e-2
5.548468864092565e-2
1.8793720900213407e-2
9.493892177898891e-2
4.311144874883033e-3
2.693139821545456e-2
0.16349528030352206
9.947177656546978e-2
2.4127524531844212e-2
0.11822642453433571
0.16310285867440905
0.15802364838513586
8.657722936194467e-2
1.3822404126181076e-2
0.2387193265365914
5.275105305542808e-2
0.17857097770635072
7.713847392556047e-2
0.17694590098141177
0.22507269681613148
8.73943450965604e-3
2.0319310770779808e-2
2.6747703403497435e-2
2.7012589961769806e-2
1.5291557555692437e-2
0.1575628885668629
0.16096133791820322
3.7902461622712734e-2
3.759516092663732e-2
7.062373824010362e-2
0.13299333126162752
8.248031136461127e-2
0.17012248001842814
0.1235871003165464
0.14225679011453224
0.10988769955056617
0.10550702417596922
0.10275236438346251
8.232659639801371e-2
0.19091766977889185
6.073275388019302e-2
6.500136112867772e-3
0.13584018304351864
0.19516361584177044
0.1021891285259436
6.23156809652724e-2
0.15900598485424267
7.118889087853986e-2
0.10703293144364312
0.16663900572762527
9.463040613438268e-3
5.9742146625918556e-2
6.249038500715232e-3
0.10948632832267316
0.11787296273126782
0.27165739864916133
0.1073656063176612
0.21738732773706887
0.2040217021639262
0.2125532904236346
8.872846797078757e-2
3.969910072331562e-3
4.0666582158546086e-2
0.12370547299112707
0.13763046264687523
4.371542611580607e-2
0.20427701671201323
0.15604164875486787
0.178352277977416
0.12711147993838598
0.10008647103759236
3.3450640202252725e-2
8.39865175873454e-2
6.1407742269977375e-2
3.725268709943702e-2
3.089177104418279e-2
5.069766706004809e-2
8.99243836585454e-2
1.9986851755171554e-2
2.1880406745926107e-2
4.410892579986321e-2
0.12644317826625434
2.7815445498652003e-2
0.10058798691571853
3.0675867371012633e-2
0.1731575059797094
1.1155522176235966e-2
6.255671949347832e-2
3.950901316227595e-2
1.8344346882443817e-2
9.764843492907203e-2
4.996510783817261e-2
0.23123615856598007
7.006290294560065e-2
0.11449188141288565
0.20887641774807525
9.967891891331604e-3
0.12091484845375267
0.16930506989355246
0.24261083898290736
0.1360366987706004
9.595011861688607e-2
5.701997895403543e-3
0.19458877001595407
0.16293739963721826
0.10084260972742609
2.6681384596065106e-2
8.860482040603768e-2
0.11826724711958918
6.733520249444842e-2
7.373989932636464e-2
1.0079087456683223e-2
8.21952389360273e-2
5.160742495883987e-2
0.14033946148620124
6.112766882913796e-2
0.21765235596342594
1.4812330427706567e-2
2.9115423392140495e-2
5.787373530227045e-2
0.10013068101496207
6.2015729847799496e-2
5.689937488396886e-2
0.1461668955651445
0.2710688874495411
6.783945221048777e-2
7.244876517446294e-2
9.372702778261674e-2
7.964773232959649e-2
6.720873223791878e-2
4.304129387172425e-2
0.11683285142991848
3.238847657859519e-2
0.10017437948891521
1.7504838305483904e-2
5.550453957738347e-2
0.15353648143281395
0.158407888749007
0.14013881556863728
1.6079363592162277e-2
3.4865190008170344e-2
7.095751365630606e-2
7.97776395980467e-2
6.464984286497463e-2
0.15922221592678698
5.396772820771435e-2
9.652957791316294e-2
7.221761523574748e-2
7.724002531330527e-2
9.917679787077852e-2
8.342431270165597e-2
0.16563600713335716
9.282676915983583e-2
1.5865526082808924e-2
3.555251762886784e-2
0.12474938494220782
5.7320349015286855e-2
0.12487067181339669
7.545734820890561e-2
5.519583307301634e-2
0.13323706948695513
2.88323791948639e-2
3.0558422884849112e-2
1.5450080789851384e-2
8.99882417014145e-3
4.820824606562957e-2
1.718170264587595e-2
4.5077839939729095e-2
6.093033498323552e-2
0.11964127610496918
5.138891208247183e-2
0.11998417994426835
9.181290284422472e-3
5.797541273826153e-2
8.972936089338127e-2
6.721788012945089e-2
4.7765395083635934e-2
9.083662929327499e-2
3.3252391626224655e-2
0.1694698611502426
1.2699951177184244e-2
0.14526692955543735
3.8641984882275895e-2
8.67895859688275e-2
3.427467788032057e-2
0.1527239000318445
0.12037044630992144
0.10800530367664389
0.16528185732758618
1.3951933309455633e-2
2.8035380799692543e-2
7.59498560257284e-2
3.361997820373799e-2
4.080470713280897e-2
2.5507298665884137e-2
1.7107275236388397e-2
8.896282996000304e-2
0.10123911834307923
5.1520647738976674e-2
0.13257817937544394
3.2531258726123946e-2
0.1855949131459394
0.24481038100923497
0.11573120686321259
7.625648737853584e-2
5.384431910522314e-2
6.459898924646179e-2
0.18265788821922097
0.16602977102322347
0.13111560902807645
0.1620620078324584
7.88221910063153e-2
0.12593271074493637
0.10761140998871925
0.18131616044877732
7.412693225126389e-2
0.1687461163624858
6.1701519830756044e-2
0.1104394837572927
0.1531675050465033
9.47738736413488e-2
2.7449831125632394e-2
0.37715991195114923
9.719625922153688e-2
1.5939902445224797e-2
1.813570937136797e-2
0.17550722522569723
0.12671490737218793
9.886790884648966e-2
0.1140753440626278
8.374744638857763e-2
0.16459502704381362
4.2407906690725694e-2
4.5937875957340266e-2
0.1055546422809313
9.635844517457386e-2
8.445036111607265e-2
1.6793867640973393e-2
9.835767101698148e-2
3.628531451164818e-2
4.353244705854076e-2
6.920622880256613e-2
0.17948638216949017
8.96160354879367e-2
0.15007308991957546
2.645893820251479e-2
4.5515036868214356e-2
0.25874249328328575
9.17498511453336e-2
0.10376293336047
5.122826672717875e-2
3.890843451610878e-2
7.294926382851405e-2
0.1346913731643418
2.2085066383327866e-2
0.12924496083063547
4.986469977934389e-2
0.14923193254326733
2.4821405457791768e-2
1.1423527200295236e-2
0.13507872292995765
0.11190024901105558
0.11057608584398096
1.3227881876593406e-2
9.660856546002561e-2
6.792175120023311e-2
4.9557700410181024e-2
2.6481102841859505e-2
0.15858167959428376
0.15195334233671623
0.1456945431947751
2.4334105224434e-2
0.14934566348158204
1.6257936161670504e-2
0.10838914967747723
5.876706065781293e-2
5.0604241602260295e-3
0.10561138938778755
7.451548735799951e-2
4.899844490827584e-2
0.10219141020213156
0.10679111081906142
8.437425306686545e-2
0.11606457732114647
9.757375181777275e-2
0.10483376645036464
0.1986734880296575
0.15891623879050917
3.338702043293309e-2
0.203697705014539
3.670550630788755e-2
9.772824137773935e-2
3.9911253293089e-2
6.187329534038177e-2
0.11304226889857102
4.1114633667648226e-2
0.1873271068136876
8.354289568711103e-2
9.678746911759208e-2
0.12691856311207458
7.761826548353928e-2
5.956201204203885e-2
1.8457734399547322e-2
0.114701125049847
7.054499084353902e-2
0.13871644203944827
6.792398491039023e-2
5.635595307757517e-2
9.919570705780593e-2
6.644460371214367e-2
7.202282257711473e-2
0.14490296582364146
2.0513472798319964e-2
5.610278958697702e-2
0.13560867581422803
2.3938064957241777e-2
0.20919735058283923
0.12948371974461534
3.6970541190310915e-2
8.226986018875002e-2
2.4301877183513832e-2
3.666363431206036e-2
6.43835934452743e-2
0.10103488745659842
5.0944838103971955e-2
3.0078454874068395e-2
0.12499838472944487
0.10581888230940359
3.164927328138719e-2
0.11844423772480073
3.41703590923315e-2
7.97645093618099e-2
0.12541684736344544
0.10817939334378153
4.727974357717801e-2
7.121460011011224e-2
0.17234024873400786
7.546963974342259e-2
4.996632610262129e-2
0.15763135037719067
1.788978023639166e-2
0.10402555327395883
0.12489112753376234
0.11535390520072086
1.0945115340383782e-3
0.13764550777799653
6.49857890672765e-2
8.307251241888662e-2
0.14967737907470152
0.21985281841010118
9.810778021481933e-2
0.12628446009306038
0.10462536585206413
5.283357411338853e-2
0.10358087826631615
4.4393951361546745e-2
5.2545440359370796e-2
1.9445707237628406e-2
0.11459015034209759
0.21852088244698398
2.427201727007484e-2
1.364407662850059e-2
0.11965359959242457
0.17855615958413734
0.14198842517343907
9.85154314421031e-2
0.16645515843992373
9.282544656747882e-2
5.671292345917341e-2
0.13246975318621054
7.820263152220115e-2
9.427848904175626e-2
0.11069265146891868
2.2580665488034814e-2
7.035130295372882e-3
5.4723025512392366e-2
1.6321160724410665e-2
0.14098101031182364
0.18275461500890225
5.021341938919997e-2
8.506165489040296e-3
0.15377376215332905
0.22767265251251204
1.826324038500693e-2
0.15313505544020428
1.655058352397921e-2
0.18049775123356943
0.10931963127981872
3.307738730795736e-2
5.620602669037724e-2
7.628656747291299e-2
2.0408478252612005e-2
0.11633057642356084
0.22890474418245396
3.983432814494636e-3
1.3537653036706199e-2
1.5594783572215087e-2
8.816255533631566e-2
3.4399025609444966e-2
3.7987834006535784e-2
7.09925865941334e-2
0.177786826381472
0.23758014200963765
1.3011422257450255e-2
0.14895768461495235
0.12558332688882973
1.1022290428158632e-2
2.7903171460834097e-2
8.141588926723077e-2
9.792411095288872e-2
0.15448343467441342
1.905704327552763e-2
7.03160596689507e-2
9.31148892596222e-3
0.1329986030088614
3.0838681739573947e-2
8.649900022923565e-2
4.3394456577701176e-2
7.397827653138525e-2
5.6375882766339244e-2
0.1813048792692254
5.050848704814046e-2
0.14982893602024205
0.11098147453367335
5.452157181752661e-2
1.6611476536984627e-2
5.420763941808584e-2
8.79894530963847e-2
7.720973576354673e-2
6.354804044875864e-2
4.148454918478828e-2
2.746024329014689e-2
0.14146688629482368
4.524267370121615e-2
9.873615811179613e-2
1.679947755308451e-2
1.4666877532179278e-2
4.682762391872932e-2
4.966421618884611e-2
0.1496701606558088
6.864707081651848e-2
0.12020723306561867
5.4895683753899006e-2
1.086796106741238e-2
8.852187069457274e-3
4.2246343390929766e-2
0.12784536721313808
0.200919566898314
5.225214957982107e-2
4.810742332540833e-2
9.589916686206965e-2
4.0641980190335956e-2
0.16965975052119736
5.097115910413697e-3
4.8118727000079665e-2
0.115448449046366
2.47970328408866e-2
8.038375177621201e-2
5.9536601139737425e-2
1.9665926112304423e-2
3.4660326097613194e-2
3.0184187826595522e-2
5.162461452593882e-2
5.604677430993441e-2
5.042562500877107e-2
0.1930260407949167
4.8613581995488375e-2
8.54049571848643e-2
0.23138895550287283
0.25763304850615254
5.402029449248569e-3
7.709820702023995e-2
0.11664609976621872
4.259980448855024e-2
0.11793031533530218
4.0362777848036734e-2
0.15050704396596407
0.2528986748846328
0.1556381458513613
9.339667950115302e-2
5.2653695024963955e-2
0.11520946091234574
2.0736338226167984e-2
9.916422814408848e-2
5.501728004478992e-2
3.63793439802448e-2
0.10467655553737458
4.019340115513923e-2
9.012271723933432e-2
0.149687627399185
9.04807414659472e-3
0.1442696618459604
0.10978530777466955
7.58495070368102e-2
9.98145466758884e-2
8.237983538352455e-3
8.062390222025461e-3
2.4268897510016818e-2
0.19137026253452638
9.821441878364812e-2
0.17053365922607802
0.19537851730557282
0.19762924630940554
9.46047603882247e-2
0.24844131135605027
0.2756224913479174
0.12190612764947155
9.558155677834426e-2
2.270002797320314e-2
0.11364662593721073
0.2915930404749777
9.912461712190196e-2
0.13593648155685467
8.504579700404317e-2
5.9724842475421355e-2
4.307982313460936e-2
2.1922707864217496e-2
0.1354916107811665
5.319237529297556e-2
1.5317069450273824e-2
2.5135780151000597e-2
4.5827072173332206e-2
8.332763965233743e-2
4.3061120620708195e-2
0.10308654259849029
2.147112647821592e-3
0.20583693066409117
0.1948657307359461
0.20091182192976342
7.339328958474033e-2
4.334585116155605e-2
3.8089694439182954e-2
6.495284278390423e-3
3.493897410244288e-2
0.11628772366167221
0.11485974528510497
1.9683307698037757e-2
8.432647656799744e-2
7.385836007068822e-2
0.23094201046180923
0.11303586669845203
0.22262313506015663
6.62032472777298e-2
6.0244742852738786e-2
0.13379750078099642
8.334014856692518e-2
3.0001519936515175e-2
0.19398113958458288
0.11525278412316478
0.10233584526745647
0.1401336062359307
6.991050613451531e-2
9.079446597054829e-2
0.11490516942748012
0.11099000847406992
0.12821111049398196
2.1699105119576255e-2
6.182749319998927e-2
4.2558069922559595e-2
7.6153720470991e-2
2.385866448619185e-2
7.053904243006415e-2
3.632489927881706e-2
0.18048234805463567
0.15205842968911618
8.544787361546674e-2
1.7434953498069283e-2
0.14537002568554508
0.16868090955345222
0.1332401299332216
0.1223095488557949
0.10848913886717024
1.1720535448854864e-2
0.129790435601371
9.384423767697185e-2
0.1506486624165771
0.16500736685138823
8.548642339029748e-2
2.6969586776009878e-2
3.7784157150174316e-2
0.1363479985755891
6.370247672802565e-2
1.2979039164293693e-2
9.877446275394648e-2
2.959359223664775e-2
6.041366426727775e-2
2.954073289545911e-2
1.3209288078428628e-2
0.11534063485447858
9.79431324571877e-2
0.11881659390087082
0.15168156492211532
3.827588639059286e-2
8.466979632999849e-2
0.20869676407617527
9.878829556851167e-2
5.983031623534009e-2
6.340489179543234e-2
7.126173249206028e-2
0.17030806762832482
1.4357351983387435e-2
6.39897230792656e-2
0.20643152151145663
4.373830537800629e-2
4.57015994093269e-2
2.433998023959333e-2
1.2148435252288581e-2
0.20654686534453948
8.146551880687745e-2
5.0574620444882125e-2
0.1756601894408774
0.10871407340604806
6.8286111153354e-2
0.1548174549171289
2.5796934711250063e-2
6.900542470417607e-2
0.11117345846761946
0.2004054985484034
9.253476216979446e-2
0.10996352474842412
0.25494415224398476
4.589959827543801e-2
0.18083675760617543
3.493915223646009e-2
0.18703853133754425
0.21271364805220153
0.14105019309139702
5.990469056593609e-2
0.11546918338481009
2.6910293032180465e-2
2.273846228178187e-2
2.9771470960246883e-2
0.11536610991169846
7.111611688839756e-2
3.5924080883687e-2
6.083072403981828e-2
0.17086345432106478
0.11896460483244102
0.12221630764157725
7.348307781278571e-2
7.886029482289014e-3
5.573690421526371e-2
7.154032009681385e-2
0.1597561557358267
0.16053296574856843
0.1331701960613803
0.1400723039015051
2.5725408840635143e-2
9.788141952808393e-3
5.7434750613798765e-3
5.060966096349615e-2
0.25449248454048806
0.11759121532526459
6.662123942538284e-2
0.21610846792653046
6.875079735432683e-2
1.0633269698656222e-2
0.1669221183370736
7.861633346850205e-2
6.187507190795809e-2
7.551021822036522e-2
0.24895581423343632
0.21080906785062878
3.131012283524259e-2
0.17728003677682797
6.740152797402567e-2
2.3770234319588756e-2
2.1767353314641802e-2
5.4795278870063545e-2
1.6049316130897506e-2
2.763336583865834e-2
3.858354322511269e-2
7.362013744958462e-2
6.2376230952205826e-2
4.543177441411288e-2
0.29338053158761035
0.11786868572301364
1.3016532128951652e-2
5.4340228921507264e-2
1.4402711274565282e-2
0.12393473181040689
0.23506707937138974
2.350019140868237e-2
0.1430357478426337
0.13836694806307887
0.24115062581876603
1.141705063374342e-2
2.8140124898543062e-2
5.777040872849252e-2
0.10551085052187056
4.392409563281369e-2
4.411968185822597e-2
2.8991848706894786e-2
1.8958686852024852e-2
4.502697857156117e-2
2.785905351960477e-2
2.017362934756294e-2
5.6747162849138534e-2
0.18982498782922716
5.22644067246388e-2
4.5541525880383495e-2
3.778923630454397e-2
1.0205605038617694e-2
1.8146457793556316e-2
4.4232556647529134e-2
0.19325813585589174
1.353856962252511e-2
8.783877010909341e-2
8.427754264553894e-2
6.630639437914101e-2
4.1834121895830224e-2
0.18477339133525286
0.11624287308057553
7.912640443211291e-2
8.74162698780147e-2
1.4603631413678663e-2
3.462264837043218e-2
0.13908312464812217
9.042394322893485e-2
3.41439709420842e-2
0.10151572460679059
6.537914793455611e-2
2.57947248335361e-2
0.1622858162798897
1.993093568232296e-2
3.8668749008359746e-2
0.1739326368011969
0.21273594221389475
8.053911482594621e-2
1.7597932340849286e-2
0.13090711353485898
6.17233932574743e-2
7.94546483593132e-2
0.1306216489266414
5.237411197159175e-2
3.348622848340428e-2
0.14235138426732222
0.11505375726919306
7.192807555632671e-2
0.12160694916733499
9.062534525736535e-2
0.17555950918041519
3.23438859378995e-2
0.16782122769369767
0.19556797344438487
0.1721975977011613
0.11493574337743798
8.558684291360243e-2
3.8993079562444535e-2
0.15133645053360026
8.140612863415575e-2
1.5315789756169063e-2
3.377239034749836e-2
6.903554455003234e-2
2.4947204309783776e-2
3.600811008130443e-2
4.412841294320119e-2
0.17090138369614455
0.11536601520241092
4.612616831375159e-2
0.10597326190713119
4.420465617642479e-2
0.11710686870193181
7.954630230644068e-2
1.9435850223778906e-2
0.22595734287116737
4.315820601445012e-2
0.14233315529234344
4.0828667906764746e-2
9.362014191417543e-2
2.6471446478943006e-2
1.5357324738590972e-2
0.14402310628339032
6.23471112279765e-2
2.4612837623839777e-2
6.444338421160024e-2
0.1390047169745567
8.74843726179438e-2
2.2353812755744183e-2
0.2122491419347646
0.1602310254268451
0.10137324197217579
4.870398747865614e-2
0.19411686223381355
0.15331672156023488
1.611449289443039e-2
9.999726202976799e-3
0.19583337059583802
0.2564232301914241
7.832899121603189e-2
2.0591887164652913e-2
3.48191427846816e-2
0.13072468359134648
8.65893360388571e-3
7.807960785423183e-2
0.24793364541406387
0.16813120398004075
3.1063793386567663e-2
4.0912098848389644e-2
0.11849261403755014
3.7249233406491035e-2
4.680244223231489e-2
6.496426723168351e-2
5.157451511428899e-2
0.13317761750118576
2.763181803503221e-2
0.25203499900741283
8.797007482280214e-2
0.15463312817648817
5.981581050843432e-2
3.4351445549691814e-2
7.640892593641134e-2
0.15336673036452475
0.10622141785812884
0.1483847980646237
5.531232313534508e-2
4.358041167469544e-2
9.715466087372719e-2
1.431731921539059e-2
0.188864375310907
8.943406630743212e-3
2.833502027840007e-2
5.057301770549828e-2
4.1831416370678054e-2
0.1877712512111936
0.14778224487265051
3.458350607094637e-2
0.10627504550046721
9.504096178138978e-2
0.12213017208496846
7.860351694248623e-2
3.2565526706588854e-3
2.3872177485128467e-2
2.0902989748233892e-2
0.27010976474982373
0.12447880194649708
0.11700241018248218
5.324991318245611e-2
0.2213312758913076
5.667427214437778e-2
8.748709735705906e-3
0.10877695717553712
9.909011269927877e-2
0.13076125551386183
9.981855532556e-2
5.71357189385948e-2
4.958546431206216e-2
7.328318592408099e-2
2.3734036046709782e-2
5.629594777360186e-2
6.651963504374477e-2
4.177914923215949e-2
6.468239073616319e-2
5.5515401239310126e-2
4.630837039593091e-2
6.732583635713242e-2
6.970842859687955e-2
9.657612895917615e-2
0.15978319588038487
6.2244020765935736e-2
0.19819058523702004
9.540028832145724e-2
0.14024376385234621
1.4585595550758479e-2
2.298055262690939e-2
2.772931751646459e-2
2.7602693150572177e-2
1.8817507320587325e-2
0.16976827310009984
1.5188033042527716e-2
8.621902173407361e-2
7.728507732411372e-2
8.136622989596716e-2
2.3073108708007262e-2
9.15492724221921e-2
7.051524142373226e-2
8.457132093558026e-2
0.21638653022418808
0.10461691630514322
8.408909791437667e-2
2.7372470379402512e-2
3.757464433243929e-2
3.420470073425082e-2
8.183170017586172e-2
4.645586611470524e-2
0.2372865123717151
0.19939631975276856
5.8091430658303224e-2
7.716686295866712e-2
3.0821407183858583e-2
4.3518125637555735e-2
8.084898687605046e-3
2.980388871402062e-2
2.8730629337258284e-2
1.0496104024510811e-2
0.11512636445031273
4.066687512538085e-2
6.70903756994032e-2
0.14865034685302322
3.5185740941280505e-2
0.22437936081028137
4.908629719720564e-2
0.2631202378201299
9.077129000375903e-2
5.156729722564202e-3
0.10686230431580253
0.34494571394274015
7.793506414997578e-2
1.8267718353495367e-2
0.1396243107243347
5.4978866902574586e-2
2.8062876148076676e-2
8.962881817195759e-2
0.10048225375773609
0.1704737676802516
3.0282015099958114e-2
6.756115934318843e-2
0.10724889673172178
6.42752729353426e-2
9.510075842068505e-2
0.1562264645728309
2.172901990513464e-2
0.18975061635844295
9.822660905329773e-2
9.315340216836948e-2
5.464492992409459e-2
2.8756514257923214e-2
1.4493008101929317e-2
1.186125268503414e-2
9.477048457194402e-2
6.826773114275704e-2
0.16878865527730716
2.482038784771671e-2
9.534200930963567e-2
0.1268725683981703
0.21742326128024386
0.11321228262263343
0.13986367913926195
8.324218212951445e-2
0.25712253881246894
4.335155583178517e-2
0.14362655867952348
1.586967376354397e-2
0.12903637374474747
3.1792873251638265e-2
2.8085954427645575e-2
0.15901433173953688
4.407978710055129e-2
0.13068816841925132
7.78049414202698e-2
7.083812393468879e-2
0.11119761034588208
1.8911287013042545e-2
5.650669169721356e-2
3.508626458146198e-2
2.1756856162910156e-2
1.1027236443836052e-2
0.11707741178003303
0.141218120562791
7.732845730234215e-2
0.134129460670468
6.910380512400728e-2
6.138733048769329e-2
7.55989416559548e-2
6.280867660367584e-2
5.7572569708940924e-2
8.789531974893228e-2
8.584977977525787e-3
5.031986577669464e-2
4.5129237460050396e-2
9.600741713460915e-2
0.1196712947782145
9.541509959392985e-2
6.5990069684186e-2
3.1124163923054483e-2
0.18526833420273037
0.19557291401312066
8.106081819615943e-2
1.6156928986509923e-2
0.12878628502473538
1.0442782303438414e-2
0.12116126923946188
0.13967758399008923
4.018584867502837e-2
0.11929305992774401
1.8443784523492778e-2
0.1183831234273065
0.10641329683986629
9.362707642848255e-3
6.94005788325457e-2
3.996634417734736e-2
0.1312836413279776
1.791613423428129e-2
0.12321254364611378
2.032828221413576e-2
0.17131767535990475
1.7561541533817494e-2
0.10174871550665272
2.023398866667676e-2
3.4374173132428985e-2
0.21342141829524933
8.433168890576376e-2
6.761476065379837e-2
9.442107157567628e-2
0.13456115063859247
0.15900116452970264
4.88229138810848e-2
0.14715473377251329
2.4216743513151506e-2
1.1152059828429928e-2
0.1750635750994506
0.1728166487789986
0.1150117932958401
0.11928394241553994
0.13766210320704164
6.560004777161042e-2
4.408526623602771e-2
1.9268983200406143e-2
3.629417924018099e-2
7.626992069072516e-2
5.9591553364167715e-2
0.14592690718734305
4.890660503827261e-2
7.23237214977416e-2
9.530719971429294e-2
7.281691646937434e-2
0.1534935499919039
0.10305283652442856
9.689982146856681e-2
0.1657911549997179
0.16310780965476743
0.18689582838933766
0.1184896196702538
0.14216058139061372
0.1424819857512702
7.481685998940675e-2
0.23779101421401272
0.19415197149966995
6.2352166372189544e-2
0.19838999278344993
0.14870951119671935
0.13920609481236784
1.4969984348482235e-2
1.0604689999712247e-2
4.988524420382977e-2
0.17324160313918174
0.1120672055282265
9.8342907676837e-2
0.11788738834815904
5.562930154922582e-2
0.15764998997045776
9.586650349786824e-2
5.4705151186417764e-2
3.174441376361087e-2
2.6379703403788046e-2
0.14086862871650246
3.954490330689016e-2
9.128432272907808e-2
5.805427422235494e-2
3.1949283737068235e-2
3.0945886598200845e-2
3.434248106614294e-2
0.15312871554433588
5.0539873605470145e-2
8.08638796505746e-2
4.297038114991475e-2
3.669978888802372e-2
3.412171689518577e-2
0.12468731151268689
0.13777089900996212
0.12482868404737935
8.78030589299698e-2
2.658839035204702e-2
0.22823787847040616
4.2501098740188946e-2
6.914806996038514e-2
2.8959480929680825e-2
2.3312416880131526e-2
8.996494595490727e-2
8.935310879903005e-2
6.88350140466494e-2
0.2800107290519018
0.12361763979456022
7.695089070422098e-2
3.144192459591026e-2
0.11175830334520916
0.14182258937764627
6.9823732072071595e-3
1.1864009678834641e-2
0.17916632887117317
8.46989624259019e-2
2.6458733302400738e-2
8.571090468218896e-2
4.2978757296968685e-2
4.978080371453582e-2
4.302810325159153e-2
0.26996607985971705
2.9232920696997223e-2
2.6850106061985547e-2
1.7195424161810368e-2
0.22946444696652835
0.22907514647135593
2.5664462541099487e-2
5.654252899277593e-2
0.10739264051167914
5.47812005946859e-2
2.8388648994919562e-2
1.1312884515539412e-2
0.19139742004418753
0.19939175842137158
6.897096532567532e-2
4.01406540914905e-2
3.741113749123036e-2
0.1093368028540195
5.521245731822868e-2
3.276686405776615e-2
7.889863904991051e-2
0.1313324089058502
2.514170727858379e-2
3.0387857604638156e-2
6.676115642971621e-2
0.16884877979440757
5.605706818869101e-2
3.312502425159107e-2
1.7742207690487222e-2
1.2591877464140023e-2
9.015576172911266e-3
5.9745226385618924e-2
0.13193892412034108
6.113344596387762e-2
0.21116208186083946
0.20127062207359342
2.5126543683210056e-2
8.130933689999632e-2
0.18483797520894157
9.304920773039768e-2
5.0592173086311934e-2
0.21388515766798744
3.834886014767539e-2
6.0187315897685986e-2
8.165456564672566e-2
0.20800794811819417
0.1963249994873572
7.465616004940642e-2
8.34188918827524e-2
0.14681668362899333
9.911025641291578e-2
6.560093605531045e-2
0.1253729980145626
0.19247677687371198
3.1215069010997343e-2
0.1421261883095358
9.490611009099517e-2
1.941828808666387e-2
0.13158530777079297
3.518552065970133e-2
8.314277326158451e-2
1.5221398737334368e-2
0.13962240594416123
0.10161921269813345
7.221236382030963e-2
1.3191444453246326e-2
0.24355380389190392
2.425796918512897e-2
0.13749869557076863
4.0575167883229304e-2
3.7952327479269646e-2
4.1562919702667664e-2
0.10101049701338674
4.576876605666945e-2
0.159218798134954
0.10667998520052394
7.657232685759904e-2
0.11807595564070361
0.16729264482219192
2.47382309003377e-2
4.62126438290288e-2
0.13380343528369973
5.1739946468898054e-2
1.719217167459597e-2
2.6209306790327368e-2
3.917986290998758e-2
7.420673797367794e-2
0.13805962181407644
8.000118384704716e-2
2.1192170563919678e-2
5.375267426509077e-2
3.934815910988955e-2
0.13288746289541392
2.4800344807286122e-2
7.563314508477245e-2
7.333168712787805e-2
0.18912020087834777
0.1055200278698171
0.12906515448440337
7.770942551984486e-2
1.6475406370246137e-2
0.13369414326699153
4.8075991588429026e-2
6.938353511686489e-2
0.23598436999687347
4.377961609143548e-2
0.13897102683346768
0.14160479534752407
0.13835829114744794
3.838843223664355e-2
9.88643485180822e-2
3.0171266297804734e-2
0.1369419106842377
0.13785634479294276
4.319656502124347e-2
6.820252307229116e-2
4.734562799791099e-2
1.5386401302384755e-2
2.2573012615372277e-2
5.150621019920545e-2
2.463148460857236e-2
0.11424206598327191
0.17519343277347016
0.19492452685072287
0.12080604109217433
0.20058654156389782
0.20167195723658207
2.3568936584452648e-2
0.22259185441318893
0.11521837399377735
0.2051465550759036
5.306966964687655e-2
0.1446489066873926
5.039943205626427e-2
5.3489839494658464e-2
8.971247902183553e-2
3.265128187220275e-2
0.10218844225670312
6.174205626872822e-2
5.065952187690792e-3
7.850057209104826e-2
7.799303815855348e-2
0.1292381492222578
7.46278914206718e-2
0.15125532904194125
6.791351699707503e-2
0.13036501957596294
4.189876621006157e-2
2.6496826585053347e-2
0.34610309481204515
2.8305379652009056e-2
4.65659895926227e-3
0.1387267531209971
3.6074194560320974e-2
0.11345029858182709
0.1206236572820126
0.10316796153930001
8.354441437535162e-2
4.809624372342358e-2
3.0564296461963503e-2
8.323169844486263e-2
4.796846868784471e-2
0.10309093661301931
7.17889464405292e-2
9.698805119512652e-2
3.511932652782559e-2
8.386049406269198e-2
5.813342303638368e-2
2.942543328999255e-2
7.272573679872427e-2
0.14011202679913687
0.1842501906280221
0.20711033222981157
3.2380582816958804e-2
0.12157055935017684
0.14097702645685734
4.0579532565412135e-2
6.681868174198947e-2
2.443291377034651e-2
1.6859873913979008e-2
4.871127618118901e-2
0.12205601141901865
3.6226212013077394e-2
3.0221973533408532e-2
0.16164888569706318
0.14342830766199727
0.22362567293925775
1.848565192357875e-2
3.907854521245663e-2
0.10922763189295748
0.10412291025206713
0.24502525268318606
0.1860091105794918
2.0798557207857483e-2
5.771162738042945e-2
0.20561403010532273
0.11802686541401423
2.3160175926103477e-2
0.1990823355564816
1.4771370511857474e-2
0.1204928691403124
1.4852330767101064e-2
4.3429605448777865e-2
3.7689680305270444e-2
0.12320064225338093
0.20884199516931937
7.066824058189239e-2
0.1032069653779381
5.316401940622736e-2
8.874465319082267e-2
5.115603719514765e-2
6.571109834868177e-2
0.146276806171245
8.641600397389099e-2
9.848144626971438e-2
0.1429216283517039
0.17944096656336478
0.10678266890307597
6.0109169502392826e-2
6.51847900256641e-2
0.21184153827703306
2.4703824476162927e-3
4.234278253034283e-2
4.589141052868998e-2
2.3528792952294375e-2
0.12779188018827664
0.11594005064853467
9.352321290049026e-2
3.358861645960183e-2
1.5651617801236174e-2
0.12214615100717696
0.14677587574014836
2.6359769028693147e-2
9.37850897693715e-3
0.14561012361912765
0.1513562345844673
0.21385053993338143
7.530214136527415e-2
1.4180114466165272e-2
1.2797868886964348e-2
7.083449228173977e-3
0.12081701984778767
6.272932405322226e-2
5.9648807753224495e-2
0.10402287058920438
0.12156150136113983
0.13798407471227941
0.10964037696273299
0.21012931556371583
0.23420552292134228
1.7474098743266886e-2
2.621245830727479e-2
6.614953141975552e-2
6.949841716786334e-2
3.9231619611683866e-2
0.11269105039739569
0.16298844762416614
0.15039257855956994
0.17063597181850046
0.17956431179032525
0.1810205220485921
0.11462559739297946
1.1671105756368195e-2
9.706637745542693e-2
0.17763388297218521
2.333689896395922e-2
6.934166138610415e-2
5.678252214014018e-2
9.853398143708236e-3
9.625542694026865e-2
3.2729919969772835e-2
5.6988695029733014e-2
5.82561868947186e-2
0.10532000464541975
0.19498704275924839
3.812405286510852e-2
9.24428973966393e-2
2.311384124944471e-2
0.10570362596506774
8.162855090775753e-2
2.2517154255036052e-2
4.2647191974724254e-2
2.978363059183845e-2
0.1140263003760706
1.074946001930549e-2
0.18922304547123173
0.10671149536377307
9.434679521890278e-2
1.8589709068297676e-2
0.10036959879042043
4.92709299170269e-2
0.19775271373841127
0.10472884836760801
6.192101886356256e-2
9.379983043223801e-2
0.12605934173821443
4.5188818282350954e-2
2.59068993453485e-2
0.1659195538228737
4.175418190622893e-3
9.13897865701142e-2
3.0251874980636974e-3
8.377998777244224e-2
6.41268522196e-2
0.12240508448333436
0.10640612894836017
4.7019894422507647e-2
3.365889768682184e-2
8.186751549296298e-2
0.105965881110848
0.31876476899148387
4.5524845922827836e-2
2.8076780878571673e-2
6.184817989194632e-2
3.0721883234839396e-2
0.12222857475911113
2.353197543396888e-2
8.357476420808416e-2
0.16606936751495305
1.4254327609229733e-2
8.161151004153101e-2
5.87294220175694e-2
3.0943905458540966e-2
2.1354758392292027e-2
8.487454559991509e-2
4.968981726768147e-2
0.20929679144624824
0.10898561278237962
0.154974841452474
9.165519144524273e-2
8.241415072656197e-2
0.11371454144487714
1.8252511652965243e-2
0.10043620489030877
0.13969337507420435
0.21446086922768354
5.4727648455243215e-2
0.25978398327195146
6.391677049523282e-2
0.10238464318890741
0.23691025365299398
4.3173793022887506e-2
5.682439163896831e-2
0.14790985230572345
1.817305751499291e-2
2.9271316875333374e-2
2.1569535534988915e-2
0.2070088402480931
3.590394608645411e-2
1.791137155253948e-2
2.9757100156101734e-2
0.15228464386630597
0.1718053670299371
1.3828817481585754e-2
8.40671456898119e-2
2.7821295736137362e-2
3.626076069093968e-2
7.758627258180881e-2
0.1646968786800836
0.13275545290161958
0.1111570512020709
0.12624918446487784
1.003748243431547e-2
0.120483214755067
0.1510384723348631
0.21294770279305775
1.777962510252449e-2
9.095571208435531e-2
3.921809535153248e-2
3.828017873003484e-2
0.12977203154450206
0.1791763608329704
0.20957705575294758
0.10810863600901026
9.486832726241734e-2
8.790426766358883e-3
5.798724121965878e-2
2.6945849175599633e-2
3.722063934683199e-2
3.0051380969915897e-2
3.275097000138359e-2
0.23604399256476555
2.7664843108987102e-2
0.19480420353813901
0.11259100088215286
9.233520389031095e-2
1.9565233117734015e-2
7.415482490733902e-2
9.001688336673608e-3
0.15526424042103104
0.3716599591712334
2.3415213959668744e-2
6.090594302130958e-2
0.1036228464413613
5.766190711423101e-2
0.15278770174311523
0.11548082650611113
0.1564396914636061
0.15480956069778679
1.0924036700998363e-2
0.11015654585703168
7.109836919148989e-2
0.16224591222133097
0.1574775976455756
1.7195552785331893e-2
4.6959961694286415e-2
0.14524391989756363
4.2784953223505694e-2
2.5094684404973356e-2
7.214546707748401e-2
4.871173570122424e-2
0.2064975734271462
0.23764489133340289
9.273129274427287e-2
5.253275050851325e-3
9.108503532492254e-2
6.15187825512159e-2
2.3113754273082023e-2
5.475785774048112e-2
4.724484406356426e-2
0.17537177520642538
0.1601289557005941
5.790976185681004e-2
0.1275313467761327
0.17013754307307288
9.56938359544136e-3
0.1491123250162441
0.17000638778357813
5.854707171135339e-2
6.6604441139405e-2
7.197231047294694e-3
4.577289765961531e-2
0.21687033632018612
0.12153695024758356
2.1851664571575457e-2
0.15023195291925553
0.19394038735591188
6.834559381992066e-2
0.12417617848020497
4.203230256462946e-2
0.1503139446883064
1.9203211152652288e-2
0.1942703737994004
0.12461160613855209
2.2526943863044567e-2
6.368553037203864e-2
4.032246125506985e-2
4.7377475135434534e-2
1.0085925812142215e-2
0.1199847104456179
0.16951159383068642
1.582245349059146e-2
0.17891467601436623
2.6949978219475e-2
5.723704352382071e-2
0.14432212227004967
0.14742825040551155
0.11692211058568842
4.061722935692469e-3
0.10376355147934806
0.28397771482120326
0.13512373290829244
0.10649480582345183
0.10683659247114292
0.11536980136936092
0.13286944504190978
8.875875262897163e-2
0.19679300167457364
9.931379294336243e-2
0.10209430956600833
0.11914497930331891
3.8411204218451013e-3
0.14783894029207395
1.8849466928868353e-2
6.859856695894945e-2
0.1184294454595115
0.11299377550496632
0.19643431439917863
0.10527746349991858
2.856225240335645e-2
8.634593709516207e-2
0.11777690551981332
0.16123093606003822
1.6699083634440604e-2
7.007964228423132e-2
0.16588577991795345
5.8459316738236865e-2
0.20192608816739663
0.16302748169383335
9.108569709718317e-3
3.741309007224462e-2
3.856708585930515e-2
8.452535003868744e-3
0.17370640961615927
0.15114230409637514
0.21295521359024275
1.0937825937052847e-2
3.198016796340715e-2
6.609434070299472e-2
0.1102462449304569
8.839665428813925e-3
9.447998794496523e-2
0.12291167437691541
6.563044220308975e-2
6.315117949616363e-2
8.335081517415632e-2
8.830377540900163e-2
2.1860840378323955e-2
0.14112006018793166
0.11610766644358732
0.11615143303273823
2.3243420548225667e-2
2.0279759417892285e-2
1.2657814595195948e-2
0.10838766430515281
0.13359983993676966
3.156306423383511e-2
0.18522334167927096
4.768475767197581e-2
9.807545325157999e-2
1.5735426488323156e-2
7.686533775040441e-2
0.12919857292294337
2.584318832718e-2
1.3589478336189342e-2
4.132537967806257e-2
7.093697254443829e-2
0.16988992315371396
0.13972078335931343
7.79619631139324e-2
9.492261637614925e-2
1.8891196236254893e-2
1.1131139736741258e-2
1.2938891188416402e-2
4.77026610802479e-2
0.18063462163192412
5.771365392182615e-3
0.13078078930297682
6.277129068143764e-2
5.368077308124893e-2
0.12783992568296573
2.4878400622242548e-2
0.23922483072358175
6.145957983979553e-2
3.9750986457335755e-2
8.427442593118183e-2
0.1709729354354053
0.12345253791541118
0.1744500679874321
0.12627400774225436
1.6630400264022648e-2
0.18753361904593877
0.16060800137714448
0.14048717867879562
7.09491770833729e-2
0.10915837884027017
0.137954827744724
0.10928826497801332
0.13096009663479644
7.648966134515581e-2
0.1500184621094946
0.10773836550420421
3.939191834529184e-2
0.1214960041328548
0.15650058524921834
0.10924068880265252
0.10559528562379046
0.2268737371081208
4.384591623360877e-2
0.15682407591693334
3.5683354407548704e-2
7.661130053862146e-2
5.21905105613348e-2
0.21396658911980607
9.313501637588227e-2
4.348380016765195e-2
0.1121365806259134
8.074658365382657e-2
4.3510345721287334e-2
0.1097533214358685
6.131943276806393e-2
7.196040756048691e-2
8.010295517823474e-2
0.10695103981062648
2.1005401998673134e-2
8.801303823693898e-2
9.10602338521487e-2
3.704580893855035e-2
6.419652392842415e-2
0.14556418398521276
2.0925205355124744e-2
9.396399057429579e-2
0.10520394021903892
7.449562495540299e-2
0.160396800697142
0.10619558754662436
7.854907820785581e-2
4.795466831283522e-2
0.10784087211579081
0.16711438771673492
4.0924840999331205e-2
2.530699993108252e-2
0.2040443694482569
0.2779447955776096
0.1907916348120267
3.211424378349326e-3
0.15269025160819497
5.803086826781256e-2
6.486947319520694e-2
1.651699224543012e-2
0.1250088804397868
9.75170699963011e-2
0.1834211789982752
3.90936531763826e-2
0.10627474440455469
1.0578788370338243e-2
0.1175611404328976
4.276173576362043e-2
0.18920270432478
3.206854437949778e-2
4.965581377581131e-2
0.15983210017959965
4.3314215247092155e-2
0.1248842264140124
0.12339061642214914
4.1205602701523e-2
3.0448190839488697e-2
7.084589931713671e-2
0.11075305039467857
7.10258040754316e-2
7.972649973980073e-2
0.20359538812691347
5.980296575402199e-3
0.10294614909607931
0.15655623323382092
5.2903578859175494e-2
9.310120498144872e-2
0.11936869657061049
0.1021312323502189
2.9185725677241092e-2
1.853395538271142e-2
0.23598597723442424
6.403622960866204e-2
0.21593626304115704
0.12201507190417411
0.13516360204210032
6.656437935405837e-2
6.737300037126714e-2
3.907834676673283e-2
7.873966905781868e-2
0.22663122485524995
5.905970126599032e-2
0.11955721092136753
0.14036336142648387
5.758888711674339e-2
6.306487367262963e-2
0.107152305760071
0.11739707380473027
0.10362972054880659
0.1450081056326593
0.19053946279018685
0.1698223337127779
4.586539379203898e-2
0.15444432774649236
3.0652731375521724e-2
2.8133394624770214e-2
7.859436169143115e-2
2.555647705011519e-2
2.3445248615039393e-2
5.638914271196901e-2
3.618037332329589e-2
7.941126475112854e-2
4.912426028574918e-2
6.263283466387226e-2
3.3103980548078574e-2
0.27243747269924884
3.190169487141149e-2
0.12864407932784241
1.5497945990436569e-2
0.12419838382150931
1.5287454288382052e-2
0.1572370269376771
5.341673463978451e-2
0.11287687482722675
4.118620044392992e-2
2.6480370428156687e-2
0.19055888621953337
0.22411051446622426
3.209618251410886e-2
4.60244229189713e-2
0.16105523063254507
1.9490796028948865e-2
7.179402477906302e-2
0.18544487782496635
0.1809044149913658
5.606753552101634e-2
0.10877814715332852
0.20705649290378952
5.156742469271577e-2
6.652800955588896e-2
8.910623407413291e-2
0.17696315057103768
1.1118826003524141e-2
8.701520849124594e-2
6.547666244787669e-2
0.23960332243392118
0.16474552537027803
3.580530249529237e-2
7.668010908381352e-2
8.745029057506858e-3
6.506668140524292e-2
3.6942202372775e-2
6.379460353112465e-3
6.295901931405314e-2
6.734842642809986e-2
7.691278255035433e-2
5.4410738191992825e-2
1.3900165056741808e-2
1.4570730989748782e-2
3.2417538055220255e-2
7.851024647076459e-2
0.20057316315685675
3.7954707170535173e-3
0.16780786179243073
1.439548352834319e-2
8.007898525516496e-2
0.11140802245203903
3.623894055246263e-2
5.166244131510872e-2
0.2703926968700948
1.6336846748315224e-2
0.10801050367660125
0.1484987383742488
5.987062454651358e-2
9.536673397953478e-2
7.27458502436431e-2
4.288441739172148e-2
1.9451959196375546e-2
0.1523426567259866
1.6952569367140912e-2
7.538363417823339e-2
4.7733112013166254e-2
0.12511437768174222
9.406140863005553e-2
7.774555596547661e-3
2.9814628378317543e-2
5.456207170871151e-2
0.1305840087111499
5.244240930204447e-3
0.12106532559995258
3.237625673632829e-2
6.659716618819451e-2
1.929664835084015e-2
1.2699447749227244e-2
0.194273266414896
0.12779601828312753
0.17497292264063521
0.1769137505993211
3.495815009657347e-2
0.12314498500952645
4.9141304349183415e-2
6.1467576150229054e-2
3.305491901163661e-2
4.603255235094803e-2
9.661145157482835e-2
8.147066637460185e-2
4.0486940342108056e-2
6.354819643576885e-2
0.19029338366818926
2.7802667311799933e-2
0.14686922615032927
3.4622363591962704e-2
9.15661954146527e-2
0.11993706427804504
0.1374575715890803
0.2561978490061282
8.474269857316423e-2
6.731294247793089e-2
0.11915087590536762
7.605853211343103e-2
5.892564723709962e-2
0.1652746069381464
0.12999419002664508
0.13708400550207728
0.10036665164099387
4.4584782761857435e-2
0.1250696574112816
0.1075803276789078
6.863831523869553e-2
1.3387622750213646e-2
0.18801119123102927
0.16696021427604862
0.11391115396784005
2.8934557122323946e-2
9.232160086446195e-2
5.671848852648873e-2
7.252370625311955e-2
3.934460007939587e-2
0.10473059741363669
1.2448567261290223e-2
4.9508030834263514e-2
0.12384704896963217
8.996476046846683e-2
0.13435454842622446
0.19542424002846398
6.543700140385557e-2
7.727800204776387e-2
4.9416917811875204e-2
1.0588623606617054e-2
0.14246234595957089
2.543574133412424e-2
2.4568497990102366e-2
0.16158553557813116
6.377865000842131e-3
0.10706087612897038
0.11208884577467085
8.142783163442424e-2
5.057071135736315e-2
3.249577903232986e-2
7.846638931229546e-2
0.1269998332061631
0.10352646284817088
5.4661572451037276e-2
1.0687747103545475e-2
5.421148337840649e-2
0.15462624710019715
1.2890813955940661e-2
0.189355764139939
3.8400784747235406e-2
3.2712348827744354e-2
8.20187150655405e-2
1.6287666134426847e-2
1.0793791156203946e-2
8.606283907183047e-2
1.0580406747467908e-2
4.339416765313919e-2
7.289684995698961e-2
2.210696452068158e-2
8.260544584534749e-2
5.575131497414959e-2
0.10122265780559118
2.740568415052296e-2
1.7012008359520946e-2
7.519563517538083e-2
3.350578045933992e-2
3.694947863822947e-2
2.2646142630628273e-2
6.884399586443807e-2
9.715190628939832e-2
1.2711855663999494e-2
5.703953395358141e-2
8.946080103572232e-2
1.3426845054754444e-2
0.20100445537527029
0.1534586874980021
9.87063351071666e-2
0.1372679515791208
2.9386525287182295e-2
0.37456562957529677
0.16441016029891847
0.10025954451793159
0.1606265898344892
0.14220677952706054
5.967849270115798e-2
0.22427154585876347
4.153325215207121e-2
9.33941905953357e-3
5.226101010100481e-2
3.37162350825165e-2
0.1994753572402715
4.0818251767067916e-2
0.21856933863756015
0.12521503874104578
8.458337704285576e-2
7.154061611213515e-2
5.7455841771920535e-2
5.128785890297492e-2
0.12962586266989423
1.4333718316648847e-2
0.1761488839319283
6.728617758268515e-2
0.18809187131617455
6.586063346531673e-2
1.666375786819485e-2
2.9282994931202167e-2
3.4747714831025976e-2
2.310751499437099e-2
5.3984428352411296e-2
0.12614618074868716
6.485170460866982e-2
3.966864366157209e-2
4.403593183752107e-2
0.19668611774992173
1.3604456522382425e-2
1.9199699783287238e-2
7.453696047991071e-2
7.301934198287578e-2
7.30752380812669e-2
0.11580037994657003
3.538232290107594e-2
0.21974930942255658
2.7123414231180375e-2
3.557121277748134e-2
8.030376800865954e-2
7.239526396506035e-2
0.11428541753180574
6.2113219124874205e-2
0.1151695442577938
5.206740106997058e-2
0.13448120865038157
0.1656613687684002
7.491239919761462e-2
6.404976347113123e-3
8.597096529900236e-2
8.708857597555827e-2
0.1587954522574267
1.4144677915176308e-2
7.814444576075397e-2
0.12720051569095117
3.6105705395443756e-2
0.19909475672087243
3.792864789863385e-2
5.517440298225172e-2
0.11602442760755753
4.846921896107749e-2
0.16801365354946834
9.319183724213563e-2
4.045849266653637e-2
8.956741117454103e-3
0.15639058006727055
3.518368788020791e-2
0.17631059658080978
0.15363842320875912
0.13544449441533088
3.129483615817551e-2
6.35684305487406e-2
4.9766479060725934e-2
3.163983493076435e-2
0.11067022535609206
8.552831787487951e-2
3.098605799581209e-2
0.23382235770667475
5.037234636689456e-2
9.408262583489443e-2
5.523575206595519e-2
5.0597909610110646e-2
8.54003851131895e-2
2.4338023097707096e-2
0.13783994145761042
0.10052337846137041
4.8157881858584585e-2
0.14517203652293484
0.12232534523686293
7.976348281447787e-2
7.185920277966028e-2
1.8547992213884378e-2
0.18421308437813705
0.2169223634063171
7.489206575411926e-2
7.508472209678552e-2
0.1613271939360525
0.1230378114606335
0.16067591126264075
0.10941323197508171
0.12648286281450566
3.3347529703004954e-2
0.17612613896445992
0.22343623558984477
1.471746391486729e-2
1.675190561350497e-2
0.11249387552121141
5.812212406573847e-2
3.260555400372457e-2
0.13003966923755242
1.7852693318921718e-2
4.804674063849919e-2
1.765390802171729e-2
0.10353210332524596
0.2211551560920985
0.12119229259966031
6.309842445762747e-3
3.932501504508622e-2
0.12377390074340411
6.713849924366115e-2
1.7932188473225495e-2
7.114352490811997e-2
2.1178097688385265e-2
0.12801820874349557
5.008800617930279e-2
0.1465990134478152
0.10615947002342105
9.548269156019296e-3
4.049523551707977e-2
2.2317455018700638e-2
0.1656506334771656
2.257165879408878e-2
9.562721779912876e-2
0.10958735391717447
8.434838648153013e-2
0.13689618494652475
2.1295380434840416e-2
4.263005801912776e-2
2.9993611347578296e-2
0.23973085588687876
1.9812986990128355e-2
0.14015389700677394
6.581550715204956e-2
8.68498562391954e-2
5.978053890142633e-2
2.7769914732016555e-2
0.1798396867393285
2.5238950717742414e-2
0.15701699163222732
0.12496679232281689
1.2445562845160362e-2
4.851710113003597e-2
1.3271303314450155e-2
4.189938808505422e-3
6.512029217959681e-3
7.121546837717369e-2
3.525683728043703e-2
0.10605084210369684
0.15511899495742426
7.544930298670406e-2
0.20973468086482178
5.4398607066854864e-2
3.7748287196355125e-2
6.47312749460113e-2
0.3843306802750552
8.225794878320354e-2
0.11635805886175994
5.495329698370778e-2
0.16584972282184493
1.0363647686963972e-2
0.11347752034629
0.14441826108296457
5.697750504275033e-2
0.1213846100411149
6.024613726181012e-2
5.505937960015139e-2
9.881367777299425e-2
0.12820144806059156
0.1336158601843636
0.2318021302132216
0.12197714640913385
0.11479131453728164
0.11094394864722598
0.11932334297893932
0.2522478286931177
3.443520848421857e-2
3.284301315235787e-2
0.15229325191704812
8.372356746836274e-3
9.577501005059459e-2
9.793453475347667e-2
4.070339066234897e-2
0.2536233544127825
2.9072651751689584e-2
0.20525826265101546
1.5546574980960948e-2
9.634565830058364e-2
0.10316505881017864
2.3484530307747963e-2
1.6577485889778188e-2
5.556294041592411e-2
0.12444433645428335
3.506226280052357e-2
0.11794896534552764
3.93668254998369e-2
2.6114395047045803e-2
0.3753482266542587
0.10061044496613873
4.6821461662245566e-2
0.1817408028223326
5.92042753719383e-2
6.611033910404834e-2
0.10320827575991812
0.13351673264507866
2.6606070809601413e-2
7.292281281319478e-2
5.0579070126275424e-2
0.14030166578423559
0.16091852638676504
9.778301139590094e-2
0.10223332137463381
5.536526158806921e-3
9.815015936185718e-2
1.1383355243557736e-2
0.19635138290664647
2.7559969551978702e-2
0.11219437607703123
8.492073705539735e-2
1.4382379468893192e-2
0.29701986203013064
0.11975307940969829
0.11128055352332107
0.20399450143074133
0.14720190759818874
1.8306855287351285e-2
0.1221404603822964
5.068081838880395e-2
0.1276971328416768
4.9567575292019564e-2
8.644746455133837e-2
4.322359427283794e-2
0.13927483811052674
1.2198346967903095e-2
0.16110378089920072
0.12973167615081688
8.388025616738157e-2
0.13841485609882592
4.576338413925851e-2
0.10162896132614044
0.17712823634268507
0.11103774582981625
2.3559930672026018e-2
1.3549001270371609e-2
9.599998619102356e-3
4.505562312018128e-2
4.538038258675138e-2
1.1037131478173489e-2
2.124706918269532e-2
2.247351298451632e-2
3.654603221167143e-2
3.485461691769141e-2
1.2631947898431662e-2
4.348890391768084e-2
3.540758012274773e-2
0.19366621247631777
0.1957081053312517
0.15777322035372596
0.11373688859671041
0.1705812473530929
0.1140959264077456
0.11437614249286354
1.1639299226226373e-2
8.696413375247022e-2
2.0287561522825393e-2
0.14981759513038892
7.690639403592754e-2
3.467274402253049e-2
4.5209913940116454e-2
9.173845795447563e-2
0.1683146150737421
0.15275220207506437
1.8993462969311526e-2
2.418338164024465e-2
0.1096375473357861
4.5539083829582785e-2
8.302092310648565e-2
1.4741346666589505e-2
2.1033631235675178e-2
9.059152218352474e-2
0.13470113304509745
7.616496170616555e-2
9.104747409850113e-2
0.13582192251356992
0.2364433383959556
5.6514774181276074e-2
0.15079006084500798
0.18364994924754385
9.367725464895427e-2
6.305538944508393e-3
4.851530939423622e-2
5.0151899139977904e-2
6.0365548297429225e-2
0.14338995539539923
0.11624337473061934
0.11890757161310014
4.252669236052673e-2
4.830731554001051e-2
7.716013696068169e-2
1.8259393895423713e-2
6.40579299204645e-2
8.376364764295778e-2
3.2339574101626925e-2
1.5041626478532421e-2
0.13559132901709545
0.17730382323459032
2.2252243228711978e-2
1.1782327302203433e-2
3.3907076186494065e-2
0.1060533621708079
0.17532839102379327
4.486305927226427e-2
7.745263532653122e-2
0.1561010108514086
1.6809288691729964e-2
0.12984097487819551
6.785196005128034e-2
3.195947735888085e-2
2.4132998400445305e-2
0.10840801901328849
1.7875291981317532e-2
0.13173520068143302
0.11215171683122138
1.1827520635174227e-2
0.12406853398009679
7.327452147394937e-2
6.718331056306859e-3
0.10716751614248024
1.986060927742228e-2
8.947601405713757e-3
7.261818692977834e-2
0.1152023831792004
0.18520346855672867
9.698315196214985e-2
0.10923588006750137
3.6848086664382475e-2
8.370388037395348e-3
4.4206815386721e-2
6.491334094472988e-2
0.12165532042430753
9.123027939463976e-2
2.620948178928012e-2
9.506299022067248e-2
0.13968937752670643
5.036836703867226e-2
0.14577783448816134
4.368492218775418e-2
8.158343323498499e-2
6.296190789320304e-2
0.1706694252574176
8.26246526404189e-2
0.19077041417800208
0.11611699352274116
0.10879150505168304
1.797492951927354e-2
4.0830881893096374e-2
0.10517903368762038
6.518700639654383e-2
0.1380328172525515
7.828831883823074e-2
4.844057974315561e-2
3.8727733928537754e-2
4.563834582150318e-2
9.614036926648128e-2
4.836356723714082e-2
6.535642174826916e-3
7.682634783292802e-2
2.9798251211989913e-2
3.0050882008801627e-2
9.564208557500983e-2
9.029914026058157e-2
7.228835767862832e-2
5.1883070773036576e-2
2.7836493750085477e-2
3.298031110189799e-2
6.266029305487972e-2
0.2952755072176362
0.11391800726424517
4.522094717361702e-2
9.863483217141691e-2
9.630049431545185e-3
3.32221345420027e-2
0.1665104037145991
2.481856076885335e-2
2.629354135600801e-2
0.14584674417007157
1.2672956242670197e-2
5.3435752977984405e-2
8.725475725548651e-2
0.13233577944991343
6.585364024004906e-2
1.575422610634066e-2
0.2085332209833663
0.10826842953303813
1.9952069020304865e-2
7.697556092265484e-2
8.437537353873512e-2
4.8033498197591507e-2
9.708937017485662e-2
7.837619525159727e-2
0.11962228324505408
4.490230418253406e-2
9.173937717799022e-2
8.522344255462412e-2
0.15453057023653965
2.6131854350954397e-2
0.1785685282827456
0.17436772447878837
7.422681989027888e-2
0.13617212155248287
9.105258442422525e-3
1.4963407141093288e-2
3.0661125816759706e-2
8.372410074968115e-2
0.12991799384455266
0.1586235008959478
3.958031731773024e-2
4.249367766358503e-2
0.12235506890594905
6.781089885984995e-2
2.6245824793891114e-2
8.207747134756846e-2
1.5238528345038216e-2
0.16089460605401226
9.994789142299686e-2
0.3200804667046554
6.953257240858628e-2
1.8948449128874924e-2
2.9084651859986033e-2
3.55189366405045e-2
0.1018958506934237
9.249597890880432e-2
8.105929344550826e-2
6.685055107322334e-2
3.689478856321526e-3
4.455035790039926e-2
0.12000444801305421
5.2713484924935126e-2
0.20932632702325527
9.746109073795742e-2
0.12380887366003275
1.918880325807657e-2
0.20068936970218046
3.501220389046317e-2
0.10960224790788167
0.18741351238976067
0.14762482016418405
0.1371196424526881
3.8504534430270354e-2
9.311577187444658e-2
0.11072058933775852
0.2184447925175373
9.503111973061423e-2
9.56296240019156e-2
9.112555453924819e-2
2.87884100073874e-2
0.111874789739326
3.400010559691776e-2
8.278784766961414e-2
9.390945851192992e-2
4.029745115964387e-2
3.565396878021267e-2
7.406223351311403e-3
0.10623109382167759
2.372109566015178e-2
8.220520122760819e-2
3.7056513108879564e-2
0.10291726911627412
6.782095784144278e-2
8.778108453771968e-2
0.11127820813169009
5.046178264297611e-2
3.291214197688663e-2
0.317480477739324
0.2276057064746297
0.10025481432008791
0.10640225949104573
9.456912825851145e-2
9.792140048347533e-2
3.62420405036335e-2
0.39666767783465956
0.2301329984013613
5.848399311736456e-2
4.395263707773127e-2
0.1789969605358423
9.094488563463678e-2
8.932949428121034e-2
4.073115898492572e-2
7.291401014594726e-2
0.24327709171087336
0.1598863634832263
2.1654020683225306e-2
3.553039223937582e-3
4.082596144183126e-2
0.13637448910362884
6.064473402464831e-3
3.818769289073394e-2
7.012718551670145e-2
9.345828773300693e-2
2.7275663966568876e-2
2.4141902682173144e-2
0.10460247145795931
0.1272552543519645
0.10660512870521507
5.885310054619795e-2
2.5841424054125605e-2
4.784001007664498e-2
9.57947286229216e-3
6.806330959766833e-2
9.407232882941004e-2
0.181418287258446
0.16006796584334299
4.7124707101896205e-3
0.16151977141090004
0.11136782738041462
6.775539376003835e-2
3.1208851211252164e-2
1.0542508211766721e-2
7.280852588878979e-2
0.12727821025580127
9.111504563215352e-2
8.122704172903919e-2
8.576979068235213e-3
0.17760513480694792
0.10549920054031267
1.6688287365571007e-2
4.045783766422463e-2
0.12196054734260393
9.424080777602294e-2
9.158235682110255e-2
2.7781696806820567e-2
7.365017187503778e-2
0.17727077908147243
0.12781171135323635
2.5725672414879486e-2
7.022486872187708e-2
0.14718348622091235
0.17600578344117
9.58331790750444e-2
5.005420949310614e-2
0.12553441134081683
6.863221441052561e-2
5.624316468620809e-2
9.301623217304898e-2
5.463301804786828e-2
3.700266032372246e-2
6.64210602275223e-2
9.428492894057142e-2
8.865536269806804e-2
0.12708439736818153
0.20611718460058598
7.435437849225648e-2
6.684270477525e-2
0.1504814418584071
7.262744146549674e-2
7.388127895328002e-2
9.675686078906105e-2
0.1602410883115563
0.17565787347291045
1.7811714961263804e-2
0.16335158376878772
1.0436500241359992e-2
0.12616447758233124
4.3116751302745046e-2
2.6877368165707283e-2
3.5750515505013014e-2
0.10378267619108208
0.11494965500807548
7.744358952088479e-2
1.5802944980232547e-2
6.959201207060195e-2
4.250139582521937e-2
5.883785007933606e-2
1.1553090330670812e-2
0.1937209752279468
8.364344279493766e-2
7.557610910990059e-2
1.3787594181447016e-2
5.1269623441724664e-2
0.11111928688969605
6.071196455858267e-2
9.395056122624193e-2
0.10651622015302034
8.78318575472643e-2
0.1378660489525621
6.142004669404427e-2
0.10370376086763171
3.368836355487224e-2
8.754918154918259e-2
3.708256109630871e-2
1.1878466397326726e-2
5.4564639714366495e-2
2.3064008032448256e-2
0.1468057645628405
8.937430963159756e-2
0.14132288681884733
0.1333128665495567
0.16741453090029576
2.107023102534119e-2
0.11093686910731329
6.807244608376004e-2
6.291783874149916e-2
2.7359844906248966e-2
1.2925327690453115e-2
9.388601269215835e-3
2.4554312517255407e-2
0.11868850408301287
0.1239400292759214
2.3393730610328622e-2
0.12260545173284672
0.2024000599529865
0.19251895764821597
0.10468016910287484
6.740758476114213e-2
5.129222889000978e-2
0.11792284148683758
0.21519609594116237
4.452326205371436e-2
4.582449086858842e-2
2.2162884188081912e-2
5.163675588404961e-2
0.12487867773892929
2.2603681305298585e-2
0.10905966266023717
0.16889264493026057
0.11083160274023837
0.12813800610401369
2.4998336445351654e-2
3.758131343127078e-2
3.744019546809711e-2
9.172600132269071e-2
9.461309504572645e-3
0.11887266024002599
0.13788122670044142
0.19830007927453597
5.5972311594974844e-2
5.003246849151864e-2
2.104177424650533e-2
0.12383251191388589
0.18556550474048356
0.112048330542549
3.4919129273105774e-2
0.10908898015268031
0.13021519287184985
0.19833368168984006
0.1306520348395443
9.728162409723505e-2
6.895640491949051e-3
0.27698231270499896
0.2307272746900973
9.672522028194158e-2
0.16259056283944828
2.6955938705741943e-2
0.1499025297616568
2.2511008126007738e-2
0.16436148659872493
0.2639398404060444
2.5686438817854595e-2
0.17447477617952387
0.17087512852560366
6.123502859950589e-2
5.5370171639741804e-2
7.572045821711317e-2
5.336301503110654e-2
9.545430730352647e-2
2.5651100347160706e-2
0.12074845307434878
0.12332622812675513
0.1164611312998868
3.0119993915754005e-2
7.956059318544212e-2
5.212446154490572e-2
7.245777876180415e-3
0.1316984193481153
4.183761402719181e-2
7.223298735436703e-2
5.491395015737013e-2
9.08682386136194e-2
1.5857208984362724e-2
0.1805290136685122
7.051576048012469e-2
2.3546543966276378e-2
0.12368243219896517
8.866747971325582e-2
8.297970416240175e-2
8.728414325586256e-2
2.2874840885817906e-2
1.699870041450955e-2
8.919454340864506e-2
4.5629736792441686e-2
0.2041265791697655
3.80106439678391e-2
2.7824099274381186e-2
8.444082668900701e-2
0.10315898141841204
6.138166011678466e-2
0.2910007011844796
0.11773708158210863
0.1163785393118633
7.1483327119519656e-3
6.881310785884223e-2
0.19921217569829902
3.1476981156644115e-2
0.11742009209958618
0.17141634690745344
0.13556960242953792
6.665795459888793e-2
3.171525498128007e-2
0.10554467003482797
0.11769899192065114
0.11581169746488133
9.380200673869735e-2
5.420513158214511e-2
8.397824463615972e-2
0.10272162312314334
4.574917177400596e-2
8.265690705746464e-3
0.13363998299165852
0.166413009476011
7.306100141595687e-2
0.16160707138170535
0.1474036284854629
1.393964528038385e-2
7.42043634375413e-2
0.2674102610604068
0.10117487891856003
0.1813283486109249
5.310606187942132e-2
6.039692924741589e-2
4.483034279947086e-2
3.318512944745424e-2
1.6154520270868566e-2
0.18782075816271343
8.143495818492644e-2
1.3749130726272586e-2
6.4702432422655e-2
7.497070819171184e-2
0.12946230070642545
3.1544657587154225e-2
0.221938245012893
1.998978566234947e-2
0.18203372409479113
9.326671700312464e-2
2.9062015119594154e-2
7.218792649205498e-2
4.1080840501077964e-2
8.539968687928728e-2
0.1072919395972685
5.8096293536045895e-2
0.21591261235982775
1.2474782169189213e-2
9.619665777768491e-2
8.01712454960309e-2
5.9230878142301935e-2
3.750796679583827e-2
0.1361716293431227
0.117531725232299
9.52811147540919e-2
6.591384367955458e-2
0.23178161418808005
2.7026103789456767e-2
0.10894622477022005
1.9792817358875992e-2
4.427109624204547e-2
0.1377065347126277
3.403343996346729e-2
3.895901407528355e-2
2.6607379792397513e-2
6.617194832154384e-2
8.166315134514007e-2
3.0900593799331744e-2
3.552526597084856e-2
0.11504717583361528
0.13246769917216272
3.1677234059899605e-2
2.9980586157504242e-2
5.138340526555642e-2
8.004449367277988e-3
1.691778001485289e-2
2.4468923298579536e-2
3.210062227930982e-2
1.2115327757823624e-2
4.092512855201008e-2
0.18909179254328992
0.1329552551260301
3.214446049657336e-2
1.5400941438663707e-2
7.296834062330469e-2
0.12872888634407625
0.15447295044848955
4.470552812465536e-2
4.4553367146524706e-2
4.131085288248881e-3
0.11650563090220034
7.413859775043173e-2
5.755310160319865e-2
1.4919013391178492e-2
0.10447488298861174
7.232373477280636e-2
1.1822712728958662e-2
7.501766482719531e-2
0.1230450049519222
5.636073380699251e-2
0.15416465281245656
0.15170224418853856
6.139581377667014e-3
1.6495018367816826e-2
0.13428635930173946
8.604082906910394e-2
0.21156464051840013
2.7859880048045193e-2
4.878562296674852e-2
2.8647973819406692e-2
9.792515835934023e-3
8.094981637653093e-2
0.11827660194373486
0.11047193541595224
9.457416671040125e-2
7.155257974329109e-2
2.6983356101853973e-2
3.485700505918153e-2
0.10188335486503357
3.3974475970394304e-2
0.12041597646177418
7.536116833630693e-2
1.6833592730930456e-2
0.20156723001580437
0.1787670034447112
0.12510362641906628
0.14503899273614382
6.560050654485591e-2
9.71901606207162e-2
7.429224449087635e-2
4.666329594951403e-2
9.194386388484091e-2
1.137611918400463e-2
5.0477902519688665e-2
0.16883727772288512
9.935233111456052e-2
0.11893273833320883
2.2549272869078395e-2
8.848455421336358e-2
2.5960579140618077e-2
0.14368336933463682
1.9177371412699172e-2
0.12526020124516074
0.232359455103096
4.4509296708959104e-2
0.16024255143950128
1.4524939566376894e-2
7.841589575749874e-3
0.15486086594168777
5.026102213646959e-2
2.6890762357605336e-2
1.8601354875130382e-2
1.819088126208627e-2
0.4556479401200678
0.20846600729883358
1.1990586639101509e-2
5.245661209201728e-2
0.20671357660196535
0.12401066132021632
2.1641929214909483e-2
6.334256149594077e-2
7.577650434200466e-2
0.1411920813218976
0.12256970286873962
9.483915748744907e-2
6.927780858033007e-2
6.8458634696583e-2
0.10778276107506941
0.15697815600177764
7.907494525014677e-2
0.10676685399069599
0.11910534147410404
8.414398386950118e-3
3.7964324859315448e-3
1.1947883687140514e-2
5.852351817435447e-2
4.5142510025243957e-2
1.6043587346452705e-2
6.205115569666483e-2
6.437077079994495e-2
7.000784004922984e-2
2.0601870754904737e-2
4.0895283696413154e-2
0.11400068277468849
5.610163540060405e-2
1.3462465985765615e-2
8.815747957044741e-2
0.16367335292416482
0.12870766850560778
8.103143235032677e-2
0.14184137439826905
0.17559411108745712
3.9624288654680054e-2
0.16138217108560066
2.0114948404587073e-2
0.1063125337483446
0.16639532593964504
3.236299646885506e-2
8.570487330556349e-2
5.192320069600159e-2
0.16183468278355156
0.15909850245207888
2.562035461777996e-2
2.8041014159129962e-2
1.3366630829604209e-2
5.06006599703631e-2
1.873010158441709e-2
2.58979239459472e-2
0.10624624395871426
7.495758905442813e-2
5.9743742738708805e-2
2.665025625056805e-2
0.1160898709910108
6.273441411988782e-2
4.56248224821227e-2
4.4021960382519466e-2
0.13231790135997507
5.544774194309822e-2
8.995914328249674e-2
4.527702666769793e-2
2.501079018565e-2
0.19876355734048037
9.927556236323236e-2
6.740346853115645e-2
8.019647763138132e-2
4.038043982240773e-2
9.623185637783137e-2
6.457390823661717e-2
4.2344806612496275e-2
1.651412500482522e-2
0.16819764701028797
2.5416448487261056e-2
5.9174072380223194e-2
0.17237545243435776
0.1529949649734829
2.0367263171664075e-2
1.1902666689864883e-2
0.16644919521153304
7.798573917926527e-2
3.8909512377017584e-2
1.9026072538684248e-2
3.255688848537029e-2
0.1060189572665214
8.343093803911153e-2
5.017741778235475e-2
2.3152454672478406e-2
2.7832097982125204e-2
6.876373211804454e-3
0.12641507656822393
0.12051271712289786
1.4201357131334158e-2
2.5301289317910036e-2
0.13534557843204414
0.10040589179639654
6.300551831926654e-2
7.844912191927288e-2
0.12561904221855738
7.370550658328379e-2
9.162843541800636e-2
0.12218362912414334
9.464287922224243e-2
8.490789289492086e-2
2.7035859386841665e-2
0.10436759475124222
0.19064624561991397
5.328961843068478e-2
0.143272364985758
0.19881390075924826
2.0678459382085658e-2
9.722889592823429e-2
6.347926493379623e-2
9.443421907881608e-2
0.12788869555557367
2.470806164431997e-2
0.10606107985090414
0.11279140472980524
9.163015787129365e-2
0.16716838896910038
0.11559274342774262
7.418071126748207e-2
1.9695209829122352e-2
7.604763066639632e-2
0.17417408069935106
9.234811707613566e-2
5.731825921742151e-2
0.18873699363883661
0.16458886517863852
0.11928512127828453
0.22440241273947859
8.535636383286682e-2
9.348303146642972e-2
0.19048904033288463
9.590449084049425e-2
0.11494050545532612
0.12044985894160987
1.3412187205041993e-2
0.16000965582915155
6.198096647575827e-2
3.1665420836925216e-2
5.661503174737996e-2
0.18540439557000438
0.11265732966949737
0.13965341802755987
1.655738598662706e-2
4.721044403703736e-2
3.952986534310682e-2
0.22161760388925802
1.063705815980338e-2
7.392522237512962e-2
0.12447739698897815
0.13491173181266394
8.660272022399282e-2
1.4586635664214054e-2
3.620300063211064e-2
4.965177703298458e-2
6.673783275793825e-2
8.097611689120224e-2
0.11273927192648067
2.9984900530814318e-2
0.17088733821117486
7.864423644231218e-2
1.637444969446472e-2
8.694013336297034e-2
7.735040059055757e-2
5.1262061143059215e-2
0.1103364770975211
8.22541514724685e-2
0.15948996398738013
4.683367080343881e-2
7.304530805763176e-2
5.4367560662073725e-2
1.0393739703881267e-2
0.10543153754867221
0.11749803579367157
6.017634961199149e-2
7.066678410314031e-3
6.069692788839973e-2
0.10392720215870455
2.3324769708025394e-2
0.12398115470638178
8.882720409634792e-2
3.54189316579404e-2
9.844744224904157e-3
1.1057129252060583e-2
6.733825490141357e-2
3.8881668860854035e-2
5.714754096055356e-2
5.869274283668048e-2
3.954301494056249e-2
4.5592021341623545e-2
2.6689414994300043e-2
4.3706053809292836e-2
0.11527196563813333
2.6013146830464618e-2
3.086715806144811e-2
5.083095610651511e-2
5.991821822061063e-2
4.251103367738572e-2
9.434663394469747e-2
0.12050957229185526
0.21247792906988233
6.230066487036192e-2
4.5767090205907565e-2
7.561291891462814e-2
2.138061558833515e-2
6.011291578322987e-2
0.12105894780942383
7.165721853388862e-2
0.11830174224352627
2.4716663682109518e-2
0.151247295044171
0.14990971110810652
0.1600178021653899
1.9289726188139466e-2
2.9910021086206263e-2
0.1250946846993723
3.66418025930068e-2
0.12559020291366915
4.318780528978583e-3
5.221918956214169e-2
6.421072593790407e-2
0.1398324872544198
0.10983105478242558
2.9004657205772822e-2
3.792719296232886e-2
8.117241656846091e-2
0.23490585568696484
0.24073213579723057
6.537494092674286e-2
6.870366214504395e-2
0.14062278545790746
0.13627417594555497
0.15797879683619617
7.39553654513841e-2
4.35422539529669e-2
2.6360005020530507e-2
7.311384608199192e-2
3.383810895792978e-2
0.14385784075280011
0.10247569605270308
0.10998733471295483
0.2014253280780486
7.733199564230323e-2
2.1189352192736065e-2
0.14745767598172987
1.3988055372852127e-2
0.10934411800779201
9.320501693615699e-2
7.923697190636131e-2
0.10011267213642264
2.4535735069382024e-2
0.20916536759950954
0.16807343960159704
0.11357559805998863
7.775122399091852e-2
6.95422503681592e-2
0.17325928129711393
0.1184353030213772
2.736023289563445e-2
2.250173723400629e-2
0.12372548288052114
0.13454492226177384
3.107397381657362e-2
7.949592398535507e-2
1.9061460462054647e-2
9.894395806520521e-2
4.138257349548406e-2
6.12685565087735e-2
3.651518234052448e-2
0.19246066903801237
9.286573247234728e-2
4.4173516783832965e-3
2.541112593120266e-2
1.0907571448842978e-2
1.956360990067807e-2
3.634442428188368e-2
2.0216276521602294e-2
6.916226587879817e-2
0.17764681094243095
4.5662505018820077e-2
4.24907598283024e-2
3.809927240977322e-2
0.11848383818842803
0.20596346591513548
2.3638893044672836e-2
0.16634619552911092
1.6222718633257683e-2
4.424633016558142e-2
2.2724964756916967e-2
7.555734768430784e-2
1.425143830907497e-2
5.327089289843532e-2
0.1926001310241771
7.179826217338937e-2
0.128458865516553
0.10099811986134544
6.0541125177748546e-2
0.11872167414574912
6.502533954603697e-2
2.8535661675183455e-2
2.596896483828005e-2
6.453269359808338e-2
7.8276858615764e-2
0.12476024822036243
9.969635004054375e-2
0.21135195412499191
0.12970789391544524
0.1742498422402669
3.686836167273866e-2
2.0061807397194154e-2
3.91466606760328e-2
9.140513267375608e-2
0.10383762277826389
0.19489937444204924
0.11019031761599749
9.507956243041217e-2
9.121201475521326e-2
5.9964585603112366e-2
6.1700581813072274e-2
5.0797338506395215e-2
3.8766120680180885e-2
3.669357634629962e-2
0.15361621586358992
5.210695958937139e-2
0.16282911115427798
4.9194857609650824e-2
1.8862038064580366e-2
8.028226607282009e-2
0.19589842346068273
2.623963876261425e-2
5.6023919075887406e-2
7.645683802681652e-2
1.767037118805529e-2
1.0476817580153331e-2
2.7379539171906487e-2
0.15395543068567058
0.10008627327439545
0.12924866982780903
0.12416835729216813
2.7059803633802882e-2
1.4402980443112057e-2
0.11031064376920008
0.110841721916679
6.399753868852628e-2
1.013957176477317e-2
2.0845084422428807e-2
0.12359938632054182
0.1194270484297785
0.10408784375412214
9.657228842326585e-2
0.11647395272089098
0.16367690906191
0.14229113691880327
4.903220354497677e-2
9.200390358686247e-2
0.12242042929398642
2.970301499278649e-2
8.748368481499347e-3
5.462810781086067e-2
0.10825463345014863
0.2004272700137606
9.833528895757225e-2
0.28626995691833423
0.10061812462580404
0.1090342079833645
0.16147320784557007
5.504808667349216e-2
1.8994919828640322e-2
5.240809863543457e-2
5.1839576357790094e-2
2.0011907249355032e-2
1.986331104439588e-2
6.635736665307185e-2
0.22156722619868066
6.409949919480754e-2
0.10112638135442567
0.11533085215044196
8.559881298338604e-2
3.6304193518484976e-2
0.19404472239773565
5.625967860490337e-2
0.2153161605948714
8.731299821753773e-2
0.2042599142409421
0.13357569057670307
1.1598517230890105e-2
1.9673132970145512e-2
9.377933455868095e-2
0.1807176595783691
0.10966420820282514
5.673097504714929e-2
4.8465142638808634e-2
3.2664464752232815e-2
2.8541694221124294e-3
0.1155302372079035
0.1208067404295009
0.12187260489819929
2.8108539043442005e-2
8.433224279920636e-2
0.11435950306844447
2.485849045459404e-2
7.522478283619641e-2
2.8298728094501836e-2
8.606238139478266e-2
0.20106478456801719
1.3983669293917412e-2
0.10166482633622306
0.11470584456951047
2.755455314494727e-2
0.15202030950654266
9.818233163790771e-2
0.17109898998840795
2.6212505692190736e-2
7.953130835899845e-2
7.779147207872379e-2
6.2330930643496076e-2
4.179962374650235e-2
0.11495540830779896
2.647071320912562e-2
0.10279497062073677
0.19148087881135428
0.149791079538318
0.12174740792951004
1.7590076292829493e-2
1.84850263720308e-2
9.557748184092445e-2
0.1261912059637507
0.11501541275024614
8.26671316080837e-2
6.273268067035434e-2
2.3307759514640446e-2
1.824860199058729e-2
0.1013930516475495
9.240419933533906e-3
0.11378628565959015
0.1068118885546312
4.356297339744304e-2
9.936697356171599e-2
0.10618258683934763
8.16158912763129e-2
6.1563657833341626e-2
1.0326759367135752e-2
7.346089724380475e-2
0.12642650815229467
8.472245906549711e-2
0.10817761702843401
5.30643007824273e-2
3.1637692192119274e-2
1.088528742145326e-2
8.510744235344031e-2
9.54649410477226e-2
3.2323597964609416e-2
3.635044683140347e-2
0.1420295625003915
3.829253324851206e-2
2.2643819361435003e-2
0.10887525851146566
5.033463882450444e-2
9.783126950919346e-2
8.570767600991155e-2
2.1013923682565917e-2
0.24222573986064014
4.641037752706421e-2
3.5923700673182513e-3
0.2927447993991765
5.002392818023658e-2
7.541598137178634e-2
7.624840654333709e-3
7.191183389975396e-2
0.14725556820172436
0.10583888502743677
4.143420068000329e-2
0.10781680952973875
0.10074819334230897
7.715210241213209e-2
4.5262301184561184e-2
0.1371521573405002
3.37590811776924e-2
0.16964204159984558
0.14662843436741352
0.15953893854617815
0.15276989662176577
0.16766995581868535
8.218752402465358e-2
4.576648493881761e-2
7.250204902926802e-2
7.71997253648974e-2
0.11841125777246489
8.937346236647196e-2
9.164884512497962e-2
6.483978047002686e-2
4.760297511539492e-2
9.402203322525772e-2
2.3714490495936835e-2
0.1831773260019008
0.1304196475589147
5.81177268320204e-2
8.358771552235503e-2
0.104870359134387
7.038996226943325e-2
9.327664761920815e-2
9.338612776876068e-2
4.281730046652863e-2
0.1521078462251039
0.12608258774545475
9.801788102096076e-2
2.2915702308628893e-2
4.861687734814252e-2
9.403910933677873e-3
9.377001088240473e-2
4.5490204127765485e-2
5.673451165662352e-2
8.733931345593925e-3
2.186700584611696e-2
0.14534593998514322
0.1832067461227868
0.13268460076970726
0.10609458221499699
5.9869611865610114e-2
6.111896286564611e-3
1.4789054686193093e-2
8.688754073856987e-2
0.15592030130751197
0.21713734511552896
4.245246484547947e-2
3.719462747398611e-2
3.672455183404858e-2
9.362347500812387e-2
9.318853971842357e-2
2.4373268287824212e-2
4.603728514119561e-2
6.74711960154833e-2
4.0160783491438125e-2
8.464487061195727e-2
5.23165541453595e-2
2.5593857367133044e-2
0.2126297336930648
0.1618198624482824
2.6014364746421846e-2
0.1278671014384687
5.8705488153403776e-2
3.5465960340450034e-2
0.12258878297418904
0.25225332624856195
2.634471112176756e-2
3.1187466109369556e-2
4.946265488033277e-2
8.493641452666183e-2
0.15968925735025494
9.62015727335246e-3
4.339160152641969e-2
0.1114656004737306
1.768033470287993e-2
1.5248233677176593e-2
3.7376564521479715e-2
0.12203823680967099
9.667191359160479e-2
2.951577155865215e-2
6.319962939303661e-2
0.2551894550241069
0.2010949247790589
9.597238705762323e-3
3.025394570206953e-2
0.1009551144835205
6.301591002700555e-2
0.10100612043654142
2.676687560043519e-2
3.483786089213324e-2
5.546490722893026e-2
0.10284191399548137
9.889206153011827e-2
3.0650722225645844e-2
2.1390565467082755e-2
3.829770718694174e-2
2.44206235779472e-2
5.631312627607645e-2
7.565468493791974e-2
5.934191507010946e-2
0.17973732397457415
2.750136800808093e-2
0.20478517107723512
0.12750720965090367
9.501876772743967e-3
0.15471154288933975
1.3720755736277368e-2
5.488022365556085e-2
0.10028164428655009
0.11765942412855175
1.3593076079472455e-2
5.591091617056211e-2
1.888345854719431e-2
9.808423630492769e-2
4.546170637784418e-2
0.10580573893945275
9.487150977342892e-2
0.11858563361493504
4.175840392645323e-2
0.11247526800927314
0.13958142585235672
7.090318360185596e-2
4.851963946169193e-2
5.348164507475035e-2
8.477047375398952e-2
0.10701374007912541
8.102433130774234e-3
2.7683943112353882e-2
4.492045778285947e-2
4.0007525346343074e-2
0.10196386212146402
3.659637497233472e-2
0.10044724882791864
0.19130392483743788
3.600254343288052e-2
2.1769888128185366e-2
8.601197640763782e-2
0.11581453267509176
4.705493442613379e-2
6.787466824759666e-2
5.265404864886351e-2
8.467030102526572e-2
0.12285054910758615
0.1854888216654833
2.2504917875942877e-2
8.186180938431128e-2
0.1301980313629342
9.674659442241354e-2
0.18321777201148676
8.170460162716145e-2
7.285692655366461e-3
0.14110281925776846
7.02696008631987e-2
9.107370069041404e-2
2.4144781463952915e-2
1.209712323519616e-2
8.82537218997239e-2
0.10700712484063679
1.8892505601934007e-2
1.0414668518484849e-2
0.14547788420963884
2.814034170812968e-2
0.20299388981042923
1.1948608046110398e-2
1.5530579484216512e-2
5.301597252119561e-3
4.508975804918738e-2
6.549269108660416e-3
6.684959137410044e-2
1.9559270158913435e-2
0.1558510724621929
9.420033395638831e-2
6.113628869449816e-3
4.298935180892568e-2
4.0911979989119975e-2
0.10436900108134801
0.13066702781002942
0.13031418331004496
2.2618127686357424e-2
9.345089903408947e-2
3.6068011541506365e-2
7.014358386799432e-2
0.12385793309207542
2.645302716159854e-2
7.5360258175141e-2
2.5126655121123543e-2
7.223405247139424e-2
2.9568371236365087e-2
3.258829053616422e-2
0.21899902166530216
0.1300280749572802
0.1750498916369659
3.2602690759012086e-2
6.282031371363998e-2
5.2917796323965496e-2
0.14166306228968376
8.168427077787518e-2
1.2820460960871171e-2
0.17257194709587415
0.11462342931130742
2.2725985613526057e-2
0.10258634693108322
0.10394357726063899
0.1166326734939283
0.12870996198463702
6.159866657162335e-2
0.10790220851785307
2.0710934771076626e-2
2.0653100723369112e-2
1.9751299396182986e-2
0.13317035223966264
5.1198368634453706e-2
3.752884145096045e-2
0.17423209658074038
3.864265421935707e-2
2.7713832116187588e-2
7.865263014908688e-2
0.11333297441197229
3.695991759150652e-3
3.5837325107984305e-2
0.10157369383685996
0.10657446109911702
0.1242473291213559
2.0048570785315856e-2
0.12366934042403237
4.264183862175088e-2
3.847299458798764e-2
0.1021258476127536
0.13475048074001172
8.557726797689392e-3
4.951073993816375e-2
6.296874080949023e-2
3.041316555493947e-2
0.12590522595489131
0.11076813006104742
4.20742000183872e-2
3.499469078015571e-2
2.451567972562758e-2
0.14546216065172782
0.11734940539913356
7.040553274593238e-2
0.12261641140910835
3.240901249728377e-2
5.033405867254398e-2
2.1455522412308647e-2
9.047843388851362e-3
0.1409285771389956
6.610879749837564e-2
0.10078426457386418
0.14002160452299572
2.1396502777386882e-2
5.680152604590888e-2
3.0150045520058046e-2
9.89449323316558e-3
6.277735752449426e-2
0.2275739785983185
0.25263116019546056
0.20793633971749648
3.7190274640311924e-2
0.19343905728985628
0.12585342070109465
0.14546567630179422
7.094511841861019e-2
5.357182291835967e-2
9.840237664226636e-2
0.11600058034829752
0.17331793198523282
3.011678369769454e-2
2.6458709426463188e-2
6.833282398162835e-2
0.10575720470222412
0.17332170248567524
7.552647766772202e-3
4.654217458798804e-3
3.8350955293269484e-2
0.19289655713532478
3.200088856735729e-2
2.217637219998896e-2
3.8953137473589874e-2
4.363764187622053e-2
6.302331483304544e-2
0.10615962964149421
0.12058029998672004
9.50315868571372e-3
4.704060216347226e-2
1.8767403790787306e-2
0.17079908339036903
0.1631700457568419
1.732218403235607e-2
4.30676327768e-2
4.0956821648861295e-2
3.1209391179386238e-2
0.10674451929599997
2.5414621927863413e-2
0.18237984125139212
7.176753113270631e-2
4.033406932242844e-3
0.1721202898034185
8.25419978901378e-2
3.54888370483231e-2
4.360096796644013e-2
6.534096057590957e-2
1.4739135158401761e-2
6.494271723734377e-2
4.405476765172025e-2
5.292674792370165e-2
0.12832277020424945
0.11439297100728998
1.9168816939840638e-2
6.507523855594749e-2
0.19926567652406252
0.13967024926674823
7.05631676952688e-2
9.469223215681881e-2
3.5794087065086265e-2
7.134747186593769e-2
1.4270871715572165e-2
0.1306833731584931
4.686594942719445e-2
0.21788445538208906
3.0821663567200376e-2
0.10363967883655448
4.961247024284676e-3
5.8785545961201405e-2
0.137787732500965
0.1041910755616831
0.10554600567386903
5.852000568778376e-2
0.1310084454566893
8.067665241798117e-2
7.517369761938582e-2
3.6524853282201786e-2
0.15406805750400077
4.713875487643156e-2
3.934985631081957e-2
0.15897107118292303
0.19419874316710678
0.12288980624931849
2.3481987565763297e-2
6.39828704602234e-2
9.917099601737523e-3
0.12137541255799227
0.11440600952911997
0.21417608327976204
0.1578057047842373
3.367585468386575e-2
0.17878896572903075
1.466600206217572e-2
3.014759852527311e-2
0.10052137881036476
0.3214687206348597
6.857877763378765e-2
3.4552143210008116e-2
6.338341785497634e-2
0.137353571972925
0.10512898385774264
0.10993676292144787
1.543200675255243e-2
1.1971787803439016e-2
8.523015270380819e-3
9.040840981330046e-2
9.199089273029323e-2
1.630243383055462e-2
8.397292995295254e-2
2.377255967819163e-2
8.23884720659126e-3
1.641339521348567e-2
8.966425747813406e-2
7.599826728744485e-2
2.7936429153322027e-2
4.887154225543557e-2
0.10366915170901973
6.550065703879937e-3
6.1533707910598034e-2
3.47676898473334e-2
2.361372229824621e-2
5.948490401468031e-3
7.66515163319553e-2
0.15307476306955836
3.3635280819664805e-2
6.771831722380507e-2
0.10895020859219655
7.851940972438728e-2
1.4761391706597538e-2
9.324838762035595e-2
0.12006387453570802
5.8313324746380405e-3
0.11913039047862543
2.1138295905804703e-2
8.443616735679174e-2
0.12968731653128987
0.19254986349038655
6.159916216017748e-2
9.991992109132138e-2
2.5635842282296695e-2
0.12281978523559593
0.11943832116114059
0.10283299472635923
5.1825442283677595e-2
2.3529756595764294e-2
7.213195373240221e-2
2.2813614706855535e-2
2.534379296936299e-2
7.333704847005748e-2
6.66521503367504e-2
0.21049621963761084
0.16321664643532582
1.3446545741098792e-2
6.826638720775803e-2
0.11161587970091191
6.956011686244234e-2
3.727658940539027e-2
7.643440217914974e-2
2.043506225531383e-2
7.216111183572074e-2
7.371401016218686e-2
2.204160196280951e-2
0.11103065743523124
0.20790429135758465
6.1345947362667165e-2
3.437021163383549e-2
3.9500782191919034e-2
8.290550012934542e-2
1.3044572936125454e-2
0.1762794820857577
1.9941315544902215e-2
0.12854340024984492
0.16625472617896894
0.11991872618494685
2.58462255162513e-2
6.020716457644173e-2
0.10886230850722352
0.10715938518291117
0.17703809989705435
9.945740431758973e-2
7.57571829814481e-2
4.4744495134500836e-2
0.15658931803690648
0.12851039184686014
0.14280246578007333
8.261383682746704e-3
5.290469935696053e-2
0.10692678676247028
0.16127314278203933
6.843765888579348e-2
1.7287935371608453e-2
7.357717484113477e-2
0.1724130134524819
0.1112813604317493
0.10597156548742544
6.658143210075282e-2
4.0775453828662864e-2
0.19074996957343557
0.15028926615524277
2.597913033525514e-2
0.14046183412508279
1.2499995092974548e-2
2.167751773306783e-2
2.4124908853560768e-2
8.629982367759124e-2
1.5078903989937553e-2
0.1324702230096542
4.988164680542737e-2
2.9050374507000265e-2
1.0975680214145567e-2
2.799038031219202e-2
7.652479737699934e-2
8.216501767393615e-2
0.13446656943631816
0.10860641936522568
1.1765799493956819e-2
0.2845608458082933
3.582733480857653e-2
0.10654442367275974
7.23037966306908e-2
8.708793874024161e-2
1.245637543578607e-2
2.3580598778861084e-2
0.1305062291369758
2.936823366037884e-2
6.495082907787318e-2
6.359488999550783e-2
3.84745665095193e-2
8.631667216013832e-2
3.776340453694673e-2
1.5984421258030436e-2
3.774972740233098e-2
4.652430362213783e-2
0.1261719114300511
0.16852628568398414
4.0086900442037374e-2
6.830819293021748e-2
8.737921047876088e-2
0.11911251422815058
7.84677144196505e-3
0.10001070993442154
4.725857359460615e-2
0.1424712081193892
6.50499307941785e-2
7.786078299167623e-2
1.9414207127436068e-2
2.2089020531057844e-2
4.27826439915847e-2
2.4512419355173055e-2
0.14830849532867801
7.461877630110689e-2
0.2354006311360906
8.585132191241408e-2
0.10936204629790174
2.666384737202665e-2
0.1968742524349289
8.032544497801247e-2
5.311035514892287e-2
3.216974001774201e-2
4.0783885094208536e-2
0.21194570348169667
9.875982449044994e-2
0.10661851097378867
0.18132698576253384
0.13644959909723647
4.4284959227845144e-2
7.522670875181428e-2
2.7616690939887723e-2
0.12883207249868764
0.12826955945689422
7.947202647055746e-2
0.18430943578247883
6.870313693482516e-2
8.484380421568594e-3
0.1897075034377897
2.7706910891118854e-2
0.11894500455541519
5.293683163984168e-2
0.2044077002352954
0.16557976960715032
0.10528467940351822
5.583233274332896e-2
0.11479415291270463
8.228809249019683e-2
2.1758162290427784e-2
0.12576914439856565
0.13302931509356025
0.17004017263719734
5.472656415568857e-2
8.7145680890103e-3
7.561124114580708e-2
0.10878094516136047
6.454421502897084e-2
6.728146304605472e-2
0.12686038907118094
0.18129472540355437
1.594061426564638e-2
5.350019683107292e-2
1.0466257702264758e-2
9.732662396721976e-2
8.63947356062147e-3
1.896717472359174e-2
2.389420660839655e-2
3.457943982862155e-2
7.520426051901982e-2
3.543457422679667e-2
9.836900004679856e-2
6.376662882181935e-2
5.11371151554354e-2
0.11814485559229934
4.392425990005082e-2
6.321916463564219e-2
4.283861778465139e-2
0.10301153536065462
0.12340806740153723
7.853265870827288e-2
1.689826460806907e-2
0.14633183203681194
3.055203454051251e-2
0.1631568467603194
7.014027321851247e-2
5.5190463721464814e-2
5.32552811248523e-2
4.2198164834817906e-2
7.638708422760532e-3
4.07617126974272e-2
0.13013851840870866
8.721259676863735e-2
0.11013221679377505
8.849810977374097e-2
7.03521756768226e-2
0.21312438675651268
2.6556212951525836e-2
2.795153495170133e-2
0.18538468193455937
1.9867246552101737e-2
3.177774514102151e-2
8.854983554320605e-3
8.690227294450709e-2
8.186070956349444e-3
3.105155661179333e-2
4.771344535649917e-2
2.7431940777049645e-2
1.6290591608984394e-2
0.2081963941349001
0.12574059375947694
0.16059957219243243
0.10206273304974958
2.4798838428429348e-2
6.939521131773696e-2
9.933152028742752e-2
6.746603081515512e-3
4.3821069999772e-2
0.12247471408687989
6.478084496613111e-2
5.232150604611907e-2
1.8781188655837354e-2
4.028518918162791e-2
6.904668608885278e-3
2.1861472217549784e-2
4.4871314030003016e-2
9.286883028943974e-2
7.968623716431437e-2
4.911035392051266e-3
7.878729359073582e-2
6.008800097991163e-3
0.1404788624827198
1.1755631002976418e-2
5.460101665709314e-2
4.500029715249589e-2
6.502671232839549e-2
7.956094381177438e-2
2.8710517042446183e-2
0.15743309951557766
1.2154183821270504e-2
3.7580555553115645e-2
0.25260183459120267
8.016587137493746e-2
1.8752575539927808e-2
0.10538369676135298
5.9266004854378905e-2
9.354860950499352e-2
1.9761177694795462e-2
0.1432649816310036
0.24800154971147598
2.4769758327676507e-2
4.427147708743334e-2
0.14604106942534076
1.2091493841180422e-2
9.640604524651619e-2
4.936381027385809e-2
8.726648592213096e-2
0.1189024022578399
0.26329259313042863
5.047235294223283e-2
0.11516697159741465
7.101289031765967e-3
4.061237427191482e-2
0.15175338215856143
8.167372420808247e-2
8.241981759517748e-2
5.313431667247209e-2
7.266190357417208e-2
3.019400180834615e-2
0.14916149177504195
0.20482164465282401
0.1000385609709988
4.135897735328281e-2
3.5910901015058214e-2
0.17264657884628307
3.688360712540525e-2
8.7002760264115e-2
1.0027095817319365e-2
0.11354424446519988
9.932654275195332e-2
2.096542034435489e-2
2.4129047961457116e-2
7.115528993503697e-2
9.925884046195241e-2
6.05443389789701e-2
1.236776961730145e-2
3.735711357596142e-2
0.10977130694562165
3.41066974545044e-2
0.14854103496846374
3.993218710623629e-2
6.837822697866601e-2
0.10532801441405085
0.1607796189516544
2.2210971182611818e-2
0.17761229853170798
2.0811771851629544e-2
3.677785943030827e-2
8.726260888514961e-2
8.633814169172573e-2
8.942381517724789e-2
3.221230770096167e-2
5.31451709990603e-2
2.012988078895067e-2
9.968999068863396e-2
1.2132841071947864e-2
9.870506576086058e-3
0.11752385719071454
1.0178343129513923e-2
0.16133705555594688
6.226604944002445e-3
1.0374998217060316e-2
6.991993733687145e-2
3.6975862508585075e-2
0.1387819621187656
0.1483811932148458
5.8583035718402995e-2
7.030329432379517e-2
0.3114080474786942
9.661427874887779e-2
0.1903694094853869
7.563917654609098e-3
7.904238926539839e-2
0.20160699526284537
0.10117107691372
3.958025151548825e-2
2.327267527796869e-2
3.801595327186306e-2
2.471635041219229e-2
5.962569579531072e-2
0.12305414442238652
2.3920159176285392e-2
0.22253564832779366
1.7570473716893298e-2
8.685818740559029e-2
1.8542196234497654e-2
2.0022890270918126e-2
9.862651245823141e-2
6.310591579430377e-2
0.10248733963987947
9.201871593944261e-2
1.1955127923545306e-2
9.69063562248742e-3
1.942581498863737e-2
0.12438459733287002
2.8802311226133116e-2
0.1547261288469875
0.11515266674306286
5.052276349252125e-2
0.20124524353953688
7.877414982018577e-2
2.196491675691884e-2
9.144314932005065e-2
0.1829694535297802
0.13856379004504488
6.77774078513014e-2
2.571531241434403e-2
9.340338566091766e-2
0.1162381263339987
0.10512044209103628
6.874243255639764e-2
1.1418689114184578e-2
0.10983649154893141
0.10852324676071712
3.1457466437154066e-2
7.825486966847239e-3
3.9845752657763356e-2
3.105889170934406e-2
7.522409809991391e-2
0.15674531962011753
0.12815218201108763
2.293552863841779e-2
4.337689950771809e-2
7.630282283824834e-2
0.15309618582817858
8.79439783541901e-3
3.414595915781717e-2
0.13714800877709105
0.11544288967506164
2.738639601631887e-2
2.6775662803314802e-2
2.8358165284061942e-2
8.449747048253838e-2
0.1084051000041411
4.223024177646738e-2
0.20818039068083638
0.13513923360516977
0.10035956897550727
5.552750810538842e-2
7.145652819024889e-2
0.13329021998771914
6.1741609595061794e-2
2.325576050986463e-2
4.0180649930417964e-2
1.5118197311417215e-2
6.000482000764929e-3
0.11940311411440759
0.21778658973380166
0.15495623704248146
1.4038965616090148e-2
7.495389189665307e-2
5.701592317370334e-2
9.359859850100624e-2
0.34264126008494095
9.591995275668048e-2
0.11145102570325963
4.6477630981933915e-2
0.16725519933917465
3.0282871446435933e-2
3.221102142505661e-2
0.10624265153979007
0.11705250761055197
0.11399830493480367
0.10354163419059333
4.763751414225352e-2
8.983452495772379e-2
0.12117822207471499
5.4347030097153616e-2
5.598730920442587e-2
6.906103939490568e-2
0.13327011428720512
4.4057468771223275e-2
0.12725889523782025
2.241585916643214e-2
0.18075443686511578
6.923780264482826e-3
0.10176603078153228
0.1607106041316736
1.4453894906771892e-2
1.5132315274503483e-2
0.1000852498827379
0.11235523290449737
1.824979125846209e-2
6.62937143058921e-2
7.406622999352988e-2
7.347162261621323e-2
0.1603833373894771
3.5287264646698756e-2
0.131740971221977
5.779115144748668e-2
1.9053163247803307e-2
7.700968397159104e-2
0.22342580310483395
0.154907523747502
3.877084486853266e-2
0.11310403443925185
1.3558823935465614e-2
3.4953411636980444e-2
5.061152306921596e-2
4.83761697530735e-2
0.1292983370805107
0.20439579553111847
1.4614815003216408e-2
0.12019614337300019
0.10996058295487968
4.256458952515357e-2
0.13276765001330326
0.14134420452001986
0.1511593788655956
5.0097226563844535e-2
9.7160670070252e-2
3.592019743470234e-2
1.7336098930278165e-2
0.12422513643712314
2.281049365129976e-2
6.719479887223774e-2
0.1056314384316119
1.540260431664554e-2
6.071773193822414e-2
5.54343224033507e-2
9.155764480744321e-3
0.1271819004120322
0.11623618125763073
0.13135699808256848
5.5619442739318195e-2
2.795440024646586e-2
5.0254779240571076e-2
0.11618264429152614
6.390720172520674e-2
0.10250438608634407
1.2322031999547256e-2
0.18580319878009882
0.12364427276318819
0.21302783504993733
0.16545212348329624
0.17298473169574682
4.1174366079023805e-2
0.19811459273633722
0.10500376545873036
9.927273752843382e-2
5.232625998071733e-2
2.1856700671455453e-2
7.602741422224917e-2
1.8256550478926815e-2
4.566658490794404e-2
2.5189820118421257e-2
0.1436966317978037
8.490003501421542e-2
0.12538444973894083
0.17525196641871363
1.2098246407572543e-2
0.12140531946422399
2.2819294759813556e-2
6.1218304028258744e-2
7.972195324142964e-2
6.1491593367460205e-2
9.380841292292336e-2
0.15893306774777088
5.322883717378298e-2
3.7162146573640586e-2
1.8346973613378482e-2
8.904728826772786e-2
0.11134039104492546
0.12792270495408609
7.872372779885359e-2
2.1064259590785662e-2
0.15215321850414298
2.4376682833855013e-2
0.18011400654098675
9.001480405451437e-2
2.711544300715917e-2
8.8842661242761e-2
3.487113635800189e-2
2.7642250714478456e-2
9.094791640903868e-2
0.17138985918233346
0.17556887215962141
1.3294840471293612e-2
4.576598427831417e-2
9.830787710346232e-2
1.12495902322152e-2
0.10856862451244291
1.3852071545835499e-2
5.966888135557258e-2
3.168830392574321e-2
1.9674796645807714e-2
3.75002344967846e-2
5.502483660736914e-2
3.8867772519756295e-2
8.12577771796259e-3
5.772430686004859e-3
5.2107524565810824e-2
8.788559907122304e-2
1.3910307136122901e-2
0.10016764062352106
3.7598968442945316e-2
0.11203986037627649
8.047395130941534e-2
0.13015282037999487
0.12659519472111086
0.1110901613872397
0.115707435743193
3.0108533271088766e-2
0.22845841110896586
0.2102701042630482
6.908184682821326e-2
2.3673665915936004e-2
0.1096690404265718
4.6872033273824755e-2
0.1643595811197233
8.486773362138668e-2
4.3149309073630994e-2
0.28275398985197164
3.534102651729709e-2
4.988868535264126e-2
3.0787294945679e-2
0.1271177759499026
5.612497140681762e-2
0.13935992879022704
1.6569433877011142e-2
0.19375995768007076
4.48940949820549e-2
0.1497682247599878
1.0062874618732388e-2
0.1167953019698634
0.10571516035364156
0.19175957861276305
4.909953776195382e-2
0.11798205185372741
0.13015936503794098
6.307188625375901e-2
8.732047117975479e-2
7.647806968929918e-2
3.281411243364779e-2
0.10915194728936095
2.222881094776884e-2
3.090363773711795e-2
7.042893890397374e-2
0.23298578662520156
2.7547351122320284e-2
1.3762622630605759e-2
1.5994371746168533e-2
0.11037165055503931
0.1355376112943127
7.184681456665098e-2
4.969562591506229e-2
3.710426873987345e-2
2.81241430485464e-2
0.15004227680272836
0.1106096953061537
3.1039999802197894e-2
0.11919369813245226
5.242019666881831e-2
4.098091379309615e-2
4.264297784875296e-2
9.772529279052258e-2
3.3337556917998445e-2
2.695961790387502e-2
9.970520106890982e-2
3.3821530973068406e-2
6.342542730506459e-2
0.10767804834626057
3.182406173521911e-2
6.377796619431863e-3
7.944999782393279e-2
0.10041174560627404
9.019505310103614e-2
0.12464149258292719
2.9791270299691374e-2
4.287755850735131e-3
0.13035827433595665
3.9043808455262565e-3
1.4230444149657573e-2
4.7533241341539856e-2
4.7113100959843446e-2
7.934522094851759e-2
0.16871246138602422
2.94055928038948e-2
5.093632865852109e-2
2.6596868539319307e-2
7.479958262170269e-2
0.1444317314616797
1.7989772126669367e-2
8.09433271550423e-2
0.1812333665085172
0.34842285151397456
0.103224496849147
7.697431541329414e-3
4.367268888175065e-2
0.12429984143036225
5.00258388806714e-2
0.11688794847506419
7.813302420756926e-2
9.263788287996938e-2
0.2299603566424996
7.392037512477313e-2
4.4020671724021965e-2
2.3192173807914263e-2
7.759563143377692e-2
0.10278223814122481
6.689278243697833e-2
7.826030272209115e-2
6.679339542371802e-2
2.1258252263002143e-2
9.019772309737324e-2
0.2711671020850354
4.923170112130826e-3
4.5475983994104484e-2
6.398165891324283e-2
3.990097987371686e-2
0.1033216589545048
0.1194099995054468
3.681146116068103e-2
5.880473082123274e-2
8.051200518509795e-2
0.1249769016762357
1.7885235789613783e-2
6.47115064317168e-2
8.110127582377163e-2
6.323489938111623e-2
9.847694709104202e-2
6.138972763674598e-2
8.451558461155298e-2
0.2162619641992774
0.11481060531075897
0.1900132227434212
0.10259939785067436
7.038042891317531e-2
0.12163678592417862
3.849176769962063e-2
0.15599262853816742
0.1385595386424911
3.603680727712644e-2
2.9856048993207086e-2
9.116302380644331e-2
0.12429850069170527
1.894191413817493e-2
6.492958254412043e-2
1.857322103098532e-2
0.11690741183296845
7.38244082126588e-2
0.16906996679225128
3.6875048739373105e-2
5.958124974361941e-2
5.280503866331249e-2
0.16563845843936847
1.8656658384696368e-2
3.2146743252749965e-2
0.10882592441977812
8.374825824903451e-2
9.086211306065994e-2
0.12035811134652455
0.14667771643357477
5.9519341596785826e-2
0.17925169033156804
6.552512532889385e-2
2.6251723294210282e-2
0.1403052689919338
2.8253193700985925e-2
3.486325232114904e-2
0.2164057833269569
6.297511893605923e-2
5.1427847022516626e-2
3.055353070573911e-2
8.379890838995308e-3
3.989820083851432e-2
8.048180686988246e-2
0.25159454518595326
0.1201072622820912
1.6160865170578333e-2
0.11245333358122586
4.614869748745076e-2
5.152145763281474e-2
0.10209976439291575
0.10967413846781734
0.1183341505872696
4.315253315703824e-2
0.11607483548792223
0.12257854870147507
1.3274289759247182e-2
0.1961222524093919
0.15103342527139427
6.451388801321191e-2
8.447522154008301e-2
0.11520059809752321
3.0632794082254222e-2
0.14490176048240128
0.1261724518952592
4.157601893344746e-2
7.231386871494973e-2
2.8321630924988617e-2
9.01658437430396e-3
0.11244821691933249
3.803997955999229e-2
0.10318014914624865
2.5015802336558444e-2
4.4647198415269006e-2
0.2070323284701602
0.14022007983133009
3.518983064091184e-2
1.4204264752099516e-2
0.13087589711755304
2.9222454861212534e-2
1.3812919227162369e-2
9.688303059385428e-2
0.13221660800185714
0.1555115659388305
0.12523545405510147
8.372364818495397e-2
0.14671383221260353
0.1250036305485425
3.131020896523053e-2
9.81505363247214e-2
0.24652526660791935
1.948538352067236e-2
0.17938794785402307
4.817417265918002e-2
7.574889550578079e-3
4.816254878634565e-2
2.2129632371322306e-2
0.13044506006589476
0.1528003880528113
7.362869898263546e-3
7.136676290285783e-2
9.52797800504471e-2
0.12506565950726528
0.30039327168565155
7.185997402521485e-2
0.20283534505543271
0.165383846787651
4.594649694322308e-2
1.781645688672323e-2
3.497597475293671e-2
0.13790317863510268
6.904883578362517e-2
0.10593963533854303
0.162382542940997
7.590193730603333e-2
0.17453093989653018
1.393439680757852e-2
0.23163559131563694
0.12043375089947687
0.13331953695277676
0.17115181829492063
0.17988997792915815
2.453200819453024e-2
2.2550525072415884e-2
0.1810191418808968
0.2353015571439847
9.251832506806787e-2
2.6395238297895984e-2
3.3096672051089085e-2
6.299594031139368e-2
7.443298647161392e-2
0.1687053330023489
0.22193436967826866
0.11128344090875428
3.460529751380039e-2
5.6083994568301786e-2
0.16476130305285852
8.100627151171778e-2
5.0802473680581606e-2
0.16736500895771728
0.10793696424421392
0.13595460730256806
7.247475646226662e-2
2.177813644884984e-2
0.10449413188321141
2.8460309449902865e-2
7.643136513441484e-3
3.450080077228671e-2
1.9305107407142853e-2
0.10603316061115078
0.1533319490364059
9.047914089591394e-2
5.1183542749822106e-2
0.13060765148971556
7.375893749674259e-2
0.12939449637534758
7.77801907944196e-2
3.9221090777689635e-2
1.5481885234200942e-2
0.22190067094090088
0.12202232171251945
4.958540964375059e-2
5.781434748059279e-2
2.7880579940493123e-2
5.45088774644222e-2
6.493947861323376e-2
2.774293216620083e-2
2.9621202010745407e-2
2.923001355262045e-2
8.749833667941434e-2
7.579761242126104e-2
4.487048881579062e-2
0.23613385743134296
1.831651443312692e-2
0.14692513506358107
6.310369245136548e-2
4.585018883755164e-2
0.13018248921488557
2.494190409758005e-2
8.246736548310901e-2
8.952625817224583e-2
7.106098202167443e-2
1.5806746042784592e-2
4.3641061940399795e-2
2.723998536349236e-2
0.2399464041684817
9.016718557938797e-2
8.041843760607412e-2
0.1564419490889252
4.3163479020213634e-2
0.17784675577936962
0.10910949072518432
2.675987475870769e-2
0.11816080314060211
6.2406390977810366e-2
0.16247805096232415
3.944441168998033e-2
9.818058884864896e-2
0.12747161661459885
0.10349737332465167
5.34696759138535e-2
0.11199460390503266
0.1622310886802269
2.43826194887808e-2
0.21101331142073723
0.23001893797239847
0.24192437373239312
0.10283178815187935
3.510941309160861e-2
2.462849420873483e-2
7.545310022832491e-2
7.877955373937884e-2
1.4746045088919645e-2
0.10256996504104443
5.145150782526174e-2
1.1030526276632525e-2
8.217253015833748e-2
5.35162019320626e-2
0.19227454413311684
4.957350494879427e-2
0.13184393616077897
9.46345623577113e-2
2.0794850483669903e-2
0.14564918854350034
3.4139181450977885e-2
0.25226059834461767
3.870579874259476e-2
0.12657890749930698
3.788475058783626e-2
0.1556844015825944
5.683689537609332e-2
8.758989729612165e-2
2.472228889034317e-2
1.1594713475655095e-2
0.11176237609282431
8.337505353428738e-2
0.10701722582994015
0.16858222443974863
5.6636605182199415e-2
5.596984281870075e-2
0.13702096227144794
0.1403195081735881
5.173459221262148e-2
7.216095216575814e-2
0.10534993503669451
8.062212253735164e-2
7.30888909344789e-2
0.1325035433263674
0.159737637318046
8.05107084327403e-2
6.355591505181211e-2
2.2707754294705607e-2
1.8179946163460227e-2
3.895022057162475e-2
8.039586170419523e-2
0.10303426088646236
0.1856692044869398
4.905321898434565e-2
4.382904218434661e-2
0.16039978151234074
0.11712489915980721
8.527914189615984e-2
0.12765378858059145
7.587704543231225e-2
2.0997933021371352e-2
0.12859853989095468
1.0927800676333421e-2
0.12266041852001253
8.806334147757425e-2
1.4893492369461492e-2
9.804633031888302e-2
4.519609686038335e-2
8.822864120440278e-2
0.1316643203075243
7.416954048356034e-2
0.30619063492012943
0.11694013404983265
0.19096271532269768
1.1086798780033736e-2
8.883631241048265e-2
9.247086802159198e-3
0.22092137165703804
0.13535650464585958
9.562410689696152e-2
7.454703336389856e-2
4.309208944659335e-2
6.1917994841372816e-2
4.445165835900974e-2
0.12568030357983834
2.7450173671505318e-2
2.5132660832276645e-2
6.965094439634521e-2
4.486260440518612e-2
5.732561548369928e-2
1.489673340176888e-2
2.5237473709434976e-2
0.20882537029464882
1.3807823854454426e-2
1.4365550256868764e-2
9.796158261552104e-2
0.1288321645919685
8.230697505506404e-2
3.608750277755894e-2
6.499842675701889e-2
3.0168046133826364e-2
1.1808874018099592e-2
0.1305723323356164
7.060706916366141e-2
0.2332939677729496
0.11625203616517484
8.989921551218309e-2
4.165275577735992e-2
0.13065510312497342
4.725233818566057e-2
9.174577806639554e-2
4.7445270860843235e-2
0.11949358087653014
0.12296205674810685
7.535048563584605e-2
0.10111964048196172
0.10539421197149265
5.086362037505251e-2
0.1922958859727486
0.26908398841721237
5.246002063684455e-2
6.786987062741881e-2
0.1278003001900156
3.3448662132928755e-2
2.4957132937480718e-2
0.13764902290681563
5.379877605841393e-2
0.14166467608442318
8.774591980279167e-2
3.922729287050027e-2
2.01686258076466e-2
0.12096763909258179
0.10518632994501287
0.10353297563567607
0.23183755029735123
0.15263864395874951
0.21636165429906806
3.0788813993924635e-2
1.9677711171769263e-2
1.7902838167031487e-2
2.7983430400930886e-2
6.420169995855404e-2
0.11166301843835383
0.12055513727570669
3.160523355491331e-2
5.066148194865454e-2
5.472533645326973e-2
0.10768323424273056
1.6358271759541153e-2
5.968550483895768e-2
7.707488723211041e-2
7.908535173078812e-2
6.775532138100235e-2
8.600890231243372e-2
0.15483821003973094
2.0753646738568176e-2
0.22964646997960889
4.092573152570604e-2
5.495485374101777e-2
2.571543065291133e-2
0.13923839414424005
0.16684760806954188
0.13818577395940748
2.2635477994694e-2
0.13473973675982767
2.093866826279739e-2
7.02775112115225e-2
4.4439295241499144e-2
0.10643053987944766
6.2394099544322304e-2
0.15241568535021557
0.10097108765584158
5.123472686771859e-2
0.1680816910169523
6.581702259854097e-2
5.6676071990783726e-3
9.655838736882483e-2
1.1192816795917215e-2
2.705159290539394e-2
0.11954785616557248
9.923248258765083e-3
0.11855008456958227
0.20361748152239495
1.4977038545880905e-2
2.876060836092088e-2
4.07722546806209e-2
3.0223896196608913e-2
1.813589236374933e-2
2.9342793436170557e-2
0.3966426973781352
5.9172071642399335e-2
0.17020947075291723
3.843283293518666e-2
0.11169341093464114
2.5718159346122094e-2
0.14334522101086905
0.2004463029903943
3.069170583151387e-2
0.16104255648451166
3.152770637965646e-2
0.1874480866911387
0.18419350700271261
1.130145929966223e-2
4.0963813151224104e-3
5.775590197926321e-2
0.14714124587387184
0.11388126065749593
2.43724363614334e-2
0.12269127332526149
1.5818897465845905e-2
9.018968572583516e-2
2.4222782947389065e-2
0.14003413071472606
0.12183275007215484
2.2082437884055263e-2
9.507292462289359e-2
8.47628849770481e-3
7.314055758742259e-2
9.725833246245232e-2
0.17466935292511931
0.22498120737813462
5.980871068212799e-2
1.4796886531576282e-2
0.10916400332899709
2.4127316026019495e-2
8.517498996576359e-2
0.13207370515355601
3.9153364291542925e-2
4.102266195761173e-2
0.2090278777537776
3.524851138748791e-2
0.24615573464978907
0.1738721778594184
8.08954212248949e-3
0.11776020784797403
0.1132561267346274
0.12182584713721845
0.10100508814482216
6.2177039060612005e-2
0.16511305117801767
4.2462608018413436e-2
4.315872690183893e-2
4.15329298809346e-2
0.10711747498288057
0.10195999320070717
0.10704831613320365
7.663188541965307e-2
0.17286399150051607
6.951820497352881e-2
0.1095963325016787
0.10275694372339954
0.12039358947465113
9.739783095552274e-2
5.613049626353441e-2
2.081809849318784e-2
6.283538951201485e-2
4.065962636201933e-2
0.2699119731558592
0.2123969245484291
0.21678636975027726
4.6342146494574944e-2
9.685890017956558e-2
9.393617345643267e-2
0.11543610148769634
0.12080980124424165
6.552929510442729e-2
0.12152113008704224
0.18018755390880145
8.028929727804935e-3
2.665787083735094e-2
3.660572002781791e-2
0.11105798062957173
2.8716428310819553e-2
0.1499814749380782
0.11444191103982834
7.220518634883497e-2
0.12036238672068042
8.526283473797315e-2
0.12768159185185013
7.75255806410267e-2
0.21992067566107876
4.4269984206207924e-2
9.89113620142498e-2
0.17907622398452386
2.0983945173439943e-2
0.11093893071389638
1.664984266001849e-2
2.483452429363554e-2
8.575663092747222e-2
3.9583949781958574e-2
9.257338758442671e-2
0.14006911589830678
4.3696992522063785e-2
7.619674285646674e-2
7.497448882885371e-3
1.6330918824663622e-2
7.649858533216662e-2
0.2875656057008637
0.1226456650154574
0.13353389528689583
5.899741949083809e-2
3.909809413338019e-2
0.19098553166028048
8.950932815692841e-2
4.651964902329556e-2
2.7692019916047896e-2
3.651718389202522e-2
0.15372040796917985
6.091594291362331e-2
9.761364089931071e-2
7.481242794323706e-3
2.6036784332177165e-2
8.763761685205682e-2
4.62934089395949e-2
2.937636099880838e-2
2.3288574796898453e-2
9.184388181893614e-2
1.3608781531743197e-2
2.6851128131719082e-2
3.253899068248127e-2
0.21170513453512624
0.11167158880821218
0.1439101674965963
0.15258909609473675
5.128283655099889e-2
7.778838867238509e-2
5.088531587892885e-2
0.12123408525078064
9.20340454308641e-2
1.2404109791809914e-2
2.1353033100768103e-2
0.1263023358736161
8.14713991734782e-2
3.7173457958485125e-2
1.7719255912172983e-2
0.25142564250445565
0.18263569425268328
1.765090883132675e-2
0.1218444840361494
1.421022690261924e-2
0.14905254536570364
5.5486844275711746e-2
4.353989399292629e-2
7.533329760483619e-2
6.6365140921509245e-3
5.3576985147884434e-2
0.11718764537064111
0.20498667741077234
5.062016909787005e-2
7.334121406169686e-2
0.11339622470905461
1.7244159802925783e-2
0.13935659068175094
0.24755681886358394
5.0870697499911445e-2
0.16368035561271008
5.8020721509636566e-2
9.709496733078504e-3
2.8082896992632035e-2
5.927941733821318e-2
1.971125172709135e-2
7.733996746440833e-2
0.12466355127745102
3.142364499267012e-2
1.422355304195232e-2
5.007903361529677e-2
5.1973896212084626e-2
2.3480691256719633e-2
0.2524639145225137
9.778425053049314e-2
1.29280469630495e-2
6.739324074294879e-2
1.4411825811110257e-2
6.673407514346053e-2
1.2103089079232465e-2
8.66626374852721e-2
0.2132621594787912
0.15238389238136926
0.12631752411906647
4.927692222291352e-2
5.450244822802688e-2
0.12623032161053477
4.1088651505371755e-2
0.10712220098530763
0.10625345214177817
0.11135090459765606
0.16837882291146583
3.6895597041463245e-2
0.12028581808544081
1.781624319485997e-2
8.113700616095998e-2
4.0465025340815676e-2
0.2901893546604136
9.620484324216337e-2
0.15891786620116483
6.548859646251932e-2
9.870233960294353e-2
0.21948345745410922
0.1720770202260057
1.9532528926385285e-2
4.499674231792426e-2
0.10077429113384624
0.11111036614140299
1.72138757533853e-2
1.806375480117799e-2
2.6609263955961405e-2
8.643658728412261e-2
8.180859576573177e-2
2.878631550777242e-2
7.225509810265583e-2
3.47925635363386e-2
7.98521727481285e-2
4.556396481256122e-2
9.31067486815236e-2
7.01710907327592e-2
1.1502314984641892e-2
8.345448323355235e-2
0.1584585481948043
5.01946561004592e-2
2.7277062622221147e-2
2.094639707102447e-2
5.052032616524761e-2
0.16175979382335443
8.17447669512244e-2
6.484520731907956e-2
4.413492583668148e-2
0.1337557420352588
0.14374889797404533
9.518424346931507e-2
2.2162078990991974e-2
0.14988019698720315
4.691744186841583e-2
2.586731048870248e-2
1.2472172988659491e-2
0.130232809877264
1.7784751314282997e-2
2.339871834284868e-2
0.20935319389810547
0.15590443522407643
3.0304503562058105e-2
0.11907041369991514
7.74523440431662e-2
1.1104969736026704e-2
0.13919785039910515
8.78841867238841e-2
5.0218186620542574e-2
0.14424557947912214
6.853808007707198e-2
0.2209572091778437
9.760555151000933e-2
0.13067611649552152
0.15581528532945543
0.1386068948550404
0.19168410621014537
7.928088876467694e-2
0.1762291520339479
3.0719855527096517e-2
7.491741593590787e-2
8.171827216205828e-2
1.6735279371613076e-2
0.16009580066343668
0.13122521363166922
0.14045192306388526
0.10129292737318533
5.785910660238164e-2
7.413284371208339e-3
0.13637946162957734
0.21277221064574697
3.3463414440202975e-2
9.54061349158247e-2
9.148930852230028e-2
0.15172838150880893
0.12259396205256987
0.11554588614809255
8.963172012731314e-2
0.14686181398571296
4.589133087608503e-2
6.307729881610821e-2
0.17548193334127374
5.744774991047215e-2
7.111134211415637e-2
9.38297778202631e-2
0.23133514157204021
0.10259770756737945
7.34562273291769e-3
0.12436190892249384
5.7317214272748926e-2
0.12332573626677652
7.033021577639827e-2
0.3577075990241057
4.8086452714865634e-2
4.856711422936311e-3
0.16985863346742094
1.2483411931929556e-2
0.158199696074162
9.105843284744636e-2
6.0152126051712496e-2
9.625014581483163e-2
0.18065267341173666
4.0411918436917646e-2
7.671398772441396e-2
0.17552959404233767
5.954246113529445e-2
8.238673718233733e-2
4.0942642754676975e-2
1.6593490413124266e-2
0.11085021963688735
4.544231070444612e-2
6.830138872322336e-2
0.10535925534747836
8.795215918864832e-2
7.885149817528643e-2
0.11423276582305837
2.3881731700985197e-2
2.3552557551765774e-2
9.303982692550744e-2
0.11133124401138486
0.16298086979617143
4.662382267296054e-2
0.1484456373965516
0.10340842059167872
6.891771911425204e-2
3.357419958184613e-2
6.442491872281692e-2
6.640236771310884e-2
1.815541845766353e-2
9.882600216105264e-2
7.255334352229989e-2
0.10528084754808395
5.270724407443635e-2
6.0010657307471925e-2
6.0991101879747066e-2
0.14830046986850753
0.11065238456602824
0.18752128708823906
3.36547962771627e-2
7.908686495001172e-3
3.541552632311777e-2
8.204951459324798e-2
2.7493444500788434e-2
1.170165877093653e-2
4.5015421015855164e-2
1.6612548175895837e-2
0.14377812045404043
3.177823415645202e-2
6.095000371113481e-2
0.12478095312083648
0.13883888292772717
0.1714409920018784
3.7416392793063816e-2
6.2178002453463645e-2
4.888196460198635e-2
1.117605891451844e-2
0.1239178714211048
0.12860004585614188
1.9579572842431014e-2
3.601210331135725e-2
5.064410532393839e-2
3.58908925129391e-2
0.10897999978167246
8.700259460587062e-2
0.16714084219032893
4.527253136237813e-2
5.079371981078681e-2
6.46716324051819e-2
0.10195089414222576
1.5336481447489104e-2
0.14443117388978255
1.8049203326418274e-2
6.474415450564019e-3
1.6388035758534335e-2
0.11443235464094496
3.790495812454555e-2
0.13871843659562538
8.025804519793423e-3
0.2673841985335902
2.426998718352502e-2
7.566148202092629e-2
0.12527185311639136
0.10096892001871746
1.7665656581045398e-2
5.3003739780976944e-2
3.62378673429067e-2
0.13979709669471616
7.761447150118844e-2
2.2975104258268996e-2
7.961743114716878e-2
3.52165150036932e-2
3.261966977115616e-2
3.9614932095425624e-2
4.578443867477218e-2
0.16227595221305546
8.595226738297738e-2
3.4928635774800744e-2
7.4394816304594324e-3
0.20555346331083504
2.9204639071689898e-2
2.805239727856499e-2
1.9912233138967127e-2
3.7684204639207165e-2
0.12611051498169448
0.1158000759939053
1.802775701991265e-2
0.11143359710142398
0.14525849208738087
4.596867184841177e-2
0.13027401120858245
9.218879844657515e-2
4.436488943386867e-2
0.11597590608943534
3.81196500107305e-2
4.125564381171156e-2
0.13755859687655447
4.985924613377742e-2
5.875772261999281e-2
9.852487349472813e-2
6.908350274200127e-2
4.06264813952922e-2
0.18177822593830611
3.3941812801637807e-2
0.10045339485378027
4.7741493667899135e-2
1.5349744687208488e-2
5.01354582984143e-2
7.018669377276603e-2
7.5331754927098205e-3
0.2528021404084341
3.907430594553918e-2
0.10589156231766324
7.029813765835674e-2
0.261973279366922
0.2796893720467496
0.11141829693881697
0.12819516680433538
0.10655062656036107
3.1021691806429597e-2
0.10753362094291781
7.73275580015253e-2
1.3196859703718634e-2
2.6179941891949342e-2
3.7464206779152166e-2
6.964162323266251e-2
7.378386751727087e-2
5.164960609634779e-2
7.910632101791401e-2
3.393770567947478e-2
4.2792517133004304e-2
0.1121429396331497
1.3971837165934076e-2
0.1032890063813321
8.110481587892616e-3
7.355317723823311e-2
0.12429605073165981
8.722967243933989e-2
1.7511461115672356e-2
0.12776221309775804
3.229297932256677e-2
0.10296770087809637
6.230656137326893e-2
1.567789064715349e-2
0.17026861170538013
6.358239129328679e-2
6.2403647992451315e-2
2.2447777305703277e-2
5.28070253814122e-2
5.0578704769622465e-2
0.18726811434375173
9.892449739104804e-2
4.5527893363721525e-2
2.49964668822929e-2
3.0398527907179597e-2
0.12142329623543509
6.679419325909243e-2
4.236871138587783e-2
2.81222683744623e-3
2.524705184243876e-2
4.693570634210375e-3
7.815499855153873e-3
9.242070610591117e-2
1.6830799964289166e-2
5.802165104591729e-2
2.158483186401442e-2
3.2520395747413354e-2
0.12497585702545014
8.548508860075026e-2
2.4956325228340348e-2
0.19633585081195498
0.10785474432216566
9.313418778868421e-2
0.12343892709011373
0.16714121177528862
2.06675310436515e-2
5.635948635829787e-2
0.12875284207166343
4.7080377170997154e-2
0.14995981324534213
3.8434994741982885e-2
5.357945850362533e-2
0.2565085935406626
0.18325358535679276
2.9008039966600062e-3
3.836215630222347e-2
0.17017493007856727
0.1945485908845519
0.11415973728013484
9.480434209041544e-3
9.021035510161021e-2
2.7766359019313857e-2
6.334644959358637e-3
1.5800903113252628e-2
6.226570342967963e-3
0.10507995412392854
9.807713857898002e-2
5.0155876266144636e-2
9.333614046300534e-2
0.13774226627865485
4.124461920175539e-2
0.12063809299713331
2.6889925418820293e-2
3.317823518989542e-2
2.5254738753483285e-2
0.10083353261082459
0.10430682670797986
2.9974307836221757e-2
4.212323021485322e-2
3.9423309367910477e-2
8.8467179969751e-2
6.631098346976358e-2
3.9820402186007596e-2
8.649335005728692e-2
5.883422871217574e-2
6.475218721627486e-2
0.1351964673995723
7.937333058952348e-2
0.15455289154611687
0.18521396463943335
2.8646812146128863e-2
2.375017114556608e-2
7.791674205559317e-2
5.7880078596604115e-2
0.23421721409079338
0.12687756398403255
7.981167978290961e-2
0.10261217557055376
0.11183062538761276
0.17813224689651025
9.006678920518752e-3
0.12934400011677133
2.9711515605356276e-2
0.13712332248401066
0.1810773615147958
0.11975114621509717
4.435375272776528e-2
3.6402734529288425e-2
6.169268605615079e-2
0.1318269322285425
7.530457037364771e-2
3.553273881058594e-3
7.421123079026914e-3
1.1723990270803508e-2
3.842348885670917e-2
3.237679832614382e-2
0.17467145645720789
3.6118638420265727e-2
2.776168366023275e-2
0.13674543284183463
6.787617336284806e-2
3.2603335449727336e-2
2.6202620891823635e-2
0.13856790418719034
3.111151988016205e-2
1.783707327137557e-2
1.7937923171083326e-2
5.750533659432478e-3
5.051389611753415e-2
5.0843618175837615e-2
7.569690029258706e-2
0.13728458697737272
5.9869313678111866e-2
8.130888141325313e-2
0.1481313472360178
4.62774187871847e-2
0.10759021759279093
7.382110350375531e-2
2.6535573745161335e-2
7.787059172958838e-2
1.6823830520351635e-2
3.369364533006086e-2
0.10577824560400759
1.756876154561856e-2
0.11180652725486376
0.19694140234427254
2.5013254802039597e-2
2.6626309676077153e-3
4.870486536288887e-2
1.8534995782407936e-2
0.1135851530151224
2.8758508895320545e-2
8.156848130105407e-2
7.173999823655552e-2
4.206426652696331e-2
8.819274474941743e-2
4.399934545305232e-2
0.18247179568919683
0.20271500709416732
3.3309626433702944e-2
0.2650492223876768
2.6406244811117908e-2
9.431612957630114e-2
3.1830364831484714e-2
0.11967159454758947
7.212871589978254e-2
6.1134242962766226e-2
0.10497192240990372
0.10078762066508144
2.1092857968915947e-2
1.5085995750664305e-2
5.0469487894766164e-2
0.20913292902956285
0.1131484248085386
2.9095733710934858e-2
1.1571083470967414e-2
0.10142169436261836
2.7892263465434153e-2
9.694245852620309e-2
5.733083721883412e-2
8.278802371851735e-2
4.814620689770634e-2
5.85498808737579e-3
0.14019183270536573
0.10822487140049002
8.26589057150736e-2
0.20860879122895706
0.2287183261909569
8.623649717560933e-3
0.14180733428882233
0.16262943377105712
8.189392643196099e-2
5.8911767922108504e-2
1.7274269654920148e-2
8.813210546709727e-2
0.12777091863293202
0.15457276592143515
0.15641707451929188
6.099310895523369e-2
2.3202940387748304e-2
8.355494090650788e-2
0.18041924879855628
2.96958538946032e-2
0.1658326217737467
3.6384505348608175e-2
5.57087537385609e-2
0.1284376740636807
5.292756379872924e-2
3.83982940979463e-2
8.244537969253507e-3
9.752119666592595e-3
1.1436682470609704e-2
0.125636595263301
1.14618917730533e-2
0.11540946778914352
0.19189167997959955
5.494217520582164e-2
0.16589198439920824
8.977897866637584e-2
0.16925466438475434
3.2611315413408316e-2
3.771927767097081e-2
2.48719902746398e-2
0.10780508177337196
2.612503263644882e-2
0.12352244833259145
1.2111683579523991e-2
2.2009492406487974e-2
8.759884604033889e-2
9.821056895925395e-3
6.569441454233176e-2
2.4252914685432548e-2
0.14166535200200844
9.885726352259816e-3
5.578348929548916e-3
9.461661575243682e-2
3.119923061882719e-2
0.16568537941525677
4.4129985207776855e-2
9.640438005928906e-2
1.4121180546130385e-2
0.11575547157535741
6.943045901631051e-3
0.1577543744298829
5.259851432325864e-2
0.2138632522637975
3.2235515026428095e-2
0.1077680653900966
0.18050684874810546
0.1050358939463338
3.331264964551989e-2
7.682936457180571e-2
3.676400498303116e-2
4.149782363314791e-2
1.5034788852723191e-2
2.996741305212014e-2
0.1541647653699524
0.1651615359935693
6.0268078946962234e-2
6.719551186707565e-2
7.133477285249311e-2
4.932968590533952e-2
7.236254310944432e-2
0.18178616904050943
0.10489619335938812
8.014931915873425e-3
1.9294199479148046e-2
7.094604578058099e-2
8.062419160048315e-2
0.10538433592787236
2.831298096895818e-3
9.549403542331754e-2
9.531274584063786e-3
0.1528700332116779
9.921642372733466e-2
0.15383535760146755
6.17555592720189e-2
9.894187908514096e-3
2.2147423500186735e-2
4.5334529340478845e-2
1.2467016941867692e-2
2.3679050390506697e-2
9.600436065043291e-2
2.0114590428594658e-2
2.8342352148592976e-2
4.2758237862893865e-2
8.285555144614538e-2
2.980550092475792e-2
0.1526124471858131
9.906622234790366e-2
0.10028709204502517
3.8227503704393205e-3
5.748292839017373e-2
0.16196838745096775
7.554250088487666e-2
0.15752120367693118
4.011773976542109e-2
5.0002617422604465e-2
2.7433428933468274e-2
3.354507305477954e-2
8.283093688183507e-2
4.291929371690021e-2
0.13511111677230062
3.048673864280941e-2
0.13966067997376658
9.295356166045599e-2
0.13458613908623052
3.052498005859743e-2
0.16503158487480532
1.7773990230093094e-2
0.16648761628416367
8.182523217791249e-2
0.11060113529574633
0.151556443711584
0.12648613445612691
0.1352912200389554
5.972754826670431e-2
5.933779818926645e-2
5.485850695860828e-2
5.524134159508228e-2
3.61284535219311e-2
2.232518378762479e-2
0.1878177221658578
3.941101157090854e-2
7.525794151711511e-2
0.12678492494871074
1.2463045812028329e-2
5.1134676594799464e-2
9.602729146524504e-2
0.1154394232560636
0.1294738077771127
7.860975662114854e-2
2.112961305450104e-2
9.114091495242528e-2
4.794316361206267e-2
0.22369839557982624
3.9599299207235775e-2
0.14209753658777835
0.2534639373840686
9.140216077731031e-2
3.545807240921145e-2
1.6787093394750575e-2
9.881536628535781e-2
0.18495074193230254
0.10658308820630742
1.1443259670729433e-2
7.860447115160059e-2
7.577022193721031e-2
5.608873569266058e-2
6.624470756354187e-2
3.284463683984934e-2
6.135203971942062e-2
0.12161126742996382
2.0483234783834625e-2
0.1081420127673894
0.18842858302801185
0.16155395743688064
1.2088574062504931e-2
5.3950852414127906e-2
9.93146615686542e-2
0.11141948333407066
1.0631007840315464e-2
8.468380046126212e-2
3.377704665981668e-2
2.6201093798286345e-2
0.2352710939768846
0.13981827218058263
0.13717816675954184
0.19051648348705275
0.12732664601881286
0.11215509571189605
2.8240399901491575e-2
0.1941764949356521
2.8530439724082802e-2
1.761275066519067e-2
0.16757445926532527
0.19728287147766746
6.640632955259806e-2
5.276208482607821e-2
3.0939142598846347e-2
7.632626259819103e-2
7.148677519356128e-3
4.9979629883929455e-3
0.12548888809088768
5.082681981907035e-2
7.732735001653557e-3
8.457932344531847e-2
1.7089659696956937e-2
4.20475274958275e-2
2.5758419298610925e-2
1.891333637879954e-2
0.13901536385769786
0.1491216090966768
4.356049216589357e-2
6.775959644061459e-2
3.607238272340278e-2
0.12177503280861904
3.488260336237635e-2
0.11841680614724823
9.783244903211091e-2
3.5200479111345384e-2
0.16604061979209678
0.10909426447506951
0.11427551928702051
4.7085867216633125e-2
7.885052484300113e-2
7.175794314185464e-2
7.721335386058865e-2
5.270479607931172e-2
8.219463749723419e-2
8.750131618118957e-2
7.49709323159495e-2
0.10318459990967876
0.18352721911890474
0.19967212889628883
6.0610886812279496e-2
5.345902489735864e-2
3.985762132056878e-2
1.2927081433647226e-2
4.3574338459397566e-2
5.356089340690621e-2
1.2125187784180447e-2
4.742802207025846e-2
4.914328760604e-2
0.16933806688366948
1.878752792986722e-2
3.1145690284482032e-2
0.12627951755884553
6.497533472098818e-2
8.584415413127935e-2
1.628256172007826e-2
0.10252810750335543
0.1652459298972544
0.13045256720675083
0.11434400329313292
0.12523136316085987
7.802843465930868e-2
0.144181377168983
5.521415970443477e-2
6.452441783750748e-2
3.83194404438947e-2
9.483129629529577e-2
6.871021756257893e-2
6.418976497188125e-2
1.931502978931393e-2
3.347072803138533e-2
8.040377276949628e-2
9.204548433907986e-2
0.1796344116421452
2.5579714871655456e-2
1.4745473125521758e-2
0.27052508370538686
7.703049497182377e-2
7.348841113415613e-2
0.1445815490971032
2.84919150868025e-2
1.5596786818845776e-2
0.14914082722382763
2.4589047525948825e-2
2.5475320815219527e-2
6.240653573199452e-2
9.344982004296891e-2
6.926760111107935e-2
9.226604612132561e-3
0.2542172203982403
5.504070813928953e-2
2.2488666309993e-2
2.2323645785224232e-2
1.59719544071815e-2
1.5221112335223474e-2
7.126739387211782e-2
9.765748582401408e-2
6.514082131203758e-3
4.429447668913182e-2
5.714459051057287e-2
0.11600965964144652
5.42503018574649e-2
3.9203395373791805e-2
0.10716295150691935
0.20226750468769145
2.9611787239230157e-2
0.12757719870720458
9.287527834961876e-2
2.1693707921463422e-2
9.278350536969646e-2
1.9552632351715726e-2
0.13899421217022473
2.114242523648363e-2
0.11115629749543446
6.082304855537558e-2
6.966737149664007e-2
0.1489461036284364
2.1349549981331716e-2
9.863150529116119e-2
2.9535914504121186e-2
5.0132018513416185e-2
9.465810498425256e-2
6.834392518885979e-3
4.102194256712768e-2
3.4082460910831815e-2
3.2686551445170554e-2
2.700912520547032e-2
4.938739514512701e-2
8.237155245016563e-2
0.19328674811260987
2.2350167416508315e-2
6.550107030622564e-2
0.1569609645393128
1.5553989049868811e-2
2.3435880812771905e-2
1.2907558000894414e-2
2.7183832909406003e-2
2.7749249811604492e-2
3.397685750586714e-2
4.915716286516551e-2
0.10330662697057451
7.127679422697805e-2
0.1329272608478103
3.973048698118041e-2
0.1000213885337899
0.24932648396759616
7.606039443495627e-3
1.2476642764565293e-2
1.2559802574630418e-2
3.903015463258926e-2
0.19303327282806887
1.6549927214895566e-2
4.834781125198143e-2
5.656717404986972e-2
0.1541170716195534
3.741592683127154e-2
0.12047014528232314
0.11224472608894195
0.14501104388168445
5.0819837071015395e-2
7.96210709962229e-2
1.5269217872150543e-2
0.10430355900379026
0.1189744555744551
0.1314731085609821
2.6528175914742415e-2
3.498890457758368e-2
6.911785522306443e-2
3.790435374299772e-3
8.475284052821255e-2
7.417715632821145e-2
4.40732976078973e-2
7.201319964409444e-2
2.635093465853581e-2
0.18066170160780248
0.160466018421587
3.477398606608434e-2
7.831568696245611e-2
8.98804564004845e-2
7.007653965845137e-2
0.1462229563803282
8.366861119380169e-2
0.14925808501061777
8.568628694649874e-2
8.578321569581067e-2
4.600212893182172e-2
6.888448213935608e-2
9.299516596366006e-2
0.18160898040786785
0.199444788541066
7.6708237991350734e-3
4.570714577114456e-2
8.13543483433309e-3
1.5161137660008895e-2
4.574574619798043e-2
0.1773020828063589
7.737101582184505e-2
0.14017382374426665
7.947458536778566e-2
3.2880067366939325e-2
3.993227892351718e-2
0.16358438721751534
2.3249982130924808e-2
7.84192838084635e-2
1.5477258010151785e-2
0.14899475662570957
3.9050487434248084e-2
4.233277503527509e-2
3.5163783400117575e-2
1.6852934704388246e-2
0.1000228716614628
0.11552598190707886
0.1158838404176363
6.388198391719944e-2
2.4431811705982964e-2
2.4223084144257723e-2
0.13374639507395578
8.725318091520205e-2
0.10625989400224148
2.7663775276020975e-2
6.785471595005972e-2
9.940934380359557e-3
6.462598697735589e-3
7.808951428297588e-2
0.16413490282742935
2.4515382371311935e-2
8.690099885667127e-2
0.1461444641367688
1.525332173165691e-2
0.12461788478319509
5.636093993690938e-2
0.1392656653021774
5.294710136631266e-2
0.10547792129243265
3.813709224645336e-2
2.8752138689373617e-2
4.403702920271916e-2
7.75424373088468e-3
4.450876723496676e-2
8.458157849379982e-2
1.809460366192863e-2
3.588074097628332e-2
4.349801950933544e-2
1.2743007882788749e-2
3.438212047442243e-2
3.530143859354129e-3
0.1278440165822318
6.3959742378280945e-3
0.21349412136936605
0.10734216483591111
0.1877791215148398
3.150706085497533e-2
3.1295138704673806e-2
0.12394042759494725
0.14248425171260873
6.702049138427985e-2
0.12940076202191025
0.14031518455370126
3.207942272133803e-2
5.767612865308125e-3
2.4354149653823008e-2
0.1600984368124109
0.14037877374976432
0.1079584768116499
0.1528085092318344
2.258834661254865e-2
9.701823385338015e-3
3.772553713459496e-2
0.11398094036251485
6.482915853358667e-2
0.11877234669352783
2.9161716017445972e-2
9.108207745589572e-2
6.305692648014946e-2
4.638615168290201e-2
0.13920297363012607
0.12012001577609772
6.070922217616366e-2
1.5947250050363338e-2
1.6531801405212466e-2
0.11890204697053827
6.080445280077285e-3
5.3853852357926335e-2
0.10445073874283084
9.075165971090907e-2
7.855585232023565e-3
0.16632406963963936
8.288782890460325e-2
3.84603643045751e-2
2.4122162022740444e-2
8.882054482291549e-2
3.470207069875851e-2
0.19650550606645473
1.7511508117388754e-2
4.8695934367613124e-2
7.351904099004786e-2
6.953910318246033e-2
4.689292870167718e-2
1.2755710492486439e-2
1.564957486593934e-2
3.65363925565652e-2
0.22205018751399877
1.5462914943929085e-2
0.2040583980673194
3.168489860792367e-2
0.14679403163554355
3.139175268883582e-2
2.974456037716152e-2
3.8288312382304235e-2
3.323046318601821e-2
6.380848467810593e-2
1.0469724234102695e-2
3.341621684885217e-2
7.125592026411759e-2
6.4651005544636e-2
1.3373885264479768e-2
0.22836102286667176
0.13015171789294677
4.942006815087667e-2
7.556878017171861e-2
2.441122415936948e-2
5.8523129244806994e-2
2.7184944783099775e-2
0.137966724353415
1.011651981927949e-2
0.10449387989462566
0.15117458859626756
2.85283263990041e-2
0.19667994119574256
8.26567469059864e-2
5.964752342056519e-2
2.5731233518007723e-2
2.2629500781703515e-2
0.10751340547341053
3.735125909168467e-2
7.845014885374992e-2
2.7093708987841813e-2
0.12558039766447276
9.475757022548248e-3
7.485479906078243e-2
8.548998727472505e-2
3.809795195270312e-2
0.14176129155407194
0.10303551022405855
0.14286531850359357
0.10831919410510596
0.10951827256859248
4.3263854547734196e-2
0.137753465745771
9.2374718494495e-2
4.260838337467689e-2
1.0465910023411972e-2
0.16780826065274748
5.747421557370351e-2
1.922436474296203e-2
1.3210389392878885e-2
1.0265754205613542e-2
2.180293303302887e-2
5.3637635461665625e-2
1.9955799050007585e-2
3.302405461360445e-2
4.436108413700115e-2
8.486465446078889e-2
3.4906295684290156e-2
0.13020455739920853
0.11121650315346203
0.10761200567405967
0.13768064839817723
8.395772611239796e-2
0.17946318831606625
5.0872605855424115e-2
4.896103102448618e-2
0.1785084648847728
4.021388612410437e-3
5.945815181488521e-2
0.11042960027256292
3.621131235874229e-2
4.8376151740209386e-2
0.10849353410815485
0.12645369199938333
8.045699258569079e-2
5.46821018134116e-2
8.286174974576399e-3
4.92309687884411e-2
6.119016518166332e-3
7.845389399990632e-3
0.22940064559720272
2.07585627791939e-2
0.14145810154557376
3.0663719004983537e-2
9.96010822986523e-2
6.0410758861664415e-2
2.4054243125493324e-2
0.2191497714656236
2.7952870750540693e-2
0.17494410146409653
0.13677214422369582
8.906456431154659e-2
6.535722280228408e-2
3.6597865475249035e-2
7.908821331274432e-2
0.13154610704743278
9.500783399045588e-2
0.150842873293843
5.411287680982537e-2
3.257233128331951e-2
7.251438169825387e-2
5.045212864042468e-2
0.11857613049650087
0.12406243836203971
4.5423867279686295e-2
5.882271128004111e-2
0.11509754535186394
0.16689570716618105
9.573634604946815e-2
4.0197956692841985e-2
3.7514707428775954e-2
0.2413595426825797
4.597905192133143e-2
5.9839483250997874e-2
0.12157188550256486
2.9884689258376784e-2
4.4189975352874375e-2
2.4313407046722614e-2
1.253547092016083e-2
0.10812180510360044
6.407103022379589e-2
7.127091326989217e-2
4.180087278747654e-2
0.10675229764096428
1.2617643886197993e-2
6.191757166899997e-2
2.7290775445933203e-2
2.8746983126704494e-2
0.11271372054543058
1.6519675347858854e-2
1.595529652214749e-2
7.615630415333316e-2
9.205115610040662e-2
0.16742834271836857
0.13181574143526312
0.12102197810370927
2.2396488973652772e-2
3.765978525405574e-2
8.240683685606984e-2
0.15453530484364614
9.945424479898504e-2
8.26173989313795e-2
0.13506321934906282
0.18957936295840155
4.372840207766424e-2
3.531359277007225e-2
1.2273648763117062e-2
8.600150515304905e-2
9.416725868997755e-3
1.9437826471218778e-2
9.282119995560145e-3
8.200757159709383e-2
0.11992079720419047
7.832694431460244e-2
5.232158710774969e-2
5.885043898752037e-2
0.15609329735089564
0.13240472256620692
3.539144915941008e-2
2.3968977235165122e-2
9.578390174682386e-2
0.11732833346357055
7.17750820840773e-2
4.2580391031567445e-2
0.11632713334785572
7.89013710006207e-2
6.0070026466916525e-2
0.14862503266409227
2.482151559846866e-2
6.660291929281237e-2
3.4873679078244846e-2
0.14693498020831883
3.4170737228840876e-2
0.10952146397684157
0.15199684686823955
0.12291859611394554
9.702322523081924e-2
1.2509371047884332e-2
6.254159071058044e-2
5.527682768226183e-3
1.7595993005927922e-2
9.458218449485714e-2
1.1197525763391803e-2
5.8455006013184804e-2
7.821612768624905e-2
2.2426811687717152e-2
6.18861436055028e-2
0.16064099301343776
0.13160990482100005
9.378116105780196e-2
2.6679264828011008e-2
0.13424172478864516
8.016543671601942e-2
6.662007716134563e-2
3.6750585462838735e-2
2.9581295042563304e-2
4.175544172720578e-2
0.11794429764345993
7.762821881252342e-2
2.2218962218777116e-2
0.23814386450374658
0.19726556432946532
5.3261402618770715e-2
6.0571012104873714e-2
1.150457814003828e-2
0.12838860636888838
6.315891136778939e-3
6.730629669795771e-2
2.7466814613242983e-2
0.1301595253194559
8.22216558581509e-3
0.10760822636199815
8.920222782968754e-2
6.271041536924132e-2
4.324215934794166e-2
0.1494692030412561
0.10361450799467165
9.24745791449588e-2
7.107103430508589e-2
5.338319766363213e-2
7.302345400290289e-3
0.13049522640134653
0.11733232144316164
0.12956957142219708
8.281376680042021e-2
9.245325825889526e-2
0.11761231514420625
0.11256138634147521
0.14683344805456203
1.7483257896378633e-2
4.552492839193849e-2
6.916264573497971e-2
8.081718998972742e-2
3.1178073510644055e-2
0.11493079423190063
7.459407419348743e-2
2.7317700650392428e-2
8.764040955840616e-2
0.13820285377542926
0.12355207707237326
0.13038563085210614
0.10210753863601311
0.14842989893722644
0.19030544391317447
0.11261824748918689
6.020679764434087e-2
8.273179789076735e-3
0.10222641530959349
1.3595235242932047e-2
0.16154957927889266
3.3146689704593446e-2
1.874857427455452e-2
1.2968264997845902e-2
2.0632278979288564e-2
9.335352942192243e-3
5.6861932094463994e-3
0.10024883794059117
0.11669225652719137
0.11492588327607449
0.11539077692029946
6.456837998396936e-3
9.342596344124679e-2
6.317158123871074e-2
0.10098842502111371
8.966034878553147e-2
6.715528239041373e-2
0.12125934073522941
2.9754276656907885e-2
1.9443777457656398e-2
0.14901845030593422
7.522640319933808e-2
0.19926898405744065
1.517473116607967e-2
8.73768780885473e-2
5.2839785408614615e-2
3.201705206184872e-2
8.068807569052779e-2
0.26443001731620785
6.486284368902117e-3
7.2391855475631315e-3
3.781653376031513e-2
3.6442287935951945e-2
0.10825722703528422
9.342297154267369e-2
1.9731184027252158e-2
3.0888930986572305e-2
2.9195098379954664e-2
6.641457586868307e-2
0.14961577908914162
0.12165082541602701
4.189565683344959e-2
8.15569720463466e-3
5.586267668920612e-2
0.14870140495122616
1.2712075771792763e-2
1.4019700690754987e-2
4.322081380312859e-3
0.15490174286181135
2.356759153314445e-2
0.13833791337046444
5.726339374232982e-2
1.5473965636683651e-2
8.99190153324809e-2
0.1428291592831326
2.237947285754053e-2
0.12080878668451858
6.415424053812438e-2
0.12034433699215583
4.596066124090261e-2
0.13989716553743098
1.2560958643744458e-2
4.593910441620552e-2
7.747954445067752e-2
2.648777205543318e-2
2.169305578677664e-2
7.635609483128644e-2
7.98215225049445e-2
0.16841269344358245
0.18729751923255109
0.10385454553695728
0.1578229281872126
2.194960143211875e-2
4.2230413548710544e-2
0.18830893959885725
0.1075862414868571
9.90239962809792e-2
2.975284346573669e-2
0.24079152535787457
1.5327459480205108e-2
1.6859538765270143e-2
4.7465778663348335e-2
2.5501885344263474e-2
7.414270030783071e-2
9.174454590697627e-2
4.365413167625565e-2
0.1526694381321621
8.913925558324641e-2
7.391800869485668e-2
1.368942956194652e-2
0.19237621198077365
5.997518314066573e-2
4.8015592119818665e-2
7.821507901275854e-2
5.7023514099103854e-2
0.11656258162141735
1.289972696939643e-2
0.1424419831560304
0.23512391763437357
3.888480794184242e-2
3.276101640314442e-2
0.11086663707422847
3.740233239915466e-2
8.353645785263346e-2
0.17003190932819862
8.313673120209555e-2
4.51950248581998e-2
3.9626247374225e-2
9.61836320061212e-2
3.4621726801884314e-2
1.4855447775589992e-2
3.631561297477581e-2
4.503295753468288e-2
7.808486003611197e-2
2.1897902359447396e-2
2.1829133016938184e-2
7.648014318274035e-2
5.11890419665861e-2
1.0237866904698033e-2
7.778524880363355e-2
6.642164269056639e-3
6.726835001031604e-2
0.10650230497803323
8.8150054447563e-2
0.15666050391194236
5.1595557349361e-2
1.3984728494812004e-2
5.592345569166428e-2
0.13105858463003836
6.993551599560688e-3
9.339309563425327e-2
0.10759288803928387
0.11605428078459179
5.557839499219841e-3
0.12428646699750105
6.184796867792003e-2
0.11929308946881126
2.8521502487213125e-2
7.417887984199605e-2
5.646482271481126e-2
0.12748987678574716
0.2529096613345392
0.12900358625204328
7.025148263945037e-2
0.1786649613285139
0.10940701634596806
1.3878197698138316e-2
3.597264801824272e-2
8.628923530199699e-2
2.0232417757703135e-2
0.1419481305442915
7.558654850892443e-3
2.8946820545914142e-2
2.6734974818728406e-2
2.7880825229350424e-3
0.10227656658172361
1.687892137594673e-2
2.227941438554242e-2
2.6505937404908753e-2
2.1648182633621116e-2
2.2345462872312093e-3
7.005882463148284e-2
2.2680461532475528e-2
2.3655710731717607e-2
0.10147435989681726
8.871329542775155e-2
1.1296273500333054e-2
0.14061630951543505
9.650916125242813e-2
3.625399540923602e-2
3.1183822511672434e-2
2.3635777122706737e-2
8.382782906178988e-3
3.7073113605819386e-2
8.27796868430005e-2
6.122013978189963e-2
9.961365275720488e-2
6.123463482503162e-2
1.737477017274951e-2
2.0235685026229033e-2
1.8252950572845095e-2
3.041890727858739e-2
1.6902423813812593e-2
5.598966656824524e-2
6.313971510239018e-2
0.13658257003605115
4.975051389856968e-2
0.22661340484126571
3.833017913993274e-2
0.13074439173052807
6.862466164040866e-2
6.110676687227207e-2
3.353487097267327e-3
2.6008473209101945e-2
8.891875574202782e-2
4.5284276543353555e-2
0.1102050132288583
0.1895257577507071
5.438108557106338e-2
5.030819631882346e-2
0.12963773562320427
0.11996193178458829
8.991146178236752e-2
0.11603215776393597
2.4716722632616206e-2
0.14558132368240712
9.302124818699353e-3
1.3909147802136423e-2
0.15826788628865576
9.647364702614918e-2
9.470520809044727e-2
6.280583866100714e-2
8.830432954217962e-2
0.10346268793457618
0.15582063090817347
9.431945127420993e-3
7.225312442495392e-2
3.686941556202374e-2
0.1660296267119175
1.5011081395134185e-2
2.2287818918803225e-2
1.2344766980994204e-2
2.4652668335694405e-2
2.7919245510957015e-2
0.15386218539626945
4.2614526243116e-2
3.856825032203718e-2
7.511057033219784e-2
8.394596972347008e-2
5.249234301472021e-2
4.9544937962668824e-2
0.10301631417612891
0.11020354466148159
2.3313648201718072e-2
3.869490275960565e-2
6.357401876335056e-2
2.0960127019986563e-2
1.566387558940645e-2
9.78350698039343e-3
1.3009275923409636e-2
3.063560304698689e-2
3.665706781176066e-2
0.1674281915287962
8.920844618668123e-3
1.3522136903981897e-2
0.21414857432789297
3.0707968882580906e-2
2.9983402855066798e-2
8.53367787339124e-2
0.3149098863672711
9.070677398706383e-3
7.751642956127698e-2
8.549089432737701e-2
4.482952978039535e-2
2.7868255749857775e-2
9.828988097128642e-2
5.5658908200347815e-2
6.139335122408869e-2
8.010550326816641e-2
0.10857796402038203
0.13122127026651334
1.4574001838891692e-2
0.16589197767881608
9.092296510227749e-2
2.756568037172108e-2
2.936320386475121e-2
3.87308787005071e-2
3.483120427155982e-2
0.10832098381220567
6.648746423958177e-2
0.12693684058634025
2.0330305699031503e-2
4.636324662718816e-3
0.2432298206513479
7.17557912811451e-2
7.6008830705835e-2
1.7240539913035424e-2
0.19367960432156228
0.11163512649786558
2.3342676047413035e-2
9.432400744284128e-2
0.13389543235830637
9.208351600867809e-2
9.134526788254389e-2
6.42665714377564e-2
6.028420366123609e-2
5.993304101853615e-2
1.649447533321362e-2
0.13997101059421174
0.13058296847228582
0.11321642244282856
0.18598636215177494
0.12629366566796194
0.10390970490417284
7.7685991089627374e-3
0.2621160338580123
1.1572917567154662e-2
0.180155715380876
4.724213580576957e-2
1.586254546748502e-2
1.1334643979188186e-2
0.12682852202435052
0.1515420522837739
5.336277774224033e-2
0.12717766775892853
2.3511233739079918e-2
2.3585245075422256e-2
7.105072163874024e-2
6.50928560794449e-2
1.4617682908115137e-2
0.1630027634416969
8.906797977987779e-2
0.10198432859670645
3.801607312854412e-2
0.16995176595552813
1.9040663562774007e-2
3.0127000784747747e-2
9.213034778814336e-2
6.151069008076524e-2
0.2618210221367919
5.6171269161562766e-2
5.3672186209657614e-2
6.349204455955963e-2
3.1708703810812144e-2
2.2883367583570745e-2
0.12075404767767357
0.14367198608319365
3.7443112219574956e-2
6.878866267832817e-2
6.93500152717498e-2
9.849630264911814e-2
1.098969681017642e-2
0.14944933836443502
1.3718174510978764e-2
5.554805538281936e-2
0.10695680149192191
7.561307772521554e-2
6.70263542652617e-2
6.323846022541621e-2
8.851229805377123e-2
0.10951637270204509
2.321531086175078e-2
5.871931181709866e-3
0.1831799088450507
5.6223107001165486e-2
2.3606823349650218e-2
6.154620121544343e-2
4.927787868409926e-2
0.14330426683454603
0.11816992321935582
8.31590317121376e-2
3.7512459501942895e-2
5.925910263665447e-2
2.5311601463002764e-2
1.4424900542839413e-2
7.481286829037516e-2
2.815349566744696e-2
6.0368131623103984e-2
9.106737174358719e-2
2.7457145045710063e-2
9.980374178183785e-2
2.9561629151676948e-2
0.23129372201543044
3.132095867262334e-2
0.16381207083987634
0.1863441895860299
8.211711551888787e-2
6.974863540346873e-2
1.4430518473054932e-2
0.1314192497769748
7.275763932075838e-2
4.082067719657623e-2
0.11550746015927608
0.19414772374261827
0.11615822111990153
6.706849595466473e-2
6.080305272212402e-2
5.423872630501483e-2
1.8750898267961648e-2
0.11217263153783012
0.11555745324883779
4.9237255715265535e-2
0.14034168599642732
1.7327849323738154e-2
9.751397569929571e-2
8.497709849491417e-2
3.690006263756458e-2
6.11472024801594e-2
0.10904058070143612
3.1001747345993445e-2
0.120238491319882
5.891590834569675e-2
9.236419543130772e-2
0.12223511865015195
6.625792472722566e-2
4.4602775887773796e-2
2.4486392987574702e-2
4.651294550485528e-2
2.839592786714491e-2
7.896159539304906e-2
1.5081292535716228e-2
1.8829826565692508e-2
9.099756941104266e-2
3.0046125078036178e-2
4.542808821018786e-2
5.463497759420818e-2
9.35382580455991e-2
0.12007109881872388
6.729055747480181e-2
1.2334518236424596e-2
0.15802215917262713
4.0513657432611816e-2
7.22585366448344e-2
0.20073691253704426
7.998562128977868e-2
7.728181143537216e-3
0.10733494869085776
7.676797776752955e-2
1.116498428871301e-2
0.10980274162228867
6.847370052849744e-2
3.0838105504323532e-2
5.0430788537049534e-2
0.12438006953728405
0.15827651467461337
0.16902356931229656
0.11100276910424722
4.036459925706822e-2
4.830855278884444e-2
5.582565555700818e-2
6.737552630111551e-2
7.597013065982913e-2
0.16332453424957882
0.15611047690730082
0.14973039112312211
8.294506040833372e-3
0.12695485020163985
6.012045055576831e-2
5.132103729363352e-2
1.1924123662427488e-2
0.12393413563878435
7.453289836697394e-2
7.614596934279011e-2
1.16693431928238e-2
0.14210405711212548
6.98938379673279e-2
7.127965199449146e-2
9.971219996154779e-2
4.597175876002091e-2
8.560296925265674e-2
8.391396508821435e-2
1.0035247585051555e-2
9.787743083588837e-2
3.229956267546583e-2
1.7647976891103388e-2
0.16360723718030465
6.968579979615148e-2
0.1024336143274999
1.0862908644866909e-2
2.8397451526486216e-2
4.122270100300114e-2
5.361795363212705e-2
0.12221144872105501
2.0189705801257063e-2
9.623695356023509e-3
1.1854168754048489e-2
3.881529491683011e-3
3.267307777247097e-3
0.10322387253557216
1.9735744338100825e-2
3.2344505915162844e-2
2.469017347077047e-2
9.837077066394684e-2
2.0778632730887092e-2
1.6284159786294862e-2
8.397896597818379e-2
3.459384011699283e-2
8.856790149885525e-2
3.58880623301288e-2
8.262007409209092e-2
3.693429293703071e-2
0.16616224646308125
3.932283854745938e-2
8.373430934050599e-2
9.486300098780633e-2
6.490409178193893e-2
2.495206466755536e-2
0.23446243026307215
0.3644562477524931
4.5765481565967214e-2
6.2431686282302536e-2
5.890006004108604e-2
6.705363418613831e-2
5.521101416825493e-2
9.260345366805266e-2
0.10493237180534958
8.126240087598822e-2
5.7883131537836564e-2
1.878481198476889e-2
0.10755524747337435
4.437322854760576e-2
0.17212865040633826
0.1814565523450114
5.6668444837659815e-2
9.365457171398317e-2
0.13351026652652112
3.0305110900772925e-3
6.368223430564121e-2
6.820212409781638e-2
1.124535551153365e-2
1.0442695797681556e-2
7.098934032733095e-3
4.248620234965465e-2
7.522221422984274e-2
0.10055467835097734
5.34321847478789e-2
0.1301239601106762
8.436501331637317e-2
3.2419982284244905e-2
2.4932793198771463e-2
0.2357871538308983
5.801203623367411e-2
3.027048700004654e-2
9.703319389330807e-2
6.983950969994751e-2
0.10899034234225391
0.10784007516575889
8.373778272143181e-2
3.134522056615298e-2
1.869056063544102e-2
6.893050541102139e-2
0.12286830686623365
6.750526213741556e-2
5.429481470655839e-3
1.6564765121357804e-2
6.509558078358506e-2
5.5586925644753295e-2
8.481589398667144e-2
1.1668067478800248e-2
0.11444910657776897
5.674124810905756e-2
0.11627424481342201
0.11055403598113944
2.6861846191209716e-2
2.7776928358287344e-2
0.13608859546617624
9.284142104794068e-3
2.92057976096766e-2
2.1506827455723743e-2
1.6402309449375096e-2
0.17902288041513564
0.13730739997739425
0.20894623631699955
1.7163323031749465e-2
0.11001928301566903
0.1102478183332368
8.525453910931623e-2
0.32686865968918877
0.1402675271915376
0.10790599748736143
6.833686874859948e-2
1.4702630660305749e-2
2.8333395485311098e-2
1.4754009932643596e-2
0.11418131004364274
9.995372846521045e-2
0.13067085943994788
0.24733748490769852
2.8888087202422207e-2
8.172733927715638e-2
0.11564599496231062
4.088686063772744e-2
5.3409358351451865e-2
8.909929775463407e-2
2.815262577808141e-2
0.2216758527548841
3.4001288342217016e-2
3.919981774541855e-2
0.14988638860688058
8.375878598984468e-2
7.52364096733397e-2
9.995630555298663e-3
0.11992376926388444
0.13629705259062241
1.076511275313089e-2
0.10741412054809422
5.346723234854439e-2
6.176067332518302e-2
0.1003141984682403
0.12925695265506915
9.42653377061344e-2
1.5294136921334323e-2
0.15788564510632144
5.8546962852251826e-2
2.307291117034622e-2
8.582745670278821e-2
2.8499270702529923e-2
4.087341689890258e-2
5.989686310065752e-2
1.0005375045283848e-2
1.153587255756704e-2
4.024617767670221e-2
0.2246944842065993
9.313064986700009e-2
6.175669438164588e-3
5.668391046982905e-2
0.10413177056948346
2.7925570165211466e-3
7.873902849727133e-3
6.049402904493804e-2
6.209062547879463e-3
0.11231273352843658
4.0531691072357615e-2
0.10676959268767545
8.747247110065803e-3
0.1020900418506826
2.258953365974107e-2
0.12183953715974845
1.3363779464429215e-2
5.249249163174896e-2
0.12200507108839061
3.062437882740322e-2
6.914735231591085e-3
9.65054567586987e-3
2.9650149410332793e-2
0.11570196744345118
6.964315958375025e-2
0.13681912759940026
3.3493960946972025e-2
5.5104050655747895e-2
0.20361817865227944
0.17755438189235573
8.259421163090368e-2
5.822493006637164e-3
0.1643734133677032
0.2264311092496154
6.796145369649924e-2
2.189736477006333e-2
2.6729378941183213e-2
2.7074648846850867e-2
4.2499162518048327e-2
0.17246449237206787
0.12224008702587597
0.1681058582038612
8.607659279233118e-2
4.3029907978143635e-2
5.6534886863502685e-2
0.1445231843753239
3.278983254079387e-2
4.247148583282412e-2
9.034090173303023e-2
7.967615380435172e-2
9.98769130991289e-2
0.11408816056852325
6.335990458703919e-2
5.470154040789399e-2
0.1992427811031388
2.433427575917426e-2
9.27321627452304e-2
0.10806499234932403
2.4395218546910034e-2
8.370704528134171e-2
6.198418157093798e-2
5.039815030298347e-2
5.171323543711084e-2
2.888055855871944e-2
2.049802446509259e-2
0.13564671350113705
4.568038456688939e-2
0.17353685969439586
0.11171015606341764
7.935466672002818e-2
0.10946563951776664
0.129190853780523
3.96813442731083e-2
6.255610350715692e-2
0.13648256473776021
1.4543935124847373e-2
2.642131330287093e-2
4.4478990991428366e-2
0.1428390528030658
1.778573210920926e-2
6.1840070441240236e-2
0.10136272715287639
7.559847034063193e-2
0.1033432360582145
5.30364606754732e-2
0.13217216699829598
0.313999259811383
0.25031704471596383
5.673944928076998e-2
4.833135823790089e-2
1.961196417644866e-2
4.2066043707677206e-2
5.239939414429913e-2
0.16388722507042083
2.664945619110588e-2
9.416115768435548e-2
0.21043280309656506
0.24052809301074998
6.2367362757393664e-2
6.0130380120998785e-2
0.10125824472275265
0.1403864333583559
2.689989707010477e-2
5.0682067596992085e-2
1.3330072729336062e-2
6.696757410307773e-2
0.14300597569300358
0.18590278849971026
0.10563696699369673
1.5040927737390963e-2
0.1898939482858085
4.50616567551684e-2
4.4296124139060575e-2
7.811736955258089e-2
0.1462398234852959
0.14451785897714647
0.10398785292803611
0.18604878491881544
4.2092652803877306e-2
3.866173560665516e-2
0.10032768563293588
4.541252148690197e-2
4.7599820987824185e-2
0.10249897486996776
0.12561641441476967
5.323122654616062e-2
1.24533994988826e-2
6.912399831572061e-2
0.1085366086371129
7.723502008177623e-2
6.450422403942516e-2
0.11196548764946265
1.5210945676927079e-2
2.2051496168167463e-2
0.17217779515155973
0.20446544062130342
4.650709335050986e-2
0.13365896984640294
2.310143305042045e-2
0.12622566456205697
0.14717125300979403
1.8942489455676614e-2
7.7196132935203774e-3
0.24042383259593514
5.49955932763148e-2
0.16165610669620883
1.3130634455557344e-2
3.4458668083994094e-2
0.1171107366713148
1.105486327375923e-2
2.6599047610710847e-2
0.16284130593897098
7.31356669016628e-2
0.2048434382962288
0.20537883353545344
0.19620809995534996
6.618959945901984e-2
3.010052856223111e-3
2.169009604773995e-2
1.1587226161546648e-2
0.1890956476343211
2.2318707096058543e-2
6.375854964068538e-2
1.5158291756626552e-2
8.690553262377645e-2
0.11841855418815146
4.54542265352673e-2
2.087438990502911e-2
4.5988428118590094e-2
0.11534642125876444
7.177787589311765e-2
3.124088332667797e-2
7.82851565492092e-3
6.145293846087935e-2
5.735069082463652e-2
0.15523609334260396
2.243960128870185e-2
0.12660999826815506
8.170980532708248e-2
3.238297869897956e-2
8.659417337311282e-3
0.20554587634855767
0.1598645943885466
0.17958580656184586
2.7544510366022422e-2
5.73617222795827e-3
4.764378273331119e-2
1.3731419880852035e-2
3.2281720523210586e-2
0.16450993797158625
4.232974402996721e-2
0.10341494478121371
9.007343718698475e-2
0.10786994170061093
6.295505090538107e-2
0.19408063411995435
2.1865684546454555e-2
5.007256387125597e-2
1.2292381795865082e-2
4.6055540961267384e-2
9.924387030062305e-2
0.13106269768750942
0.12426189467966209
9.669054989477596e-2
2.9785164839554845e-2
1.1301979719825262e-2
3.338857126290361e-2
0.10944592286208024
9.553410865227796e-2
5.9135589356377284e-2
8.746424947845933e-3
0.13328758182777173
3.7004643936677385e-2
1.8105430830388514e-2
9.157972461663388e-3
0.13507164795497234
7.315436180907617e-2
3.696710786657413e-2
5.764734848109686e-2
3.2570771704073555e-2
1.4112980096348227e-2
0.13755341589763442
3.908835583652913e-2
1.4233969898658216e-2
0.12355027800935278
0.18319962813832463
8.08170979626952e-3
2.2399553801607675e-2
4.4254436351397156e-2
0.11367121463663929
0.108375640584461
2.703618369439914e-2
3.5154561377958374e-2
0.11510433257284525
1.3632417773217043e-2
3.129925562930939e-2
3.168897328303884e-2
2.927412169096467e-2
2.306027194596788e-2
8.484377119660311e-2
9.089705674060282e-2
3.8489484800796246e-2
0.15285668077632555
3.095155074695264e-2
3.4487730324908795e-2
0.10486129536629121
1.4631862133427865e-2
0.10004772484446245
2.084793836196881e-2
0.10348914113174931
1.2072877912794355e-2
7.940682577403463e-2
0.21360369929070724
3.731982946579547e-2
5.291891408957746e-2
3.6732124639133945e-2
7.418141121492673e-2
4.816214954038306e-2
5.279315461421981e-2
8.362453786097124e-2
2.3626342197826687e-2
4.125594249001482e-2
6.1358555773217346e-2
3.439214360311493e-2
1.5001902789823307e-2
0.17726905528327014
9.578731099552952e-2
0.17511757985811477
5.737347955117382e-2
6.503125992077896e-2
0.11251070392295923
0.1787084766955503
3.8910934088347005e-2
2.1501576460668404e-2
4.140231083557302e-2
3.937043919403801e-2
6.830910240362456e-2
0.17297792570310463
3.842022445178541e-2
1.3526867524301845e-2
0.12625884897484588
0.14560211412455448
0.13039075225826793
2.293452220769332e-2
5.825256159614477e-2
2.6394119482005006e-2
2.2789223186672203e-2
5.9327471136453605e-2
7.13138091914545e-2
6.705947748566897e-2
0.11817088154254374
7.153821470470481e-2
2.199888414995845e-2
8.602891128901913e-2
0.11892003687990105
0.12575435395609522
0.2221895139363697
0.19925330789563253
0.11724543140406488
8.998218120370291e-2
5.510452342488743e-2
1.0918702748197761e-2
0.1619444403718225
5.8794856829988196e-2
0.10453234187775125
3.802382722463826e-3
2.4889191936606957e-2
0.11012434559650881
9.680472099301562e-2
5.351829527441528e-2
3.3560572270821834e-2
2.7861697366289316e-2
0.14458223867108844
1.2233557298774622e-2
6.276788717198646e-2
0.13311711289162317
3.783385789264646e-2
2.974785401115746e-2
4.557854943394417e-2
4.4612967113369296e-2
2.2905156246287074e-2
6.431528982664912e-2
9.053885016190985e-2
0.1101728327129349
3.711729752346758e-2
8.91446112932881e-2
2.8922791443387007e-2
7.205897908195891e-3
6.475569836082969e-2
1.5750107282151093e-2
4.9649792800063576e-2
5.3983199106757654e-2
6.230422417379529e-2
0.11099671115979967
0.14121301444004888
0.176039049411915
0.16003999047078912
0.11933546883402064
0.13190395978763853
0.13073225443214087
0.11939138152182523
0.20135503351754513
1.3928961369939697e-2
9.24866642114903e-2
2.116667339868362e-2
4.675449178781277e-2
4.2775422282541144e-2
1.0550417592291328e-2
0.1037191776308752
2.0558128954075938e-2
9.524922982654567e-2
5.642110029735035e-2
5.756958238211218e-2
0.12548721976661664
3.59831237725721e-2
3.079234050174471e-2
5.487084417719096e-2
9.273094754004443e-2
0.13891019157234466
0.12073393115517987
2.697543893999992e-2
5.6426529231459036e-2
5.695390115543321e-2
6.184491696708102e-2
2.0706057852891015e-2
4.7286636210787644e-2
0.2990640344800517
9.575429226328244e-2
7.256766171171866e-2
0.14489313124726308
3.881601778597985e-2
0.10448703664824224
7.927275030966196e-3
0.12850707415527526
9.748892266520181e-3
0.16784465574156676
0.21481663307336793
5.5499549216945596e-2
0.1014717926870737
0.11018334382169988
5.1565621795376604e-2
2.6354478841994967e-2
5.423080087316066e-2
6.962430236499662e-2
0.16924422646918877
4.258007403539783e-2
1.9449898752789407e-2
7.832187068326589e-2
0.17866194240619465
0.126853686899488
5.7315133977791144e-2
4.962556632337939e-2
8.834068110958039e-2
6.732053310649307e-2
0.12866375111857917
9.83102278953073e-2
2.0967539457739614e-2
0.15843161581959678
0.10842904060812945
5.223942497985734e-2
1.6477060324304526e-2
8.608223880383689e-2
0.11387947275060475
6.449474599319618e-2
4.621715487428433e-2
4.38988452010062e-2
5.8074547380313535e-2
4.737106428978509e-2
2.6459854405682593e-2
6.830106351432323e-2
1.6742924494409384e-2
5.4963041716703555e-2
1.5380506717965526e-2
0.1248038260304496
0.13201961891162398
3.0680058320416936e-2
0.18255290742406133
9.354338605608747e-3
8.078165071573972e-3
0.11737481366670055
0.1599304665179753
0.16459063053923145
9.996521095015462e-2
2.3660538521812678e-2
3.8643041567760675e-2
6.946946496398725e-2
4.788957696104235e-3
0.14071869187103783
2.8690971439213498e-2
4.5685548627950844e-2
7.015315587234586e-2
1.468995865225452e-2
0.15771250543315674
6.316194495501992e-2
9.312982429880837e-2
9.479093051039102e-2
8.84349985260775e-3
0.14417728135679464
4.379768187238402e-2
4.3064893949586625e-2
0.11215623495566836
4.7261923087770774e-2
1.3642756490756237e-2
3.632515462442282e-2
3.6750372043858226e-2
2.032301247633177e-2
1.9400032292102097e-2
0.19665480478197234
9.446969061220345e-2
3.7565736920435765e-2
0.10104988413198943
3.228450045161565e-2
5.482501493307166e-2
9.717186566185446e-2
2.4352151482965677e-2
7.925438466889329e-2
9.674580401631752e-2
0.12277456604423809
8.289450109648722e-2
1.2286774656093024e-2
8.04446702596908e-2
0.12017910279936657
6.24297858621408e-2
0.11627573723002785
8.669965526859066e-2
5.893434960818478e-2
6.642701515461749e-2
0.1323090801429197
3.350512419269426e-2
8.490293170012932e-2
4.519319827318548e-2
2.9351033392978777e-2
0.10654496968417212
5.007481857639686e-2
4.8992513383364564e-2
6.860021693632157e-3
6.588779726488443e-2
4.8858235233251966e-2
2.135132319533365e-2
2.9623009483855045e-2
2.32911097238618e-2
0.10613359191752228
9.046047938092461e-3
1.3875954141510749e-2
4.968267346747792e-2
5.944846899195307e-2
1.8763038899506913e-2
7.399809720942918e-2
6.119705103977631e-2
7.6167698141508255e-3
7.221953217880347e-2
5.578051416580241e-2
2.507010662681569e-2
9.663059341090104e-2
0.10499149791294893
3.4097481714418086e-2
2.6382885634375085e-2
3.503105424471377e-2
3.084629741118845e-2
1.69162854598336e-2
1.5830080883867094e-2
0.11379307756445027
0.14806118842423274
0.10039354425372402
5.173920362792661e-3
0.1591588233650029
4.904468493579114e-2
4.876725766266572e-2
6.298271925845286e-2
2.23170931958544e-2
3.421725103806124e-2
7.585769149779217e-2
2.3814560712208842e-2
8.402929860440653e-2
0.22302360031745713
1.17363114901869e-2
0.15061923971952984
6.251012657960487e-3
9.890725462017313e-3
4.062407127223393e-2
7.00547578659193e-3
8.258987660489593e-2
6.262927404893662e-2
0.14976980447556532
2.4546248678200787e-2
6.23321727851049e-2
6.872864630877917e-3
1.0259782878155144e-2
0.11641844455241823
3.891734714630703e-2
4.465144870941275e-2
2.9432582866057645e-2
9.863795720512311e-2
0.12221069701730555
1.8850798203900475e-2
2.3808659615129724e-2
3.409250138849527e-2
3.180252569160793e-2
0.1357746461705538
0.22671181013673697
1.4380774321992352e-2
0.26219119095390603
4.394802853640537e-2
0.13642608095398784
0.10566278576161903
1.934864440923677e-2
7.987594214093187e-2
0.10439939373481044
0.13822529772370448
1.4978122736166378e-2
0.1660753108304589
6.696403880349855e-3
4.1160233351511345e-2
8.077942571464446e-3
4.4390891394433085e-2
0.23859450848334512
5.6161572158744934e-2
5.811293197459453e-2
0.11066453156653569
0.11183944477020688
0.1285661694669177
1.374071834154722e-3
3.789986912755009e-2
3.375459260937598e-2
0.13255898975970806
4.333094364970783e-2
3.4983625714906e-2
0.1235426279051369
4.2149064685913486e-2
4.272443091649142e-2
0.13096562122131858
6.0878314844248216e-2
2.7116950309882325e-2
7.237693082109915e-2
3.1939697323106865e-3
2.3893965005183725e-2
9.242651910237177e-3
0.17112742590954869
6.948313054666298e-2
1.9159226326098178e-2
6.521102033313272e-2
0.10560500587230574
0.14592715831634653
9.078995358886865e-2
4.2210513590485686e-2
2.3269405794883957e-2
1.4508024759491945e-2
1.3263093863354624e-2
8.15272202907157e-3
8.695709927538675e-2
3.857818111784771e-2
4.554116963089344e-2
0.19264130268373308
7.700225163195344e-2
0.13401449208966687
0.11251520021700234
9.443866344879197e-2
8.235268777271772e-2
4.167479544473398e-2
0.1464121914766595
0.12876946592397814
5.8349514980629756e-2
5.7122039871082296e-2
0.12592574636622356
9.835867536332675e-2
0.16546308377023353
0.16348550047579707
0.17164542160157145
0.19537627395806728
3.361869864367537e-2
0.11073984572372927
8.420773905977906e-2
0.14355260248074173
0.11998510895791212
3.9036490031154406e-2
0.2438274021818742
0.12744116929395416
0.12998179482213973
8.58378316680334e-2
4.305498431991413e-2
0.1301048359435915
2.132385725697957e-2
8.975476820764909e-2
0.11434139394792006
6.80972420886983e-2
3.1835260485854645e-2
4.7467337067737515e-2
1.9287224222136613e-2
2.6187286921421693e-2
3.363382301751339e-2
3.6926864532051365e-2
1.839298273295754e-2
0.1182630295306383
8.806514623056835e-2
6.1510739219734954e-2
4.142553940733394e-2
1.2137296052594827e-2
2.712749467835831e-2
6.004844780690062e-2
4.058836317446346e-3
3.689295605071093e-2
2.1103101646895717e-2
0.16783551912370098
1.647013670586962e-2
6.567071248677975e-2
0.13374376203037586
8.018244560577573e-2
4.922963828416298e-2
6.773586263104982e-2
2.1694529005916608e-2
7.308002483478328e-2
0.24909996743746773
9.183762596734313e-3
0.11434294287185431
3.0723135701961703e-2
1.7282198959336505e-2
0.1178211639145377
0.2149592298284519
7.170165394595998e-2
0.1174718144406178
3.2183547414976086e-3
0.1279855788234487
3.992241908630056e-3
3.9741372602920974e-2
1.3679939028829347e-2
2.680961188977978e-2
0.15533151111260793
9.659928124697376e-2
7.669649475882707e-2
6.134297450481217e-2
2.5794602118274078e-2
9.930232016917542e-2
2.398141096183698e-2
3.0684781292624586e-2
5.566624729896369e-2
3.7826986061021126e-2
1.8302932779079305e-2
0.19592979195404095
0.16104388887902826
9.977294490645383e-3
3.425557367078149e-2
3.0441657092982587e-2
1.4289131583259163e-2
7.390639977221557e-2
2.086164562248728e-2
1.3178502680738002e-2
2.5382821645351605e-2
4.1727062027245486e-2
0.15862070331806824
0.21273945120987542
0.16162695889219547
0.12036421563141472
5.261796479886949e-2
1.7232507561221477e-2
0.17100130981349196
0.1379847487403258
0.11427432823622603
1.538775110679308e-2
3.165790049512111e-2
0.1268897966965604
0.10712120706388047
7.417398410024632e-2
9.565043581618836e-2
0.11916728781556574
0.1433762180206466
0.1491275271364763
4.142104674598537e-2
2.634606534033228e-2
0.11848520787600014
0.15026334686452963
1.1541480786897752e-2
8.538285555228277e-2
3.0977353179248057e-2
8.866212646654602e-2
2.7796533068658945e-2
6.286904154211233e-2
1.975807748885102e-2
3.723194549283363e-2
5.701024676881945e-2
6.377919710436322e-2
0.19758150394164503
5.40857047482981e-2
0.12083979718054158
4.558409164580285e-2
2.7463451503286364e-2
0.12434851948112183
0.11960608491662347
6.947135455502593e-2
3.2924801393758606e-2
3.9396524309796344e-2
7.634404769339852e-2
4.9749189284830096e-2
0.1247336009560972
9.771901907554051e-2
1.7377670979410877e-2
1.8852324838666057e-2
2.222320327702302e-2
3.5767182390174866e-2
9.39538973032624e-2
6.0915527610291634e-2
2.390553814650086e-2
4.1716782957158235e-2
9.440828531991829e-3
3.948225508978881e-2
6.951578104771351e-2
1.0731574035531044e-2
0.12589791776629808
3.300191785648966e-2
8.978130003781651e-2
6.1494573212267645e-2
3.940824935898711e-2
9.16278667951719e-2
9.089862246516711e-2
7.690105063339778e-2
0.10889081817565864
5.02872716900711e-2
1.0883690515741552e-2
9.617327862301757e-2
9.260399837057935e-2
4.519847461348684e-2
2.2387080095969104e-2
0.1071588296607409
1.775991230063716e-2
4.535193732921587e-2
2.155892375850329e-2
4.7150539533632865e-2
1.6626046037094243e-2
0.19759433679005364
0.2208007353226437
4.469719020225924e-2
6.917829311372473e-2
5.244248664587753e-2
0.17464871222155912
4.522989224526536e-2
0.1628033201590305
6.170711690336473e-3
0.20314195475869132
4.122124308968152e-2
4.877786437776256e-2
0.1252996360894542
7.657724569292935e-2
0.1949062944526611
0.1755826493704673
1.154665325469636e-2
6.928168435246145e-2
5.2296793739874156e-2
7.361127795599305e-2
0.1257564949429476
1.3005903271333807e-2
1.828772524122204e-2
0.12248456218227985
3.5342041335729754e-2
0.17021934828316884
6.8241902998225e-2
9.077499918750799e-2
0.22086259861693117
4.145209128013174e-2
0.15706842328396003
1.0049039663289672e-2
8.327362421498197e-3
7.275958356642934e-2
4.263078415330598e-2
7.300542542124962e-2
0.1290364126484425
2.3277192529550537e-2
3.7122896625118786e-2
7.153165703834756e-2
0.1215694541586042
3.547726264132707e-2
2.371511384303736e-2
8.466209006200671e-2
0.11571710807157767
2.908567919148445e-2
0.1515603819409757
7.492822221854786e-2
5.3774753011180496e-2
0.11974765586741656
3.863513017190352e-2
0.11163628440051307
0.14507600214849378
3.604037932781381e-2
2.8975074707668535e-2
5.6290341848324654e-2
8.500330019650938e-2
9.00914652991639e-3
4.727513738682289e-2
9.29691995706957e-2
2.448549145601142e-3
1.7078509443387492e-2
6.630898578094993e-2
0.194584050477895
1.1804539832856542e-2
0.14754970083128355
0.1177547303981995
0.21547635206498444
9.52855694646318e-2
1.7918488762188278e-2
4.4211730399410884e-2
7.315350593787473e-3
8.381400082585798e-2
4.301422569614603e-2
0.14980712296506052
8.621166915464674e-2
0.16437986029742266
1.832235186085037e-2
9.399739982296386e-2
0.10297675970323583
2.412166940898387e-2
9.436988208060973e-2
2.4826738888926392e-2
1.670792018992858e-2
4.187231993283191e-3
3.758229630001978e-2
1.738824596187377e-2
0.17424002410203113
4.1889635941135414e-2
9.785413711981225e-2
0.13130165376375919
0.10963394359172711
5.732444193390179e-2
2.361877179926226e-2
4.659152153890531e-2
7.562732531343054e-2
0.1357950725279533
1.1717283760652364e-2
0.10888320190822416
0.19605448034730616
3.078451540637648e-2
0.2602052363911346
0.1821308719307497
4.235407845317525e-2
1.0638964890500391e-2
0.13719642311880711
0.19603535000192857
0.10888069075549882
0.23046344793873028
0.14840282303615182
1.2393973131916014e-2
5.1713222779964915e-2
0.1058862921073103
9.868244288111647e-2
8.649326639120748e-2
0.10642641689543304
1.6829294360543347e-2
0.11828153562751358
6.182215628965363e-2
2.2381498214869712e-2
5.46531950356637e-2
2.3175151190971265e-2
0.10855760148457953
4.768981542373418e-3
0.1342877202396148
8.748612484372073e-2
9.130849114492579e-2
8.519822215663164e-3
0.10094709585508739
3.936863906848853e-2
2.8279418172709358e-2
0.15792283001034887
4.598582056127197e-2
1.9641423861204897e-2
3.346166325228187e-2
4.972502471192457e-2
3.7285772329484976e-2
7.685989780853131e-3
0.11308090865343637
0.11235148969021092
9.063867867163214e-2
3.5999980666512575e-2
4.362934051173091e-2
5.8388459510321886e-2
1.4683309867842753e-2
6.986391260046895e-2
0.16931506535995483
1.6211964359442332e-2
0.1060586302937779
0.10950450381802616
0.1431959023264829
9.551593605295861e-3
9.621088213778896e-2
5.94292596645933e-2
1.0606906264577554e-2
4.3137372488154656e-2
5.6507428250729e-2
0.21027188120318874
6.633773044507693e-2
1.7585173373467333e-2
5.6405367794552644e-2
0.13205481735889057
8.806472160029136e-2
7.008282533193468e-2
6.122630315061942e-2
3.361873391102388e-2
4.863027600673893e-2
1.7809288417626003e-2
0.12581648523395156
3.666355557518223e-2
4.2138235319710395e-3
3.002592819716594e-2
0.11888569485696707
4.510497576645006e-2
2.395370504202312e-2
9.231777419861842e-2
7.42650357543848e-2
8.108480079468881e-2
3.8466882967458295e-2
0.14112243382388615
0.10656276230504229
0.18548990124183878
5.970366860084606e-2
0.2155950379060801
7.469319897840541e-2
0.14561564173244074
0.14363627867624126
9.643389097685395e-2
4.214823848665643e-2
5.5297953872964135e-2
6.448984436164859e-2
0.20297457286943885
0.1691436251408946
3.49562248993099e-2
0.20494406311961696
1.9893400134142224e-2
5.7271752123244646e-2
7.785193438259744e-2
2.8467074257392033e-2
0.18913883082317934
4.00118281362216e-2
5.333019168341872e-2
4.935109579046605e-2
4.0133844449586356e-2
2.672775834088693e-2
7.757419342006933e-3
3.0835211425428822e-2
8.305392846825846e-2
0.12393176526597291
9.482781528597073e-3
3.827573638515201e-2
0.17079257514789514
4.003579723281746e-2
1.5424398056624045e-2
0.13297606331594017
0.12131270585261571
1.420182966592357e-2
0.11798642249838587
9.904011448753929e-2
4.623436482157049e-2
4.285612771335371e-2
5.995031811274019e-2
6.826320734507704e-2
6.524321094480534e-2
0.15710391185315067
9.140619014920608e-2
6.645361041332394e-2
4.926845704071586e-2
1.3988821054488454e-2
2.142205921989134e-2
0.17152614523891838
8.969464102757042e-2
1.5947979545482726e-2
1.2609992707464057e-2
8.524318433372534e-2
0.13219777624312376
0.15120733207727333
2.6897229942546185e-2
0.12814635330717128
9.274470355508402e-3
0.11842525056360287
4.101892849356562e-2
9.097427202659467e-2
0.14677183032403662
7.874643001144468e-2
0.10922611704754634
0.10705859603153178
0.10678128678305998
2.9840668004499936e-2
2.092083106767908e-2
9.77262272378365e-2
2.430465016248613e-2
2.431480777773609e-2
8.240151651153815e-2
8.963798501239632e-2
7.10215223888304e-2
2.8087551157094093e-2
0.14401858264959794
0.1539591311755384
2.1316545181982182e-2
8.607323791820988e-2
7.05387667777407e-2
0.18224106811594576
1.955913447042762e-2
0.2009024449644264
0.16142170110979842
0.14821916960577824
3.162524856424452e-2
0.10780925035312106
2.5242776708070826e-2
5.07222193711922e-2
8.7827586939899e-3
3.4442900393167e-2
9.75498475721619e-2
2.7738871948361343e-2
5.996448423980701e-2
0.24624996056192422
9.84754450841075e-2
9.016132701084527e-2
1.6320204593601607e-2
0.1082816871013644
3.20604221909523e-2
6.763391551671144e-2
0.24248531880090662
2.090322443168572e-2
4.709374298649247e-2
0.13553647911048886
9.703951446804672e-2
0.13083551957859071
8.450764631188701e-3
0.11150538496199176
4.987168167954657e-2
0.12207254173581372
1.0437822086719329e-2
1.673321735352674e-2
2.5576251616043356e-2
4.705490207430156e-2
8.155946727593334e-3
0.1509398451249166
2.444404355180365e-2
1.714538464444142e-2
9.115417870871478e-3
6.1899855701210225e-2
1.83247149295106e-2
5.453639265693281e-2
1.9541925917044168e-2
2.0077995854521948e-2
7.999629759507192e-2
3.554425807859139e-2
3.129377982214858e-2
1.946497351272025e-2
7.87223060655893e-2
0.10850594775656763
3.520068727276989e-2
4.863134513331534e-2
3.751524303266955e-2
2.9549161151509427e-2
9.28584174380115e-2
3.355086497715461e-2
0.2079350486844993
6.920700351723494e-2
0.12163206581695021
6.236234126347656e-2
3.684584180265541e-2
3.85607058002879e-2
9.36977427819977e-2
8.430215248149953e-2
1.3668879247980303e-2
0.10625511833777339
8.269843697343992e-3
1.6535554631456784e-2
6.45877641212786e-2
1.8302295483111897e-2
0.11682479045198195
6.924150293079227e-2
0.12336247117842732
1.5020708253301328e-2
0.13737583068917752
4.046111239466086e-2
2.0116674825395142e-2
4.132685537967766e-2
2.4220216918428107e-2
0.10572591568715857
6.020582290215638e-2
0.17806546197782872
7.180746737829921e-2
0.1234842287353896
3.977775674065197e-2
0.17603693324309932
6.552995854974844e-2
9.575209856098454e-3
5.351892727373349e-2
1.3528500813902522e-2
5.768431204333605e-2
7.685197066670439e-2
5.097985649446697e-2
5.7925275015146424e-2
0.21827328575121346
4.794669796937036e-2
4.2240639261414505e-2
2.4070930423390403e-2
0.2511601197793533
6.482610904912026e-2
0.11803585543539588
1.8592722781944893e-2
2.047039506844337e-2
8.955004706205176e-2
4.820693359869562e-2
3.250247719849828e-2
3.8958292360641286e-2
8.326102249488035e-2
5.437749024309184e-2
5.624879547309723e-2
6.010879742208387e-2
1.6880038709321876e-2
8.695189354346726e-2
0.11209741201540138
3.260377578488381e-2
8.046449495119921e-2
0.3130025986275285
6.528799779170841e-2
0.2650711319137704
4.476002218300436e-2
1.915866293188099e-2
7.043598716843551e-2
0.16895786599775003
7.853357258245217e-2
2.6237728497928735e-2
7.316766175186089e-2
1.2744808137207487e-2
6.930259900292768e-3
0.17210932954933714
7.71225241447279e-2
5.7862388311062954e-2
0.10030501542474032
0.14213908563208172
3.830675011008723e-2
6.917870398028617e-2
0.11969995898813482
0.12102198357183794
8.298121650387308e-2
7.448438073622732e-3
9.064356622352152e-2
1.989645554385e-2
0.15444856857053876
1.8631189878452813e-2
3.752559691655213e-2
1.7175793084427182e-2
9.622152128556201e-2
0.13863587238663883
8.951826153794248e-2
0.19062960557478523
9.993614369607107e-2
1.477886904023954e-2
0.17614241790389823
2.713660038064586e-2
2.403304002449328e-2
9.720775011474882e-2
2.105385795057224e-2
8.865150982549318e-3
0.11211826558156227
7.899193668314027e-2
0.1061676444880891
8.54782523024057e-2
0.14298397982658057
6.388060891483889e-2
2.6954627261298925e-2
2.52090009178348e-2
8.643683514726053e-3
2.3296328441255086e-2
1.0690972008546218e-2
1.3628129700100943e-2
0.19101189174119274
9.971018816204293e-2
0.13910793987277667
5.662785013605318e-2
7.747796892241973e-2
9.454180559893516e-2
0.10236215296148843
2.2768100778923904e-2
0.14155454657155012
0.17975802449055617
6.1261024713465725e-3
0.12626074558168043
7.612408627594229e-2
2.1375088838255507e-2
4.2928971949783956e-2
1.2564162689518077e-2
8.497311762110792e-2
6.836882738870945e-2
7.347752476032861e-2
0.13138904399920465
3.848969572031284e-2
2.0497330618218557e-2
8.444844347804445e-2
5.477702780743622e-2
0.10010282642908293
3.632215646452388e-2
2.441111523419177e-2
5.5827084457719424e-2
1.3901213443746608e-2
2.9990545857898433e-2
0.13350262634851345
9.951360589467283e-3
1.3937502330423535e-2
0.11120122981015683
2.59734310388261e-2
4.287920264712677e-2
0.10010712260267715
2.3281384636879454e-2
0.18953029044787234
0.12601387476165835
7.573463587703289e-3
6.514158267707867e-2
3.3362023240349356e-2
3.682953486959689e-2
2.318753584812928e-2
0.13051360627944483
0.1913617894829197
4.521712176448089e-3
0.18075450490893955
0.17630089165603727
6.77635390153224e-2
0.3119559733026266
4.9034752323666095e-2
0.13009836332236965
1.2691354618622374e-2
1.5764889467910735e-2
3.668149388992167e-2
0.16476956387343047
0.22061323499567492
1.663429876231568e-2
0.14729550205947167
1.4101457125857553e-2
6.892257822705125e-2
4.880228162580891e-2
1.8585665755299352e-2
2.1628206696962183e-2
1.3792450015033408e-2
8.61505937053529e-2
4.086290320820705e-2
4.66332062889999e-2
7.318532304456986e-2
2.2063772764876744e-2
6.045261282712598e-2
2.1180670987940676e-2
2.9049146581525055e-2
1.613925042704889e-2
4.5737194772465274e-2
3.791352198806329e-2
0.22204548464295115
2.887577587124405e-2
0.1127156158332074
8.374526620483516e-2
7.542910702057883e-2
0.12030392972505077
7.844697662716735e-2
7.165643024820601e-3
5.050371891046131e-2
3.729977818119127e-2
1.4562111342574202e-2
0.1908278044347849
2.7601711795744277e-2
0.28174813065012644
3.9666696570710945e-2
0.19458863194860299
0.18004141340719315
0.17092382306413592
2.8743674373810833e-2
1.3516468341361753e-2
0.10365397764189277
5.8288246384084696e-2
0.16578413790870275
2.4053898772614622e-2
9.039102073597431e-2
2.083909022903139e-2
5.901209551730131e-2
2.9809225184693845e-2
0.27012987611376793
2.5441762534098567e-2
3.354859330897205e-2
0.19386150139634153
3.232764339010683e-2
7.193986851685576e-2
1.0283239433380253e-2
4.424001220140204e-2
7.825038122721625e-2
0.10336665158495706
3.0948209696998817e-2
2.1829599361341302e-2
3.6003517118306384e-2
1.3462791370263938e-2
7.013776834717199e-2
0.1680169978060429
0.10340256239348995
2.487960424293645e-2
1.0663644606560118e-2
5.483438994096932e-2
6.267924614178311e-2
4.485319025507697e-2
0.16834989616101687
1.5923075333297742e-2
0.1138306948925287
1.5555305400141883e-2
2.833637834436912e-2
2.039396864994547e-2
2.1031930142201904e-2
5.540364175942454e-2
5.512017862949903e-2
7.538411163204424e-2
1.7773117684392204e-2
1.6454376207289668e-2
8.470013231363666e-2
0.10411245647525638
6.614190155748077e-2
4.431270367755989e-2
4.946191095904e-2
0.14175490267375274
0.21398616550162228
5.833931293581081e-2
6.2211754595674996e-2
0.12978916774537436
3.768166571994582e-2
4.710782213311012e-2
2.5630246461171347e-2
0.19550761122666765
1.0809865661785555e-2
0.20056884009625114
9.279811928371809e-2
4.891603400491892e-2
1.1555099254690403e-2
0.10584123100397433
5.144872451613118e-2
1.4484818417777035e-2
0.1576904516425935
9.202888585162684e-2
0.11227524969034466
8.151483286194966e-2
2.5817168455037807e-2
1.5387227314765894e-2
2.0468951840295947e-2
8.805410580621789e-2
4.6390151406567694e-2
7.780104267339262e-2
2.830899057502474e-2
6.0844319123608395e-2
4.322316766130792e-2
1.5739845553409303e-2
4.993515240934192e-2
4.462062258799208e-2
0.10354076670066129
9.436009940476787e-2
6.39659786965545e-2
0.12263193718270168
8.541478653225315e-2
1.3858472498436825e-2
5.269031213150469e-2
4.788840176920436e-2
4.927341388373603e-2
0.10342856856297936
6.599508780773548e-2
5.633438459460176e-2
0.20874150867078622
6.93629991665543e-2
0.1487183208440709
8.979525766052501e-2
1.4036242493496942e-2
3.494252485503531e-2
3.804079267120427e-2
4.2388002999878775e-3
3.686173244344576e-2
0.11263872916282917
2.6928723827965118e-2
2.8192279126864662e-2
0.16477948147243165
0.18716213125997022
0.11382823981186943
8.174946498950006e-2
0.15217553054262178
2.1719606510818012e-2
0.11436481055930248
3.626128031856897e-2
8.799953193657195e-2
7.855283714492511e-3
2.3373042750464756e-2
0.14501322310743148
7.601490370050777e-2
0.1615823206932871
0.30790934259715713
4.7841872868999415e-2
5.144885227276147e-2
8.693495421952736e-3
1.6715087589166688e-2
0.11323433861486354
6.628391412688125e-2
7.092216937162439e-2
1.4103583001404685e-2
9.354951638683023e-2
7.11999120438237e-2
9.133579675699119e-2
3.2206287917754574e-2
6.348058095021607e-2
4.902191961509561e-2
0.11592059322273762
2.280456945476732e-2
3.503748728947331e-2
7.368813886375359e-3
4.026168100562257e-2
0.17579041977000767
0.11538569779723282
2.9170590476462966e-2
0.18613299844024264
0.1042348337137237
5.036172241759403e-2
7.133419337492689e-2
2.5551261258711213e-3
0.10105022868420863
0.24267873967804743
1.9421391778310548e-2
0.14527360589461696
7.829784762739368e-2
9.2524449022905e-2
6.52024041441813e-2
3.7545456024377422e-3
0.11624187002043003
0.16729408202391033
0.18312437786324862
2.838559188795221e-2
8.811994430886527e-2
7.75953334703113e-2
2.413910896552145e-2
6.494935617239142e-2
0.10326261656282713
5.008433629024049e-2
0.12816666193664436
0.24340067627470813
2.2522837957520102e-2
0.19319681443323128
2.7769250522120193e-2
0.16150008740912894
6.833501652136642e-3
0.1579293486406424
7.240038241183507e-2
4.7258458359212795e-2
0.11663111858125683
9.241543530623753e-2
0.13159973497759003
0.1764281310840899
3.753345619392623e-2
9.585528468254559e-2
1.8537275035385437e-2
9.017502384162848e-2
0.10927351913937092
3.46929982744764e-2
0.10125421310863558
0.1966271704584221
8.070557536327586e-2
1.885457458287687e-2
1.614091660514767e-2
0.14993718991423094
2.9707639578474075e-2
6.28549227960015e-2
5.517324712800836e-2
0.13130370069149497
9.292308838645932e-2
0.2248488023354051
2.7858880777159555e-2
5.9923128254265115e-2
0.1074433907839764
2.047936609378622e-2
4.114715066711285e-2
2.3295650854879092e-2
9.40350293119192e-3
4.517986390866367e-2
1.5870095797290297e-2
5.254316522956574e-2
9.958179233215576e-2
1.4892784521632318e-2
4.2795216514355895e-2
0.17677846685575224
6.772556292323409e-2
7.700103195296835e-2
0.11134949115957768
7.809020927054526e-2
0.2496082690677027
6.710392671788923e-3
2.979665698747146e-2
6.661426849814163e-2
0.1102390343005776
2.8256437858424133e-2
0.20328473232632566
9.266671957511499e-2
1.1488430460882826e-2
8.634917348323509e-2
3.0794460969715488e-2
8.35282845968893e-2
8.568935316977215e-2
4.704284179381597e-2
0.14056725990074798
6.485793843611126e-2
3.604200557909833e-2
0.18218508424385255
9.122439708049735e-3
4.903859075358076e-2
5.603659734380837e-2
0.10857283982608008
4.650960697116711e-2
9.800520602148968e-2
3.84960556504062e-2
0.11740074195863706
0.11963817119252225
3.9120297228706524e-2
0.1911327003395069
8.580747446521912e-2
0.1735148973997262
8.005815981367837e-3
2.167777282039558e-2
3.7203071984197714e-2
7.849081331024836e-2
0.16677364738991202
6.697954424042996e-2
0.13256957809179376
1.096068802662653e-2
0.1860385140741722
0.148905599940948
2.8965261599383386e-2
0.17529523364399707
3.8229226151074866e-2
0.16447874322690384
0.13050044163937083
5.779482104661397e-2
1.5485253900704876e-2
9.749708200585298e-2
1.870049547560686e-2
0.132480849082781
0.122542915936338
0.10142021578357403
5.179674853921373e-2
2.2581991489953766e-3
0.1027428973381054
1.1361955312507454e-2
2.8137071023804815e-2
2.9478490624249176e-2
1.4753035894756562e-2
4.535633379538366e-2
9.609957112279324e-2
8.964436878394044e-3
4.9151454395999994e-2
6.67846487055547e-2
1.9732862293754715e-2
6.0638969377467974e-2
5.5215669913946094e-2
5.516942515648628e-2
5.776823350763782e-2
1.2682104365878577e-2
5.499497355815687e-2
8.397522485614131e-2
0.20331827868726537
4.534596276727317e-2
0.1790131033060666
0.12050874471245968
0.214135233396813
9.072240449462794e-2
0.11317806445043237
0.21624839124611692
8.136564942113148e-2
3.9409055384294935e-2
8.985092687998844e-2
6.396733688831119e-2
0.11788033400556071
0.11742889351807087
2.4168712151019976e-2
2.8493082777563683e-2
7.854824515225706e-2
8.587733641601229e-2
6.0860901019794675e-2
0.1192957333183503
7.957285418934408e-2
0.20130757372744776
2.1840328104098927e-2
4.020820505543597e-2
0.10283695688649148
1.9265008786333027e-2
4.959517759126838e-2
1.1197665230226283e-2
6.413157042402913e-2
4.71232637280965e-2
0.1825890466835983
2.5758342012859592e-2
0.14115329210940578
0.1321736121853295
4.094045127848965e-2
1.5621490603513987e-2
3.8422467700314614e-2
2.966110228186335e-2
1.407023139600263e-2
0.11343060679146921
2.4419890422313906e-2
0.233577836464611
9.055391871325794e-2
8.815611054170593e-2
2.293972726633158e-2
7.190970477823888e-3
6.608904408214349e-2
0.15390135106983624
9.334685624770497e-2
6.0114142107150935e-3
3.3926250994222975e-3
5.354760485666565e-3
7.601747790432856e-2
5.243380865624062e-2
0.12485095676565541
1.0454737203519771e-2
5.674543276493138e-2
0.1095363148890683
0.17482294815361818
0.1348179154178522
0.12991581501069124
6.889034625969379e-2
9.046339529521691e-2
0.10800247819604421
0.11058569055347989
1.9758120778673515e-2
0.14200820707098116
0.10131156333131282
9.751788550922741e-2
2.3074726361622066e-2
6.24644177788943e-2
8.730323904928193e-2
1.8585956126391013e-2
5.7447270028902375e-2
8.739803108027622e-2
0.14917373075847412
0.1750570797506184
0.19592339815536491
5.841124166781484e-2
2.6372606914603025e-2
8.748092648253787e-2
5.510250895256753e-2
9.846658726500304e-2
0.15976590795298834
6.1281449405844235e-2
2.4700170139251954e-2
2.0556264751896768e-2
2.9411911621447427e-2
7.861908909901778e-2
1.2424402276131685e-2
1.2959515162859902e-2
0.19751619450791802
2.204942434010959e-2
6.567122288421305e-2
1.002124823379621e-2
1.5453236132930393e-2
9.213406305700764e-2
7.947805951167054e-2
0.12128452970702094
0.12863710471894177
0.12033269562138564
8.037552871787357e-3
6.854718713614008e-2
9.285109030592345e-2
0.12773805632222932
0.10723197830067137
5.178782997437548e-2
8.287213347804977e-3
6.1274634923374635e-2
9.893063088059274e-2
4.742760843890446e-2
5.191110410797308e-2
0.10199874467783125
7.826826109267962e-2
8.170885786814844e-2
5.9322443088243915e-2
5.458836893923624e-3
2.319424558483226e-2
4.8242825562700174e-2
7.379072558499926e-2
0.12731603491065135
0.11171827681376474
3.7493127682558545e-2
0.14191884757537737
3.905344274301441e-2
0.1567717843821384
3.34544242483524e-2
8.60357138637754e-3
1.7446415550814533e-2
6.095637120972305e-2
1.1255831615846146e-2
8.826246450624924e-2
0.10255617724950669
6.095257684890335e-2
0.14696885300938162
9.728356385731471e-2
8.06311138469771e-2
7.185784696146232e-2
1.63274511148525e-2
0.13497179936136944
5.248516073052776e-2
1.4547740961373512e-2
8.58074052287109e-2
3.680303698280257e-2
3.508663436059981e-2
2.6597706176743176e-3
3.360045163607085e-2
0.21575015746550022
4.310190903564728e-2
0.2099486447961635
5.0823409318912126e-2
0.13168783861837935
5.184277906900157e-2
0.1331653086347527
2.844102105455506e-2
9.739429272976678e-2
3.9083435245262844e-2
6.409053886579341e-3
1.8851838797998188e-2
0.15205412254013462
0.134816843090971
0.11073948599343723
6.369873392832466e-2
5.4706552052351386e-2
0.10092546609021633
1.7990694382087447e-2
6.572241889412867e-3
0.12586460806581629
1.5043113378463879e-2
1.9152389995678587e-2
0.21478015728707217
0.1354967683485419
4.75878437138371e-2
2.2314289987517576e-2
9.856121453941158e-3
5.3844918351880114e-2
1.4736012508270602e-2
9.279005682807401e-2
0.11270050300286538
1.3258319123281825e-2
5.822377315112002e-2
2.8073309400993805e-2
7.972985201062548e-2
9.749082738879114e-2
0.11966625656196746
0.10475877358728898
1.4808395434405552e-2
9.776089959582382e-2
6.384460364568634e-2
2.1443849452168973e-2
2.2658144387072886e-2
4.1287344184264094e-2
0.16192592280010942
1.0221383424184726e-2
0.10566552517967509
8.725973862275116e-3
0.13616110633924924
4.7583403732927576e-2
3.6465773256022314e-2
2.865272154534838e-2
3.100564545058382e-2
5.762704861326149e-2
1.872069948510876e-2
4.085304628646315e-2
7.664454077884905e-2
4.755931249013541e-2
2.2118680069632836e-2
5.909357142806584e-2
7.815580994806808e-2
0.106909615855511
8.420291588984667e-2
0.12369911974679967
9.866148070941637e-2
2.907663815861562e-2
2.2067983257744683e-2
1.729360281174407e-2
1.2150566391226747e-2
3.0811380104686592e-2
9.227500137129423e-2
5.89361519275319e-2
9.87122537231706e-3
2.916661745071649e-2
5.862448300179971e-2
8.362498342028059e-2
0.15843005347563793
0.1370870231120493
5.292611773252084e-2
0.14854382897350837
9.584457712816115e-2
6.1712414807194374e-2
0.14255615615762415
2.819610317388016e-2
5.388034749332228e-2
3.347921502360809e-2
0.1124144645497768
1.9313426843662617e-2
0.11435361263300156
7.28213216483579e-2
0.12406378616182309
0.1574640004005564
0.2002289257968596
7.899242860517827e-2
9.274896236652352e-3
0.16892453374350117
5.5735898730246855e-2
0.1148430488803979
7.347207026346776e-2
5.0067192313834295e-2
0.1056837325495473
5.981171082737846e-2
5.711210016721474e-2
0.13437982186035627
0.15749303585754337
0.1454983460491899
1.7957772283035033e-2
1.6118415809266096e-2
3.369302753121776e-2
3.1440882152601136e-2
0.15823343559212968
1.1342862653298836e-2
0.11839529299216137
7.831322004768675e-2
7.470978486233958e-2
0.16329074398597831
0.13569241679544702
0.11906931375757575
8.78370381523903e-2
0.1837704236518211
6.538838881622203e-2
2.876602109199956e-2
2.914833097846168e-2
0.17378473143931064
0.11031480954762056
0.19357590274407324
2.149629089996078e-2
0.1397881088934542
1.1864130223056513e-2
2.4097244434220278e-2
4.3193659313867316e-2
1.1189003309678014e-2
0.12495378877937033
0.10037979199943145
5.620643945846471e-2
7.892468314438021e-2
4.128432871734017e-2
6.456445583962285e-2
4.909986334708433e-2
2.679017753826244e-2
8.697981216415528e-3
6.1321476278108945e-2
4.0586785809434214e-2
8.630987425350234e-2
3.53221831465674e-2
0.1474987704804382
9.33859781625531e-2
4.182205445894494e-3
7.832760623311004e-2
5.261591734806259e-2
1.7853353409606688e-2
7.938632242586066e-2
5.736140418823684e-2
8.108942877795056e-2
7.739514784916661e-2
4.912284120153519e-2
1.1798943800944383e-2
7.788742589102308e-2
3.2894138143099216e-2
5.7628777197324135e-2
3.597936439424769e-2
5.280787887722248e-2
4.5541027807408783e-2
9.20983162026327e-2
0.12530344943291954
4.825937795860369e-3
0.10831683985763771
1.8709394410194702e-2
0.11207045498214312
0.15937643679643748
1.7220500829089668e-2
8.7359386250149e-2
0.1760040340621977
0.13316516530812353
0.10484681954644368
2.9696266405448545e-2
7.076536617619753e-2
7.584761021466943e-2
7.902637286167392e-2
3.135312527531363e-2
1.3397740956490056e-2
4.861553910891216e-2
6.855273764953073e-3
3.0259859196994844e-2
8.756705235730149e-2
9.897706113722636e-2
3.111525364174449e-2
0.14211105860594894
0.12971064667753898
0.10229733166419774
9.368503154696087e-2
1.3686091930721355e-2
5.186448141186586e-2
0.11204169497755948
2.0257420255628288e-2
4.742680109048183e-2
2.0559161779086354e-2
4.6873314315003856e-2
4.517958765723075e-2
4.211018283758661e-2
0.12389975092610017
9.223171284151389e-3
0.11713415203272315
0.18480481077162877
0.20076274235217967
3.737487315146169e-2
3.215370849000922e-2
7.67689472322171e-2
0.14478986727381934
6.989463551549427e-2
4.6927773906784195e-2
8.244608951970508e-2
3.917595336276614e-3
2.927957902575625e-2
7.877625962903198e-2
0.12140473269681284
2.5658294705567318e-2
6.161792109551058e-2
9.266851563670997e-3
5.582344386176585e-3
3.86168543681508e-2
0.25248608483044316
3.0617703050225764e-2
2.6284482211544093e-2
0.13156637549634026
0.19050347515327348
0.11393215272055442
7.896039845735507e-2
5.57483248094537e-2
0.1961991985344566
0.10437976234814332
6.1869884027336085e-2
9.075898182930138e-2
6.566553441974964e-2
2.8047811499443277e-2
8.319294950469869e-3
1.1280130307874382e-2
0.11531834023331045
2.6365747689277075e-2
1.5644390049334378e-2
5.045400617534218e-2
6.654100610696739e-2
0.1818357994916812
9.077004507846485e-2
0.11116152633814876
0.11627128702120357
0.3177540223685321
0.11709941347333475
3.400379361748229e-2
8.173945001152996e-2
0.13788226370519502
3.535764674648552e-2
0.1654151885938678
4.2584764661253126e-2
0.18952148080293169
8.45597478884099e-2
4.299476050758592e-2
0.19440217244277808
7.965093819891234e-3
2.0198653141123225e-2
5.998952703726146e-2
5.731221098623486e-2
6.0914626559809816e-2
2.0669466948147662e-2
0.2005996965555809
0.24893343499813944
0.12581596025466202
4.887418557951229e-3
2.6411520408707312e-2
3.746373001031492e-2
2.9278619132595517e-2
8.839427949889374e-2
0.15732604856719568
0.11439382342576201
1.7803531246804682e-2
9.125378573126725e-2
7.170311300734042e-2
1.2809314572272612e-2
4.983271830817321e-2
0.17616330838696617
0.19700409081359763
0.13862696123057033
1.653779026374704e-2
7.036944492717309e-2
7.789661563599229e-2
6.842814290443142e-2
6.101333505843428e-2
0.13920570933408327
2.7983645235799225e-2
4.40213448479751e-2
0.1290882913904298
1.683314734645828e-2
9.522967480592501e-2
0.1538264321064912
8.522357140327899e-2
4.720259399056313e-2
0.10158276190822754
5.0142467961426e-2
7.852754092670652e-2
0.257124002813088
4.5309523592063215e-2
3.7433541653360505e-2
6.969194626220625e-2
9.181587852289692e-2
5.1730864852560635e-2
5.884469022829538e-2
9.510003967119984e-3
0.15770251836861798
1.79384307798633e-2
3.5557848380768545e-2
3.180370249439888e-2
9.742186711409184e-2
3.222627165243578e-2
2.246272082062576e-2
2.1990558206153553e-2
3.6411679733402244e-2
4.007582630549065e-2
4.5983705207186774e-2
0.1942457662685296
9.596818438230593e-2
0.10034697499717593
0.12776626910002592
3.602869399739854e-2
8.5962890351566e-2
8.587646122407863e-2
0.10261106882587397
7.151987736612238e-2
5.219122290661752e-2
2.2728267743382536e-2
8.692727916105486e-2
6.0473796462826065e-2
0.14622893057519532
5.6351285423723904e-2
7.560076617506445e-2
7.590340346778035e-2
3.1219543123066552e-2
9.269099191395555e-2
9.936505925597649e-3
0.15249297046617277
5.604100399625962e-2
0.15590971181631694
4.481032311753669e-2
4.152355490790631e-2
8.048711302147096e-2
9.763586239214875e-2
0.12575507289973445
0.10599584386989051
7.7134503384979625e-3
7.952418002712226e-2
8.507647574657513e-2
6.316467539551074e-2
0.11936926592244128
5.941020568855308e-2
6.291779175264627e-2
0.2919625221343609
0.2031647014533155
9.220437918987699e-2
0.16563869641742066
0.1925750190179984
0.14823700593940894
9.590892109301176e-2
7.401587740932165e-2
0.1430121323573184
0.10731874052473978
2.690762157512939e-2
4.041676787295301e-2
3.899801518291901e-3
0.11665546241451122
3.176366288936716e-2
5.2332642650481875e-2
2.9498905727489932e-2
1.8036982086166754e-2
1.0967919641566593e-2
0.13836197542584613
0.14616930333775202
8.17700826849596e-2
3.932808360977528e-2
2.306049524010991e-2
1.409013634899121e-2
0.1266040616558331
0.3780240138805764
9.542224411386191e-2
1.2764046811360142e-2
0.2619457108662645
3.112681819318285e-2
1.343105006919677e-2
0.15002592043890153
0.11496354667696859
0.19982864058998523
1.5223951745195285e-2
1.0803573466288342e-2
0.13185486433050878
2.323555962478674e-2
6.959496532419499e-2
6.984683417220006e-2
0.11549593566407199
2.2757950519103343e-2
0.1085266823992447
0.23061112363102004
9.984807215363767e-3
9.4951362938917e-2
0.17552867566102046
1.1061224914524815e-2
9.805297278547921e-2
0.13519469521623514
8.1806729861387e-2
2.4280302260967078e-2
0.12166171642775599
1.0092643943698586e-2
0.120443875618973
4.086303621775219e-2
7.078190753441174e-2
0.1593371291258335
4.396844955975001e-2
4.34961060518936e-2
2.6685036888605896e-2
0.2278452755798747
0.11962837784337857
4.878072499676398e-2
9.071495168278251e-2
2.4514430036721446e-2
3.5678943707552736e-2
8.60898181715833e-2
4.020319407933368e-2
6.189236962188083e-2
3.557868671150301e-2
0.1275129680684234
0.1446467746757723
2.703080373914487e-2
8.947412353386282e-2
0.10056709265593371
0.13952037905282605
1.9639234061312526e-2
3.307574418324005e-2
2.5848656896522215e-2
1.903961471051242e-2
5.274506116495359e-2
3.993002669313898e-2
2.800798726393101e-2
8.184394428820634e-2
2.2579097486995648e-2
0.10284742795205096
7.64021999001133e-2
1.4451551776017747e-2
7.680722507945825e-2
6.334164075534182e-2
6.498228888966118e-3
0.17263101428041985
6.66860653943627e-2
1.1172405093375993e-2
2.931808691768738e-2
4.333383138628931e-2
2.8206958760507717e-3
0.10237838531991987
0.17507145100378327
0.11934386854307082
0.12997804429656906
0.13884154322992381
6.1317270796233505e-3
2.9193475392183664e-2
0.10373942782832235
2.3465182565263976e-2
1.1358333712554014e-2
2.865095782468493e-2
6.174710350068592e-2
4.923417124412882e-2
3.229528543770257e-2
1.5578437436278703e-2
0.112471968240171
0.18876018925735627
8.451384037919055e-2
5.69638514934846e-3
0.10827654453803563
2.7986420005546943e-2
4.4469178183601944e-2
0.21972082833049567
6.528127286916083e-2
0.1220610590529601
2.038051592777481e-2
1.0414630836817073e-2
1.1010277634610665e-2
7.923389547417045e-2
8.057592360695152e-2
0.1001159342927576
0.1059728808036257
3.8223571731744066e-2
3.9708763940754285e-3
2.458847926646779e-3
8.151117991446977e-2
4.321733304167743e-2
0.10095043391774353
8.816279001719848e-2
7.521863316958452e-2
4.607055982594203e-2
0.14112437924957572
6.522526179085951e-2
2.9109680668136205e-2
0.1147232094064616
1.8054417320457115e-2
7.6431432073578165e-3
2.3930445723523062e-2
5.088099261234517e-2
2.3030699128137534e-2
9.056111074535758e-2
7.903405688921729e-2
7.737317018138097e-2
3.472345353766916e-2
0.13687589589931562
0.2018110750497116
0.2229618917384469
3.1200998613879417e-2
7.511669147232303e-3
2.7163978095065645e-2
0.13994406141955235
5.918793263444435e-2
9.51875045676388e-3
0.11585204124809287
8.619714900757424e-3
1.9227400031399732e-2
4.2445813469134897e-2
9.383831585801676e-2
0.10103753453633531
8.455272289395363e-2
0.2413736282931609
3.182698790890091e-2
8.26742340906696e-2
0.10877655570394192
0.16199326625340177
0.10203309292471725
3.284263316149895e-2
4.5639509741743224e-2
2.7209636680689984e-3
0.10193982209462438
1.936515191254956e-2
7.44722958684919e-2
0.1585078165929447
7.261002130581065e-2
0.20753884457379193
6.976117578498917e-2
3.44724512249673e-2
0.16332407578923241
0.11434299567851194
5.150202515344038e-2
0.1305367038972615
2.0367694084372546e-2
3.143231180742996e-2
8.567491574916099e-2
3.879775327203254e-2
5.050685505265595e-3
0.14004828078297246
1.0838519167890859e-2
1.5386227188228551e-2
0.14496782460128504
0.12768684234142907
8.491240084541007e-2
7.547427181028518e-2
1.1232112096448976e-2
5.1732409860711294e-2
0.12616044310422386
1.8669605973051274e-2
5.268693856282215e-2
0.12508665207044056
0.11797634403385863
3.873235122507279e-2
2.0600028408159533e-2
4.673013976875344e-2
1.852176359665737e-2
0.15406377931652812
0.14137726313102955
2.2249077969409357e-2
8.329184323840984e-2
6.795676057388486e-2
2.7100481423750634e-2
4.766934653621173e-2
5.5014028218042174e-2
1.8695868652863067e-2
0.18564349505477318
1.9179037550177646e-2
2.864763887545687e-2
9.328144640143923e-2
0.12138150028740853
1.86271408819521e-2
2.84102636247342e-2
0.11231727440304617
0.16803467143855536
4.840208538667569e-2
5.421096973572327e-2
4.137388433740027e-2
0.11208166447475601
0.12868605418954718
3.474056214646555e-2
0.11216563936601127
5.459527210332275e-2
2.6720055152588053e-2
0.17831083314816865
9.265000253922544e-2
0.11388122990604428
2.140227584985943e-2
0.1571838950699474
1.793183521383227e-2
4.113476345800406e-2
0.10453373558826348
5.124051010888804e-2
1.6288309319590265e-2
0.15430264167873675
0.10093606864985652
1.8602164178841585e-2
4.520266007434335e-2
2.622884564118495e-2
3.8904353159424906e-2
2.92967839535934e-2
8.642266680682616e-2
2.5977573056977232e-2
4.313366275334296e-3
0.11337077802615816
6.486310446566684e-2
2.870165997644456e-2
2.4136686314282174e-2
1.8426892787121462e-2
0.16035839756934453
0.12031938923160986
4.7535103264149316e-2
1.1899820572089326e-2
1.4930682114049309e-2
4.1493883034065095e-3
1.2696101174837493e-2
6.131394303181298e-2
9.845655511487239e-2
0.12881650300587827
0.12377455640365467
5.3301187719670205e-2
0.15176330626638954
1.990737325818548e-2
0.1812560459300147
0.1545013905690604
3.919932553287449e-2
0.10657647720944108
7.167827294920825e-2
1.4579345978409309e-2
1.269236458467483e-2
7.410070172260765e-2
2.742585497034311e-2
0.1164336378419328
1.758574743724358e-2
4.142524698453691e-2
4.805630028368002e-3
6.26262137596613e-2
6.763149660431777e-3
0.1214581860893725
3.400768519953538e-2
9.628850180675459e-2
3.5805559197911986e-2
0.10853048355349484
2.2997557112756827e-2
7.028582986229814e-3
7.12239751536884e-2
1.6042857762699324e-2
8.148907146068574e-3
6.19115855895388e-2
7.697353961359096e-2
3.5126635993488586e-2
4.335021584499673e-2
0.16130682511734365
3.77217399437515e-2
3.732747134292478e-2
1.2780594780122046e-2
4.329678370558776e-3
6.113955700108096e-2
5.322102891887156e-2
1.179649457587958e-2
9.10846491015278e-3
0.19606684446723793
4.173395433176723e-2
3.982159219947097e-2
0.14151423102567548
0.11562043832062514
2.40367811544821e-2
8.586221333582537e-2
0.222883764479459
2.4103485207450658e-2
5.565823125202983e-2
4.616349182712985e-2
4.5190553465544826e-2
0.14488379577574506
3.4401566860350896e-2
9.09514943624432e-3
0.13432395296864713
2.34320424379466e-2
9.843132464904705e-2
0.11380512100767941
2.2288630363150673e-2
2.791786081756543e-2
2.544764662729414e-2
6.747889333986759e-2
4.725015166359028e-2
9.415632515999705e-3
0.1562445106562617
8.44714785778621e-2
7.589370687652912e-2
0.24524723881333693
7.599079676628182e-2
0.10669003892860049
8.379905833065579e-2
0.11024635371983567
1.9762516294599974e-2
4.3647160157308504e-2
1.911957526328112e-2
2.0728846523302803e-2
2.979661776318556e-2
0.20310240486204206
1.2074632919848028e-2
1.713534867037856e-2
1.2730349017388398e-2
0.10381230870983867
0.17424671114535933
7.260692714720059e-2
0.15333326926682336
0.10572713656057564
4.170489569321947e-2
0.130519067657423
0.15178473529376219
0.2685862118612374
5.264021022830827e-2
6.590575127048327e-2
0.12328947214076473
0.19160862154977093
2.7203181576117084e-2
6.31727269515061e-2
0.1091026081475674
3.4867982252843197e-2
5.4542347146758076e-2
1.4113338873212566e-2
8.59909741919378e-3
3.81671726733321e-2
6.901730384131934e-2
8.267438469353347e-2
5.603881149413441e-2
6.764254080198301e-2
0.1365322833119716
0.11629215729473126
7.558530467383442e-2
0.21307003667184393
0.19944763319303366
2.737698279925438e-2
3.868997860587655e-2
1.0787288417913442e-2
5.048177999766965e-2
0.2243101141315514
6.521580049542608e-2
4.638873665734533e-2
8.738454940755604e-2
2.098923254842172e-2
3.626644534175409e-2
0.1062535203964254
9.941635765799453e-2
9.305353028480989e-3
0.10916642136300678
0.15414044378871522
3.67734539225041e-2
0.15609135604455165
3.251063412806195e-2
1.899621791542422e-2
0.12688694983907
8.139140922009847e-2
3.422251293019126e-2
0.10487072235821944
1.4156310465942767e-2
9.576884620603279e-2
4.759501667023215e-2
0.2897196419043
6.402367008684e-2
6.621271696647205e-2
1.6632058583961374e-2
1.7343109139697343e-2
2.9647022584097637e-2
5.7043121413452025e-2
6.588489998494675e-2
3.0980733161868258e-2
0.11818328414836902
0.23129461351816744
7.204328878131916e-2
0.10460489357805289
1.9612748182204088e-2
1.266853803625242e-2
1.4358774908687066e-2
8.357813913223179e-2
0.5831326745493305
0.583178354124453
0.5777029828389357
0.6185741782722112
0.5759915089031236
0.5934295585425138
0.7185237696558144
0.7508067146411401
0.7607356246406679
0.6431116249273927
0.5325008951288304
0.4780150613285903
0.5939085319542246
0.48212972539631327
0.6767387524585441
0.6466111547882603
0.6186104754105455
0.5032707763602496
0.6502517754762455
0.6575814689419592
0.6956820860065049
0.6171230532166272
0.5422205803196409
0.7573550658943395
0.6475094934650266
0.6952739493067531
0.5483042074380743
0.5802146463928232
0.7902828876751083
0.6771999873231265
0.6589940052221386
0.624857529911403
0.7502865457184209
0.5307636520007049
0.5975641369601135
0.7773654777447858
0.7068110203547562
0.6709740422485848
0.628718664639157
0.6007684336220578
0.7204198063342844
0.6752821243641302
