0.14248855259314122
0.3031948835506758
0.1371417374828907
0.22774477192171183
0.14061649657438977
0.22043010382945577
9.051644846174889e-2
0.21479625620539888
0.32712303352833283
0.16970055336673678
0.2168816719905066
0.20358366169850703
0.2561019574720552
0.23194214191055612
0.16001217934903664
0.1380118096410623
0.1390676712327238
0.20232440114888456
6.899646220190371e-2
0.20020305670577665
9.389448644207836e-2
0.16937092754287353
0.16846306282148552
0.10777920197980011
0.22520255119355662
0.2717990566561968
0.19903759369932497
0.1735801318479865
0.3042310849263384
0.1915961104221921
0.11510994909057308
0.26348326172169845
0.36605818311872634
0.29273475663813164
7.19037457173549e-2
6.58032122766736e-2
0.23304549685523085
5.6905616322073214e-2
0.14552525438650887
0.14824381562776284
7.57127981630393e-2
0.2131684027669482
0.12500585263261055
0.2778727754974999
0.18413565549478714
0.2691857051837006
0.21728481080728104
0.23132063951742884
0.2095609165005666
0.14516017094437955
0.18022014363638633
0.25968548125180085
0.12580211568464458
0.10676414476475415
0.20719429659474115
0.21476118808794142
0.1493899639307213
0.19230409295913015
0.17905898319329933
0.14461019935886538
0.1820221837867558
0.2299607205967027
0.23058023807657566
0.11256527089494672
0.10911288177938672
0.1250964748444565
0.17691854772552765
0.18106241686639785
0.16903307985857166
0.3116173953758817
0.13835327408621273
0.15000799417720015
0.20343911740234583
0.10932888862205573
9.417345533401478e-2
0.11092372440598534
0.1613405300915766
0.21514824852144074
0.27897398069505047
0.16944786792612518
0.11425466899450629
0.3820976626982391
0.2269892962560176
0.3442644113526315
0.24073328705563585
0.4697950108366604
0.14760704915607872
0.17349624649712841
0.39634531647825955
0.1179876818155933
0.11929410895664301
0.1533561113846514
0.18831334716269094
0.15105644905445628
0.25809874415386636
0.14407882523363882
0.15464324322061576
8.382385751117313e-2
0.21924625619122268
0.15704732930439186
0.15979599575552092
0.19901379757992027
0.1376550064379825
0.2683999637787152
5.1793875895398765e-2
0.20699546430737564
0.16427733393749186
0.17591300016695263
0.18845411357684502
0.21321914271032383
0.15626437980174124
0.1798539159679537
0.2060385371583678
0.1898517551373798
0.2851348324834437
0.1342063592434605
4.117079435073674e-2
0.13912541790642236
0.13154288641178485
0.11062445339398741
0.13586913722586835
0.16188845993146056
0.2808471241261512
0.2028351127659168
0.12412252642549577
0.2679248298955496
9.862477297712514e-2
0.10412546548698379
0.196061252893069
0.3464785594918073
0.11963697265256057
0.1520513588964373
0.2707968502525686
0.21865022552629557
0.1732331631666736
0.18712812494427808
0.15927692050082654
0.21894929197873836
9.772228378234361e-2
0.2746443564356885
0.20811563457462712
0.36880884194830427
0.19463469541006426
0.17835379880882885
0.3661648798064556
9.853083217120534e-2
0.22824130130441453
0.20463422696418943
0.15093706132793755
0.19061171466985485
0.19083870989832727
0.12900944392385502
0.10161069947733821
0.2579696289731278
0.15673248453688
0.18636981912413256
0.15638297659203465
4.2249029390539386e-2
0.21912399204022334
0.25112915437606353
0.1732434847877003
0.24901496614904456
8.348318328284586e-2
0.15696718001718418
0.24549008923470467
0.1832774787066255
0.16301811113402978
0.1480157677104757
0.19720621369273847
9.96875626532047e-2
0.20914821794025143
0.21148844095087949
7.829903773199018e-2
0.1495098558656936
8.300104196896958e-2
8.392057864989814e-2
0.16442857960353502
6.211795892485933e-2
0.22445200182377448
0.15186758650705806
0.3340114339306627
0.1321431134015648
0.18269485073016167
0.1611942863970534
0.19132841094912592
0.2418527200671922
0.14310727135540496
0.2242818606203684
0.11733707466799696
8.532685440111026e-2
0.1298304290340496
0.24504965778493704
0.2574879266536297
0.11202569335374479
0.20030967878002195
0.1618445457064391
0.17089175656274622
0.10465847478197512
6.76775338813364e-2
0.21620086093832028
0.23919772381466847
0.2237031273345788
0.23785555692097082
0.29960470693223334
0.26751895351758187
0.24861169949755565
0.2083595637706483
0.19893606633817135
0.1821729782606615
0.1480718560839453
0.17898663381772645
0.14051010534570402
0.30932931492814936
0.16630552914605592
0.26498931100713313
6.651069660653432e-2
0.21367877620245074
0.18262661108540873
0.29896541203360244
8.532105421404676e-2
0.20945846991228625
3.617624580283492e-2
0.16066906454317686
0.12281907175672276
0.1930953598866648
0.1472915336723421
0.14514173656233148
0.1467959979484053
0.1450080581313656
0.2951657803120029
0.15956875664255374
0.14107902639026718
0.43886260294922214
0.15411798182122335
0.17029907864165544
0.18863601311516232
0.2617629868887315
0.13097629502683328
0.14686407824356823
8.744962939547088e-2
0.1854313757249875
9.211288004963435e-2
0.30433887279927896
0.20724785057595074
0.1401373238844675
8.549697441523726e-2
0.21192665348857975
0.23327218598670107
0.27675304151808894
0.2062353792915018
0.2560058939971218
0.23509984729768965
0.12146748302877328
0.25572539737173194
0.12407324294711827
9.88206174412371e-2
8.874155354728742e-2
0.20804760012371695
0.17922214892550964
0.16345454899099693
8.927285014429283e-2
0.18925371483817313
0.11707692838753644
0.15189752164370612
0.20143176728607615
0.1794025369740587
0.11130698900765604
0.19298697413003527
0.2225511091141524
0.12468597463412193
0.1242354284786015
0.21528359988398177
0.10786958751931648
0.1759766554674565
0.10385897737989543
0.15628870882057225
4.743781189293789e-2
7.551043935116354e-2
0.12120560552738406
0.1414953891038162
0.3202605575297125
0.1630714402484199
0.18547750043942815
0.11559139990813931
0.12094610005024369
0.28140909596925284
0.180127308873611
7.121284430392476e-2
0.24074270733911138
0.13318123548043675
0.14857051289558076
0.1836157742395495
0.11292168891074135
0.1275899496013339
0.31566527704995667
0.10021966614706779
0.21394248563776225
0.31065427117401484
8.007490893383487e-2
6.512688301334728e-2
0.1656860738658614
0.1889374124509632
0.22682458599846306
8.799217960982714e-2
0.12967869215218636
8.285876291097752e-2
0.23232943237681028
8.504823214978736e-2
0.15844169069849973
9.390966498228895e-2
0.13035662851194368
6.375417283795427e-2
0.1351135969646182
0.12757074059142845
0.21227506626516623
0.38921709422215456
0.3326583640194132
0.19978266531244276
8.903017469196295e-2
8.182357610374873e-2
0.2511001425656674
0.14477325042347627
0.1275564510573563
0.15951769642741925
0.17965064461344152
0.12869512339758607
0.13183480757341465
0.24549327176278682
0.21508862324368852
0.3579659848533525
0.24442866927289014
0.13256009944162547
0.18540847564017898
0.12739838111351612
0.22289911632228304
0.30152996855709896
0.19963690193663913
0.2766685519325325
0.16707428525147813
0.16386117607795364
0.1189807281957774
0.12692979701704182
0.19542517091624942
0.15903615766161389
0.16609355635478823
0.10736294846938448
0.142788412801295
0.247465019143289
0.11024596778822655
0.22059853803218327
0.19479297316983307
0.14464049005183488
0.2754999474619288
0.3177535680165223
0.18910749105776806
0.14641417244363425
0.23157196387076762
0.2158044625521617
0.10017029474975062
0.15617377615187888
0.25666745183785883
0.14078510364688834
6.308838249111628e-2
0.24795717804817657
0.14963526571289007
0.21727240395514746
3.3856813387689345e-2
3.321404317576461e-2
0.15271145561950147
5.587800781917322e-2
0.15145584569556364
0.1503300660667203
0.23781719275935806
0.12425182887625683
0.12913732037970566
0.323824457990742
0.22881467644811232
0.20234838495255497
0.145433956537033
0.23493805627506958
0.20038212194245117
0.30342677973558063
0.1531964669392401
0.23181054041455834
0.197703206336024
0.2340205655939916
0.2621755456550307
0.12557573092839552
0.2911352096660898
0.1355758562524992
0.18324860135524518
0.11660021787761221
0.2084278474349047
0.16226368801328545
0.14216911188000186
0.19975277093177835
0.3454114745436768
0.1955297526841292
0.3076111758236052
0.1706484392109961
0.1942385008452035
8.721255785515232e-2
0.11869293717174371
0.17815744465607364
0.19401630205220186
0.16666571718710926
0.12491734976114019
0.25950885315521427
0.2106071927072926
9.414142010696161e-2
0.1280475394174126
0.1267391163303445
0.16890668545386184
0.11537646750825119
0.24157663085998862
0.23632169737848682
0.178362644304042
0.1523691093246131
0.235553148381568
0.16390198060904174
0.1747761007849027
5.9113028639284734e-2
0.18679264464304812
0.36637807529620725
0.32142663109914354
0.17599638616748825
0.15785765759358567
0.2059014218437487
9.675977194441748e-2
6.699738976491348e-2
0.19648996438532587
0.292246113241136
0.15874169308765734
8.036727535851342e-2
0.13756706892640028
0.20039348490525183
0.1872880406640141
0.14699560075226747
0.1746391656313603
0.2931891574171718
0.16344166296864365
9.874503318812575e-2
0.19157553671541946
0.25388249801550716
0.14339127201529414
0.190863751498473
0.125420457351567
0.20684630740696375
0.2473359204572077
0.22431700595822984
8.365215715281371e-2
0.12106549776858899
0.1279985132949209
0.18577115206893985
0.24799387484903837
0.23294925032890296
0.29051676880983796
5.596524132250567e-2
0.13505656458433987
0.12431856989565457
0.1193950027326168
0.11510898448116827
0.23962482326361262
0.1535215107126399
5.662223476250934e-2
0.18023581368783503
0.22645465396412073
0.16949305023118258
0.1643525932696285
0.20221236277883364
5.382153973668803e-2
0.18818154767077883
0.1004408662767315
0.2119336779823337
0.13752068036303294
0.26976760261973376
0.12445159939347708
0.19818097490374295
0.18844004001295064
0.2558814917805966
0.17686201082482828
0.2359565041550566
8.789780507210988e-2
0.20699824411435955
0.14941186380027438
0.23834464162395114
0.14843840878051234
7.276747470159001e-2
0.27957469441291904
1.745478057923313e-2
0.1791459272201024
0.13161773690369272
0.13720736113565152
0.17360150455412776
7.49567052473342e-2
0.21079401043922488
0.17075101790951835
0.22023943769483365
0.3382396287792734
0.204601929727523
0.18759042987569913
0.2204647744304414
0.10829336717654789
0.2637229011395971
0.18038234231367167
6.551005329451975e-2
0.1942954938789981
0.19720748860042656
0.27230021029067547
0.219476558883821
0.17456636529983657
0.22882652544810958
8.851718334785033e-2
0.28304105549661046
0.13898879871046327
0.19171882296021248
0.19326685456492165
0.388124682261639
0.16121305526728877
0.14739617661244964
0.14965228618037404
0.12987623544211016
0.3039607700946006
0.20550341197354188
8.158011193304623e-2
0.2468728355160424
0.13898398982278404
8.711748799266847e-2
0.25268288282217616
0.25699087138739307
0.13963982320549034
0.1394741246071074
0.18518422785596797
0.368598215987184
0.32924529115183543
0.18071729580469914
0.12184115946328422
0.2602637605661872
0.2051296748467709
0.17184452727254323
0.19253124504049582
0.2420980831155942
0.2714609789346813
0.11524701848189989
0.17530071473610523
0.12298192148667626
0.24893072009552492
0.13796530765912
0.19532318840662052
0.21635371860559868
0.23438159695660293
0.17361672825982621
0.23030093120205786
0.12333020370848849
0.13769163662826894
0.19266280738036193
0.1369279775861445
0.16041204063490963
0.15147329680640104
0.11175203464436931
0.10301103191816163
0.10246129192622648
0.42435475276895795
8.01421849016197e-2
7.889934433842927e-2
0.14597777008374255
7.970446967414378e-2
0.2986693463567766
0.20967334703876825
8.787996105552241e-2
0.1743737288523883
0.18852376851102753
0.17096572107746788
0.2929815455878958
0.28359033550683166
0.17209709694306655
0.19450223549930973
0.30488182267111746
0.16300075589149127
0.17770443409623787
0.26865806966825817
0.16624454260456925
0.14477884306176986
0.11998642612161936
0.12450939344022449
0.18415321986855052
0.10878828786008957
0.2471964336934657
0.15245337887062363
0.2156669518448428
0.1063906928850517
0.13113386345162065
0.11613944309803652
0.24968588238972886
0.12632592114898747
0.13958078748652383
0.21238932217621595
0.32614258153532916
0.14202113783952391
0.22739865427371556
0.20395836558659958
0.19743630212900393
9.02245793691609e-2
0.24920776403585942
9.129504819232846e-2
0.15534136565091022
6.904828622440842e-2
0.2114900041562159
8.313363671176907e-2
0.2331682239040173
7.69050709998356e-2
0.12424436971085513
0.12846726007863135
0.16243749865472118
0.2522722782701584
0.2392101492713507
0.13818198291832268
8.55978608923889e-2
0.15442399977786733
4.09382662067211e-2
0.16572263529744166
0.11027534976018631
7.146173844803946e-2
0.1266884609013331
0.13444838368890782
6.347546748144715e-2
0.25402655260714796
0.2220413582569795
0.22897196223430044
0.2845218163108515
0.1780638328020056
0.2558218803451372
7.500365027567316e-2
0.23059669079146278
3.7945785921098596e-2
8.913451430998594e-2
0.31060290711683874
0.2108478564910563
0.16808086493290725
6.429262448414869e-2
6.951456493083966e-2
0.1989057588864181
0.10991350696142912
0.18838141506407569
0.15858229855316214
0.146820191010506
0.26035105717836926
0.15873587547563986
0.19214943729836004
6.594200343651449e-2
0.21056329201514737
8.830861488682556e-2
7.524589474114766e-2
5.924696014591056e-2
0.16544953956273023
7.5808748728718e-2
0.14502574363052373
0.19029450016594276
0.10043821640283368
0.1731971842670012
9.14800156415234e-2
0.223635643941038
0.1655174590624589
0.2562376921615642
0.23710631175765054
0.1610731942024702
0.24085591651871638
0.15318391656375735
0.23189330764747126
0.11290487617674075
0.1372869939376041
0.18202250687534732
0.10690745841590266
0.23416154384998444
9.444222759509067e-2
8.33502986648753e-2
0.1446734718865393
0.2648542769749488
0.1661086870477611
0.22392876675029877
0.1373741075657058
0.24191277503740233
0.1839639310866475
0.13421067947939558
0.10586703638264025
0.16563361490261994
0.23589240591596122
0.17765717646671947
0.19590377894680316
0.23401875743859613
0.2546559117415413
0.2607361082738139
9.486792328541065e-2
0.1720598298219459
0.2351714479434595
8.444650420587403e-2
5.6907472535088224e-2
0.21675482743196497
0.1993981128645601
0.19624465735832172
7.04055374219764e-2
0.1369226600967953
0.20010385281260956
0.1996464359895056
0.24453326977115247
0.1372550435384461
0.1858989858007019
0.17022687701280897
8.912727993242711e-2
8.978913146044284e-2
0.24938940409726165
0.28998985076932804
9.244010653589993e-2
0.28399767355887545
0.23539142391010542
0.17028577740695408
0.25782461228064313
0.18318326306099206
0.21390050381662956
0.1835878531423552
0.15405765565845866
0.10237420676453861
0.2212014307261671
7.404319595325397e-2
0.1754684677370637
8.540889477233363e-2
9.141458255218024e-2
0.3322637575117116
0.2628876608182942
0.13163217620804937
0.2918042201816304
0.1616489636508302
0.24508572661299527
9.924588500118556e-2
7.46346093695423e-2
0.16838198381724973
0.20189398147088394
0.12173704102191725
6.671741951451682e-2
0.12534526627001535
0.1027304505307641
0.14996785425238396
0.1351741008555833
0.24146840165823918
6.441815376125323e-2
0.2230093813043937
0.2187956148605891
7.696342754635951e-2
0.11262802313496319
0.16369998316825418
0.1569275196281453
0.23598141718099902
0.10265089474244453
0.3249730688765998
0.15839777280856754
0.26101392475598717
0.19322842069190888
6.346036142097441e-2
9.808357570990026e-2
0.1600218437129522
0.28860518993798656
0.13788761276234215
8.875807142090632e-2
0.26671755759688803
0.13390891159595592
0.27707404066297975
0.18783962639572085
0.10275045758613341
0.33176732038900864
0.1522245421274217
0.2880517683057084
0.28827430610768967
0.12530720814531202
0.116433133000167
7.615922713325042e-2
9.21525522712647e-2
0.21221371202898123
0.1470793426691225
0.20857682043587
0.13011580338425915
0.27121272352200415
0.10448927536082234
0.2348694090671038
0.17277953578243932
0.20716092187556384
0.18619946006480648
0.269851207202494
0.37426078074475033
0.2055429065736286
0.1397370890970406
0.135497296485635
0.2124635195728391
0.11539034451997358
0.14000282805358158
0.12648479181610706
0.14653037228736407
0.12146381681327871
0.3488827160211188
0.1228778970021968
0.24195824833695095
0.20089714924579863
0.13835141504801401
0.18599238963436787
8.625291130993899e-2
2.6626094871188423e-2
0.1289802976194481
0.24503750841440358
0.13572107081747972
0.2707973857166503
0.13583856394157898
3.341221304142161e-2
0.3208894234613511
5.044109397740486e-2
0.10431029342721096
0.19478415507841892
6.983052927922982e-2
0.16714451383755344
0.23712488761957645
0.2040048394985002
0.2091163347845495
0.20035196197667587
0.1707061629640299
0.16008541621595312
0.19478652477716726
0.2509663424718539
0.1559458716878029
0.2181143992137078
0.1549529699301664
0.2029964888364061
0.3910868603218697
0.16052552942017423
0.14651132646588655
0.11380072492280494
0.12223252452729767
9.320623244414228e-2
0.10826108262640441
0.2068668853753033
0.22276959085594158
0.14517892731995177
8.399002797081237e-2
8.377108263779721e-2
0.33534728828829596
0.3929033593014776
0.23760932691701253
0.22366950679209635
9.432657001543569e-2
0.2852042676629736
0.1927584551547159
0.12552541966958336
2.671943236835115e-2
0.13645827237472377
0.17331802884435482
8.086730583139784e-2
0.18183212301607676
0.2476568886936586
0.2670216222772058
0.19845631552299406
0.19929992462252205
0.28413230088623326
0.16636736687887044
0.11322898295965411
0.15418984851124695
0.2403811295214998
8.224401902136322e-2
0.12676935007519882
0.15949014385886723
0.18372580423995818
6.326355753954895e-2
0.20247208122529528
0.14401866115549536
0.1706555774892591
0.11653857817303466
0.17752354413037136
0.24109468409427892
0.18284761162993088
0.10250417513710444
0.16240714663637115
9.28686902612974e-2
0.32842224113355334
0.2422556100757718
0.1853987338510198
0.1100943214101802
6.68665330089564e-2
0.2353981110955432
0.13264734497621222
0.18192864940953135
0.19266795879452403
0.2656798731043531
0.3081456691987893
0.20204544404010188
5.991065314908208e-2
0.20220203053543676
0.13123130316418719
0.15205411742022976
0.21896968242204914
0.10248831232346736
0.13769461347989312
0.20321971912449496
0.20629391002788666
0.32262937530872726
9.624681767019548e-2
0.174353357627601
0.16068315610667896
0.2387640962137379
0.1839732846421522
0.2340535873190137
0.3365047260055494
0.16279354586804334
0.17028493452116725
0.17561684822635057
0.13719259573851678
9.561384084126177e-2
0.25586808477039896
7.77729905024738e-2
0.2354241827526696
0.13174513244522806
0.12504298137792805
0.13060061375347976
0.15067876069114755
0.22154359997501535
0.10359956280668599
0.321084153390248
7.026632821084462e-2
0.210021192055203
0.17807820905905722
0.18898397534154485
0.22190426646787742
0.19097117974109593
0.12836669919562857
0.11683693313889176
0.12019639813344189
0.21265423902300623
0.14003409595670097
0.21789010543458404
0.1286759295147304
0.28297290211691495
0.1528886202784842
0.16290605341269793
0.18332027989986316
0.23946561760843704
0.21738649397864762
6.220053756399509e-2
0.28152247150156773
0.10672029052170096
0.20455254145998553
0.24381400895925193
7.893858725853382e-2
0.22143123225679373
0.10632927888381394
0.2771394307178185
0.18799142957410336
0.2577230952788162
0.13012169299479748
0.30856802064395283
0.14594805464229105
0.1784478694437417
0.11815199545419855
0.20606941352891264
0.1899619315447644
0.2964927870252163
6.680073695598238e-2
0.11558708340701333
7.88660966451383e-2
9.47805232191295e-2
0.14438609359382734
3.856886785199785e-2
0.13981085870867993
1.9433081822406596e-2
0.16402467497069934
9.136469927292437e-2
0.21393027322717204
0.17927805139313335
0.13549487547462918
0.11871665800734728
0.32951092152286304
0.40598230853817385
0.25233022431143093
0.15830003221719585
0.13213409005105348
0.14657043510000337
0.10781664619212435
0.2202496143786253
0.15000274079273446
0.15565834974531872
0.1595825658031506
7.940327013657901e-2
0.11188255767262656
0.21163138840714274
0.14882817348295854
0.25887207836643306
0.10258084430176755
0.13884698653431343
7.613364233866246e-2
0.16228660993563623
0.20029963977329546
0.11022724740715459
0.3143329138157937
0.21126575591289215
0.26660703230875366
0.20318482900687593
0.22135351645674395
7.419892831428085e-2
0.14835292644685044
0.18681453067260945
0.16101344405244697
0.17461935254735042
0.11864955996337048
0.2468678848775081
6.2014516731788025e-2
0.13616676715907544
6.56048625158011e-2
0.21853434269997268
0.22612584258272603
0.2946764399289165
0.1780431524985382
0.23045497776218027
9.991120551194395e-2
0.14659648415634483
0.1838416562118729
0.20433310877347463
0.16167469486375946
0.12791451703948445
0.11187067482871119
0.20056431572015096
0.1182491161457403
0.1885159668751978
0.31623880762980894
0.12848767130874844
0.2081066301298567
0.14810553406305854
0.19426061979089293
0.2240531915951256
0.3627144688713809
0.17335274640101783
0.1021855390835443
0.10360960383766735
0.27066510825723605
0.11220376319842437
0.25434329728404964
0.2331474899108462
0.2115663909471795
0.2976139251555767
0.3468559300961394
0.1389595677620779
6.299180769707077e-2
0.22731294555854992
0.28444696002895975
0.2642458667184532
6.758544606828457e-2
0.2554570375025743
0.24984217433579428
0.22344006968141567
8.640642131131018e-2
0.20430161281998588
0.13232418293059559
0.15980083214150115
6.912636315506168e-2
0.1603454181440233
0.16588053243616535
9.91297061429143e-2
0.19110456384886293
0.17066496582118998
0.100823500360626
0.23294563591144662
0.20349524234340172
8.581737945786996e-2
0.16387645402519188
0.29585782080375395
0.16925978826932137
7.603232302650867e-2
0.2689391452071349
0.11683511244089942
0.1216962705444083
0.16074723381939224
0.18017352092714117
0.16802828282293453
0.1479601631506715
0.15423127361116332
0.23952133234207115
9.827138188290138e-2
9.956504555902881e-2
7.909501238995127e-2
0.11093838986609499
0.30386680903417007
0.11729217210879687
0.10924407763944674
0.26341694874695193
0.12387231956391229
0.19900232902750084
7.41709743243871e-2
0.334278708184596
0.14348869929064095
0.20136002729934646
0.14427250059237492
0.3033600306031615
0.3764338028871438
0.18375268665835404
0.16149735040876817
0.18595202274126116
0.12212055443933072
0.1020754883373872
0.2593859462422535
0.20519154012143787
0.17438703672951603
0.12424104452263154
0.28228444560661103
0.1479743525482952
0.19577376928792734
0.18141404543812825
9.057699030089654e-2
0.19905868851409197
0.22701010866747326
0.2549219672254676
0.12017209867454288
9.209865694703182e-2
0.2548098410132817
0.2790920005930004
0.13586700899118984
0.13724878894135747
0.10077884248428663
0.26213535784072406
0.23297595019043404
8.391712151645558e-2
0.1381965370429659
0.19926506874080827
0.12921090561844745
7.035235694164912e-2
0.11991160760614641
0.22055668104297976
0.24598918967693875
0.13463618904234917
0.15896343705540777
0.21601552983057287
0.18900211673157843
0.17595861624519604
0.16540896003523584
0.15315783347748418
0.10957536559466938
0.25482057781092304
9.033669725727692e-2
0.4046427922204797
0.19287078172483008
0.13851408059458709
0.15930980757878827
0.3023221599417195
0.18940275865559494
0.1440399245663142
0.28500414708188854
0.18915614475191797
0.2117844735083679
0.17967774932860825
0.1673802516978294
0.29595227751380315
8.772357263689985e-2
0.24208056922720173
0.2626070224496787
0.23466322477581913
0.20905547742239178
0.26601079010144496
0.15743872364830785
0.22435619508510163
6.967159227237957e-2
0.14988492537637157
0.24097083678501185
9.831082739436217e-2
0.16671265427702714
0.13014856914770595
0.20564424297794143
0.2625922983585478
0.11056784032196751
0.10673486223210567
0.10882869335418081
0.12396910020543259
0.26977062328910956
0.13007730870277637
0.11917724419682652
0.19266955608687467
0.14966377275184106
0.1606639588183017
0.1626134273158893
0.14610804387158566
0.20164716623886642
0.12867097978925465
0.16631116408439617
0.15786291176777958
9.874415917328941e-2
0.1914053766949625
0.16429803853040337
0.11722626988786264
0.12808686662761187
0.12138220908452575
0.280580045651995
0.14372419037932635
0.11494861209835525
0.18821794549077206
0.15886991975456732
0.12723964467309234
8.208921402475941e-2
0.3178262722590412
0.21230663450741255
0.10216731848951703
0.18831617172466236
0.15313286489821473
0.14454290167184522
0.19582445675587692
0.1245892175058457
0.27013879844070476
0.24202709644319625
9.067889159773597e-2
0.14816710355466314
0.13697938963865303
0.19352306829316543
0.29842025452198445
8.380887836447097e-2
8.584846647063495e-2
7.794791580614516e-2
0.12755666909733443
0.15504960363804043
0.21320298383554256
0.1529105764918192
0.1237572700810948
0.1365218880724216
0.21460428751252003
0.16947857756882684
0.11700892413424739
0.18029291868657832
0.16233488105896554
0.22402987591805285
0.16517174620561537
0.24548949185068464
0.15650736325478148
0.2518259760922726
0.3117485218173554
0.23465470073771444
0.35943855212237386
0.3049153413421052
0.1421126771439509
0.18112246468043422
0.24704621881424718
0.1944090033733094
0.1085994193731488
8.827360096399488e-2
0.1308989473128005
0.12335348055568292
0.15182962691857335
0.22414631369158547
0.21717200007583096
0.2704963877685004
0.18799289619737605
0.18701232876324658
0.17747587499372725
0.2916244406387974
0.13264388328819604
0.16646383569495563
0.2560974330148578
0.2590301697443966
0.10465628394881432
0.1772072006309112
0.1660948517213425
0.17924017165727965
0.30337389636251844
9.900286035152114e-2
0.12756886906557
0.1857335221885199
0.11300794304204524
0.12253981932161255
0.2511206872687617
0.17758021699174348
0.14613041544747124
0.17826487375771954
0.2175587242519068
0.12529054378908455
0.23128387817988383
0.1731313473099059
0.1521298629600589
8.63168844978778e-2
0.13525606874669954
8.918451066230795e-2
0.15093358049657363
0.1964142201122725
8.586888035223411e-2
0.26132247528731345
0.22032618877847338
0.16035935173822227
0.22714620476787725
4.638648360797012e-2
0.1620581177097659
8.259194030371461e-2
0.16351069530808204
0.19623658793421117
0.16712116189412854
0.17974674926088136
0.14535088243635125
9.505725269331558e-2
0.37711640065435437
0.1809342296669545
8.935716050723802e-2
0.1496437341130751
0.16593813293713033
0.3333195553590326
0.15100076695808873
0.12705676849600273
0.16807297875743635
5.6357167649586606e-2
0.12137527581195977
0.1956352949657977
0.15471826994331278
7.156505527042029e-2
0.22593323502510385
0.11640456161494243
0.15229628019392755
6.588077643455469e-2
0.3096183792409811
0.24593163999695183
0.14364456448650612
6.843052539714851e-2
0.13765033070448912
0.18831441386956285
0.2145100907866989
0.11497406710271255
0.15612736970599522
0.10817359960151314
0.16924371548563252
0.261162150191251
0.19810287369463872
0.21642484128795275
9.235770762231325e-2
0.18608389422625665
0.18234651632207197
0.23008665994953223
0.14483035785933626
0.15637123510498357
0.10500936298594951
0.19181190192727532
0.3233491756554148
0.21049252796049817
0.22273831175010633
5.466514192997947e-2
0.17089289985584433
5.149063150682313e-2
0.2553699740645564
0.21884409232311933
0.2104417475905112
0.15976144290953073
0.1505368969106562
0.2930694134298391
0.15244160100855841
0.16571230013678537
0.13445565426836473
0.1727604305351063
9.098425809996125e-2
0.12563188140625853
0.19053321333011147
0.1344696812926181
0.2893753085391631
0.1916711650134974
0.13480997860721466
0.21975134940139585
0.16207821572135556
0.236320605077495
0.15949921483145096
0.12679037737096788
0.1050084057945723
0.2891671768271708
9.68630327791115e-2
0.23681026501295693
5.189367117633155e-2
9.643989259529909e-2
0.30818543787190655
0.1863272626433246
0.12074461543085654
0.13158977134642152
0.18329518119628735
0.22432306049177342
0.20607487983866876
0.18759481170833586
0.25305480150188575
0.13117325288736853
9.045934112203954e-2
0.21909563962528625
0.20913187380231107
0.12082525256872456
0.37081532929709465
0.10989648993172559
0.19365602798787857
0.20245699140698936
0.17906263906575054
0.25011312953019127
0.2610118537469872
0.13674009744403093
0.2714391268940023
0.13984725475540036
0.24770449465398686
0.18590649552685595
0.12917916659657563
0.11578674192570726
0.2316226312092434
0.22858106799965153
0.2234619207931939
0.1644276336476136
0.20327513202040123
0.23422689922369616
0.2983266087318638
0.3267908761515949
0.11983506036586336
0.2132293969385409
0.13012093726022633
0.18715898090221889
0.11270896218750562
0.2480207068877029
0.22394727841526924
0.12344873409352697
7.645140643854546e-2
0.2076491769903311
0.1518611288510604
0.1367816589239485
0.14108200283745628
0.13094728959866364
0.19053493044433956
0.2499088501850708
0.15927093925339125
0.11149928571324388
0.14375272117109694
0.11833183120879406
0.21959025633581067
0.1206297644205904
0.2902020916144771
0.20736030036987768
0.2795859571795141
9.699502579862788e-2
0.18193199331524396
0.18500240121644174
0.24967443030145908
3.498417659388438e-2
0.2465969732004476
0.23180780961576014
0.18210475586563005
0.20985843290296535
0.10835912302963388
0.35103982417714025
0.25565712704339033
0.16195894495477883
8.83685622840882e-2
0.1372187496660336
9.74739318280197e-2
0.21685701076873656
0.15283835529901407
0.11245201350316676
0.2606234794201486
0.3206463073790309
0.20724295321638309
0.20644042403052926
0.19836433526619152
0.1508651699766373
0.18120626634266873
0.3508198744297381
0.2484814365189071
0.5229486740909518
9.74404175961113e-2
0.16006450698131755
0.111794828292006
0.1954211472051866
9.687636337561253e-2
0.21757384493844806
0.21472816739463055
0.19617362594011437
7.670209759106367e-2
0.12716301034860603
0.11397700095969818
0.12208640374329313
0.17434163612622933
0.2649062767525094
0.26205920683456424
0.16026899549638451
0.12035080138191248
0.21789333194537036
0.17964697756425815
0.23548959688230758
0.2862373756226352
0.2094166787024189
0.22810996746984685
8.326089349663728e-2
0.18479646685440843
0.2957715936695947
0.10505242120633947
0.30604694083005135
0.1983597672334019
0.2012108053810356
0.28114210548546614
0.11281631363644049
0.15131136761578645
0.11464798872887161
0.20244112087539684
0.11360152636225881
0.15366726964620106
4.717602946149359e-2
0.1127127273268926
0.11573477683938585
0.129077438156097
0.27124338172432816
0.21754997234699106
0.25398354507731496
0.17771660255092683
0.1389228577979798
0.18854435158641852
0.23370499474177153
0.13614336644588027
0.1418397418651575
8.503584338567313e-2
0.27964839496471444
0.27584069386626614
0.1394700486287371
6.367758380472356e-2
0.28637144680507215
5.214265942522163e-2
0.25010997976290594
0.12107394158981385
0.1694192634970048
0.26141266162917354
0.20949237774230403
0.2626979229306028
0.24156214703147488
0.24324542130397933
6.058815562540952e-2
0.11242031689434082
0.19592083995270487
0.1835586852272914
0.17371867351842402
0.10113024717405601
0.22726088875547829
0.16218227349579034
0.1959177894267241
0.13808899066312666
7.486538992555303e-2
0.19615665294971515
0.13855584224286946
0.12388685247033888
0.1880729465069162
0.30474454966774117
0.2890243055167521
0.2501379295242217
0.21832812115331385
0.11537530503116807
7.164157547485901e-2
0.15110635492838806
0.182803079518143
0.17746701226505213
0.17292714097898979
0.14792463723190172
0.2531106417193042
0.21509987253226281
8.587871790520253e-2
0.25689839019681093
0.15510737049397477
0.15098310262993664
0.2265285544513341
0.1423316993895683
0.1581993749054299
0.19335462945204562
6.332709613331686e-2
0.21406959645125903
0.10141353862660792
0.28176157011299086
0.19423693630492153
7.527468761134008e-2
8.242087257830098e-2
0.1352892273968323
0.2215211287479025
0.26077123609684055
0.1892798251375291
0.12504159671099582
0.13193189673061204
0.15299219584905926
0.16298862537551934
0.2979476959013242
0.22200128403750047
0.1785185082285084
0.15391146334013955
0.24696612173502341
0.30409391863972524
0.17824218781751175
0.1653336944355805
0.14477521501685311
8.462773631211082e-2
0.10873173244610061
6.419421568266201e-2
0.16473468242902603
0.26161717544754143
0.18843005128056162
0.13357165818656497
0.3394360582412821
0.16300622241964077
0.16343445879345309
8.859752560786716e-2
0.16119480278811116
0.21225381608145738
0.1427257660842694
0.13941953864477935
0.19338379456347238
0.15781867290439205
0.109373092374828
0.13775012128487174
0.20394976075718513
0.1831313671951842
0.1553771415564596
0.17521142168324783
0.17342385725567283
0.13106749835783207
0.17437095426813615
0.19582446933591036
0.17402598590316215
0.1743737791692866
0.2412060626857755
9.63153320879617e-2
0.2082186554541388
0.17676245860053194
0.1886610243656148
0.33218417137080347
0.2592197578187304
9.838402940708599e-2
0.12319936164492065
0.10901545293021023
0.28462895193000376
0.1490509451084188
0.19347785431794956
0.16956197713203408
0.189171146064662
0.1476886860913759
0.23528714570651638
0.1869320859979271
0.13255946853475087
0.3792039889011946
0.2709127129561225
0.23958461442045476
0.24690826455522125
0.1607921233183685
0.24100124935057812
0.1528704127347699
0.12786169821076446
0.30586327119529677
7.036243855713671e-2
0.2245563954757373
0.17693636919837727
0.2641679300183708
0.14399827641930948
0.2282432066283305
0.19648268687223203
0.21510748104140465
0.11222611533531332
0.22355310534404665
4.616756090537342e-2
0.19855835305572292
0.207133697295843
0.20386022089954223
0.3744844575746852
0.1703861731030892
0.20344962491168056
0.2950098386465782
9.150668534568222e-2
6.65907089249224e-2
0.17212969665807187
0.2567347513557088
0.24115815116748368
0.10102753672965248
9.479933568878375e-2
9.738800819766402e-2
0.14266381632756545
8.37487028134019e-2
0.1558295882308295
0.24937389983254152
0.14952233027941048
0.20481619730722067
0.28935282158440767
0.2857013668126484
0.33238632682948377
0.22727351363374923
0.13642878585930415
0.2833459987243625
0.14206483369332998
0.16421059761686382
0.20916977047712176
9.5825715761153e-2
0.23457791717969378
0.15295951866042623
0.16056978691854656
0.2358977627459753
0.16601137334352578
0.17403469562466994
0.19344561840120086
0.20255664203689733
8.747357915140672e-2
0.28214896674873063
6.795444310343154e-2
8.81737976783313e-2
9.835114702007067e-2
0.14679496876191642
0.20575732897850382
0.20425457472387176
0.19535410479394882
3.4324542531926995e-2
0.10975133488391112
0.29907001698039404
0.20697269233875573
0.11697781857461956
0.12953724734905117
7.611464818388243e-2
0.1512223096606218
0.10333621387448744
0.18883626945084223
0.15060149142506213
0.2534261674685223
0.1913033278186414
0.20151539743094857
0.3127998297746737
0.16413071477923197
0.3339289730811319
0.1387099723326554
0.15119048703622162
0.151346526091294
0.19136820840996918
0.1608304903708587
0.25165357834323604
4.536636189383786e-2
9.630087467336404e-2
0.18906255040086348
0.15948339079557247
0.2654899112623225
9.812245855568025e-2
0.11178369676115855
0.11467733755508358
0.2589600636830147
0.1465772252926912
0.2297206634660057
0.2634568166717433
0.27317070239772817
0.27768020378173575
0.1068201320519477
0.1407208333228271
0.2134674171687349
0.17369415055429852
0.20161148631620335
0.1118048950230214
0.1338217087566756
0.16412029823170352
0.14508513159420283
0.2751058582335614
0.20580265251087662
8.154330071095459e-2
0.18570286472066336
0.17815904507831842
0.29305512559129504
0.11100199360465526
0.14122230442233077
6.789849848065517e-2
0.11387796231009686
0.35578623647072827
0.20124822981401827
0.21726075239997972
0.20801658387820315
0.24316884937459798
0.14881761286966907
0.12258159243786919
0.2475102533272484
6.008713638189238e-2
0.13500104809843178
0.3396086183668824
0.1867374068156548
0.25984740708008236
0.19312402687207214
0.1694898666979539
0.10129906757968143
9.70685477493788e-2
0.15384397723537485
0.25594626639046264
0.17546373267016319
0.12239330479590413
0.14306672782755406
0.2254854769929615
0.14797026347351708
0.11476247104783947
0.3070540691832192
0.18928208778738892
0.26520815801068853
0.13426179148860742
0.2546007514357078
5.935975499094485e-2
0.12649379033805644
8.523567517383843e-2
0.2714496612151557
0.16995764625610416
0.27151053329049
0.16420661078055032
0.17910624871279882
0.1762011279634061
0.23235489161286224
0.14691443902316445
0.3280658401934303
0.2490799632668908
0.28123468121625783
0.16959543889937767
0.21321875290628714
0.19802683369614194
4.17071243929236e-2
0.22778124790743765
0.1433683951580807
0.18031063537943604
0.1842382036061008
0.17478643514832107
0.16123395699800627
0.2615035724302798
8.765841233570836e-2
0.26538848119670433
0.11517642169218634
0.10377415696693577
0.10474489944934402
0.2517055109950686
0.13094751225037785
0.15727770210587125
0.34271359315626154
0.2499282355529197
0.17515976983734588
0.1696641743578795
0.176382644462561
0.2146317138809941
0.15426934054067643
0.13067450817407938
0.2919534670877354
0.3742846828826433
0.21790616482136835
0.2569643151548376
0.2605515464515512
0.23724425482502673
0.15094738948022468
0.15977722045661105
6.114929159271829e-2
0.1586206564383498
5.911910796179577e-2
4.207445877129623e-2
0.24480294837598518
0.22039622798332398
0.21945157852900135
0.18852198309668614
0.1550959286951655
0.16426028037910742
0.11607728788802049
0.19469844409075546
0.15694293965293293
5.899297551552972e-2
0.20692443660600812
0.16479465161795673
0.19812753169904113
0.17446637393193018
5.860559551886483e-2
0.1487197149002335
0.20120252967886842
0.15291663224845092
0.16530707843116446
0.26312994916748067
0.18822820908234755
0.1044254007487879
0.13700647976396546
7.634692107685635e-2
0.21270853583215846
0.20883522136931157
0.11846056351124376
0.13341730993218065
0.16222273016972885
0.1293115529702819
0.11616898334428578
0.2888111124328974
0.18295530145850047
0.1686851973450357
0.15771423273401913
0.2734251823192833
0.15963623251694797
0.16249027985430173
0.1504366314125076
0.1597768418948907
0.12580108871009452
0.24455020354937176
0.13228989542564876
0.2024707170980457
9.808114186212012e-2
0.22972044478595616
0.27338332252871383
0.10376113971266987
7.638290357529146e-2
0.19649162842114248
0.36934834852464365
0.10127517828755603
0.22421971462010776
5.100359308485601e-2
0.139056083402625
0.1158571629985139
0.30946366770855893
0.16743913309148178
0.13745373771174063
0.1266884443947454
0.16171799049879312
0.245034080740315
0.3134504566380001
9.881404449583969e-2
0.21751194978929234
0.26684880626515806
4.639054345697038e-2
0.15966632614651782
9.817438439098797e-2
0.29046530054802594
0.17975945288180933
0.20670278094935615
0.2361487599989685
0.14540479048019345
8.118496453539781e-2
7.918463728471395e-2
0.2341827302856216
0.17800151299823685
0.24605237698148477
0.10768399484810338
0.13606877916496285
0.1620248709038814
0.26785885699455275
0.23031772604689213
0.23713238387153118
8.079099154167776e-2
0.15109547121548034
0.15006604335048354
0.10042207017345003
0.1109382786682119
0.29593529555673304
7.168919336324445e-2
0.17484478401589515
0.2796489945617347
6.847966155579667e-2
0.23524076892082296
0.10323498073906787
0.13903513021466107
0.12569893720201875
0.13514536283573958
6.505691553938542e-2
0.19370858416309833
0.15928382472855263
0.27514760570112884
8.87709899004783e-2
0.20101920485647296
0.1193251591874362
0.12181162782299886
0.22937620206409867
0.11241050124428979
6.935159936462686e-2
0.10345046797635611
0.18559051059414505
0.11490995224939957
0.12481426971970247
0.18483602633237511
0.21424213551033672
0.1692950237533975
0.21020190223304308
9.373241331281199e-2
0.2246958276703051
0.3430808673026993
0.2280612789428877
0.2684156744232669
0.1659762997749963
0.16543373162765984
0.13765073365213604
0.35686222573575116
0.12905310821854105
0.1567760051862696
0.15764438200955147
0.168132001832404
0.3471601098013798
0.1908207828644929
0.12451319036005101
0.2760706413747066
0.13306231463101514
0.15606543702804068
0.31876402383154734
0.17216483075802902
0.1527206513959268
0.2594502615230766
0.1798709921049259
7.597729325912765e-2
0.1431678664689337
0.15046317375137083
0.15277099360788032
0.11486718388119824
0.18064074596985386
0.21749368870766608
0.1863020608409574
0.234355926842371
0.14277775147856997
7.925629822985604e-2
5.728797825783992e-2
0.20802768199486393
0.25911397820284005
0.2753385887812563
0.13657593680977004
0.18511262764779834
0.2132877892870823
0.15795138412947707
0.19119318009345293
0.1770283243005633
0.2212806224351173
0.19792772009449863
0.1087307283784007
9.3893018548157e-2
0.21717098954364128
0.23420174812846675
0.2649400853887506
0.20521764815463892
0.13338461450542816
0.2245199223460546
0.1150845154708735
0.2565645016404464
0.28373726802755794
0.1732205851535899
0.1088698894081036
0.1424945736266363
0.29201603447372204
0.11624014017996649
0.21875394331049428
0.13738438008293766
0.19143169011125127
0.1216432487935549
0.11851020310463892
0.1485654462053771
9.119588141781852e-2
0.1939616972970537
0.1675460532309419
0.1948019190607983
0.18922581126769417
0.24354958343169572
0.1697715505252361
0.15742896287051106
0.12746634169083831
0.21782745261327402
6.427715742230528e-2
0.11260901981280225
7.316518614311437e-2
0.16321200505748987
0.23867104130200018
9.084035794666202e-2
0.10974216183617631
0.21679411309178614
0.14229747247003288
0.2046134923799058
0.13903719773780843
0.15172368055459123
0.1492747706495779
0.22035838159860655
0.2846268489116862
0.126307883617514
0.14310906256124145
0.11311686185797827
0.17434486209208372
0.18156574838969858
0.11193972958356697
0.2236183631782401
0.2763102852323711
5.0040631064791764e-2
0.1573433807151469
0.20305975351171485
0.10008132287142457
0.16590585700796884
0.1999544976576794
0.1371072919400369
7.873931216620753e-2
0.2746274347288612
0.1961276150465759
0.17581310909454495
0.35047972317799403
0.1584369948527359
0.28380002977917407
0.15246146894574752
7.53827790904597e-2
0.24669570968287097
0.22873652034311562
0.34428412917732204
0.17727642187504444
0.10366731116250083
0.12591752084431182
0.21164612318498127
0.15007703918308085
0.2026296364031701
0.1405407051084559
0.13512210911699052
9.366414702888434e-2
0.17380521124755655
0.1951081380079091
8.590552757382082e-2
0.2469504979115531
0.16585677610616736
0.18699093225043253
0.1804981009287106
0.14629520056186457
0.1875178323678514
0.1500650498951656
8.201553596073752e-2
0.25488263315396525
0.18460487082424965
0.11289537561495425
0.13112818128075932
0.15130814311487506
0.15652160528617287
0.1421249908463193
6.576981681081437e-2
0.13096887871566548
0.2870786050261752
0.15890392420523022
0.153753387104295
0.32084645619277874
0.24808224976865373
0.16888855423862417
0.2344964565416418
0.15120612904440373
0.15712804784569534
7.62032098136691e-2
0.20969726372847938
0.22040884125373816
0.23295127021141773
0.17270606390891902
0.14519585399647766
0.10889750053280449
0.10368454246573593
0.21079645113881273
0.10314684042646564
0.17502184105430602
0.15195305318707195
7.76359779932383e-2
0.2037787418732492
0.25002757745195925
0.1031643763749136
0.12785844876518587
0.17448541339763385
0.23436050698936794
0.30103442157254745
0.2699979473550947
0.20147396884367358
7.193072537944778e-2
9.955673966556229e-2
0.17554661205014097
0.19139715819433492
0.3525843133518802
0.20294024632004568
0.30111740974089185
0.16556145838195205
0.12967099493368575
0.29553211100740634
0.11711278630549829
0.22799203580258828
0.13156370326873296
0.1794056535931045
0.39841285779821467
0.20583440402904793
0.16368221668186816
0.16875265242200035
0.1265354724004092
0.26599476625159546
0.2359953372926546
0.17263245760023946
0.19860694565412895
0.2110777916754965
0.11220803344115397
0.1550829907760482
0.146770166322954
0.10528929504733686
6.735766751202295e-2
0.17207550593463788
0.12948003412071254
0.190929018238724
0.273203653843166
0.12308330355452694
0.26352969679405547
0.1842411210054696
9.126565347655165e-2
0.1767904430498723
0.22373585622846962
6.891801540282808e-2
9.376138042089414e-2
0.30718131576195706
0.22367456094502963
0.14141225743056665
0.18776766304098774
0.3931439125020233
0.16163590694571903
0.18068561017838242
0.251998379249057
0.1830320167990323
9.444144099735743e-2
0.1722391584240484
0.2320904853870387
0.20666907189910874
0.10448614287559392
0.12947096294089838
0.14638465828411668
0.12540879350165285
0.13789117771184903
0.3059336856450164
0.20480495813227045
0.11325172342141836
9.7460386419848e-2
0.21101277336039717
0.18258695394739827
0.1807052421861184
0.2043497272347253
6.660180977698073e-2
0.23853145114675955
0.13298834681491173
0.1859531671682107
0.25277429796139483
0.1300039710038802
9.147381968577575e-2
0.2446716492151931
0.17880817690834389
0.2051377236995992
9.277177665134718e-2
0.14573421233202133
0.2464003222825062
0.22524960411771086
0.27464293598278583
0.19105905776719107
0.16900619082345197
0.20678273905029493
0.213074812764063
6.971027762681323e-2
0.15271846815110224
0.11706406435633872
0.18362212718737747
0.15992347730060272
0.17731720003509968
0.13094767912377225
0.23864061282877982
0.36828494243332843
0.14316240376761086
0.4538898130950028
0.35240032841216806
0.1592084088667249
0.11138241599863012
9.675392302835598e-2
0.20915275888607252
6.801061010035184e-2
0.23714588681882204
0.3962353625688472
0.1256303590685191
0.19560566764555162
6.0131988006257096e-2
0.2291755728725861
0.281753449134629
0.1808022281862905
0.15250356466463205
0.16841476345522582
4.825531144807432e-2
0.20458308929949687
0.17272843310152663
0.26778925769236844
0.2167400432579508
6.612721715238265e-2
0.1435910778957452
0.153263695981647
0.19058982257466156
0.1206725584472997
7.356635657757579e-2
0.2393265500468134
0.21936491390790414
0.2667965809702076
0.1972890664394857
8.983668575044186e-2
0.15250481126472612
0.23936632382452117
0.1197543302274846
0.23649373823207265
0.19756604236468506
0.203010975047958
9.101940890051567e-2
0.19072169497412333
0.17743048376031978
0.22519052630534614
0.14588876591666597
0.18605912500022867
0.20372830391573382
0.32567516982880274
0.17711595077106704
0.10235699885053895
0.25603350658880053
0.18873643901052534
0.22737561126163958
0.11299939232683757
0.11194595182887265
0.13873817916162096
0.2131706351039126
0.1301596753907935
0.23164375666331183
0.1435315260755418
0.13259783920819465
0.1453783927916265
0.20787858812077092
0.11746734805383721
6.229416473285815e-2
0.25178793813433814
0.33437567610229707
0.15824727464206628
0.14729736308298752
0.2327478567314234
0.16901189711236225
0.1675196984524859
0.20012634701838353
0.3024494430606704
0.11334428604243504
0.18721697126843967
3.297862423342944e-2
0.24355572462063085
0.22791744007146558
0.1434804959059929
0.13136503391928808
9.607089240354455e-2
0.15994026622506796
0.21443284394688722
0.20710854763557837
0.128389930782303
0.1409262764311515
0.1709717234305217
7.284011636620318e-2
0.13143377721549268
0.19813788855163933
0.20803508530945916
0.12849072772567766
6.578594722238354e-2
0.1399872522360126
0.19739955864814512
0.2261037501016006
0.19935619169099833
0.22137109270608848
0.24388957486045326
0.11866727780804232
0.16242997214279642
0.17185616532617112
0.11674873685460688
0.2208475172113312
0.12517982814107503
6.997901616190068e-2
0.21269487387134484
0.3758440172217957
0.19554893948414126
0.29796127444538134
0.10754729450408229
0.18259480580287604
0.207214903999586
0.3117996753401145
0.1081480647901412
7.41497119722277e-2
0.24369832861657087
0.1655051465301451
0.20300157532701882
0.2206034043073382
9.749092823203899e-2
0.26033802079209833
0.17305639219122643
8.733662578718128e-2
0.20531236883260018
0.13087317874428947
0.21983554211231873
0.15304633118863697
0.192787282226691
0.3216417888837639
0.2446675914056961
0.19751789467334255
0.23060055928024745
0.24416751467409478
0.1833944013334913
0.18469460402258733
0.17032836030237608
5.9997929381872206e-2
0.1283997604916125
0.23089246887156706
0.24706296893604468
9.797177761481711e-2
0.13893880570767247
0.1367344115467537
0.1394889473709587
0.19214620754458864
0.14553989500295952
6.522629774347438e-2
0.11691409590786236
6.467967336807426e-2
0.2025774963471462
0.17167133524000006
0.13610819463553067
0.19821169658503898
0.24244548279541406
0.2069764086065367
0.20854093541891353
0.20230999402087516
0.2747170797800194
0.29601212688222
2.235374247819749e-2
0.2055912880767999
1.7123983556950474e-2
0.12010512960138975
0.26182435580423635
0.14972427443132927
0.20954897216104956
7.705956246218496e-2
9.217252667633281e-2
0.1487575597961123
0.14691743451181566
6.869077603918575e-2
0.28122115222769384
0.17190084456637397
6.929346668970342e-2
0.1067730053745218
0.1521905305191023
0.2659800228793608
0.30654803302081335
6.933942068856848e-2
0.35389982407856746
0.11005726302257961
0.10015552145250291
0.13182090215088835
0.1561732417755052
0.13205013185965703
0.23467499401037256
0.36124413772205477
8.548524991814552e-2
0.18171593590844748
0.14168355586344536
0.20158497695614175
0.12812280878585222
0.20453974854313203
0.15031041254676913
0.2086962212127525
0.1650798873898057
0.17492400654973173
0.11194963507651123
0.2541873850249293
0.1805077498686066
0.34019389007514456
0.16200883484112108
0.17673863568918946
0.10644082051172302
0.17004629428258414
0.1706607154657815
9.488527641765074e-2
0.10985130181813099
0.11023706642687536
0.22628666823776214
0.19605452019982234
0.1630278446358176
4.907453375363281e-2
0.17094032576083235
0.2000241000060213
0.11083873723480338
0.2592481291864795
0.2525692562387089
0.24134853376239745
0.13631478519236712
0.17539122800286075
0.12110924829419874
0.1590315428743111
0.10824369163344993
0.1807215858254096
0.19848290590906165
0.10639932159707852
0.26456792392330686
9.049451606019437e-2
0.18059288998223563
0.1580196716457088
0.10870494452307902
0.19594667242489808
0.20794822543532923
0.3356032221442623
0.22667402015842691
0.21883580693620647
5.87404224425959e-2
0.28232817297942275
0.31533164058964036
0.2092100789856683
0.12221241951551691
0.27050608454732583
8.392223305828281e-2
0.16297799300919474
0.22895014143637846
9.556254998496008e-2
0.22453952434892951
0.24963857361973885
6.509230447748018e-2
0.10233236980438794
0.17238001298849603
0.11601678310744235
0.2189016072534083
0.18034777036161737
0.12638851434231319
0.11472024425998537
0.22435713580031774
0.15387850053944022
7.130734375052353e-2
0.25766738086433905
0.2197111552298651
0.1525144591058091
0.11001412906960766
0.15507923708441543
0.2517453331378359
0.24170654952882115
0.18159554319815205
0.199649052804108
0.3032133241555535
0.10038725490710343
0.25484352327939813
0.2098188311989601
0.30736809884753125
0.14327552002594218
0.29443570663569096
0.1718006005822368
0.10862416435289249
0.1179234078034117
0.30337095088701493
0.15091611009971867
0.11676826026449919
9.078017842102559e-2
0.1388514250040428
6.179391719814065e-2
0.1656029610815386
0.15835105793963708
0.11675912815943126
9.893916797338131e-2
0.21637659821041968
9.49584329792832e-2
0.1864597047045194
0.2990599482772561
8.398309392652545e-2
0.12352581606926316
0.11462281891232687
0.14486149160166328
0.18702313607032933
0.16611768834675572
0.212995558255637
9.649763909000895e-2
0.23442481025275325
0.23113168942733003
0.19878061479631357
0.19974937853382418
9.037282094189494e-2
0.13461299368708576
8.25481603858196e-2
0.2817296025573758
0.19909038054002978
0.19889046070380506
0.16784302956213984
0.18179179817124513
0.21286818479419417
5.132446369448705e-2
9.048434951186939e-2
0.19294061286297826
6.363156720919931e-2
0.26676699782546176
0.14555871275258164
0.28130931110095353
5.198164794126512e-2
0.1103445817103299
0.1948419842646115
0.229820309782574
0.2868633039035024
8.15698223613593e-2
0.2208747126437554
0.21953153036597683
0.16832892530329788
0.1033713124217237
0.3457379220313175
0.12609789101766208
0.190611840503573
0.18172804320102914
0.18574363137181343
0.1367161507858759
0.31124928413937
0.25001822245148253
0.26519943481178176
0.18989143865754507
0.245190442336791
0.1210809722483707
0.11142746058186188
0.12711004298415807
7.153934835643735e-2
0.1564420399963014
0.2220394907251162
0.23982280176907395
0.15741192797888662
0.11240317725991877
0.21888829835362525
0.15403123752240414
0.17830625130327013
9.622044223130095e-2
0.1121417021573832
0.17168205776860387
0.12996353933054666
9.291047639499248e-2
0.183686128356306
0.20733446713321357
0.13128150700637672
0.26674560270809994
5.14517367572235e-2
6.970609487611741e-2
0.1974312599221581
0.276431728775865
0.13357361015388092
0.2654602169363903
0.2143446292880793
0.14893307278714976
0.17164375678102967
0.21082138173926848
0.12697959497971378
0.27922240596679176
0.12771439646109814
0.1283824540292679
0.1142280923147145
0.211469484282921
0.24229037211867127
0.18140974971123927
0.27518303460625965
0.2640472839788437
0.2526122347386222
0.15506624165632749
0.12338775255997994
0.17188980646695334
0.11744339993395095
0.2555712977156345
0.30149342150841696
0.18477701665555363
0.138415283641743
0.2323441187229675
0.23293574353315005
0.33673000194127967
0.10579890862742843
0.21599420219647875
9.956878690277088e-2
0.17162987262353382
0.15022186561169265
0.2009285730970881
0.14106905508401152
7.07331627328453e-2
9.624150585847392e-2
0.24372307112782857
0.12818023965948117
0.1317583122172475
9.606084727422902e-2
0.16343955119557957
0.13229572202299691
0.14215233639083044
0.23918664654554292
0.15080999853955718
0.12053684317414741
0.1673059625902898
0.12335890829847437
0.15884959176065144
9.564015092542595e-2
8.910988402716655e-2
0.1644997409931971
0.20737061402603807
9.803784057433304e-2
0.19558923842686
0.14109077682564994
0.30364269739874383
0.20243390379425655
0.23103165711520993
0.18505751783057747
0.1747768514962799
0.19291388740510587
0.23020600454465173
0.20786500303277872
0.13429128072257357
0.30630385535374866
0.1712602727136837
7.891399417865175e-2
0.14931833836691508
0.119638023729103
0.15508575596112265
9.251745850026906e-2
0.15778347657152475
0.12512913265167386
0.10399737666933584
0.17657249558845806
9.669040675649995e-2
0.14458746270856643
0.2106702935775199
7.09240734104152e-2
0.18017747930889533
0.2786519226478751
0.22419167977169346
0.2281982495239056
8.899777096738906e-2
0.2967465732105091
0.2683823001231551
0.23825450872484613
0.13372270472963152
0.1716785795921246
0.192775691757598
0.11497073899363866
9.187162768657335e-2
0.22007712407192354
0.27023889337293355
0.1406627185318702
7.082241036687145e-2
0.15621810419748025
0.1901563237250885
0.11781888311387143
0.4196428140517314
0.1467187542151013
0.1715000507443935
6.344942608531023e-2
0.2730810180581624
0.14527844426751257
9.926882882715683e-2
0.14474347571566612
0.14978306586736786
0.13852372904495236
0.19421030612168083
0.12445059612509479
8.745525449950321e-2
0.21794385877404557
0.19956300510967462
0.1882109443481203
0.14027978077822184
0.2318406549959478
0.12560045015375954
0.12494604733377637
0.15949853320020332
8.575976385755782e-2
7.772077799753858e-2
0.1901297991229886
8.294057555288276e-2
0.17392222091774714
0.1132964268481635
9.218878188677576e-2
0.21865950701983045
0.2968945877616956
0.17197614294346406
0.1961360384187778
0.19358020065073922
0.12357709560240374
0.3204001402890103
0.21442065056490237
0.23113605768763273
0.1607143933227746
0.25932837738755377
0.21364912532650368
0.17973150686416864
0.20201051315773189
0.2084404236030654
0.2860723627762865
0.23652555955577187
0.18499328498455386
0.2408059631312438
0.18729332424028894
0.2600680943658982
0.12135646181740467
0.17894751235642387
0.2511571684397682
5.5230346086712755e-2
9.741824883874907e-2
0.20150053845381452
0.421343053417038
0.25227903424310083
0.11728006833462457
0.16895846638609088
0.2438427496917334
0.26048368805182526
0.27956393232008053
0.12936815529453946
0.23964955940728855
0.2579295388035054
0.14245169604037033
0.20696192615951903
0.1285762649103465
0.10007900308080253
0.2323748237999887
0.13742555406666482
0.16089617425512132
0.22307184055400414
0.2707883609164358
0.2391093673158151
0.24083498713686752
0.12495332195107109
0.11891874029533875
0.19216239529023407
0.10018836735631956
0.11271525512990319
0.26038608205424746
0.11009965718903544
0.16336199936990678
0.1503247786117256
0.13833030157142717
0.20591522759169795
5.682314006136822e-2
0.19654601229563567
6.846002407706073e-2
9.482313002578857e-2
0.2819831864388833
0.161304242753494
0.13454637430297453
6.1858100698600524e-2
0.19382812238197683
0.1518937709345313
0.12067089288821968
0.15124858749378484
0.1519512234968769
0.1176562942794348
8.242329582583773e-2
0.20364746866593228
0.15023621676820936
0.115604347395139
0.2344967981476287
0.2619844221536716
0.16215918319454709
0.23189235471954878
0.37081898726524953
0.16830436688275752
0.17598738579505835
0.24573086386088533
0.14338193155040777
0.19406180296372216
0.2230392545595592
4.07593347901805e-2
0.16700878090694815
0.32882503110850597
0.2201982100809096
0.15017340486176342
0.20668535473741984
9.390219645014487e-2
0.1452058091495453
0.23367804650119078
0.3026891174521638
0.18458027385224177
8.007988779553935e-2
8.465233712864409e-2
0.12230005205301005
0.18564754612138992
0.1754690696287991
0.14779445504592897
0.11241509439366308
0.19242723919937368
4.7495486933517114e-2
0.15949178190958763
0.3555544512194844
0.159422775232754
0.28579738557884443
0.16543870583005943
0.31957501616136796
0.13998810916552729
0.1658748825622564
0.2195656991165374
0.2216570645243733
0.10579148766380297
6.276344484462393e-2
0.2621074532632361
0.2464525642403516
0.19228362224070622
0.14565892078745785
9.678482515513165e-2
0.12549473461462618
0.10706853999364307
6.892547633811094e-2
0.19090715872256683
0.18039323413978586
0.21455818137923757
0.2734577691355536
0.17413998871270597
0.16502560222537957
0.16313539853753745
0.27858348469039695
0.1816656974851966
0.14956867127033963
0.15821529172770424
9.572274566175745e-2
8.993083238320199e-2
0.15191122443099808
0.18958657596074632
0.16545232593636788
0.2242064024065021
0.2121194523233755
0.11001827151772758
7.20078346500496e-2
0.14645988824288234
0.24318342861484657
6.170442095164821e-2
0.1504339498724983
0.16542439679592202
0.21581625384416872
0.214824553823063
0.1970775186862487
0.16586379093980033
0.3229346303618085
0.1732068463451821
0.1899423399551247
6.202465607427919e-2
0.19917055385698576
0.23347369608296353
0.22305519735495247
0.11795792919991961
0.10419863969527396
0.17317624072698568
0.3404996127073486
0.19905315941808566
0.1375794494122094
0.19925072171890784
0.372345695520338
0.2527615815587748
9.977984146358132e-2
0.14612131878011983
0.25159242954460115
9.21222418490383e-2
9.607852997030766e-2
0.15991681600656427
0.18924564962261395
0.17354207445470332
0.14933933833558394
9.364508729758655e-2
0.2620188124557151
0.3545984059641404
0.12860749579492387
0.11330202335041628
0.25769381968260174
0.12457921620103748
0.24072299681338372
7.07595200657282e-2
0.2697860355553414
0.37668852001915265
0.12402009096366137
9.951434796138922e-2
0.135040387963071
0.23153822033559654
0.10625935325588123
9.124452348420013e-2
0.1409377075091029
6.76746299840898e-2
0.18498484226572037
0.14540248264979988
8.44783490601638e-2
0.19296551376064702
0.2833387365061063
0.25278411927371414
0.1905270709191235
7.302184958909966e-2
0.1720105637123494
0.23312452092760272
0.21357291267639184
0.2536112686289183
0.1542621934375647
0.11025654906757829
0.22068728186937894
0.1390776457046304
0.24954529073457818
8.338467134089718e-2
0.22931993979911844
0.16446171665804954
0.16989224557495375
0.27452346177063375
0.14967886413602977
0.12221595575609867
0.1955311610962048
0.17722204451988857
0.19579328153859224
0.25143287781272966
0.22813771732726976
0.28853442036862353
0.16465027607147092
0.10035993766849813
0.26281353832962856
0.28442251096106563
0.2240335401263709
0.19774704051874298
9.773500756526735e-2
0.14839321719606127
0.2163359525610961
0.1581913014839606
0.21414114887227545
0.22649954428562458
0.18203141744901813
0.143327575798503
0.1987861485081362
0.2721066720847153
0.2801326826400267
0.16059759126864095
0.12029487758673721
0.2479069209925874
0.21687120052814707
0.21485029390283455
0.1437437956339463
0.26164491521059485
0.2825432084528614
0.11315446929015086
0.20191054571830155
0.1807623378032714
9.896774220223177e-2
0.10825716926224453
0.24564873883881147
9.234182834432521e-2
9.211739655045181e-2
0.27678229247909336
0.1843286245381042
0.27263763751446607
0.48146476814310607
0.26805895926761025
6.745102911299294e-2
0.16525303154438967
0.1187246969421191
0.11562759422464364
0.15452209177351967
8.072996404141855e-2
0.13542763869809593
0.31093552392470103
0.3411843609510242
7.729150957607343e-2
9.486330676392306e-2
0.23019357230342616
0.18645019650651368
7.871102622627181e-2
0.13179596005272068
0.1682494326410719
0.1584897563564432
0.13479654218907147
0.11940894531521265
0.23435740776631003
0.19521091745399247
8.771737322901146e-2
0.13936359164244133
0.29984512659179685
0.20876375120653426
0.1456476793156901
0.16689045395024418
0.18008427919596193
0.2796318010156442
0.2604620469362785
0.15990927731345414
0.14994658878375872
9.924718318066808e-2
0.1523082508328764
0.11297231205225819
0.10757009334374498
0.2322787243165642
6.486590024119765e-2
0.2075608902514416
8.57744030928424e-2
0.2276084868611418
0.2547631913652692
0.10211157639153581
0.21622857036387738
0.18150789274503604
0.2779995105660596
0.23690900886144667
0.19940397254939343
0.10274171622803804
0.18098782813834458
0.2654061657253012
7.856954791892884e-2
0.27522860153809436
0.16011336823220387
0.18959299879175417
7.449479137656027e-2
0.15060913007489668
0.2465034207949029
8.889938781039984e-2
0.15699401341541314
0.18333557061846176
0.1840338240111977
0.10090692165881635
0.27388622560980835
0.3558034176742433
8.292115915647943e-2
0.10691479747499917
0.18250960776999603
0.1571566158339481
0.22131376127853888
0.2748634876998319
0.20424343305837275
0.2089441120769445
0.2703673385155095
0.11571604048497511
0.23271191646076278
9.188864919509475e-2
0.16406141814305317
0.16034216653878164
9.535048425906725e-2
0.20881425509732732
0.31125228723271764
0.10029175908053163
0.2892812267229254
0.21575375665349297
0.1709434185931406
0.26412427511055325
9.254007233507405e-2
0.3271428252266554
0.23094377390516413
3.550638597047503e-2
0.11905871522669069
0.1803027867886112
0.16085790190396113
0.1557169073695452
0.14509564682179824
0.23231899516134863
0.24727116216138265
7.25700938515496e-2
0.2765297261516504
0.15269727739634598
0.14563191377826268
0.12420017094321523
0.11949400127671987
0.17414377914382664
0.14817216857276322
0.20537202939529503
0.18527756400021692
8.666206855364203e-2
0.19035282397804607
0.10120852531141393
0.14061504096373448
0.17979088124876158
5.393732818476772e-2
0.1256904075126101
0.14111835502356213
0.2656122643740976
0.13615001242143993
0.12332729898029811
0.24434851437564103
0.25283136885261037
0.1738171452088128
7.191352016394209e-2
0.10360727194734105
5.717572276402773e-2
0.1806617386505868
0.23092933562290768
0.10157179261475617
0.11120022713294364
0.28180969248287846
0.3213151171846916
0.13545862920610185
5.310939197585164e-2
0.12890056039103734
0.2494070277092423
0.17526351150671526
0.13931765063587495
0.2487756093918902
0.1785797778584858
0.16787822276873604
0.14138360019064258
0.16332760341875976
0.2480913053871579
6.793972698198096e-2
0.25035763227763985
0.18601731191699997
0.10921230124504344
0.22972440976805117
0.15404693865755056
0.33364761188112557
0.15564100409313894
0.18732541308821032
0.245227332165042
0.2571742146451606
0.11939800229833124
0.2436711440602036
0.12015937760229345
0.15421194494513543
0.15563013008408183
0.13804472160962403
0.2276909127459247
0.14293131151230218
0.11036539163292321
0.1676601610529847
0.15173823159459712
0.11897923659027887
0.2625478631254107
0.23719250143915174
0.2706473614573575
0.17117931718274426
0.18546253836645066
0.21991948939835781
3.779652640117258e-2
0.16560083118752994
0.1142427172820967
0.22214328797500596
0.26257514351768807
0.17888176013429588
9.890934987237719e-2
0.10184021345160883
0.27635510867884844
0.2272744444155986
0.20837455594305743
0.15144096341779445
7.289567667789384e-2
0.14191957030500896
0.2301635960195978
9.48695791562253e-2
0.1601712170745055
0.16843194301596082
0.14501113047585606
0.21742925788280437
0.166003317462272
0.1567401912039384
0.18275126284590487
0.32709378669093153
0.26872674245896183
0.24172860271694874
0.24578243770458422
7.709897448710049e-2
9.741668176666408e-2
0.18874990188260393
8.846256763319268e-2
0.1445063994088252
9.952719630989781e-2
0.14031009416951026
0.13845703904206044
0.22960959564307593
0.23987349665759256
0.12263328475317412
0.1639237849314404
0.15853986403602574
0.2970655004042565
0.20340367389920716
0.22369461221214246
0.13526031662666488
0.18294790017906726
0.21326863011268218
0.26284403062004
0.17448435506264734
6.116138430297115e-2
0.21718522343129204
0.1373245001336652
0.17940374525013264
0.12445372385234565
0.1529431306661597
0.1719152670676781
0.22672853307418003
0.2282553978859819
0.349631984142027
0.18597988770709922
0.19778541822780787
0.1645205510914594
0.16834850016342914
0.17829982950128237
0.2552644090594337
0.18722611772155515
0.2238374221403232
0.12744277647177416
0.1967492163145903
0.34577299924660676
0.11990616505192561
0.1600254921072966
0.1261987836458225
8.842740169903553e-2
0.15537028591962027
0.13235014115150023
0.15099394999229426
0.23974347746824892
0.1424223833449533
0.20868550618401324
7.337036557348126e-2
9.78487527904865e-2
0.10803644741037466
0.16195248186305666
8.384686619848482e-2
0.17885645820186596
0.1225688053308982
0.21326723566833367
0.11935717558060777
0.2134346449797274
0.22001423058148967
0.23154117000374014
0.21711745365916824
0.1566535608924006
0.22349080853257436
0.10489787717310191
0.1710316713720987
7.049181039432076e-2
0.3032819835725137
0.1662505444456856
0.20348550418763112
0.27368310356301295
8.693979709069816e-2
0.39089939081893477
0.13690604575883492
0.11386041853298234
0.2278226447165105
0.14980013277197757
0.34487559907463117
0.17169338599295486
0.12977259535007243
0.12112366443448568
0.21950647587622898
0.19162879643203976
0.1341585935450198
0.11908617900828258
5.865298539823348e-2
0.2886723665992907
0.1812684833548789
0.14663287156678492
0.159313893908309
0.1859331280661726
0.1895851810386232
6.101445019230469e-2
0.26865054663727206
0.18508155910919183
0.15389437311933146
0.3033907282649261
4.493125617901554e-2
7.062229850633008e-2
0.16202839705439237
0.20976232225470665
0.1260047893525777
8.149935893206786e-2
0.2053636589509349
0.14038953702513954
5.469114284816018e-2
0.2653325487146296
0.14196091922327853
0.13323467710530257
9.78980537780421e-2
0.188315639381886
0.21959845053905208
0.1979541055157984
9.215777427951863e-2
0.33374490079743496
0.18682298949598825
0.10277149780954793
5.199811092080627e-2
0.10980186806841674
0.1687062965388806
0.2873281894073956
0.2975799836626295
0.10114045296738268
0.16538792607778746
0.1823744208020373
0.21426576112900583
0.2309855773689325
0.19464699362975862
0.19961652508383246
0.10557925909319359
0.15119469856689113
0.13972943638328825
0.30781632091035493
7.21788009850357e-2
0.22000062452674735
0.3689717560582279
0.18734179885448837
0.10851188754219106
0.10169086766996131
0.15735906928807813
0.25281052900015866
0.1482209047098244
0.3079637440961972
0.18227674830759738
0.21224752637464323
0.14737545396331156
0.18243725140876071
7.377628646735351e-2
0.15220179252275534
0.21328321869051403
0.18556568772773224
0.10742539968476542
0.3165954049308648
0.19680196959092716
0.2215795572924087
0.13116155654274617
0.2849829463802315
0.1155487054355259
0.15139725598053005
0.270440352000972
0.23827830522438012
0.10211217513151012
0.14573012712752784
0.12216121766011316
0.2674100733720553
7.065863501809988e-2
0.1258939882648263
0.17785853936950752
0.10202005771893605
9.38570925650857e-2
0.11367542690063584
0.2467365619383369
0.2755960403018123
0.144347769250283
0.18984853996453138
0.29685913726086677
0.18102853159377977
6.764476940585998e-2
0.11214658899185907
0.14055967829779917
9.18186346535141e-2
0.14149580511083099
0.17915664923531663
0.18127094939010135
0.1934468070651801
9.175037627640949e-2
8.040744833022463e-2
0.17641905219365633
0.30609024103811233
0.3001647841212539
2.6568551271628937e-2
0.13473926123716473
0.2183897048736422
0.26207123131550275
8.653514442553231e-2
0.19849592616810213
0.18914754018177488
7.16309911351912e-2
0.10821364015869657
0.2054353927254124
0.2414988585147803
0.18522322345492115
7.647154605811723e-2
0.19013832867455008
0.15475583744385965
0.2810116081471566
9.174386122821383e-2
0.27188449056464437
8.469818722628343e-2
0.15095211814619336
0.12790486343732554
0.1930650581874303
0.1402378535241585
0.21429385456257277
7.344626119264958e-2
0.1403335180665653
0.11293920679550343
0.24649391884377048
0.1252024233159
0.29067209999709515
8.921078585140055e-2
0.1126592067093009
0.1327126767729872
0.12213119614525506
8.926627435636349e-2
0.2700638463854871
0.21323619750766598
0.12362151074713726
0.1054963338817021
8.020600745701081e-2
0.5024812836589609
8.366005759040822e-2
0.2551338565330489
0.17813920333476055
0.10281230518514758
0.1170364059216682
0.31267282683455655
0.11145167825691202
0.18606533580714574
0.16954488352927038
0.13242342494902798
0.16618572532904322
0.1447083914559041
0.23278766909343762
0.11191480693664335
0.18729663178051079
0.15541352962384541
0.2111285241094313
7.910870758528107e-2
0.17539406192240486
0.2776393475598542
0.13248751024764355
0.10303202817974474
0.17053604675220851
0.12680832186057409
0.17486841852870877
0.3183547756567564
0.16310836980062654
0.14522902308295996
0.2094712423679505
0.115191517733789
0.2714766562315167
0.21498449401472977
0.22662107476632604
0.2527623836335444
0.16841362078478203
0.36908639427916456
9.810673563707395e-2
0.22204542199020993
0.2444450675960747
0.13716285876492934
0.173329490905989
0.3103342416941602
0.15517017252821586
0.19040193317273618
0.2146300476536617
0.21651443685603464
0.14977026936553411
9.399050783827809e-2
0.2618664252207207
0.14477085157424682
0.11801998924529082
0.27187210550452373
9.059427022345325e-2
8.457097345344938e-2
0.13447329141015923
0.10454272997906944
0.1384566427889467
0.2002008554186036
0.18212079793697095
0.25323945840634476
0.22088132887815518
0.13238434110786385
0.22127931967653783
0.10388611192769256
0.11522717891620433
0.219679438906339
0.2558669961559269
0.29309220036816563
0.11593286158218219
0.18709230759340625
0.23076380076163475
0.18743343808775625
0.1278793955037249
0.1886191246732817
4.4949300610380806e-2
8.420301341245374e-2
0.3383166441503154
3.856755915914293e-2
0.1764012934734757
7.699315529540751e-2
0.24657260398502223
0.2066821306141189
0.1936235716131655
0.16838083725195158
0.3719197303996685
0.11205724373217074
0.10926296535348345
0.2720056680148894
0.2678674624613134
0.3556006823473143
1.6727663627615075e-2
0.25048538398442316
6.958860227974789e-2
0.1397579102499961
4.6141097997181524e-2
0.10236611535558168
0.18471109158795873
0.2917717908439942
0.35904426849673443
0.1460797613436043
0.22941103856651726
0.170414575730843
0.19584333971971957
0.28816017806460203
0.14213691526848313
0.16945792840362822
0.14891006051409036
0.11215080966506699
0.23611479370385696
0.15004116006827733
0.1669460847016392
0.1973207584023287
0.28289783826946174
0.21117711280970522
0.17767376926131723
0.15248297218258267
0.16252521716490306
0.1968025471797076
0.23551287842752844
5.59922757463275e-2
0.2249201468321465
0.27422921475468937
9.836755017809067e-2
0.2056542664429788
0.1602732544821701
7.070112545923547e-2
0.11286717344374272
0.15369618071868088
0.11865678481048367
7.772524662791544e-2
0.32903354524203926
0.1870365945400209
0.2751449599742439
0.23973516400089245
0.21017824656783968
0.2330867053960956
0.20113868830549192
0.13049773963245498
0.1502870915168483
0.1585866584150549
0.29229567049126626
0.13031644754123844
0.2720806710244769
6.387652522168326e-2
0.1430538644108179
7.037923736093844e-2
0.17724474281419544
0.14955551628056354
0.19079208474058498
0.1271885948977031
0.11037486778638983
0.15598578690378345
0.1902571751882269
4.842170390560789e-2
0.16245589643334962
0.16819109006351735
9.483199278270923e-2
0.17870260022035261
0.13646928904572317
0.4250038150062997
0.15949520316975757
0.13139073057633516
0.2119469386538338
0.15879609633437117
0.10611048271859205
0.12140871964847803
0.1407746169187992
0.1367687743620416
9.113835608532908e-2
7.739146110092168e-2
0.21678950751502404
0.14149089514839028
6.0625243908599004e-2
0.22557257845897039
0.12683788666206047
0.15926222735281162
8.556852788319526e-2
0.19720669121133322
0.1394139936414301
0.12852892198786625
0.3908557769316063
0.20510663272224444
0.14876197493462454
9.445648986135674e-2
5.42349912994326e-2
0.15757752906930592
6.892409302922355e-2
0.12220245751759354
0.25448898865799735
0.17156860118222655
6.864122519303954e-2
0.11720036040617632
0.17634042942653125
0.11440308509795172
3.403752018915353e-2
0.18236079506827085
0.19092147588665007
0.11602825141777647
0.21820267549144087
7.171338978818874e-2
0.14855732169001484
0.10585606103437839
0.2123926835255241
0.11330885413647199
0.12336415633150102
0.21681509360563828
8.282210027778868e-2
0.1883413416429301
0.21628723819656542
0.2616753310862455
0.10887814292573501
0.194110680568293
6.570152194172114e-2
0.1096622287479081
0.22468886872717642
0.2592152105355163
0.24090386410321676
0.13150229030603086
0.12415656876391623
0.22433429994990722
0.31262140258899296
0.1473987468860942
0.10129695297735405
7.501644369309014e-2
0.15124339458382705
0.11179953369294533
0.17686496967313375
0.20263666703419297
0.17922733376921166
0.156985169008505
0.15480225759056446
0.11850796751784123
9.24322637667165e-2
9.304851702747807e-2
0.2917715895396048
0.1537525783167907
7.003893448300631e-2
0.22642911228124665
0.13630544442931267
0.3275556313473377
0.2642532899197055
0.10651639456864329
0.10654432981202397
0.13072731433694998
0.13866377024576826
0.10650127570583208
0.25760382747817084
0.2341403199727045
0.2686873463917503
0.28004927614901437
8.482456455816932e-2
0.32595707602997775
0.1082950837975329
6.099234435272137e-2
0.18846552121159815
0.2858842158238427
0.21634410766393194
0.14081212179699293
0.2563195075039175
0.231326970915888
0.22799066995368023
0.1654961262737748
0.14480817398484597
0.1074441443868234
0.10191938424589198
0.23529832793015756
0.18217302791310647
0.13405101009596232
0.17124667663835894
0.16423895489395696
0.29153225886067274
0.24742054467974275
0.1737643308134116
9.489003834492085e-2
0.2569330383490837
0.12308559879706156
5.1623137383594885e-2
0.10805912527145378
0.15443631494209203
0.18677392111498162
0.1253939859546584
0.24439071334856388
0.10715932315986842
0.19171720083678773
0.14767067736143086
0.30764396773475555
0.1302259054422836
0.16239850774937972
0.1310703178737628
8.022577044293303e-2
0.10268400722087026
6.861028124551716e-2
0.17253200983722486
8.434812414381619e-2
0.15502570037087274
0.1389122071552405
0.155699800098683
0.17626614968641827
0.11983437712430285
5.772209899611723e-2
0.18918995368242056
9.309326716033524e-2
0.1539732293156785
0.17619413433021516
0.14148387925833067
0.15578640646689962
0.26198330420946814
0.17073679951193205
0.20952803275327864
0.11268322959775871
0.31254575340163193
5.5579343621103915e-2
0.16241900335640774
0.1839741274283407
0.20226500146141163
0.19456974453367287
0.11224762916623296
0.20973497080700917
0.10635414098214646
0.18235422908359564
0.28832356176591106
0.17112232432723745
9.115708843021238e-2
0.1854558998106314
0.10863026852863227
0.11149097986950948
0.16469320821338007
0.33617142396929045
0.18443682323750804
0.17991655861231243
0.10428175509209817
0.14704983730393623
0.12370055710670647
0.14357235431457882
8.261471085421958e-2
0.23471043065254857
0.16941323529286362
0.11454624681032491
0.1637483729891427
0.16779311533356936
0.18872291662563598
0.16374987087112322
0.2634895306000518
0.20821895449442707
0.24002420853178866
0.13778997962082876
0.21215096643674683
0.31382054076665683
0.2453058011194999
0.1516358297864541
8.879326014302838e-2
0.14047999783683524
0.23555773716071168
0.1790406839706759
0.17586884520986415
0.18392188113272956
0.2337073212448571
0.24091935046442714
0.28411476626669485
0.18123466069910107
0.14022957074422382
0.1806790426090208
0.2375630097355788
0.19973947720804328
0.16841042758488317
0.18779766059865727
0.2092799527900695
0.25152714454470715
0.21072846967924247
9.380252257639657e-2
9.054591160087806e-2
0.2259897795659096
0.12718098946748158
0.4026870821561507
0.15042295236113506
0.18555100220547177
0.1407956147180242
0.1052821738521434
0.1505431812620879
0.1350269204800747
0.22299023885980424
0.12434151670069386
0.11746988431829723
0.18392123915876615
0.2322841548813313
0.16869103116006504
0.13840689463635594
0.25748438779639893
0.10152095192511683
0.1843270876623289
0.118664524134977
0.15107826963648946
0.17291486626615643
0.3691176283031664
0.2525058810165121
0.18529088171574795
0.2319018951043982
0.2727350767924376
6.89443978991656e-2
0.15422971644932731
0.11405133338616387
0.11146792727808248
0.35543978275379556
0.18831659602804
0.14784682717040418
0.10409803680792584
0.13897656673906367
0.13529533036924707
0.17152413080140425
8.29923298889838e-2
0.18848461548578307
0.3110733535145482
0.10982240157278822
0.11055740497413927
4.9225438840151556e-2
0.19190524735749034
0.10045381840843451
0.27080178227387525
0.19990605811811346
7.371884764929462e-2
0.17028582907583978
0.17250092615550677
0.27823916362918666
0.1884091048180283
0.1356645494130057
0.24097335133939418
9.132596343188701e-2
0.24678858823251656
0.30879462649122297
0.2824746527851474
0.19374185127495464
0.21856357982774727
0.16214869854138425
0.293354459670852
0.16338803299500554
8.940762781003178e-2
0.19102332092107877
5.8123783965325505e-2
0.16298643615405844
0.18954344759852676
9.123242956855165e-2
7.759757824440593e-2
0.19076564428181264
0.17110637017191746
0.12018161460174803
0.26650249045395163
0.19022274592073565
0.20211722673938454
4.2094631588566064e-2
0.18870220271928703
0.1254991154656328
0.1443123806510062
0.20963198322531634
0.12907496467849383
9.908378945386637e-2
0.10405168976986587
0.2159155585763577
0.20009314504272577
6.781694265941021e-2
0.13235522349624956
0.2797883902411125
7.02317151035449e-2
0.14966957691311467
0.29322838750780517
0.1590898060272597
0.10719708002321886
0.14214373751610496
0.22313479999120692
0.1544153968436503
0.10405514004301986
0.11381788755727933
0.36758347399037766
0.2269710451193685
0.27226052945256596
0.2365373970453984
0.16550578772887053
0.17503819873316345
0.2995800065167223
0.13175154258676663
0.18222859240631445
0.23603455399539128
0.1553003565748426
8.600951246383474e-2
9.437660351451015e-2
0.28114782366681046
0.27120795748917387
0.134292053185644
0.12690221154942968
0.19389186249153278
0.16151610962736473
0.2646869241169455
0.1364376930119097
0.14306184141458927
0.14190906849518353
0.11987880660836114
0.25292496974363493
0.22245317247689558
0.17798882613995942
0.2863200330227046
0.17146607444424647
0.36564485490361237
8.457597495168097e-2
0.11748360777578586
0.2483316572850856
0.24152621903489074
0.16577316013999552
9.800882700559786e-2
0.17773272490588662
0.11849637652407782
0.17581185524992793
0.1846388266425218
0.14639751839422685
0.26558905694094725
0.12255345448099653
0.21876104274190178
3.630013836747918e-2
0.12905865912119063
0.2962687582344693
0.25816264723580673
0.2614924006476395
0.1334422688126761
0.12963989427301836
0.14437914433517887
0.1477973790376771
0.22084593831437527
0.1941132081410667
0.11956871406496246
0.12541820071448967
0.1337812871369811
0.15389046437144638
0.22147480780462514
0.192140342979883
0.21316886309148947
0.10138987562090578
0.2087113280736078
0.2352876657874309
0.2290869839250739
0.16968152089212446
0.22044383273174092
0.1703041881080006
0.2292972859429693
0.18009384089501557
0.2130555373683603
0.15432290003084886
0.23475537342096847
6.900282653780214e-2
0.13461618002029424
0.30145296440162106
0.16129097234527073
0.17921725405885222
0.1649630480887939
0.26019433002461706
0.13334927915063582
0.20886752644958886
0.19339236872998153
7.7333799991944e-2
0.14780638399602458
0.23613117809613335
0.2701215656009387
0.24254235261186613
8.509721563400209e-2
0.21320430293924933
0.11086204720957352
0.1990286972662652
7.081827095953049e-2
0.14045768395350552
0.1903310595426344
0.3471762650778093
0.12251415243109531
0.2632447297236407
0.11545670849345926
9.250283977824811e-2
0.22099553195030247
0.17925112604850632
0.14932654273426038
0.2038987533343956
0.13404361854612296
0.16554652124154307
0.1423736861270595
0.3371121997607094
0.29237110515521214
0.1381066070525201
0.17321574854048646
0.2705431823087352
0.1846942641677705
0.15643253146050268
0.1835301374115812
0.137486870622526
9.197293281004991e-2
5.535602982486808e-2
0.29357667831329853
5.817813243774774e-2
0.19573713761282402
0.17035668833693038
0.26705584527817905
0.16710782129780227
0.1621106649642233
0.25895465126763584
0.16847756539032951
0.11296092585197166
0.24578754731359614
0.27733070861545084
0.22867797926092562
0.13210521309561146
0.3514907976026275
0.16765850228220897
0.14555887952235252
8.636380512888314e-2
0.27237898833256513
0.16200326458521533
0.2374737386588966
0.2050734966164963
6.568407750816249e-2
0.1409813852621505
0.22421974278146423
6.170195474083826e-2
0.1105969464586205
0.1528455069601566
0.24740669126704945
0.21143291173827583
0.21642520247724512
0.2554340820648128
0.18815280177470295
0.13487436731668528
0.10516679895378042
7.123537925150844e-2
0.2787880890234843
0.3464349231664129
0.11548040314958352
0.1818258930861699
0.22148773752562012
0.1950438575710613
0.19442112649670065
0.17634459923473866
0.267954950240294
0.1607789964953646
0.17952256177564374
0.26617867244248455
0.24850158820085796
7.693304402139027e-2
0.13321776588742554
0.17697872425330047
9.386986445795076e-2
8.267613308019127e-2
0.17400796293475196
0.18058476416081196
0.16483117381659412
0.1440406362274382
0.14082207871127225
0.11862880551310595
0.24825893931701887
0.17677689616376513
0.1860795734899708
0.17986028892556177
0.15367454893408164
9.858078370474002e-2
0.23985388757357856
0.22110857991821992
0.10659241104667108
0.1200704506908481
0.20310643512594098
0.28488483235621803
0.25371313240215965
0.10527650122454521
0.287417937746486
0.12054321970347645
0.1476142753924683
0.29750986124752093
0.1990683136575567
7.853018512059735e-2
9.840221832072808e-2
0.21378575693926996
0.1403015461693891
0.24577171271476006
0.20114998161843847
0.19875926994673315
0.19861460763728395
0.17021345000952132
0.24277090926229022
7.949905534348886e-2
0.1643810898783137
0.13910045224036882
8.099324177038134e-2
0.1791257423058985
0.23653850719988623
0.10535700938004093
0.15348237422768557
9.196744543053877e-2
0.10000954010468197
0.2949981127482889
0.24267839456136472
0.2633063860753979
0.1357472061202123
0.13715045585092192
0.24712172865061405
0.3915612646785481
0.2192003710021265
0.19747927605793486
0.21497150375067253
0.13809788534095468
0.20229704225820258
0.15861632044791213
0.15215902481826568
0.19711517618820867
0.31092581466901137
5.3538175687662545e-2
0.14757487774552988
0.2220690299160914
6.0140659159250244e-2
0.34180795014446874
0.15567734217936535
0.1215362910930304
0.26017528639354903
0.15201488723078382
0.16548399831209862
0.14384933940528663
8.508622775708365e-2
8.85259822832342e-2
0.1363037743352843
0.15086745686476438
9.149165090098912e-2
0.16487393771208947
0.15371359329511225
0.19048107282087906
0.2869341610717365
0.10386139931007798
0.22153292258383642
0.17089205577101638
0.1439315274774991
0.1315704823195813
0.25861991335001167
0.19369542597211936
0.18328676250086356
0.20881656106387517
0.20206326248159398
0.23036395342293506
0.29729863531380923
0.19005897908341596
0.42451039895869397
0.1878065457098479
0.1626636457997268
0.11513562323692828
0.13435280691791934
0.3109682532986258
0.21052247933360668
0.15217410825088018
0.24398877980115005
0.1615317912361578
8.281559219951337e-2
0.2200984183494636
7.93313023680575e-2
0.1447983228981547
0.10520512997664296
0.4368059140581194
0.2179199996869674
0.1729036850251186
0.12694580551598783
0.10174910288073917
6.533328779457508e-2
9.361261978257368e-2
0.12148446931244283
0.17728753690371005
0.11784080220624733
0.10715035584275394
0.10001279133388793
0.22099147721767637
0.3259634760503886
0.2661361013920759
0.3166002063116983
6.974545077987035e-2
0.1474158766077311
8.745089708244942e-2
0.1992242433761768
0.13819884122908008
0.16854524006538174
0.1255455836232025
0.12902036197513217
0.11688135306257483
0.15940506803375898
0.27859875744455764
0.1263830359240634
0.1729660230591037
6.521296649444416e-2
0.10475147055086023
9.818419031488372e-2
0.1512896686557945
9.926351624061065e-2
0.17181539719194686
7.135882689232412e-2
0.1482483646668709
0.14578181760875034
0.30180857564859187
0.14492306968120966
0.18863762451568195
0.10847193907141892
0.1546260027521003
8.260113650018902e-2
0.27424722153086445
0.1545170679915243
0.14402520084282866
0.15022255937617493
0.15437563300061424
0.23950222269686366
0.18624060561457517
4.4085265245873154e-2
6.555242399134933e-2
0.33819854156441265
0.10421691830579963
0.18401402991172341
0.1526568747026094
0.19480571331997024
0.23428074728863554
7.736194459182508e-2
0.22244731867821707
0.1946097185474591
0.23882885409465154
0.20300776598757939
0.21457239999164807
0.1653793122933524
0.2211423164682035
0.20258773517750966
0.3186467303274643
0.1473851766281117
0.22470951631190172
0.1960579740458111
0.2950411563546765
0.2782047784429636
0.1768221400510081
0.29600432837652163
0.2763724968539696
0.23851337462700423
0.21468099013776726
0.29426501356649704
0.2451793514318686
0.1172591076245173
0.1771191630359442
0.1499974062500648
0.24923600304008198
0.12325964394056162
0.31399807751680064
0.20463730847119668
0.15629207705378184
0.1237564963894513
0.10777529435343947
0.1269371447863396
0.23907452963558234
0.1518244293115362
0.17413718236910067
7.094381442602014e-2
0.1657994961467645
0.23242440143075022
0.13584496359056167
0.1070512917037482
0.14766196519515193
0.30827860475113783
0.16817095233910143
9.772279946914982e-2
0.17266184663189382
0.2977541383917375
0.17204543853538037
0.1813821107096965
0.23648399106728588
0.22464733709006307
8.917866618883587e-2
0.17656248861986273
0.3351851325076101
0.203176410875068
9.591740957239787e-2
0.14827807545829025
0.1440944273677684
0.3157567007409077
0.29870089073460504
0.27430901945442593
0.13058983046284664
7.532250353826399e-2
0.1350068093149395
0.14004969504469233
0.2340460368877575
0.18179753689336392
0.15189093556935526
0.2285526616440796
0.2038207224221563
5.9459026218697045e-2
0.17298759766793226
0.10769852353063988
0.13763996783138502
0.1896502099041785
0.1376120745910965
0.2535624961740613
0.24899793614738938
9.483518840585373e-2
0.22110274643558298
0.19298288164237068
0.23696863315073635
0.2774318174336651
0.2584656663329238
0.1348063579650649
8.164209974658261e-2
0.13767744625770076
0.16802272342753793
0.24360846479408563
0.18018174404377116
0.14808926746742473
0.27653661386760436
0.22300688888075487
6.514740452651971e-2
0.36938677089907934
0.419602878740266
0.31443009969313773
0.15136792966542617
0.17628461307064003
0.14611236287749824
8.401021390161853e-2
4.9313193662891996e-2
0.10043529248132525
0.19104874909061456
0.12828429622207743
7.031327644426241e-2
7.934130596902353e-2
0.13942737036665212
9.702110162553162e-2
0.13508350323564694
0.20918754704210946
0.2772523858671713
0.17783498847266377
0.12723551157546215
0.1252455878545125
0.1393330115410915
0.16458296535995132
0.26315045055739505
0.2430162839753806
0.19782091902728882
0.1884180936803437
0.25705596078464454
0.22098156670874455
0.2228373929546065
0.1264649733463742
0.14515032611757445
0.3998270394810968
0.4140916674043812
0.13232095838046937
0.3167984082230249
0.20782851584757228
0.28076377344152326
0.1381588540699077
0.16642180820873792
9.905327061493979e-2
0.2017817526270484
0.11197102043972129
4.1145770500878295e-2
0.2631475149387973
9.516204876838061e-2
0.14858290209505096
0.1685309416095928
0.19043299239086542
0.17460246771712934
0.3276705450836924
0.20849182339611913
0.2243208089517288
0.2113496803568941
0.23085476167488075
6.664248606854153e-2
9.868262759472057e-2
0.10211152468915319
0.23539824908888188
0.20617032348936098
0.40214483214609203
0.12931067845868088
0.22329335063094602
0.20473637133074635
0.1371762418064814
0.20660809226824792
0.22955781207755965
0.31998540246907325
0.27648379292983544
0.17851713479551629
0.12651914996899877
0.18159493714217506
0.202146254128421
0.14079342023380598
0.20911582320794628
0.2537529814060627
0.2339257020507048
0.167025811409649
0.17125328070063098
0.16838666005335617
0.24885973627079708
0.12347148335350826
0.21095344629937496
0.18896902755549133
0.21255895200155644
0.26994467299268554
0.32888272217175285
9.880355328253596e-2
0.12686894891931
0.20413954168729256
5.4055157307463096e-2
0.1630852494657895
9.329562201383772e-2
7.331116717614579e-2
0.150732711559418
8.951988945728481e-2
0.10620756593000938
0.1898066955561391
0.1064650347708765
0.11157042473993398
0.17423110350553192
0.25944808705641653
0.2141359428374594
0.1369626325451468
0.15004419604235256
0.1960108163690501
0.10480527839681306
0.1772216006015195
0.21718331067405222
0.10505989291690906
7.775768283981413e-2
0.18781278681104893
0.15836509927318393
0.25953362265966795
0.15241135290828484
0.19021664557771983
8.508943408051392e-2
0.2008540517166951
0.25788294822807156
0.25482334454570016
0.1437289009476327
0.2299744529620252
0.1815008275220177
0.13530862397341153
0.12328211307390177
0.13230995397004164
6.525436439947256e-2
0.209997193079663
0.21539631042544344
8.038154683851274e-2
0.16881859634933247
7.482639704358694e-2
8.97748817971263e-2
0.13433405109220395
0.22742717834971157
0.15404641059296562
4.56488226047701e-2
0.12635936830255962
0.11068067855506639
0.11225926186834131
0.1998039581606065
0.29572945327853695
0.27977334847024693
0.10658210887110267
0.17865948029411913
9.265079589908633e-2
0.20341828450217828
0.19273964001296537
0.18124332978802396
0.3398603926233933
0.20426289922703242
0.1767733652475782
0.2671813613632137
0.289183880956675
0.20228591087755396
0.11748618741159463
0.19161268445909202
0.2758780193394795
0.18937269274445043
0.2165613141487658
0.2120875918409113
0.14111542344411052
0.19819603281327164
0.1203878843157424
0.2582515377776691
5.226041819378591e-2
0.2010224946334102
0.11569888863082131
6.111372450548093e-2
8.6323877989429e-2
6.746218003230647e-2
0.12787841948687753
0.22708346437345256
0.20693926307297345
0.21523718613284912
0.20183774530315152
0.20053909525798663
0.12752229415504673
0.19622911932426448
0.2450459164796332
0.15787703491299043
4.759187282003906e-2
0.106605236256425
0.24064260317369984
9.285247627464421e-2
0.14999148245698615
0.10239793134144755
0.4793180473798957
0.13819388013431885
8.712440949870434e-2
0.16672727476989527
0.2502813657540321
0.20922331255174947
0.1774927253690169
0.23713450131411298
0.288628999842508
0.211743906683179
0.27343031323586175
0.15716191774360047
0.2675072414133202
0.2059415299749449
0.1870280741087798
0.18511643946078485
0.12229526483542644
0.24847859820974466
0.13866343071671125
0.12353584988146862
6.657943907125485e-2
0.2648232148611724
0.21546958661644755
0.14898972654383003
0.2533597807896545
0.16736489254759945
0.23277685279917923
9.63628284812996e-2
0.19883749149686056
0.16260428919499742
0.22365473037843056
0.13032113409757792
0.34791507097486096
0.24217154346226155
0.15035412778655946
0.23664063615519892
0.23120053913056443
9.697773299414303e-2
0.15968969071446165
9.299647291992344e-2
0.24866677919426614
8.08484777009151e-2
0.17377997152978858
0.14345086781302518
0.2465734732743104
0.20864435154559507
0.1936678311772032
0.20190357528963565
0.24129607954473942
0.13697073318523018
0.26806151567013353
0.20654577991948803
0.17809077881692495
0.2269663454327378
0.20898846549813932
5.8313701021360964e-2
0.19343919037786708
0.2712424651416689
0.16404315377394457
7.214194377665276e-2
0.20304216253065185
0.14595415110206197
0.1404265195445386
0.31980360877032876
0.12058724634025944
9.645077769051913e-2
0.20171603173962574
0.13017196103132972
0.14925372302249146
0.31737016367239407
0.19515040490509633
0.15791511240559747
0.1945724785295712
0.2167567089924492
0.14559577966688395
0.12170218572554595
8.226436811048282e-2
0.30665945592752986
0.1784085162568565
0.22157326094823399
0.1517627835549412
0.11307752666169306
0.20642503499198978
0.16499069272378458
0.25967542429101026
0.16253346309861022
0.32100649817077875
0.17094807397817763
0.10495623387705326
0.15942201289597366
0.1558513139143613
0.178447641863626
0.21939554432663635
0.19601037626826595
0.12816623381782066
0.10367180242770883
4.421623817264353e-2
0.16528582840339964
0.1653249116032704
0.3730646463041685
0.2073967208139428
0.1683218359363195
0.15650329928351098
0.1185117306467109
0.21111341940153863
0.2647283883565254
0.2013953746219676
0.17093543541697961
0.2638519859478849
0.18083792807487803
0.3311995936133885
0.14408803938790404
0.19729312501931953
0.20354703361133755
6.436595071635419e-2
0.219939599646449
0.16107262671941563
0.17085608905847144
0.2837901608253569
0.1982636861264198
7.069831483427855e-2
0.13899297299212493
0.12673758509167005
0.15438082189748187
8.762535123818867e-2
0.1632377184770557
0.10396711490756974
0.11355972217983239
0.13446245055990153
0.2240457282333872
0.2258848295540937
8.74237530950733e-2
0.15524530795365926
0.1052651573270863
0.18988993290770267
9.617623601910288e-2
0.13207854655611978
8.064698310156818e-2
0.1652885936968132
0.147663468162863
0.19627858562569
0.6757689849374303
0.7025613215661798
0.9999999825314836
0.9008411157634061
0.9
0.9
1.0
NaN
0.23131254182153546
0.1338287297916216
0.17128761594259875
0.2071858820167718
0.26561505447468475
0.14861549352079578
8.054442548668243e-2
0.16982320772073586
0.1768587962194957
0.16557696496524693
0.17569260871061818
0.2987281076189904
0.17929716531288684
0.2588281043203661
0.14748457323863998
0.20116471010906914
0.15247754512212652
0.10310888656314865
0.3778712028088137
0.12454564559871222
0.16012517154474423
0.13222938153694377
5.5557322462906386e-2
0.1657697400775146
0.1346429096002312
0.32860667282563283
0.12876566064312459
0.20053334353801106
0.10264728096001866
0.23832581735453542
0.23318398468967333
0.1364003347471517
0.16370893292297542
0.12781690328302944
3.9643942447958894e-2
0.2001847914861179
0.2549008730122936
7.72271069960607e-2
0.1967650622816907
0.16005872020001582
9.158071545077001e-2
0.16956853817434703
0.13844672960858015
0.17701093040494523
0.34415992643227666
0.18551479573873478
0.14878611668798838
0.11774930070662974
0.12518046677906222
0.2802213666075784
0.11092874441449734
9.178243037605496e-2
0.1517048782387485
0.16196051235253903
0.18104980476698493
0.14366505472182536
0.2180376174094945
0.21940262965228002
0.18606036538436144
0.17805235233118438
0.16335311840365868
0.28766359502632166
0.16370799004049255
0.12826038063589543
0.13939863496237756
0.21538698842366225
0.13248745408111687
0.15135916222150278
0.16635197634104393
0.21791140557497996
0.1931658520968415
0.22843559549314438
0.2035952442146952
0.17471395476996857
0.27968384730940005
0.296897355882365
0.15260602004199447
7.24539349964015e-2
0.21312837793047681
8.337781282660806e-2
0.1737675472808581
0.1779684797057309
0.11889173311657042
5.921299305631926e-2
0.1835284551062241
0.22306729583631837
0.1357741414267896
0.144147763908465
0.3314642711616934
0.16601576384338929
0.2508743954564915
0.18106189213611054
0.12743112740655427
0.17556943469599268
0.1711120517746309
0.2439749684745381
0.1764327156160916
0.1877449874393958
4.0980905660365684e-2
0.1547226447039785
0.20694650955530425
0.22810192732371734
0.14756449636829497
0.2719861228027831
0.186264562386966
0.32090334197627124
0.2868089206177244
0.17057809131326596
0.22537496800719997
0.2241537014277628
0.1598252057822136
0.17642746938484807
0.12614053419430765
0.10732442104772622
0.2089851872247702
8.567151835908735e-2
0.17095814318455682
0.15204589843117675
0.18319253285603454
0.34354332615091476
8.17619039201873e-2
0.2984157623080541
0.12286153783564377
0.14287114610480306
0.3816888954493171
0.33829694971908136
3.775100976346829e-2
0.251718893826399
0.1832764447945349
0.1495319061748881
0.18295788818409703
0.1749065880496002
0.25092130151843034
0.2849747453014366
0.17561875373150124
0.23577866917626206
0.2784202335818257
0.16693635018598946
0.29807693088401116
6.979718278737e-2
0.18031917900182054
0.3019478117296296
0.11763429190290013
0.2982239029118806
0.2022612635127797
0.2148658813382404
8.003884737172873e-2
0.158623002178125
0.12515036820613895
0.22631718400007092
0.15560467349218463
0.1822108572547028
0.25237882427680575
0.1599392278846708
0.2022115376360502
7.445235397592159e-2
0.2776409408612636
0.14084327933773663
0.16556087435482927
0.1747064898433352
0.15971447104054246
0.25379176960862576
0.10182789342464393
0.19271963389497576
0.2589275150026833
0.154810976815571
0.21052017533182799
0.20550071499204697
0.2757267985690962
0.1985280172073371
8.46162669802882e-2
0.11933456493253436
0.14414663802263142
0.15238512981151048
0.15295535911574648
0.25512325694108
0.12559596302134196
0.3482966534802587
0.12414066974931033
0.16550745048832552
0.28464561353447615
9.621769010462496e-2
0.1722224344404649
0.14110988609692848
0.11188840383007959
0.35377694288609124
0.15399153224668904
0.1637799777160658
0.21664334961451992
0.19978056771448385
0.215450342770494
0.1007342299808038
0.17103617011490788
9.392945478246115e-2
0.3137505476285016
0.23948182779586763
0.1486477718518077
0.16650550648887807
0.2251613753214176
0.20093175754891202
0.13687543340831534
0.25094482324880146
0.2015877364959197
0.11551413175533125
0.1657162284942401
0.23938733105544832
0.15814071024460727
0.18522114801456174
0.2956473894450402
0.24368771928072347
0.15405916306722492
0.21767751608170385
8.729976021447822e-2
0.11969849020608903
0.15319941283805907
0.27349680098204454
0.12930283321091923
0.12078615088844709
0.13070946341174536
0.23919755898262407
0.2644053304447265
0.20949626541714164
0.2326106861408621
7.968919789350042e-2
0.25346751837637205
0.15816909091272366
0.27945226377761434
0.28307460426782977
0.18267387356285
0.16785789765774212
0.12679346594909607
0.2645702219718188
0.16703345223519017
9.173743141226577e-2
0.20378694069299047
0.2178356734051831
0.32740183657359834
0.13093404786486423
0.19315391819370803
0.10374284056794272
9.219278678929299e-2
0.2547823133468999
0.23269694549317346
0.2266792775332181
0.12876541981061046
9.246141094788919e-2
0.26701788484632577
0.29837925255380704
0.2287788676844534
0.12847230005270469
0.27363686220938255
0.140274048582409
0.11118879187754471
0.12366076686403087
0.17118649783251105
7.462863303182843e-2
0.12508150091788534
0.29211526397197496
0.3222814424553986
0.10904071456889905
0.21608467941233628
0.2502849527551787
0.17829256153636425
0.20392353165980417
0.1935396105899029
0.296947156624719
6.990840930514335e-2
0.3093550968833992
0.1977099728900578
0.15493252358164775
0.15011558119707075
0.21959335775433958
0.14111801896552142
0.18917740159085455
0.12372905240300405
0.220965224970672
0.152769522736482
0.2407050586686962
0.12516898618400982
0.22553229264114677
0.2897267948536803
6.125015289548069e-2
0.4807099176043931
9.932620112105232e-2
0.16557059950590533
0.14862154680706915
0.14838211365385234
0.21095887521754147
0.26681287578208207
0.23479073392572197
0.11800330242977104
0.13980905390704917
0.1518927532520648
0.11123640238275856
0.33439733540635225
0.14184700344780837
0.1900935324383924
0.23037391961146744
0.1749119748902109
0.10157725576567608
0.11978932094387544
0.16476970402890484
0.11287827375851807
9.744798330852161e-2
0.17029510561301806
0.12963965980457753
0.1965400795518625
0.19171370568710158
0.329592531518035
0.1920657735375071
0.15331321171958245
0.21661972410027888
0.27639934353982254
0.15777827686508117
0.15380892278220176
0.10373552685788674
0.20774163084470962
8.871025332583525e-2
0.2556451577037021
0.20937863761129405
0.176412662353932
0.13247284306371773
9.463203446756759e-2
7.310290026304134e-2
0.17080159625540356
0.2518552056349102
0.17053379235133628
0.14164475808761426
8.397890760007286e-2
0.11182685771221017
0.15896487218308394
5.991787570108498e-2
0.17774419669921548
0.22937032645296168
0.11948779584919053
0.1170867602346167
0.19615472296088154
0.1310837475034064
0.23064405191260154
0.18954791417072342
0.10311599345980846
0.14762300797662958
0.15487164311394053
0.2377907129393285
0.1793969220362556
0.23002569265162118
0.18573284715681063
9.866414317128756e-2
0.19605635109126376
0.44522313737777297
0.18336687167899385
0.17798635396096898
0.1757565591877301
0.10752616835770783
4.0146388425413e-2
0.22638209516917113
0.16128518066361294
0.20767219604087658
0.11542265551096276
0.2885399427474146
0.24165498774206778
0.13200405292137046
0.19939792344758178
0.16706959920391645
0.10168916582218065
0.25169458359568786
0.18802479557568966
5.7246471105558264e-2
0.14251942372939924
0.22930012641913367
0.11230363742989988
0.22333621775660856
0.12062231854942962
0.10862291051890258
0.1283006479721743
0.1541614650583464
9.423328640663738e-2
0.18174014364417648
0.3213820700091616
9.812020681592924e-2
0.1872597094183015
0.12017715352121602
0.19276392996133937
0.22033759497641586
0.15594635173711818
0.20201439078071565
0.17357866782281314
0.18871802121690034
1.974080590279568e-2
0.25260365413359853
5.1047809833372204e-2
0.10278736385489165
0.23160974118187908
0.2129450801532327
0.24759923207285986
0.22332531183775695
0.2562485508268836
0.22616226903712064
0.15858036912280635
0.10349982788999487
0.22410075912867172
0.2654555636497796
0.22167197921546705
0.23199898427056445
0.11894867513402238
0.2242931167993251
0.2089090708099722
0.2263739108332977
0.13100619952885725
9.492843137856308e-2
0.2456844294772263
0.1502390500890204
0.19924597803264749
0.20532480556822602
0.21905168281600879
0.2216714077419352
0.22716920264883927
0.20986415827594013
0.20130900344113617
0.18627420183226812
0.11556428337856972
0.12605079006306855
0.18726163672542323
0.2244198549644086
0.11744345813867987
0.14239459926577358
0.21008421213737122
0.17865963732893866
0.3042229758116394
0.1473206028151371
0.25415169152229466
0.27166378415981784
0.11208957490691085
0.14579791754823224
0.16425871057592473
0.14980444118609898
0.16219351052434372
5.9915181492090776e-2
0.11171463017590702
0.15581536945789007
0.1260299837803128
0.1405366089272178
0.23719407633846462
0.3067845566734182
0.21122244672838458
0.22108843535629283
0.1603733297560365
0.19378990146724717
0.14961785301716807
0.21039950874826494
0.2183252284983684
0.13203748735052698
4.170443327901813e-2
0.13705683369061455
0.14655183967583676
0.18087312241156042
0.19948307862249348
0.33920804755552847
0.14304311683448234
0.22727864824852823
0.18219490936441307
0.25211906707668785
0.37163985966277047
9.928099744072046e-2
0.2632680559484962
0.1495737524760948
0.20932290677366555
0.1139626733040883
0.22591500272753814
0.10380031537169457
0.1176784273997519
0.172062937327365
0.19453286992709135
0.24956058799512607
0.2346055187022027
0.26255607147688886
0.196405865141335
0.12670565739198242
0.21815425488111478
0.13358062282500677
9.528981927576605e-2
0.27513960297386697
0.2849216557425536
9.781317012518821e-2
0.18542089757190294
0.10495926292822366
0.18580404822163904
0.15753853700973836
0.12642055779012518
4.9601744779976774e-2
0.1824764074736211
0.167994946065867
0.1170895218674686
0.3339585280629674
0.18622224178693117
0.18999465088293657
9.897896911644735e-2
0.2683573117132491
0.19350200605945084
0.19551129036746998
0.1868056643932861
0.13320444494428846
0.19382064594234655
0.18261223634804585
0.19577417137202355
0.24279707670584566
0.13306226291203496
0.17851751990408343
0.21590438587857713
0.12455919793155479
0.22076407123119451
0.11217432173404887
9.18989997221749e-2
0.22606355431046993
0.15399912710121932
0.22490723615851885
0.18241076424620808
8.472162681188658e-2
0.1987946075316137
0.21604453427443754
0.1533379146684168
0.16940952152527017
0.1310654893313703
6.044727444378588e-2
0.11884166562939238
0.19840710263191716
5.592841491183019e-2
0.24108788246515647
0.24174794420503543
0.12395032388316665
0.187063613541458
0.16653951948283985
0.1379751515579707
0.14336910030331573
0.15975820736076496
0.2799499015926741
0.27534157342443255
0.17121169667352693
0.16007247875840042
0.24978039265174162
0.1874703943277634
0.11124246063122764
0.19407325536771564
0.24671097419978033
0.11645021184881874
0.14821793587086346
0.2511175497103386
0.10738302062382635
0.21841258187825635
0.18648481472054973
0.11735967889420204
0.3206761096622617
0.1845645953010014
0.18727395404167163
0.22233696042920803
0.17444156849869666
0.20586812725632245
0.15067777713504055
0.22394974840506415
0.22015898873296633
0.29484122078435615
0.13207338173626093
0.1196907435525508
0.2649614940673769
0.2876480810826419
0.23986004135862976
0.15509930398519572
0.23932110920846267
0.2288407305242753
4.5764399067903125e-2
0.20459667432755763
0.24830702235504262
0.16978576661286918
0.18625448402514438
0.2383811563785792
0.14181889668899803
0.19734350090336578
0.16773833519302994
0.29829751879045424
0.1882326947797135
0.1423748820759579
0.26360548623765045
5.001624274479368e-2
8.707064304328158e-2
0.10525140816536385
0.22189661577815567
7.467442745534607e-2
0.1304248865996827
0.4180123521806977
7.653467778198383e-2
0.17731642987342217
0.20297855507166895
0.10180810715607991
0.17029332956163631
0.10014214248268213
0.14590771111634154
0.22265368784088474
0.12941396990521623
7.908988368663741e-2
0.1664294056544043
0.17544143724870306
0.13328585219859918
0.211634374449775
0.15978389384622016
0.14168065864489862
0.2512130284920059
2.5021353380890166e-2
0.12582246234965155
0.18340424421462792
0.31861598410625824
0.20932726149244898
0.31464860759267366
9.382150658805162e-2
0.20317388430543576
0.13304746270999418
0.33182072438129084
0.2865449767127292
0.2869542380836835
0.11448808451464314
0.1473424125813651
0.1203214514764162
0.16643755091646706
0.22493984310761578
0.1846684498447885
0.1527753544838387
0.23757523211836737
7.998264726060592e-2
0.13890634921477765
0.22959113444806042
0.29933699441981776
0.11225754893512659
0.11999653146825437
0.18390829106346368
7.5093643211471e-2
0.1521629552926868
0.108730287113834
0.1762652606447082
0.14327730890768314
0.10175836291498194
0.1960213996818368
0.15406469483953655
9.552722669352456e-2
0.2545079943218853
0.20957833694492917
6.41622845361796e-2
0.2023410191769266
0.18519301095524407
0.15374173833963622
0.19263204603128478
0.13914319494497596
0.1262713193156381
0.1791437044284873
0.24781215267120507
0.1306087817833795
0.12082856594705453
9.215484816896116e-2
0.39065276091889845
0.1372527370612436
0.20556366058317402
0.2430510566092429
9.880914595933735e-2
0.1279942574984882
0.1899148149083922
0.24856998493423502
0.14056562068465844
0.1949299535216264
5.2174345973629334e-2
0.18599031166853766
0.33457593225950766
0.1959298387708273
0.2627091788400301
0.3176819697130825
0.1913046103388274
0.17007951900266663
0.19228677899018748
0.20388722192169473
0.1418510742902091
0.31947194285227265
0.18180025208509304
0.25598038724947664
0.18688185254827522
0.1754450817481064
0.1804699977089296
0.16453386713199628
0.1071256142313479
0.11109308210574209
0.1645944683311918
9.912595829095075e-2
0.2005125872820568
0.1415169364341267
0.18449073721458542
0.12430433108439946
0.1909421626947033
0.17156776607979962
0.19740936015173127
0.2020664731731383
0.2429392146332483
0.33795905047168845
0.20428830401356324
0.2028448702452728
0.19836791036831436
0.19786248888057462
0.12686945117306245
0.20566518863007008
0.15383261264747797
0.1620083283543794
0.11870321696899491
0.29992104283109544
0.1374042050356889
0.11074331066555909
0.1187072033286481
0.17061018669924383
0.14065166289306222
0.15314151228749054
0.21434425917838434
0.1318958803042817
0.18565171836789363
0.1162756010033
0.1861602801096232
0.21447686744027852
0.28908613110878806
0.28264874197511725
0.10908269875046961
0.19113350576232765
0.2497647427407391
0.1152863054446076
0.3447241471631757
0.10671514462711747
0.1102030341742016
0.1566639396319894
0.1602761318064577
0.163308214784692
0.2639691219801795
0.1463795648474691
0.1688600813281516
0.10631827521586716
0.2110226229685362
0.18372018137026574
0.24468910866757265
6.995277240685625e-2
0.21310448494780315
0.39397349423168954
0.16583648914741467
9.816384644962779e-2
0.2805996745699221
0.18014830635045853
0.28815045956901003
0.13215927796355847
0.16227496046141474
6.674637862914296e-2
0.12281933868825268
0.12508169305980243
0.12763180946869487
0.23339135834966857
0.13315645252705116
0.2662066124254137
9.372522295049267e-2
0.13436634799704672
0.17944993039493115
0.13212114280045908
0.22360747022553912
0.13651654084581805
0.11067151508027658
0.2359150291780873
0.206271828409353
7.300199327786658e-2
9.183626395290105e-2
0.12896963790974975
0.12127861413879157
7.776790290236019e-2
0.2039028517215229
0.15494203932637135
0.31107187018711513
0.286328824407007
0.23615990997847108
0.15568207594192238
9.354488009234738e-2
0.23379421928461527
0.18023417971290634
0.250447308698394
0.25994111019781735
0.16066572331033588
0.12148075329454774
0.23613332434826315
0.2412822897269244
0.30808343198747934
0.17455115253545103
0.3061512435741888
5.70942026208871e-2
0.1186033348219461
0.22014033097304386
0.21403585446109114
0.2021834137402397
0.24227541761971008
0.21756786424131955
0.18800934797909746
9.813905368623779e-2
0.16532097503244
0.26626180421657963
0.2570899367387727
0.22874830209378377
0.2684368467256876
0.1316186938638533
0.165147947886511
0.13197668979036503
0.21741333878633357
2.8482805297478098e-2
9.572283532548734e-2
9.871883216927954e-2
0.2939671586450271
0.34474319027871614
0.14480252398024557
0.11303873497245469
0.11304885048499277
7.710240907151332e-2
0.11815332530374756
9.425168559135659e-2
0.12055319773022388
0.18262561712318082
0.1353497080997851
0.14641252458184714
3.969239203286966e-2
0.2400436205760637
0.13247693673251262
0.11512162659091092
0.15536287358895406
0.1324166305180695
0.11167360054010063
0.21961884506528503
8.902708974683607e-2
0.1975449963498304
0.32635977880592465
0.2831374144409701
0.1928295557007626
8.914110089531779e-2
0.10558579561343731
0.10978932055121318
0.22453049616644663
0.15351619295373356
0.17829137555460386
0.23055594052238665
0.14081081843389118
0.19774969355155742
0.25902546514789404
0.20596918141998927
0.25689876857193444
6.450705207246674e-2
0.3372943100999029
0.12622128233674812
0.15457449785108657
0.23832974459376843
8.332377730676496e-2
9.996441975128706e-2
0.18438346315973217
0.2170328419243134
5.296839402692969e-2
0.1577286202070777
0.1838381944334883
0.16809992269233415
0.16816135412110733
0.3812780408688236
0.21178175285726217
0.19079542208523695
0.12529688385834925
0.23057861624909037
0.337206520097782
0.24207923555967947
0.20453798114352956
0.1612586095326061
0.14565460224103483
0.3304908812070655
0.17964726524458036
0.13154924631764317
0.14661375901715362
0.2681365206813759
9.189493701968499e-2
0.1607560377244919
0.3061924890657199
0.13140752371994185
0.31431697425918687
9.480281915899533e-2
0.2343882936801252
0.3161804714257058
2.8830377302590825e-2
0.20628479512178513
0.17573302472531765
0.11473783904190023
0.14100741569784983
0.1717670547390589
0.2653538417026482
0.23201110867910932
0.17755284178748704
0.11093834720145587
0.22790965017494189
0.18355848867571764
8.5651602000589e-2
0.1392250647600619
8.846875076281124e-2
0.16313522461706018
0.12444321643525043
0.30685820800532804
0.1819936431098953
0.27083655205441065
0.1420453434841909
0.14976950137878506
0.15096973399284122
0.2549559808826626
0.23601269616347453
0.16709203882077375
0.13863458848869753
0.21082793680040343
0.18439883373885557
0.2429222393173795
9.39001534036478e-2
0.2781006435719463
0.16729392404225712
0.13497533091682093
0.1256928591944893
0.17574524176974599
0.18882472848489534
0.24368591394880443
0.17253089476371547
0.10466616339786065
0.2295620365481461
0.2333630626100683
0.2249434762852099
0.1332130124327125
0.18574852330394714
0.2129490120067385
8.691623725672316e-2
0.3414328243129092
0.2639085165150804
0.23525426227851845
0.2700702272154177
0.16168771590416947
0.16721553575029646
0.17589291995554768
0.16901799155838854
0.31796695331994174
0.1106055798364983
0.3983737787710435
0.24727284565933344
0.11706344675760309
0.11461674558458905
0.21974445373475446
0.1305620225201505
0.2245118274521931
9.815893441502724e-2
0.17557921416120653
0.26307545777083197
0.3227555545735232
0.13788108083313383
0.15146460487728874
0.23887846488750872
8.567932430483202e-2
0.23515335166675536
0.25337741390874313
0.3031292942261806
0.13481284951258574
0.12378447232768411
0.14280575152098898
0.17046837796105918
0.15554127902387638
0.1564992019969793
7.410133564061935e-2
0.18019089066210178
7.43852385646622e-2
0.119179024427063
0.13705066068639052
5.788989593502346e-2
0.33613317781586954
0.1770816380835035
9.994437832896627e-2
0.2729181576727835
0.1798852075697357
0.17526806572917747
0.20684424096306359
0.1345721204444506
0.12261329059026141
0.13982561055647977
9.615848741810451e-2
9.105391849415666e-2
8.086502125734188e-2
8.024110838671329e-2
0.3425312027933873
0.11282588786097325
0.2602432229445804
0.16933433386805866
7.513361717805762e-2
0.333628261557751
0.16314109316307798
0.24788206253606906
0.19471011650131104
0.22231498957272672
0.21768670667138545
0.18513393864462963
0.1826530640995902
7.464118408905449e-2
0.16167541033878163
0.33043492777705763
0.17128343802947396
0.14790917434759082
0.1859933185043606
0.1453534183039795
0.19975420732779048
0.13906475249839834
0.20234056570675696
0.11100891929447357
0.34038538448029737
7.98064427042363e-2
0.34241600427581914
0.22035720211625
9.531412404974367e-2
7.49629544483638e-2
0.10261385961957718
0.16924212485762474
0.3187821393626705
0.19656118400522962
0.10876751283812877
0.20619025652427947
2.7425243879424334e-2
2.4110766002477545e-2
0.2497163592238835
0.13659941300881645
0.2445895546635038
0.21044225261541452
0.2342220785267426
0.15172555674876764
0.17593830679715708
7.295044004931439e-2
8.466174855332155e-2
0.18874714192382588
0.2612966275310145
0.17607979624169134
7.409278519381715e-2
0.12028346447843039
0.1586209771230326
0.11985827102391075
0.10458246444641688
0.2545954536117289
0.19069749348161263
0.21660710493990373
9.252891692947914e-2
0.18892831849444827
0.22899719159391219
0.12453755439943873
0.22369660759469273
0.13430708107873146
0.12865436724020163
0.11782304248984343
0.26605898755947055
0.124025750443852
0.19256320243843147
0.14154971143449607
0.11521191881103895
0.2750226382038491
9.885959726879238e-2
0.2505396555226354
6.057249167473196e-2
0.14910668944059058
0.10978369539338276
0.20075377572248207
0.2684443109785165
0.17106981816420938
0.26292531972058364
8.055171188019014e-2
0.16061970062829217
0.18445143409930292
0.21252689435081376
0.1879777377077428
0.2333175448033308
0.22508555388098764
0.21293664766412884
0.17908708816886643
0.1997691605265146
0.18891637651061174
0.25732201498420826
0.22504651096641473
0.13511443610954985
0.13715080056801773
0.12250811372471948
0.27171349512967213
0.2759161378005678
0.3003290846906811
0.23047325098562293
7.464279969744042e-2
0.21690712871446519
0.13656705361225785
4.9052410808287636e-2
8.873894886027875e-2
0.20157727448656554
0.14781647723263447
0.1764376805331564
0.1759295400509443
0.1937675912431649
0.22636912077669794
0.31416033680763306
0.22560702581625042
0.21225196390053638
0.23875993280291521
0.1735811887073838
0.2918054002560637
0.11259759525234407
0.23078646407398828
0.11117070628473251
0.14046165195808621
3.9839205199453706e-2
0.10053020776724084
0.16553008736536776
0.2076223422860485
9.244053644348048e-2
0.18995556984634399
8.655172256974006e-2
0.2521569972804317
0.22312607872703355
0.2202728653578488
0.289865857207546
0.13707557414770738
0.14381729263467738
0.16496185775391287
9.53828529507967e-2
0.20107175795983875
0.125044171401366
7.629352432263029e-2
0.14846190868481743
0.2070001216368933
0.25783538069967393
0.10302139857103627
0.21310709974643732
0.18283429812159557
0.149605919111535
0.11137457099987344
0.21700400189479546
0.19724376354587694
0.22906100035266963
0.27746035899786514
0.23602673550413694
0.18234753616616092
5.369915193037452e-2
0.1867621550531628
0.19566823544631926
0.2019267937786351
0.15382249242291685
0.24473724470292
5.652666956309095e-2
0.19606311966320825
0.24810494628246849
0.1252516319241646
9.808869576596722e-2
0.1508474397695673
9.402496548674126e-2
0.11318894199481022
6.51720687777238e-2
0.1832493121212234
7.307282202880755e-2
0.1233715683794288
0.19878851412792553
0.285508027967077
0.1421685363913571
0.20068048118117227
0.21223917412038923
0.16901138968479684
0.11553886412873819
0.17251601680125897
0.24517529262928117
0.19414539945028514
0.21962299012599634
0.21096316592542896
0.13194092759699477
0.11486801076844437
0.21977039226070766
6.078488946228242e-2
0.18702590614432985
0.23526882183710632
0.15516507988983502
0.3382379107302903
0.2499314028849593
0.16572937850538827
0.2692551271578491
0.12613376793561928
0.17963955382424962
0.23515902096210822
0.1766459610709626
0.2752303252398395
0.2184240480063191
9.686341811146285e-2
0.16266312599238889
9.267095126979198e-2
0.26498304135254064
0.13929906178203494
0.21314390922215393
0.2414253653465488
0.13872088070839395
0.2121245662330713
0.24341609513869492
0.1621230705169759
0.12052243989255337
0.20457362229983794
0.1693740063700852
0.11953358259306465
0.23884111848797693
0.15325954852164458
0.3025655881400747
0.17851512591613086
0.1605457468496833
0.2747871442075619
0.152858839286835
0.13639955399298986
0.21665630144465742
0.2456660561198393
0.2146352766491292
0.102474012617835
0.2235526042282321
0.13677037057082292
0.17699988341589776
0.19600083723530431
0.17493778097787205
0.1999042298462272
0.10670289197267051
0.11792304985217228
0.18457929511116541
0.11698432357636626
0.39284013747989405
0.13022948509477006
0.2364850013522993
0.15618474392097922
4.738338300048105e-2
0.24203759602772656
7.835764720036671e-2
0.1803410193751475
0.1793173808213286
0.203308952965542
0.15917520581574046
0.22618550789783703
0.12304602525056885
0.19088688983861993
0.21636495525194527
0.10321669351156515
0.15657172993320856
0.1385155793233006
0.24059968745291363
0.2517687288916034
0.15893851643864143
0.19831106398379733
5.5873683199183864e-2
0.1336767706064778
4.874068867221563e-2
8.290348088062924e-2
0.20843232776104353
0.2574125600203545
0.1396738190966683
0.18987423736649073
0.15909362680455924
0.18013662151207482
0.1598326837384881
0.2225422286757107
0.18399552102284955
0.22864846876618974
0.33951260822459556
0.15075123076634073
9.277801094688391e-2
0.23273198949966956
0.15405483859461677
9.625124137696435e-2
0.13902591388322177
0.2678438635248048
0.1520246465152846
0.17663714802525127
0.13193751570650986
0.26825294967261415
0.21844404918407326
0.1837062267577178
0.1341044997965636
0.16650282339765304
0.24387109525580505
0.15779772436856904
0.13420240651704693
0.3591717693611991
0.2012980538425635
0.1542562364427646
0.19199534225435916
0.15922689365343926
0.11000315032055194
0.11097329954089208
0.11004332268418904
0.1860990814209968
0.15148655930586846
0.17026046349724214
0.18314913739172517
0.36702161482394213
0.31370201728912017
0.14930810016557067
0.2353586458258846
0.1753579181589683
0.1979789898771586
0.20347018895914704
0.13173519817220436
6.53188237069153e-2
0.2500511806056428
0.31649422326963356
0.27001876167161576
0.17663971413416574
0.12691077039817394
0.27516379878345265
5.894214062936638e-2
8.955934867589557e-2
0.23831094496114438
0.21292051881346336
0.1204504683502102
0.20508694867566973
0.2434646427540595
0.16028227802946587
0.16618810353052488
0.26015149055623743
0.16406353911021987
0.190530754372029
0.10548536220119968
0.21126319575619293
0.14869647048854
0.15674911136005742
0.15468159607150178
0.1533957183465546
0.13882955791920087
0.1997902000227024
0.3167970125346181
0.17857503137647218
0.10912004150591281
5.598875274605212e-2
0.17699262838820706
9.557660711272914e-2
0.19583458590308736
0.1704807033196555
0.23296825117151893
0.20390802210233433
0.1715068137477876
0.2143112056503346
0.10547111511301639
0.3428643219697972
0.21172367079563537
0.26257257817341584
0.14531454653627368
0.17071718703116065
3.0465361423774852e-2
5.066489909330214e-2
0.2817796501671821
0.16799349908622757
0.21728576373762598
0.36084472688811714
6.015990376682484e-2
0.2860302302958216
0.20374699032021465
0.1224135940815505
0.14692275604648036
0.1606531909395547
0.19443975475278014
0.18614477034451726
8.26877824576498e-2
0.197136569430678
0.1296800471701564
0.12567916428414647
9.032671370961645e-2
0.17079882769268223
0.33017377929727504
8.77690601031175e-2
0.10886770663287786
0.12194668799159478
0.33152154975936277
0.20347062291122694
0.25603096289854554
0.15477467383222324
0.14486185526020234
7.612481400650457e-2
0.3261063365148421
0.2589857371974807
0.12920618609351925
0.15058066094149317
0.171782127126683
0.1754763353374654
0.10751675796386469
0.14758100359101292
8.150729392331241e-2
0.284440063140564
0.15572086206654376
0.2509639775667284
0.19406660157318095
0.16364254938665987
0.27916520510003273
0.13934906142502196
4.458378695463057e-2
0.27794641789034435
0.1338683578409245
0.12063217102414829
0.1842943732860289
8.919951186696337e-2
0.3823055437445423
0.27736434078307504
0.14671672541505576
0.16519359745080758
0.13899296200632366
0.2277306688512552
0.15419663292986158
0.3866077799790973
0.18708158162278204
0.16932301897534266
0.176796962795736
0.2271465205923744
6.594988976527093e-2
0.14546931274541558
0.36522613018860434
0.19502038271185773
0.2533572166075819
0.11131375430937682
0.2477586706922586
0.21048424937150262
0.15150444571281635
0.2089677701363492
9.237748763117384e-2
0.17867236031798445
0.2452946797110922
0.18109983077754102
0.15264647975411028
9.128169020761588e-2
0.1977009708893791
0.2528597122166727
0.10748585408240219
0.28296453516230147
0.17479458602168138
0.2579069283433496
0.10365824870484804
0.18839789305965474
0.26111115279103814
0.15344797514646663
0.19484291155803954
0.30162400936921985
0.1905894400181261
0.16315791780653735
0.18567384853574503
0.24260597283872282
0.2583722880627958
0.18675375914394748
0.1772648422272117
0.10584153991341619
0.11637227564952775
0.14667390345408077
0.2581770313563502
0.12456157520791464
0.1693053135861163
7.241639717268594e-2
0.16344147400587997
0.15449485234056967
0.28257727392719734
0.24704722731906403
0.15187689765451182
0.1120085796596167
0.17951196429713726
0.18888847389593136
0.12655021898086807
0.18958883044446767
0.32247061048541514
0.1565015173670639
0.1387060766211697
0.1849820056152004
0.1615855448996936
0.19364815649497835
6.260112525926939e-2
0.15516185045960246
0.14428792199592033
0.2228155447740324
0.1560111747164764
9.506887057699379e-2
0.27332356301892896
0.2542740850355011
0.25519767535373944
0.2630224663417951
0.15481035524162445
0.16843418433563612
0.12048429501369133
0.1441556483309107
0.12373104790588788
7.166272535417974e-2
0.23975062407002262
0.24791738222519455
0.2599236881637105
0.27727079366005425
0.3199551384754574
0.12057514260778086
0.2880609955227101
0.11865719287633136
0.3345404409503409
0.15003818653589976
0.1919374961386205
0.13292800447610933
0.19375138980825737
0.23861044468038872
6.82170298329669e-2
6.9911094863096e-2
0.17260180044729395
7.803419556775218e-2
0.17033601544126342
0.25690532855261833
0.11829415078163401
0.1760888122000365
0.25068459343001515
0.27299913003946014
0.15616181271466995
0.18933902453972803
0.11389405813225247
0.2613912292350308
0.1296859937074522
4.1575641310312994e-2
0.21759083903501608
0.18164281353431083
0.2542576293645732
0.14722986886117748
0.2741024733518743
0.14978741141782725
0.1351018710072968
0.1585193801453218
0.23863707979985826
0.2329136951916765
0.164283069107737
9.537944168010601e-2
0.14161958831591553
0.2548935140827532
0.2577517122141953
0.13749192394248708
0.17587823997716176
0.26308178627907153
7.099149217756952e-2
0.20392537266730174
0.1251708597436283
0.10410631691453691
0.157323146766733
0.16296791525937696
0.13631957919282034
0.2510095160004482
5.2856482786155255e-2
0.1325578698564275
0.2366157781765219
0.21656411119435534
0.16363299380760954
0.20981432305436395
0.34433134688512534
0.12718027807405216
0.19639637023051634
0.18789495985240726
0.13465029877995088
0.11479585686144866
0.2087024712439685
0.2800674934013145
9.858341579858629e-2
0.23868380889381163
0.23634831510513044
0.15797002875368055
0.11322601731873964
9.739104820075398e-2
0.18493463310182454
0.24094308436274794
0.2229474838763695
0.1839346866050673
7.971780833263312e-2
0.10623789825275554
0.21723312213748852
0.13371531890944635
0.22139137189639868
0.20420059998234713
0.11085835511559103
0.20901282307447752
8.83195926434901e-2
0.15425031146764945
0.1750622452603401
0.12260622836088134
0.26722444539449
0.2749654323407015
0.13595485376238975
0.22221920223357353
0.24081420911854626
0.25983492902340466
0.1286542169833403
0.20509637204135137
0.10004890504582709
0.2384154452441595
0.1451530271712692
0.21488461951911547
0.13556184179322273
0.16178054604438546
0.2502766582610695
0.19009741548183295
0.17578175637444504
0.38954002924169373
0.13451521256198928
0.18505506327335178
0.15508996505364356
0.19925263017893
0.21045651987002914
0.21312579769394574
0.13162257415872747
0.19562285887143377
0.21853108878874
0.17105902521672575
8.864398274320873e-2
6.21715356746609e-2
0.1409758488900827
0.23007569362088587
0.14219087086083398
8.224052776760375e-2
0.2706287000920359
0.3288083452503157
0.31343586586107247
0.16765225555460883
0.1830486948671648
0.12652387964216777
0.1509250295564321
0.1843019469131228
8.942416816689071e-2
7.580269641135831e-2
8.038381567952291e-2
0.2097350071436468
0.1040274533474248
0.11739307456827808
0.1397466771965216
0.23080649955853602
0.20232850852813078
0.1758124042360582
0.251080411954182
0.16801136561597807
5.201729573487925e-2
0.2186577887430455
0.11573320841097487
0.3104327089255704
0.24455944648557923
0.14897863919875853
0.2593769329940193
0.14131329516795194
0.12585751644695725
4.016744646743899e-2
0.2385123685962541
0.12335349115670997
0.30576316122518205
5.6431925265921036e-2
0.11245518462278796
0.15119052432479693
0.18733151573884715
8.247402046640966e-2
0.10909252351436927
0.21428313556909448
0.18801889629484453
0.2040925158399932
0.12333307817287995
0.11711900442509786
0.1460105150660354
0.10601318076730663
0.23582066198384505
0.23337321473660558
0.1833724512954559
0.1248880829454833
0.17643145980776773
0.1177723735809801
0.2067692652723218
0.2563910883502972
0.2031813101832884
0.17809245999477125
0.2468164768103817
0.12019505858297799
0.32191830048659015
0.18400047971769262
0.2050534674146193
0.14681339401506102
0.2282200131009536
0.18843944773852664
0.22108563045815752
0.11436760831246384
0.1669486113241629
0.12577657609772022
0.2613077083902816
0.14281666296173895
0.160818659945516
0.12867779100618373
0.19215378251539578
0.32103006353185226
0.12562619168492653
0.25522547556422664
0.16556997129307088
0.18285498228582925
0.1905302871604134
0.18130361724880412
0.2607081136231238
0.15571581569288545
0.15163298061091637
6.053117684526167e-2
0.11317715451635699
0.20127842603075416
0.14774979986254005
0.36046789017841935
0.15489467328878764
0.15721942973956043
9.014747411685502e-2
0.19404854141102656
0.23994969743578584
0.15442032677465684
0.23452373751721076
0.21449400001929436
0.25689880620083655
0.1609629593517763
0.16160793391034348
0.17723796031899755
0.16445731042476228
7.785053075973343e-2
0.1159227526281297
0.19249261617126148
0.20652755260539224
0.2002534053975576
0.2244182848120301
0.21026634416734824
0.1864816414871781
0.23343886634945915
7.667927074091377e-2
0.15925375682742232
9.806541186864112e-2
0.29427850180274295
0.11138085890454816
5.9895047359206276e-2
0.16442604702650992
0.25714973336443175
0.18175887826794526
6.392530174179364e-2
0.24661804598309228
0.1943151490653115
0.13814383238705458
0.21527788103766782
0.2993223256952117
9.701170561438954e-2
6.718841229966892e-2
4.635073609779812e-2
0.23166569762401643
0.17211574726460382
0.11703662895626885
0.21386199178468238
0.362341870355693
0.19809739898108075
0.12901302088958352
0.1919511155342684
0.16923472088072042
0.14886388206927637
8.497526219142915e-2
0.24152891209278046
0.12292579555522405
0.1588708882605126
9.892073354631195e-2
0.1356498763628679
0.2798975169851709
0.11546871798028469
0.2576670628959203
0.19967776902369916
8.706365400410951e-2
0.17300700312717582
0.1870124421245051
0.1880100803674384
0.11227670881426077
0.16078001371747663
0.26642071591847233
0.1897742661458707
0.11250227163504119
9.70174405668811e-2
0.14754158830316336
0.1953463307421682
0.45724637678005625
5.1938759560454295e-2
0.18889847360765824
0.3186238725682218
0.22898783499722083
0.26491557514084296
0.22893845920174263
0.19181085802089748
0.25335579366413014
0.3124648308252979
8.460050578863638e-2
0.15936686626089797
9.310082130608535e-2
0.23787717119354973
0.1625465229869182
8.51657065835433e-2
0.21919398043711907
0.17896738457210026
0.20917493709724116
0.2282982251830777
0.13944370929630928
0.2413112640379979
4.6010985681535756e-2
0.11609226661751344
0.13619167221792974
0.12962649528953465
0.1981732968344123
0.11394414140699874
0.22091176314318287
0.1699259841022843
0.17788663461727147
7.96071002406023e-2
0.12284564613856168
0.12784327714351176
0.23566677614416726
0.20274205234203016
0.21616485449852832
0.3357300557002996
0.26685063858424246
0.19550000317919997
0.11866642829562721
0.22167736337238156
0.34041921852786744
0.3024438952077254
0.14446727259787004
0.3493122938237365
0.1524714538471777
0.19177171145311456
0.11630132672701018
9.700756440628168e-2
0.12837841140858003
9.870871200235318e-2
7.841669389974701e-2
0.18835629742648768
0.17470955506912755
0.2831148535006817
0.17906982895698603
0.2429035882962653
0.16622886531218417
0.10627208458966861
0.1446739255519504
0.151901711531977
0.21177023795372962
0.2825077667296243
0.22797727876589313
0.22610014655631824
0.23207106309119366
0.26007029533317394
0.159753936716346
0.2853991175739915
0.1845926547110912
0.15005574086092
0.13472896532796347
0.15356640385384662
0.13781659870618446
0.1881990753995248
9.299581296053402e-2
7.023900447906198e-2
8.680062361403088e-2
0.21239234010989638
0.17405925945562695
0.1459844388648129
9.591336087255622e-2
0.18360640826985936
0.1616479955394421
0.12891266714644942
0.17507477691494014
0.2449182561308092
8.492026441382543e-2
8.116569518597018e-2
0.12730346525644992
0.3181681137865319
0.17797524331457687
0.10861945596579778
0.12031347621081986
0.24017983749464683
0.10281671728653148
7.163456491822134e-2
0.1712542461438915
9.376597594143155e-2
0.225965398117062
0.2154705303939474
0.11986985671100045
0.17942442873996764
0.19620201256266565
0.26023625683917795
0.17599301254103722
0.14979885444959665
0.1772185788225123
0.13292578098745372
0.10958142072074681
0.13545701330274737
0.29995382048032954
0.19014002215415932
0.1423435864647963
0.22737025584446346
0.1402936663086469
0.25512861288863864
0.19947354269791892
0.2827953050587168
0.11508386849043743
0.17185155661214999
0.15895829319015622
0.1486826959199874
0.34110902293136547
0.11014119310606633
0.17835129049014067
0.17839772176305263
0.22083675126993652
0.19637857560544927
0.2610814424657294
0.1027623157456083
0.22908462641253197
0.18130296033372145
0.2666194345611895
